timestamp,suite,program,mode,run_index,status,stderr_note,cycles,instructions,branches,branch-misses,L1-dcache-loads,L1-dcache-load-misses,LLC-loads,LLC-load-misses
2026-04-15T22:56:15+0800,micro,alloc_bulk_buffer,native,1,ok,,84068451,23895118,1785325,8283,9334247,16811170,3500665,1648
2026-04-15T22:56:15+0800,micro,alloc_bulk_buffer,native,2,ok,,82862016,23899688,1786650,8133,9334844,16810725,3435474,2471
2026-04-15T22:56:15+0800,micro,alloc_bulk_buffer,native,3,ok,,82175103,23942221,1793582,8481,9345188,16812069,3361842,5989
2026-04-15T22:56:15+0800,micro,alloc_bulk_buffer,native,4,ok,,81681496,23981983,1800884,7415,9355749,16811292,3422549,5535
2026-04-15T22:56:15+0800,micro,alloc_bulk_buffer,native,5,ok,,82673027,23818454,1771455,7828,9315830,16810030,3415628,2430
2026-04-15T22:56:15+0800,micro,alloc_bulk_buffer,native,6,ok,,81556021,23910122,1788810,8095,9337557,16810564,3398162,6087
2026-04-15T22:56:16+0800,micro,alloc_bulk_buffer,native,7,ok,,82064626,23856388,1778962,7638,9324000,16809930,3379973,10923
2026-04-15T22:56:16+0800,micro,alloc_bulk_buffer,native,8,ok,,83524737,23863701,1779279,7834,9326859,16811632,3475531,2642
2026-04-15T22:56:16+0800,micro,alloc_bulk_buffer,native,9,ok,,82548166,23770901,1765052,8167,9303659,16809639,3404470,2917
2026-04-15T22:56:16+0800,micro,alloc_bulk_buffer,native,10,ok,,82059212,23829089,1773587,8516,9317778,16810101,3475663,3388
2026-04-15T22:56:15+0800,micro,alloc_bulk_buffer,wasm-aot,1,ok,,103108622,268461020,28378813,57473,12366404,17055402,3621814,39333
2026-04-15T22:56:15+0800,micro,alloc_bulk_buffer,wasm-aot,2,ok,,101913689,268375191,28360239,55898,12350501,17054758,3472454,37179
2026-04-15T22:56:15+0800,micro,alloc_bulk_buffer,wasm-aot,3,ok,,104436597,268668328,28418904,56803,12416010,17055980,3599542,40033
2026-04-15T22:56:15+0800,micro,alloc_bulk_buffer,wasm-aot,4,ok,,104641592,268296266,28346495,55304,12331523,17054247,3702895,41206
2026-04-15T22:56:15+0800,micro,alloc_bulk_buffer,wasm-aot,5,ok,,103825886,268461314,28381708,55331,12365286,17054123,3662448,40193
2026-04-15T22:56:16+0800,micro,alloc_bulk_buffer,wasm-aot,6,ok,,103899421,268223156,28331302,55878,12314716,17054134,3683041,40009
2026-04-15T22:56:16+0800,micro,alloc_bulk_buffer,wasm-aot,7,ok,,104063057,268330964,28353827,54774,12338244,17052672,3650103,39445
2026-04-15T22:56:16+0800,micro,alloc_bulk_buffer,wasm-aot,8,ok,,103448999,268350397,28356589,57636,12343904,17054287,3673094,39454
2026-04-15T22:56:16+0800,micro,alloc_bulk_buffer,wasm-aot,9,ok,,104301257,268168130,28326432,53260,12297477,17051371,3698522,39039
2026-04-15T22:56:16+0800,micro,alloc_bulk_buffer,wasm-aot,10,ok,,103240797,268223923,28332172,54470,12312080,17052582,3687331,41107
2026-04-15T22:56:15+0800,micro,alloc_bulk_buffer,wasm-jit,1,ok,,104220587,270393889,28664450,64136,12856427,17077389,3528956,40109
2026-04-15T22:56:15+0800,micro,alloc_bulk_buffer,wasm-jit,2,ok,,104764893,270499221,28684219,64770,12885420,17082821,3680513,39458
2026-04-15T22:56:15+0800,micro,alloc_bulk_buffer,wasm-jit,3,ok,,103615983,270542268,28692576,63044,12892718,17081351,3521675,35644
2026-04-15T22:56:15+0800,micro,alloc_bulk_buffer,wasm-jit,4,ok,,108029563,270499915,28688857,63625,12880305,17078845,3695713,45242
2026-04-15T22:56:15+0800,micro,alloc_bulk_buffer,wasm-jit,5,ok,,106411526,270590370,28701616,63333,12905497,17078752,3648302,41066
2026-04-15T22:56:16+0800,micro,alloc_bulk_buffer,wasm-jit,6,ok,,106535220,270606464,28704949,62945,12906594,17079592,3611762,44538
2026-04-15T22:56:16+0800,micro,alloc_bulk_buffer,wasm-jit,7,ok,,104879899,270469932,28680330,62554,12874819,17077043,3614189,39490
2026-04-15T22:56:16+0800,micro,alloc_bulk_buffer,wasm-jit,8,ok,,105609698,270420179,28668986,63317,12862363,17076282,3660747,41188
2026-04-15T22:56:16+0800,micro,alloc_bulk_buffer,wasm-jit,9,ok,,103709478,270560640,28696079,66641,12898741,17081486,3533845,36562
2026-04-15T22:56:16+0800,micro,alloc_bulk_buffer,wasm-jit,10,ok,,104967710,270591068,28696575,64139,12907439,17079174,3549337,42260
2026-04-15T22:56:16+0800,micro,alloc_fragmented_pattern,native,1,ok,,2773207,9010750,1864524,7480,2308062,11242,2985,1297
2026-04-15T22:56:16+0800,micro,alloc_fragmented_pattern,native,2,ok,,2576500,8983276,1859717,6428,2301424,10686,2755,456
2026-04-15T22:56:16+0800,micro,alloc_fragmented_pattern,native,3,ok,,2686231,9042944,1870336,7843,2315749,12067,3234,459
2026-04-15T22:56:16+0800,micro,alloc_fragmented_pattern,native,4,ok,,2551567,8977071,1858722,6858,2299866,10670,2718,247
2026-04-15T22:56:16+0800,micro,alloc_fragmented_pattern,native,5,ok,,2621385,9004085,1863444,8263,2306244,11922,3234,271
2026-04-15T22:56:16+0800,micro,alloc_fragmented_pattern,native,6,ok,,2611845,8996071,1862344,7242,2304618,11338,3062,221
2026-04-15T22:56:17+0800,micro,alloc_fragmented_pattern,native,7,ok,,2627585,9003557,1863511,7466,2306369,11032,2869,241
2026-04-15T22:56:17+0800,micro,alloc_fragmented_pattern,native,8,ok,,2751061,8976013,1858590,7409,2299543,11259,2994,567
2026-04-15T22:56:17+0800,micro,alloc_fragmented_pattern,native,9,ok,,2634991,8997270,1861791,7649,2304710,11380,3089,276
2026-04-15T22:56:17+0800,micro,alloc_fragmented_pattern,native,10,ok,,2603521,8969039,1857080,7468,2297791,11327,2963,230
2026-04-15T22:56:16+0800,micro,alloc_fragmented_pattern,wasm-aot,1,ok,,18212164,27991003,5007909,51293,6129596,263161,63488,38076
2026-04-15T22:56:16+0800,micro,alloc_fragmented_pattern,wasm-aot,2,ok,,18240463,28090195,5023164,56743,6153237,266751,65357,38311
2026-04-15T22:56:16+0800,micro,alloc_fragmented_pattern,wasm-aot,3,ok,,17073560,28067710,5021320,55553,6148438,267308,61935,33994
2026-04-15T22:56:16+0800,micro,alloc_fragmented_pattern,wasm-aot,4,ok,,17928440,27852950,4982660,54278,6094450,261618,62638,37479
2026-04-15T22:56:16+0800,micro,alloc_fragmented_pattern,wasm-aot,5,ok,,17961810,27884037,4988036,53070,6104864,263467,63561,37410
2026-04-15T22:56:17+0800,micro,alloc_fragmented_pattern,wasm-aot,6,ok,,16110774,27899832,4989330,56198,6109394,264916,57310,29660
2026-04-15T22:56:17+0800,micro,alloc_fragmented_pattern,wasm-aot,7,ok,,16312441,28038369,5016915,55925,6139187,265026,58807,31756
2026-04-15T22:56:17+0800,micro,alloc_fragmented_pattern,wasm-aot,8,ok,,16987170,28120103,5029423,57861,6161614,269432,62538,33450
2026-04-15T22:56:17+0800,micro,alloc_fragmented_pattern,wasm-aot,9,ok,,17080792,28036816,5015609,56356,6139409,267616,62699,34912
2026-04-15T22:56:17+0800,micro,alloc_fragmented_pattern,wasm-aot,10,ok,,18401843,28002521,5009892,55844,6127295,262093,64123,37655
2026-04-15T22:56:16+0800,micro,alloc_fragmented_pattern,wasm-jit,1,ok,,20268045,30343591,5367436,61659,6716539,287936,67174,40100
2026-04-15T22:56:16+0800,micro,alloc_fragmented_pattern,wasm-jit,2,ok,,20202175,30268197,5356799,60718,6700664,287604,67492,39917
2026-04-15T22:56:16+0800,micro,alloc_fragmented_pattern,wasm-jit,3,ok,,20015430,30152239,5334632,63571,6672300,285582,67451,39280
2026-04-15T22:56:16+0800,micro,alloc_fragmented_pattern,wasm-jit,4,ok,,20407292,30270077,5354653,62235,6701407,289225,68103,40004
2026-04-15T22:56:16+0800,micro,alloc_fragmented_pattern,wasm-jit,5,ok,,20099114,30274778,5355739,63290,6703048,288624,67535,39023
2026-04-15T22:56:17+0800,micro,alloc_fragmented_pattern,wasm-jit,6,ok,,19099174,30354474,5371161,64574,6724486,291966,66575,37445
2026-04-15T22:56:17+0800,micro,alloc_fragmented_pattern,wasm-jit,7,ok,,20041567,30410410,5381820,63131,6736264,289294,68433,39207
2026-04-15T22:56:17+0800,micro,alloc_fragmented_pattern,wasm-jit,8,ok,,20541769,30295063,5357669,64109,6708344,290244,68341,38613
2026-04-15T22:56:17+0800,micro,alloc_fragmented_pattern,wasm-jit,9,ok,,20844353,30358482,5371337,60882,6723370,289085,67949,39734
2026-04-15T22:56:17+0800,micro,alloc_fragmented_pattern,wasm-jit,10,ok,,20008227,30275058,5356304,62890,6702598,289105,67410,38951
2026-04-15T22:56:17+0800,micro,alloc_medium_objects,native,1,ok,,6396036,24150386,3765398,6612,6931178,11796,3390,1542
2026-04-15T22:56:17+0800,micro,alloc_medium_objects,native,2,ok,,6084747,24113158,3759183,6029,6922016,11369,3168,270
2026-04-15T22:56:17+0800,micro,alloc_medium_objects,native,3,ok,,6053027,24114226,3759422,5987,6922366,11121,3101,227
2026-04-15T22:56:17+0800,micro,alloc_medium_objects,native,4,ok,,6367871,24108630,3758117,5453,6920781,10750,2696,346
2026-04-15T22:56:17+0800,micro,alloc_medium_objects,native,5,ok,,6216811,24145656,3764869,5804,6929759,11161,3009,1140
2026-04-15T22:56:17+0800,micro,alloc_medium_objects,native,6,ok,,6105366,24123416,3760692,5988,6924376,10870,2769,249
2026-04-15T22:56:17+0800,micro,alloc_medium_objects,native,7,ok,,6310958,24118217,3759426,6034,6923133,11184,3097,203
2026-04-15T22:56:18+0800,micro,alloc_medium_objects,native,8,ok,,6307434,24110415,3759078,5968,6921459,11036,3017,422
2026-04-15T22:56:18+0800,micro,alloc_medium_objects,native,9,ok,,6219913,24136638,3763538,6031,6927759,11485,3086,254
2026-04-15T22:56:18+0800,micro,alloc_medium_objects,native,10,ok,,6066557,24105345,3757130,5474,6919916,10536,2661,200
2026-04-15T22:56:17+0800,micro,alloc_medium_objects,wasm-aot,1,ok,,33645913,94569159,20150766,172501,5811902,264378,63866,37486
2026-04-15T22:56:17+0800,micro,alloc_medium_objects,wasm-aot,2,ok,,32601161,94444194,20123579,173192,5783157,262489,63819,37263
2026-04-15T22:56:17+0800,micro,alloc_medium_objects,wasm-aot,3,ok,,33166325,94562030,20144985,174445,5811017,264338,64996,37369
2026-04-15T22:56:17+0800,micro,alloc_medium_objects,wasm-aot,4,ok,,33815649,94490382,20134652,173416,5790395,260439,63405,37239
2026-04-15T22:56:17+0800,micro,alloc_medium_objects,wasm-aot,5,ok,,33698033,94411587,20116004,166693,5774983,259830,61912,38874
2026-04-15T22:56:17+0800,micro,alloc_medium_objects,wasm-aot,6,ok,,34465991,94679774,20167075,174951,5838841,265202,65419,38471
2026-04-15T22:56:18+0800,micro,alloc_medium_objects,wasm-aot,7,ok,,32601916,94597517,20152005,175636,5823008,267953,62432,35743
2026-04-15T22:56:18+0800,micro,alloc_medium_objects,wasm-aot,8,ok,,33879212,94490372,20134391,174635,5792351,264442,64779,37699
2026-04-15T22:56:18+0800,micro,alloc_medium_objects,wasm-aot,9,ok,,34059513,94526225,20142408,174238,5801294,262748,63670,36787
2026-04-15T22:56:18+0800,micro,alloc_medium_objects,wasm-aot,10,ok,,33910839,94454033,20129089,173028,5785814,262844,63622,37214
2026-04-15T22:56:17+0800,micro,alloc_medium_objects,wasm-jit,1,ok,,36117159,96759628,20480531,183745,6369694,290895,68933,38854
2026-04-15T22:56:17+0800,micro,alloc_medium_objects,wasm-jit,2,ok,,33842962,96771083,20482053,181829,6369531,288115,61310,31723
2026-04-15T22:56:17+0800,micro,alloc_medium_objects,wasm-jit,3,ok,,35772319,96975674,20523922,183938,6418866,290679,69355,39159
2026-04-15T22:56:17+0800,micro,alloc_medium_objects,wasm-jit,4,ok,,34814895,96848994,20500375,184220,6385170,291106,68228,37924
2026-04-15T22:56:17+0800,micro,alloc_medium_objects,wasm-jit,5,ok,,36508071,97011974,20526924,180024,6425507,291753,70052,40220
2026-04-15T22:56:17+0800,micro,alloc_medium_objects,wasm-jit,6,ok,,34850035,96838881,20497075,182020,6382495,289721,64328,34761
2026-04-15T22:56:18+0800,micro,alloc_medium_objects,wasm-jit,7,ok,,33582256,96820699,20491696,182545,6381692,290040,60949,30220
2026-04-15T22:56:18+0800,micro,alloc_medium_objects,wasm-jit,8,ok,,37000005,97111247,20538772,181749,6451611,295297,70418,40887
2026-04-15T22:56:18+0800,micro,alloc_medium_objects,wasm-jit,9,ok,,34374977,96943546,20513346,182422,6409762,292301,66578,35840
2026-04-15T22:56:18+0800,micro,alloc_medium_objects,wasm-jit,10,ok,,36301524,96838852,20499501,182535,6382984,289495,69129,39475
2026-04-15T22:56:18+0800,micro,alloc_pool_style,native,1,ok,,2365977,3820259,507440,6486,688090,45918,3746,363
2026-04-15T22:56:18+0800,micro,alloc_pool_style,native,2,ok,,2368964,3839419,510277,6258,692450,45717,3770,1567
2026-04-15T22:56:18+0800,micro,alloc_pool_style,native,3,ok,,2404398,3829229,507521,6337,689801,45503,3639,333
2026-04-15T22:56:18+0800,micro,alloc_pool_style,native,4,ok,,2453502,3825533,507653,6437,689265,45645,3628,362
2026-04-15T22:56:18+0800,micro,alloc_pool_style,native,5,ok,,2365635,3837243,510560,6504,692044,45845,3705,326
2026-04-15T22:56:18+0800,micro,alloc_pool_style,native,6,ok,,2373121,3820585,507926,5937,687135,45132,3491,322
2026-04-15T22:56:18+0800,micro,alloc_pool_style,native,7,ok,,2347919,3819920,506678,5945,688136,45621,3668,369
2026-04-15T22:56:18+0800,micro,alloc_pool_style,native,8,ok,,2314233,3815405,505701,6390,686914,45503,3656,378
2026-04-15T22:56:19+0800,micro,alloc_pool_style,native,9,ok,,2406724,3817619,506443,7025,687312,46236,3889,328
2026-04-15T22:56:19+0800,micro,alloc_pool_style,native,10,ok,,2435219,3805290,504263,6561,684677,46585,3803,273
2026-04-15T22:56:18+0800,micro,alloc_pool_style,wasm-aot,1,ok,,17636469,21647307,4150482,52082,4118699,297081,64337,37681
2026-04-15T22:56:18+0800,micro,alloc_pool_style,wasm-aot,2,ok,,16513710,21736107,4166919,53699,4141521,298490,64321,36410
2026-04-15T22:56:18+0800,micro,alloc_pool_style,wasm-aot,3,ok,,16878073,21728871,4164683,53580,4136794,303443,65088,37128
2026-04-15T22:56:18+0800,micro,alloc_pool_style,wasm-aot,4,ok,,17742558,21808881,4180320,54616,4153098,298780,65626,37318
2026-04-15T22:56:18+0800,micro,alloc_pool_style,wasm-aot,5,ok,,15976800,21778385,4173531,53835,4150431,301436,62783,35193
2026-04-15T22:56:18+0800,micro,alloc_pool_style,wasm-aot,6,ok,,18077686,21777658,4176100,54711,4150178,302040,66012,37881
2026-04-15T22:56:18+0800,micro,alloc_pool_style,wasm-aot,7,ok,,16603374,21674091,4152729,54599,4125774,300061,65279,37828
2026-04-15T22:56:19+0800,micro,alloc_pool_style,wasm-aot,8,ok,,15731304,21831820,4184682,54705,4163827,304844,58884,29687
2026-04-15T22:56:19+0800,micro,alloc_pool_style,wasm-aot,9,ok,,16006547,21788819,4171899,53792,4157592,301510,61886,33721
2026-04-15T22:56:19+0800,micro,alloc_pool_style,wasm-aot,10,ok,,17794019,21772382,4171833,52890,4147453,300241,67167,39171
2026-04-15T22:56:18+0800,micro,alloc_pool_style,wasm-jit,1,ok,,18257190,23920040,4499649,62384,4687165,324033,67017,37375
2026-04-15T22:56:18+0800,micro,alloc_pool_style,wasm-jit,2,ok,,19653851,23919847,4499288,59672,4687839,321092,68846,39695
2026-04-15T22:56:18+0800,micro,alloc_pool_style,wasm-jit,3,ok,,19673224,23983595,4512038,61091,4703267,326039,69994,39218
2026-04-15T22:56:18+0800,micro,alloc_pool_style,wasm-jit,4,ok,,18667008,23822803,4478232,62876,4666882,322144,68819,38843
2026-04-15T22:56:18+0800,micro,alloc_pool_style,wasm-jit,5,ok,,19640566,23969124,4507155,63162,4702649,324764,69905,39223
2026-04-15T22:56:18+0800,micro,alloc_pool_style,wasm-jit,6,ok,,17291629,23984842,4505099,65610,4711208,328695,63365,29704
2026-04-15T22:56:18+0800,micro,alloc_pool_style,wasm-jit,7,ok,,19269328,23944521,4497623,62854,4698188,327218,69582,39387
2026-04-15T22:56:18+0800,micro,alloc_pool_style,wasm-jit,8,ok,,19744823,23869188,4482267,60372,4679374,322506,68503,39490
2026-04-15T22:56:19+0800,micro,alloc_pool_style,wasm-jit,9,ok,,19899255,23958236,4509004,57902,4696085,324459,68518,39707
2026-04-15T22:56:19+0800,micro,alloc_pool_style,wasm-jit,10,ok,,19836859,23911769,4499057,62552,4685863,324800,70519,39448
2026-04-15T22:56:19+0800,micro,alloc_realloc_loop,native,1,ok,,1641121,4391159,813974,5160,604567,10845,2760,209
2026-04-15T22:56:19+0800,micro,alloc_realloc_loop,native,2,ok,,1616164,4398271,814440,6036,605978,10794,2815,455
2026-04-15T22:56:19+0800,micro,alloc_realloc_loop,native,3,ok,,1562080,4381551,812196,5177,602188,10294,2562,170
2026-04-15T22:56:19+0800,micro,alloc_realloc_loop,native,4,ok,,1575054,4378267,811641,5308,601333,10247,2562,201
2026-04-15T22:56:19+0800,micro,alloc_realloc_loop,native,5,ok,,1576292,4371475,809966,5307,599537,10628,2687,236
2026-04-15T22:56:19+0800,micro,alloc_realloc_loop,native,6,ok,,1651494,4386721,813067,4889,603337,10550,2623,578
2026-04-15T22:56:19+0800,micro,alloc_realloc_loop,native,7,ok,,1685705,4378346,811988,5963,601460,11362,3024,272
2026-04-15T22:56:19+0800,micro,alloc_realloc_loop,native,8,ok,,1611588,4387250,812987,5192,603687,10566,2667,205
2026-04-15T22:56:19+0800,micro,alloc_realloc_loop,native,9,ok,,1616089,4403951,815673,5841,607281,10850,2702,282
2026-04-15T22:56:19+0800,micro,alloc_realloc_loop,native,10,ok,,1676795,4394518,814430,5839,605333,10947,2784,448
2026-04-15T22:56:19+0800,micro,alloc_realloc_loop,wasm-aot,1,ok,,15557604,18711017,3459355,54217,4627491,262868,61279,34680
2026-04-15T22:56:19+0800,micro,alloc_realloc_loop,wasm-aot,2,ok,,15069069,18727421,3459270,55124,4635313,264790,60802,34581
2026-04-15T22:56:19+0800,micro,alloc_realloc_loop,wasm-aot,3,ok,,16824582,18890605,3496472,56757,4667563,266535,65900,37878
2026-04-15T22:56:19+0800,micro,alloc_realloc_loop,wasm-aot,4,ok,,15046985,18659613,3448967,54361,4619683,262609,60364,33652
2026-04-15T22:56:19+0800,micro,alloc_realloc_loop,wasm-aot,5,ok,,16625295,18554978,3431262,51577,4590967,261140,61821,38954
2026-04-15T22:56:19+0800,micro,alloc_realloc_loop,wasm-aot,6,ok,,15656623,18694190,3456796,55419,4624278,263444,64124,37661
2026-04-15T22:56:19+0800,micro,alloc_realloc_loop,wasm-aot,7,ok,,16346664,18893942,3494656,57154,4670762,266474,65937,38330
2026-04-15T22:56:19+0800,micro,alloc_realloc_loop,wasm-aot,8,ok,,16634609,18685578,3458801,53890,4619654,261919,63237,37595
2026-04-15T22:56:19+0800,micro,alloc_realloc_loop,wasm-aot,9,ok,,16733337,18851580,3486062,52470,4660434,264793,62960,38128
2026-04-15T22:56:19+0800,micro,alloc_realloc_loop,wasm-aot,10,ok,,15105284,18564407,3430023,55723,4596475,262922,61260,35413
2026-04-15T22:56:19+0800,micro,alloc_realloc_loop,wasm-jit,1,ok,,19015621,21234366,3842981,64511,5257924,293613,68630,39531
2026-04-15T22:56:19+0800,micro,alloc_realloc_loop,wasm-jit,2,ok,,17492067,21225462,3839027,64915,5263619,293881,66231,36157
2026-04-15T22:56:19+0800,micro,alloc_realloc_loop,wasm-jit,3,ok,,16916540,21225744,3839292,64760,5262397,290484,63475,34038
2026-04-15T22:56:19+0800,micro,alloc_realloc_loop,wasm-jit,4,ok,,16638382,21271349,3848934,63978,5269914,292260,64534,35257
2026-04-15T22:56:19+0800,micro,alloc_realloc_loop,wasm-jit,5,ok,,18875293,21379958,3864910,63631,5299199,292338,69091,40043
2026-04-15T22:56:19+0800,micro,alloc_realloc_loop,wasm-jit,6,ok,,18213008,21223814,3840674,63154,5259314,290663,66953,39009
2026-04-15T22:56:19+0800,micro,alloc_realloc_loop,wasm-jit,7,ok,,18413972,21223508,3838171,63919,5262953,293918,68386,38873
2026-04-15T22:56:19+0800,micro,alloc_realloc_loop,wasm-jit,8,ok,,17860091,21183631,3832391,63292,5252769,293841,68633,39235
2026-04-15T22:56:19+0800,micro,alloc_realloc_loop,wasm-jit,9,ok,,18984257,21466012,3886991,63436,5321163,295117,69444,39808
2026-04-15T22:56:19+0800,micro,alloc_realloc_loop,wasm-jit,10,ok,,18714099,21313978,3858701,62903,5282346,291814,67742,39093
2026-04-15T22:56:20+0800,micro,alloc_small_objects,native,1,ok,,1595199,4210324,254574,5272,296090,10529,2625,283
2026-04-15T22:56:20+0800,micro,alloc_small_objects,native,2,ok,,1819322,4202672,253664,5951,294289,10984,3057,1024
2026-04-15T22:56:20+0800,micro,alloc_small_objects,native,3,ok,,1662149,4225336,257778,5647,299954,10742,2746,346
2026-04-15T22:56:20+0800,micro,alloc_small_objects,native,4,ok,,1678619,4237812,260108,6051,303084,11450,3066,226
2026-04-15T22:56:20+0800,micro,alloc_small_objects,native,5,ok,,1649604,4232771,258953,5903,301757,10854,2834,269
2026-04-15T22:56:20+0800,micro,alloc_small_objects,native,6,ok,,1614337,4223550,257451,5363,299710,10623,2839,222
2026-04-15T22:56:20+0800,micro,alloc_small_objects,native,7,ok,,1668780,4205133,254667,6610,295092,11373,3136,243
2026-04-15T22:56:20+0800,micro,alloc_small_objects,native,8,ok,,1704970,4208404,254633,6077,295625,11130,3152,445
2026-04-15T22:56:20+0800,micro,alloc_small_objects,native,9,ok,,1675478,4213229,255464,5328,296785,10331,2494,293
2026-04-15T22:56:20+0800,micro,alloc_small_objects,native,10,ok,,1597418,4222155,256715,5374,298948,10519,2654,217
2026-04-15T22:56:20+0800,micro,alloc_small_objects,wasm-aot,1,ok,,17594315,17777775,3252486,51666,3505526,263023,63635,38112
2026-04-15T22:56:20+0800,micro,alloc_small_objects,wasm-aot,2,ok,,17212714,17737960,3242766,46715,3498724,265551,62951,37958
2026-04-15T22:56:20+0800,micro,alloc_small_objects,wasm-aot,3,ok,,16812529,17847822,3265176,52589,3524629,264206,64513,37680
2026-04-15T22:56:20+0800,micro,alloc_small_objects,wasm-aot,4,ok,,16804563,17793236,3253240,52351,3508784,264247,63423,36855
2026-04-15T22:56:20+0800,micro,alloc_small_objects,wasm-aot,5,ok,,16213535,17925441,3275740,55109,3544495,267808,61950,33623
2026-04-15T22:56:20+0800,micro,alloc_small_objects,wasm-aot,6,ok,,16207223,17884934,3270378,55133,3532820,266980,62725,34611
2026-04-15T22:56:20+0800,micro,alloc_small_objects,wasm-aot,7,ok,,15603731,17944651,3273916,58145,3549600,266970,59587,32025
2026-04-15T22:56:20+0800,micro,alloc_small_objects,wasm-aot,8,ok,,15824439,17930384,3276525,53718,3545391,266538,61494,34017
2026-04-15T22:56:20+0800,micro,alloc_small_objects,wasm-aot,9,ok,,17197624,17796398,3254159,52668,3512983,266276,64249,37751
2026-04-15T22:56:20+0800,micro,alloc_small_objects,wasm-aot,10,ok,,16499870,17797055,3254391,53013,3511183,260706,63744,37786
2026-04-15T22:56:20+0800,micro,alloc_small_objects,wasm-jit,1,ok,,18813021,19650374,3542018,61040,3973729,285028,67690,39021
2026-04-15T22:56:20+0800,micro,alloc_small_objects,wasm-jit,2,ok,,18907968,19866628,3574543,58401,4024480,287649,68140,40279
2026-04-15T22:56:20+0800,micro,alloc_small_objects,wasm-jit,3,ok,,17671159,19542779,3519553,59793,3947606,282440,67046,39131
2026-04-15T22:56:20+0800,micro,alloc_small_objects,wasm-jit,4,ok,,19283319,19744400,3561562,61056,3996021,286664,67716,38684
2026-04-15T22:56:20+0800,micro,alloc_small_objects,wasm-jit,5,ok,,19068834,19719670,3557948,62038,3990815,284863,67914,38535
2026-04-15T22:56:20+0800,micro,alloc_small_objects,wasm-jit,6,ok,,18469811,19507390,3519334,60348,3936670,282937,67059,38866
2026-04-15T22:56:20+0800,micro,alloc_small_objects,wasm-jit,7,ok,,18284862,19925708,3590752,64207,4047113,291049,69162,36968
2026-04-15T22:56:20+0800,micro,alloc_small_objects,wasm-jit,8,ok,,20113534,19839743,3579328,63857,4012498,283653,68394,40234
2026-04-15T22:56:20+0800,micro,alloc_small_objects,wasm-jit,9,ok,,18665888,19667238,3547718,62514,3979723,286749,68570,38983
2026-04-15T22:56:20+0800,micro,alloc_small_objects,wasm-jit,10,ok,,19010301,19516841,3520687,61407,3939832,283790,66689,38533
2026-04-15T22:56:21+0800,micro,branch_nested,native,1,ok,,183336459,416869831,127104547,6346,304060,13956,4368,786
2026-04-15T22:56:21+0800,micro,branch_nested,native,2,ok,,190731544,416854166,127101950,6872,300391,13204,3840,387
2026-04-15T22:56:21+0800,micro,branch_nested,native,3,ok,,184490927,416799120,127092227,6954,286908,13884,4246,852
2026-04-15T22:56:21+0800,micro,branch_nested,native,4,ok,,186646098,416910720,127111253,7486,313375,14197,4421,691
2026-04-15T22:56:22+0800,micro,branch_nested,native,5,ok,,182590392,416927371,127113951,7623,318031,15410,5044,936
2026-04-15T22:56:22+0800,micro,branch_nested,native,6,ok,,178496748,416846734,127101441,6699,297956,12547,3687,279
2026-04-15T22:56:22+0800,micro,branch_nested,native,7,ok,,176477663,416864459,127103301,7581,302505,14083,4166,444
2026-04-15T22:56:22+0800,micro,branch_nested,native,8,ok,,143240037,416828810,127097262,19413,293359,13414,4026,341
2026-04-15T22:56:23+0800,micro,branch_nested,native,9,ok,,188828505,416874108,127105647,7725,304810,13718,4155,394
2026-04-15T22:56:23+0800,micro,branch_nested,native,10,ok,,181971877,416855818,127102084,7583,300561,14021,4374,309
2026-04-15T22:56:21+0800,micro,branch_nested,wasm-aot,1,ok,,221671549,575310048,169194214,64810,3636259,266889,64827,37476
2026-04-15T22:56:21+0800,micro,branch_nested,wasm-aot,2,ok,,225952110,575294040,169186931,55185,3633704,265705,65500,37723
2026-04-15T22:56:21+0800,micro,branch_nested,wasm-aot,3,ok,,227437033,575374691,169199327,55832,3654380,267634,66030,38297
2026-04-15T22:56:22+0800,micro,branch_nested,wasm-aot,4,ok,,228801685,575334197,169192495,55654,3645471,266038,65484,38075
2026-04-15T22:56:22+0800,micro,branch_nested,wasm-aot,5,ok,,231630900,575438181,169213905,55837,3663679,267041,66151,38643
2026-04-15T22:56:22+0800,micro,branch_nested,wasm-aot,6,ok,,228664885,575231550,169175094,61688,3619511,265658,64675,37439
2026-04-15T22:56:22+0800,micro,branch_nested,wasm-aot,7,ok,,226987704,575212768,169172411,57370,3610264,263727,64422,37352
2026-04-15T22:56:23+0800,micro,branch_nested,wasm-aot,8,ok,,232985911,575259457,169177478,54921,3628187,265743,65429,37849
2026-04-15T22:56:23+0800,micro,branch_nested,wasm-aot,9,ok,,228201521,575129453,169162769,52909,3589980,264797,64378,37217
2026-04-15T22:56:23+0800,micro,branch_nested,wasm-aot,10,ok,,223596771,575252221,169177978,55682,3624672,263671,65164,37545
2026-04-15T22:56:21+0800,micro,branch_nested,wasm-jit,1,ok,,229644167,577196447,169480854,61030,4108592,283986,67595,39705
2026-04-15T22:56:21+0800,micro,branch_nested,wasm-jit,2,ok,,227676334,577011696,169453417,82960,4062433,286777,69404,41524
2026-04-15T22:56:21+0800,micro,branch_nested,wasm-jit,3,ok,,227702227,577087388,169464164,63834,4080792,288939,68670,39472
2026-04-15T22:56:22+0800,micro,branch_nested,wasm-jit,4,ok,,229007151,577003432,169449229,61611,4059910,284367,67524,41995
2026-04-15T22:56:22+0800,micro,branch_nested,wasm-jit,5,ok,,233006070,577363315,169512888,62003,4152274,288376,70144,41664
2026-04-15T22:56:22+0800,micro,branch_nested,wasm-jit,6,ok,,228098168,577106778,169467501,62408,4083458,287542,68962,39821
2026-04-15T22:56:22+0800,micro,branch_nested,wasm-jit,7,ok,,225291441,577039948,169456709,69054,4069905,283709,67416,38707
2026-04-15T22:56:22+0800,micro,branch_nested,wasm-jit,8,ok,,225437061,577067504,169463177,65636,4073672,285566,67852,38738
2026-04-15T22:56:23+0800,micro,branch_nested,wasm-jit,9,ok,,230390252,577206656,169488194,63884,4108700,286409,69033,39573
2026-04-15T22:56:23+0800,micro,branch_nested,wasm-jit,10,ok,,221253382,577147673,169480353,87712,4095537,286199,68937,39162
2026-04-15T22:56:23+0800,micro,branch_predictable,native,1,ok,,78826821,271001053,15187850,6900,243065,12335,3786,224
2026-04-15T22:56:23+0800,micro,branch_predictable,native,2,ok,,78922550,271166968,15215107,6991,283289,13709,4147,439
2026-04-15T22:56:23+0800,micro,branch_predictable,native,3,ok,,78876121,271085619,15201949,6669,264043,13246,4005,374
2026-04-15T22:56:24+0800,micro,branch_predictable,native,4,ok,,78831986,271030759,15193340,7042,250414,12165,3637,237
2026-04-15T22:56:24+0800,micro,branch_predictable,native,5,ok,,79023956,270998731,15187982,6034,242173,11987,3615,1373
2026-04-15T22:56:24+0800,micro,branch_predictable,native,6,ok,,78884748,271009004,15189827,6687,245262,12172,3618,236
2026-04-15T22:56:24+0800,micro,branch_predictable,native,7,ok,,78942952,271087392,15202589,6976,263940,13516,4134,460
2026-04-15T22:56:24+0800,micro,branch_predictable,native,8,ok,,78818315,270988596,15185459,6664,240011,12273,3659,265
2026-04-15T22:56:24+0800,micro,branch_predictable,native,9,ok,,78800371,270979832,15184181,6589,238020,12092,3640,195
2026-04-15T22:56:24+0800,micro,branch_predictable,native,10,ok,,78927849,271118483,15208158,6822,271574,13515,4268,360
2026-04-15T22:56:23+0800,micro,branch_predictable,wasm-aot,1,ok,,115013544,555082082,122901232,53768,3573202,262794,64396,37898
2026-04-15T22:56:23+0800,micro,branch_predictable,wasm-aot,2,ok,,115016601,555017481,122890650,55721,3568102,265238,65520,38113
2026-04-15T22:56:24+0800,micro,branch_predictable,wasm-aot,3,ok,,116039326,555166480,122911311,48287,3596462,262919,63438,40391
2026-04-15T22:56:24+0800,micro,branch_predictable,wasm-aot,4,ok,,115457671,555083785,122907579,55032,3577500,264791,64949,37580
2026-04-15T22:56:24+0800,micro,branch_predictable,wasm-aot,5,ok,,115590816,554992350,122889711,55162,3555531,262736,64234,37066
2026-04-15T22:56:24+0800,micro,branch_predictable,wasm-aot,6,ok,,115101007,555176288,122920036,55460,3603703,267338,65626,36778
2026-04-15T22:56:24+0800,micro,branch_predictable,wasm-aot,7,ok,,115199438,555106070,122903675,53545,3592043,265806,65322,37890
2026-04-15T22:56:24+0800,micro,branch_predictable,wasm-aot,8,ok,,115300988,554948540,122875948,52988,3552823,262595,64051,37316
2026-04-15T22:56:24+0800,micro,branch_predictable,wasm-aot,9,ok,,115438295,555065850,122900431,55061,3579847,267224,65583,37405
2026-04-15T22:56:25+0800,micro,branch_predictable,wasm-aot,10,ok,,114672241,555000203,122885521,53134,3560757,262675,63843,37432
2026-04-15T22:56:23+0800,micro,branch_predictable,wasm-jit,1,ok,,116947198,556774678,123162489,63372,4005670,284117,68069,38778
2026-04-15T22:56:23+0800,micro,branch_predictable,wasm-jit,2,ok,,117439450,556840578,123180136,61575,4014875,284202,67606,38860
2026-04-15T22:56:24+0800,micro,branch_predictable,wasm-jit,3,ok,,117681564,556836600,123170461,63433,4024862,288482,69674,40707
2026-04-15T22:56:24+0800,micro,branch_predictable,wasm-jit,4,ok,,115660026,556943811,123191246,63094,4045978,284830,62757,33634
2026-04-15T22:56:24+0800,micro,branch_predictable,wasm-jit,5,ok,,117776279,556858011,123176812,59453,4019318,285348,67732,40418
2026-04-15T22:56:24+0800,micro,branch_predictable,wasm-jit,6,ok,,116408217,557024206,123205787,63695,4067632,287526,66500,36147
2026-04-15T22:56:24+0800,micro,branch_predictable,wasm-jit,7,ok,,117140374,556836992,123174707,62764,4019003,286249,68745,39439
2026-04-15T22:56:24+0800,micro,branch_predictable,wasm-jit,8,ok,,117378933,556966853,123195850,63092,4052021,285185,68339,39098
2026-04-15T22:56:24+0800,micro,branch_predictable,wasm-jit,9,ok,,116000510,556885623,123181677,62909,4034411,286638,64107,34334
2026-04-15T22:56:24+0800,micro,branch_predictable,wasm-jit,10,ok,,117353498,556786182,123163120,61381,4008468,282596,67152,38782
2026-04-15T22:56:25+0800,micro,branch_switch_dense,native,1,ok,,89748097,479319934,62096615,6850,39665489,13605,3921,338
2026-04-15T22:56:25+0800,micro,branch_switch_dense,native,2,ok,,89958992,479163930,62070079,7068,39628193,12663,3841,407
2026-04-15T22:56:25+0800,micro,branch_switch_dense,native,3,ok,,88905045,479175127,62070635,7129,39630698,12699,3874,642
2026-04-15T22:56:25+0800,micro,branch_switch_dense,native,4,ok,,89879634,479254154,62084911,6285,39649368,12836,3892,478
2026-04-15T22:56:25+0800,micro,branch_switch_dense,native,5,ok,,89887621,479219552,62079826,6185,39641092,12233,3556,457
2026-04-15T22:56:26+0800,micro,branch_switch_dense,native,6,ok,,89677156,479192998,62073920,6333,39634524,13497,4308,1204
2026-04-15T22:56:26+0800,micro,branch_switch_dense,native,7,ok,,88995820,479174334,62071280,5695,39630612,12177,3438,588
2026-04-15T22:56:26+0800,micro,branch_switch_dense,native,8,ok,,89994686,479284832,62089534,6535,39656795,13600,4190,1034
2026-04-15T22:56:26+0800,micro,branch_switch_dense,native,9,ok,,89530552,479197686,62074853,6644,39636203,13054,3884,511
2026-04-15T22:56:26+0800,micro,branch_switch_dense,native,10,ok,,89122334,479176888,62071763,7171,39630390,12357,4030,697
2026-04-15T22:56:25+0800,micro,branch_switch_dense,wasm-aot,1,ok,,151054843,718263823,137914207,54554,42969205,264287,65213,37713
2026-04-15T22:56:25+0800,micro,branch_switch_dense,wasm-aot,2,ok,,150673293,718305387,137920501,56286,42977387,266052,66387,37454
2026-04-15T22:56:25+0800,micro,branch_switch_dense,wasm-aot,3,ok,,150514410,718014689,137870465,52118,42908856,261998,63183,37324
2026-04-15T22:56:25+0800,micro,branch_switch_dense,wasm-aot,4,ok,,152098743,718345794,137923585,53268,42992786,266325,65459,37604
2026-04-15T22:56:26+0800,micro,branch_switch_dense,wasm-aot,5,ok,,150921498,718321093,137922084,54721,42981874,266562,66214,38919
2026-04-15T22:56:26+0800,micro,branch_switch_dense,wasm-aot,6,ok,,151257736,718507900,137955251,56942,43032816,269818,66502,38834
2026-04-15T22:56:26+0800,micro,branch_switch_dense,wasm-aot,7,ok,,151263278,718304731,137922513,52168,42978574,268112,65284,39283
2026-04-15T22:56:26+0800,micro,branch_switch_dense,wasm-aot,8,ok,,150859274,718195024,137902388,55377,42952423,267313,65343,37477
2026-04-15T22:56:26+0800,micro,branch_switch_dense,wasm-aot,9,ok,,151648766,718321782,137927246,54944,42982751,268698,66503,39645
2026-04-15T22:56:26+0800,micro,branch_switch_dense,wasm-aot,10,ok,,150561588,718277555,137915461,54631,42971443,266063,65385,38193
2026-04-15T22:56:25+0800,micro,branch_switch_dense,wasm-jit,1,ok,,152568198,719987928,138178046,62361,43399281,286926,68226,38964
2026-04-15T22:56:25+0800,micro,branch_switch_dense,wasm-jit,2,ok,,152333227,719993249,138176655,61532,43403847,285729,68129,38650
2026-04-15T22:56:25+0800,micro,branch_switch_dense,wasm-jit,3,ok,,152582454,720142135,138203739,62676,43440872,288290,68903,39083
2026-04-15T22:56:25+0800,micro,branch_switch_dense,wasm-jit,4,ok,,152073692,720240136,138220344,65197,43463827,287700,69670,38981
2026-04-15T22:56:26+0800,micro,branch_switch_dense,wasm-jit,5,ok,,152710857,720095367,138194965,63386,43428630,286971,67904,38600
2026-04-15T22:56:26+0800,micro,branch_switch_dense,wasm-jit,6,ok,,152720386,720099722,138195843,60339,43426775,285319,68442,41645
2026-04-15T22:56:26+0800,micro,branch_switch_dense,wasm-jit,7,ok,,153168538,720171206,138210757,65845,43445412,290784,70091,40975
2026-04-15T22:56:26+0800,micro,branch_switch_dense,wasm-jit,8,ok,,153476433,720046177,138188310,62329,43415601,287539,68221,39448
2026-04-15T22:56:26+0800,micro,branch_switch_dense,wasm-jit,9,ok,,152634165,720274456,138231447,63513,43471180,287283,68821,38610
2026-04-15T22:56:26+0800,micro,branch_switch_dense,wasm-jit,10,ok,,150763671,720315221,138230986,62521,43480227,286841,63442,33631
2026-04-15T22:56:28+0800,micro,branch_switch_sparse,native,1,ok,,1147280780,1440512097,181513463,23550382,818358,19798,6934,1884
2026-04-15T22:56:29+0800,micro,branch_switch_sparse,native,2,ok,,1147088240,1440666895,181538037,23569482,851929,21748,7459,687
2026-04-15T22:56:30+0800,micro,branch_switch_sparse,native,3,ok,,1147369429,1440728163,181546880,23545190,867322,26288,9551,1306
2026-04-15T22:56:31+0800,micro,branch_switch_sparse,native,4,ok,,1146343427,1440503536,181512563,23544588,813752,19724,6794,1225
2026-04-15T22:56:32+0800,micro,branch_switch_sparse,native,5,ok,,1147442131,1440488700,181508423,23557668,811318,23326,8468,1237
2026-04-15T22:56:33+0800,micro,branch_switch_sparse,native,6,ok,,1146511222,1440643975,181534325,23525819,847894,22524,7998,896
2026-04-15T22:56:34+0800,micro,branch_switch_sparse,native,7,ok,,1149188849,1440523511,181517012,23595318,820200,20552,6958,756
2026-04-15T22:56:35+0800,micro,branch_switch_sparse,native,8,ok,,1147747961,1440496093,181510315,23588111,811960,21221,7203,618
2026-04-15T22:56:35+0800,micro,branch_switch_sparse,native,9,ok,,1147242317,1440588273,181524579,23552388,833374,21005,7174,699
2026-04-15T22:56:36+0800,micro,branch_switch_sparse,native,10,ok,,1146702168,1440732157,181548167,23538589,868623,25413,9085,1065
2026-04-15T22:56:29+0800,micro,branch_switch_sparse,wasm-aot,1,ok,,907690805,1737218967,255606711,10033680,94055435,272442,67598,38043
2026-04-15T22:56:30+0800,micro,branch_switch_sparse,wasm-aot,2,ok,,906774073,1737047249,255570755,10020664,94018430,273774,69245,40183
2026-04-15T22:56:31+0800,micro,branch_switch_sparse,wasm-aot,3,ok,,906324145,1736858349,255541220,10031342,93974554,269567,66453,39456
2026-04-15T22:56:32+0800,micro,branch_switch_sparse,wasm-aot,4,ok,,907975959,1737057401,255574643,10032440,94020725,271349,68070,39271
2026-04-15T22:56:32+0800,micro,branch_switch_sparse,wasm-aot,5,ok,,906070597,1737277986,255612886,10027255,94073949,274930,68986,38616
2026-04-15T22:56:33+0800,micro,branch_switch_sparse,wasm-aot,6,ok,,907919685,1737147454,255590401,10032006,94038187,274514,69462,40116
2026-04-15T22:56:34+0800,micro,branch_switch_sparse,wasm-aot,7,ok,,907837692,1737210693,255607245,10028365,94050488,276234,70393,39776
2026-04-15T22:56:35+0800,micro,branch_switch_sparse,wasm-aot,8,ok,,905933448,1736999589,255573028,10043404,94003383,270830,67760,38051
2026-04-15T22:56:36+0800,micro,branch_switch_sparse,wasm-aot,9,ok,,907320764,1737389849,255632190,10032850,94099392,279639,71695,40599
2026-04-15T22:56:37+0800,micro,branch_switch_sparse,wasm-aot,10,ok,,909382551,1737073665,255580109,10031553,94024495,273696,68800,38802
2026-04-15T22:56:29+0800,micro,branch_switch_sparse,wasm-jit,1,ok,,911308904,1739077840,255894538,10033596,94525530,291620,71883,40361
2026-04-15T22:56:30+0800,micro,branch_switch_sparse,wasm-jit,2,ok,,908835466,1739147144,255909516,10031485,94538020,293681,72407,40140
2026-04-15T22:56:30+0800,micro,branch_switch_sparse,wasm-jit,3,ok,,909577103,1738958681,255877050,10037528,94492074,293156,72182,41111
2026-04-15T22:56:31+0800,micro,branch_switch_sparse,wasm-jit,4,ok,,909489471,1739029840,255885871,10052095,94512444,292267,71821,40544
2026-04-15T22:56:32+0800,micro,branch_switch_sparse,wasm-jit,5,ok,,909080908,1738658530,255820111,10029162,94420581,293239,71723,41101
2026-04-15T22:56:33+0800,micro,branch_switch_sparse,wasm-jit,6,ok,,908828931,1739098777,255901263,10029742,94526734,295668,73308,40759
2026-04-15T22:56:34+0800,micro,branch_switch_sparse,wasm-jit,7,ok,,908861045,1738935913,255868685,10041943,94482506,297055,72762,42012
2026-04-15T22:56:35+0800,micro,branch_switch_sparse,wasm-jit,8,ok,,904369902,1739139877,255908143,10033910,94538331,297177,73454,40792
2026-04-15T22:56:36+0800,micro,branch_switch_sparse,wasm-jit,9,ok,,910182862,1739053691,255890045,10035862,94516072,292938,72196,41001
2026-04-15T22:56:37+0800,micro,branch_switch_sparse,wasm-jit,10,ok,,909268226,1739006427,255880341,10035894,94504767,296203,73274,41044
2026-04-15T22:56:37+0800,micro,branch_unpredictable,native,1,ok,,323418453,721631535,40296534,7039,400825,15923,5310,613
2026-04-15T22:56:38+0800,micro,branch_unpredictable,native,2,ok,,323227747,721594124,40289809,5929,390677,14280,4380,405
2026-04-15T22:56:38+0800,micro,branch_unpredictable,native,3,ok,,323404900,721628508,40294871,7317,397684,16009,5329,828
2026-04-15T22:56:38+0800,micro,branch_unpredictable,native,4,ok,,323286395,721661675,40300568,6778,406470,14361,4415,397
2026-04-15T22:56:39+0800,micro,branch_unpredictable,native,5,ok,,323742255,721534255,40281636,8013,376635,14602,4757,561
2026-04-15T22:56:39+0800,micro,branch_unpredictable,native,6,ok,,323290048,721580452,40287560,7210,387450,14283,4580,418
2026-04-15T22:56:39+0800,micro,branch_unpredictable,native,7,ok,,323320283,721650965,40298532,7344,403252,14508,4469,495
2026-04-15T22:56:40+0800,micro,branch_unpredictable,native,8,ok,,323795536,721687398,40306509,7306,413527,15321,4810,549
2026-04-15T22:56:40+0800,micro,branch_unpredictable,native,9,ok,,323292082,721550405,40282619,7493,379761,14798,4659,446
2026-04-15T22:56:40+0800,micro,branch_unpredictable,native,10,ok,,323314174,721650937,40298415,7056,403634,14498,4656,489
2026-04-15T22:56:38+0800,micro,branch_unpredictable,wasm-aot,1,ok,,336832271,935448079,82957386,56524,3674237,267062,58991,33144
2026-04-15T22:56:38+0800,micro,branch_unpredictable,wasm-aot,2,ok,,338706440,935736249,83014963,52586,3739050,268943,66522,39738
2026-04-15T22:56:38+0800,micro,branch_unpredictable,wasm-aot,3,ok,,338041344,935619502,82995375,55263,3716983,272400,67541,37742
2026-04-15T22:56:39+0800,micro,branch_unpredictable,wasm-aot,4,ok,,337806054,935513584,82971719,53308,3689601,264653,64734,37879
2026-04-15T22:56:39+0800,micro,branch_unpredictable,wasm-aot,5,ok,,337969234,935638521,82995074,53094,3719609,263129,64265,37708
2026-04-15T22:56:39+0800,micro,branch_unpredictable,wasm-aot,6,ok,,337580164,935490105,82968290,52596,3682333,265951,64118,37722
2026-04-15T22:56:40+0800,micro,branch_unpredictable,wasm-aot,7,ok,,338216246,935669612,83003529,54307,3721654,268547,65969,38658
2026-04-15T22:56:40+0800,micro,branch_unpredictable,wasm-aot,8,ok,,338451864,935481462,82970615,53577,3679622,267909,66742,39809
2026-04-15T22:56:40+0800,micro,branch_unpredictable,wasm-aot,9,ok,,338348007,935554020,82986363,55953,3697679,268476,65797,37850
2026-04-15T22:56:41+0800,micro,branch_unpredictable,wasm-aot,10,ok,,337926365,935581368,82986049,53939,3702792,264871,65267,38617
2026-04-15T22:56:38+0800,micro,branch_unpredictable,wasm-jit,1,ok,,339907690,937288150,83251699,62982,4128513,285339,68495,38929
2026-04-15T22:56:38+0800,micro,branch_unpredictable,wasm-jit,2,ok,,339985860,937378114,83266317,61206,4151979,286439,69062,40944
2026-04-15T22:56:38+0800,micro,branch_unpredictable,wasm-jit,3,ok,,339667565,937274946,83244548,58481,4130337,285910,67348,40194
2026-04-15T22:56:39+0800,micro,branch_unpredictable,wasm-jit,4,ok,,340298763,937440807,83279848,63229,4167513,288473,69252,39786
2026-04-15T22:56:39+0800,micro,branch_unpredictable,wasm-jit,5,ok,,340069152,937398595,83270571,63429,4159866,285886,68949,39134
2026-04-15T22:56:39+0800,micro,branch_unpredictable,wasm-jit,6,ok,,339918585,937245841,83245212,63544,4119591,290028,69032,39444
2026-04-15T22:56:40+0800,micro,branch_unpredictable,wasm-jit,7,ok,,339863365,937250589,83244531,62457,4122644,287198,68469,39436
2026-04-15T22:56:40+0800,micro,branch_unpredictable,wasm-jit,8,ok,,339236297,937386199,83267041,61580,4156166,287244,68558,38817
2026-04-15T22:56:40+0800,micro,branch_unpredictable,wasm-jit,9,ok,,340068052,937246672,83242063,62591,4117551,287083,69770,41153
2026-04-15T22:56:41+0800,micro,branch_unpredictable,wasm-jit,10,ok,,339583144,937258969,83246870,61054,4124578,285747,67815,38744
2026-04-15T22:56:41+0800,micro,call_chain,native,1,ok,,50919891,180925941,7674924,5780,225292,11560,3084,366
2026-04-15T22:56:41+0800,micro,call_chain,native,2,ok,,50978194,180952873,7679975,6714,232266,12307,3601,250
2026-04-15T22:56:41+0800,micro,call_chain,native,3,ok,,50965572,180967728,7681917,6291,235159,12531,3768,269
2026-04-15T22:56:41+0800,micro,call_chain,native,4,ok,,51108321,181082514,7701979,6963,262393,13481,4234,311
2026-04-15T22:56:41+0800,micro,call_chain,native,5,ok,,51035519,181085226,7703277,7347,263783,12973,3927,280
2026-04-15T22:56:41+0800,micro,call_chain,native,6,ok,,51023562,180992882,7686627,6544,241478,12867,3774,323
2026-04-15T22:56:42+0800,micro,call_chain,native,7,ok,,50907045,180965431,7682019,6218,234020,11448,3213,220
2026-04-15T22:56:42+0800,micro,call_chain,native,8,ok,,51023618,181005312,7688322,6446,243970,12833,3726,338
2026-04-15T22:56:42+0800,micro,call_chain,native,9,ok,,51030470,181046648,7695477,6586,254335,13040,3920,359
2026-04-15T22:56:42+0800,micro,call_chain,native,10,ok,,51049844,181040172,7694169,6619,252648,13054,3834,372
2026-04-15T22:56:41+0800,micro,call_chain,wasm-aot,1,ok,,78719001,344903997,62868519,53764,33538356,264275,64866,37489
2026-04-15T22:56:41+0800,micro,call_chain,wasm-aot,2,ok,,78611437,344873459,62868284,52693,33526843,262275,64030,37416
2026-04-15T22:56:41+0800,micro,call_chain,wasm-aot,3,ok,,78823021,345007291,62888542,53859,33564061,265494,64629,37398
2026-04-15T22:56:41+0800,micro,call_chain,wasm-aot,4,ok,,77984368,344958352,62880411,52823,33550206,265597,62263,34836
2026-04-15T22:56:41+0800,micro,call_chain,wasm-aot,5,ok,,78230407,344910355,62872013,52310,33539845,261436,63572,37944
2026-04-15T22:56:41+0800,micro,call_chain,wasm-aot,6,ok,,77933976,344970243,62883607,55713,33555576,269931,63596,35045
2026-04-15T22:56:42+0800,micro,call_chain,wasm-aot,7,ok,,78177949,344886120,62869106,53710,33533499,264241,63982,36735
2026-04-15T22:56:42+0800,micro,call_chain,wasm-aot,8,ok,,78165968,345130005,62908100,56244,33592014,265103,65349,37481
2026-04-15T22:56:42+0800,micro,call_chain,wasm-aot,9,ok,,77899024,344883943,62864331,54401,33535023,262549,62148,34965
2026-04-15T22:56:42+0800,micro,call_chain,wasm-aot,10,ok,,79298606,344980237,62884884,57704,33550746,266189,65594,37374
2026-04-15T22:56:41+0800,micro,call_chain,wasm-jit,1,ok,,81289270,346822131,63175858,65864,34013621,288065,69420,38687
2026-04-15T22:56:41+0800,micro,call_chain,wasm-jit,2,ok,,80751645,346919602,63189972,63125,34037730,286749,69231,38792
2026-04-15T22:56:41+0800,micro,call_chain,wasm-jit,3,ok,,81286756,346968673,63198790,63857,34046505,287982,69772,39377
2026-04-15T22:56:41+0800,micro,call_chain,wasm-jit,4,ok,,79225954,346774289,63161918,63822,34004849,287671,65429,35132
2026-04-15T22:56:41+0800,micro,call_chain,wasm-jit,5,ok,,80624486,346862916,63175956,62263,34024043,284473,68742,39591
2026-04-15T22:56:41+0800,micro,call_chain,wasm-jit,6,ok,,79508615,346893498,63186152,65742,34034636,287269,65574,34936
2026-04-15T22:56:42+0800,micro,call_chain,wasm-jit,7,ok,,80203665,346778397,63159151,61005,34002416,283437,67968,39948
2026-04-15T22:56:42+0800,micro,call_chain,wasm-jit,8,ok,,80056310,346822410,63172927,61189,34013938,287547,67335,38623
2026-04-15T22:56:42+0800,micro,call_chain,wasm-jit,9,ok,,80325166,346810560,63169893,64128,34013351,286075,69982,39352
2026-04-15T22:56:42+0800,micro,call_chain,wasm-jit,10,ok,,80196387,346651930,63139221,63282,33975985,285869,68818,39744
2026-04-15T22:56:42+0800,micro,call_indirect,native,1,ok,,156088679,401154566,75214466,7214,50281937,12448,3656,432
2026-04-15T22:56:43+0800,micro,call_indirect,native,2,ok,,154064967,401167574,75215961,6680,50284813,13292,3918,451
2026-04-15T22:56:43+0800,micro,call_indirect,native,3,ok,,156422496,401128960,75209547,7398,50275457,13554,4257,306
2026-04-15T22:56:43+0800,micro,call_indirect,native,4,ok,,153942315,401161044,75214463,7071,50283578,13114,4041,286
2026-04-15T22:56:43+0800,micro,call_indirect,native,5,ok,,149778129,401170409,75216979,7634,50285702,14023,4328,295
2026-04-15T22:56:44+0800,micro,call_indirect,native,6,ok,,160407226,401190865,75220333,6738,50290465,13442,3962,269
2026-04-15T22:56:44+0800,micro,call_indirect,native,7,ok,,154746733,401289125,75237368,7136,50314654,14934,4702,602
2026-04-15T22:56:44+0800,micro,call_indirect,native,8,ok,,153348439,401252801,75230318,6984,50305303,14716,4520,345
2026-04-15T22:56:44+0800,micro,call_indirect,native,9,ok,,158786962,401351267,75248100,6903,50328860,14583,4564,440
2026-04-15T22:56:44+0800,micro,call_indirect,native,10,ok,,153829244,401190888,75220539,6730,50290268,13313,3836,330
2026-04-15T22:56:43+0800,micro,call_indirect,wasm-aot,1,ok,,249489100,1090335383,152946944,54280,278642069,265990,65781,37818
2026-04-15T22:56:43+0800,micro,call_indirect,wasm-aot,2,ok,,249394940,1090223343,152925874,54470,278615021,265026,63965,37443
2026-04-15T22:56:43+0800,micro,call_indirect,wasm-aot,3,ok,,249154880,1090193445,152920872,53605,278604912,262376,63693,37367
2026-04-15T22:56:43+0800,micro,call_indirect,wasm-aot,4,ok,,249668823,1090372805,152953824,54477,278653506,265733,65483,37353
2026-04-15T22:56:43+0800,micro,call_indirect,wasm-aot,5,ok,,249297054,1090381842,152952595,55147,278654963,266899,65207,37506
2026-04-15T22:56:44+0800,micro,call_indirect,wasm-aot,6,ok,,249390714,1090389986,152951566,54453,278657785,264371,64681,37444
2026-04-15T22:56:44+0800,micro,call_indirect,wasm-aot,7,ok,,250325230,1090604913,152993117,58155,278710705,270587,67027,37966
2026-04-15T22:56:44+0800,micro,call_indirect,wasm-aot,8,ok,,251528609,1090719973,153012969,55284,278739623,273801,68575,42274
2026-04-15T22:56:44+0800,micro,call_indirect,wasm-aot,9,ok,,250138929,1090292847,152937925,50672,278632933,267772,65974,39895
2026-04-15T22:56:45+0800,micro,call_indirect,wasm-aot,10,ok,,249646949,1090127225,152908260,54229,278594175,264392,64642,37397
2026-04-15T22:56:42+0800,micro,call_indirect,wasm-jit,1,ok,,251707604,1092285044,153254019,64290,279132043,287839,69170,38938
2026-04-15T22:56:43+0800,micro,call_indirect,wasm-jit,2,ok,,251605138,1092131343,153223578,64240,279092291,287562,68824,39004
2026-04-15T22:56:43+0800,micro,call_indirect,wasm-jit,3,ok,,251570449,1092061938,153206407,63961,279079294,284113,68111,38769
2026-04-15T22:56:43+0800,micro,call_indirect,wasm-jit,4,ok,,252640304,1092467165,153284255,67737,279177029,292322,71770,39177
2026-04-15T22:56:43+0800,micro,call_indirect,wasm-jit,5,ok,,251505382,1092291351,153254374,61888,279127443,285145,67702,38663
2026-04-15T22:56:44+0800,micro,call_indirect,wasm-jit,6,ok,,251683118,1092175558,153233555,64021,279103308,286858,69394,38564
2026-04-15T22:56:44+0800,micro,call_indirect,wasm-jit,7,ok,,252271742,1092405423,153273833,62305,279159549,287747,69429,39588
2026-04-15T22:56:44+0800,micro,call_indirect,wasm-jit,8,ok,,251342717,1092102860,153217092,62364,279085252,283740,67360,39596
2026-04-15T22:56:44+0800,micro,call_indirect,wasm-jit,9,ok,,252368893,1092319532,153261179,64799,279136316,291101,69394,40639
2026-04-15T22:56:45+0800,micro,call_indirect,wasm-jit,10,ok,,251670148,1092095861,153216753,60796,279087802,281162,67499,39364
2026-04-15T22:56:45+0800,micro,call_many_small_funcs,native,1,ok,,209947706,311389071,10255027,8344,339891,14756,4756,434
2026-04-15T22:56:45+0800,micro,call_many_small_funcs,native,2,ok,,209910912,311378698,10253054,6950,336457,14191,4498,372
2026-04-15T22:56:46+0800,micro,call_many_small_funcs,native,3,ok,,209885270,311348907,10248227,7602,329881,14344,4625,331
2026-04-15T22:56:46+0800,micro,call_many_small_funcs,native,4,ok,,209950771,311309547,10240836,7552,320055,14592,4549,378
2026-04-15T22:56:46+0800,micro,call_many_small_funcs,native,5,ok,,209847380,311336988,10244738,5574,325969,13608,4061,414
2026-04-15T22:56:47+0800,micro,call_many_small_funcs,native,6,ok,,209784453,311280508,10236433,6565,313314,12940,3661,287
2026-04-15T22:56:47+0800,micro,call_many_small_funcs,native,7,ok,,209883441,311275340,10234520,7314,311214,14557,4578,421
2026-04-15T22:56:47+0800,micro,call_many_small_funcs,native,8,ok,,209815329,311291703,10237712,6938,314760,13238,4185,297
2026-04-15T22:56:47+0800,micro,call_many_small_funcs,native,9,ok,,209807053,311253893,10231205,6918,306438,13691,4162,324
2026-04-15T22:56:48+0800,micro,call_many_small_funcs,native,10,ok,,209867757,311271915,10234283,7601,310950,14354,4475,389
2026-04-15T22:56:45+0800,micro,call_many_small_funcs,wasm-aot,1,ok,,317438312,415526179,42978762,52996,3689141,263752,64381,37545
2026-04-15T22:56:46+0800,micro,call_many_small_funcs,wasm-aot,2,ok,,317135592,415354173,42947235,53787,3651873,266094,64624,37556
2026-04-15T22:56:46+0800,micro,call_many_small_funcs,wasm-aot,3,ok,,318444511,415641650,43002103,55792,3718489,269042,67025,38027
2026-04-15T22:56:46+0800,micro,call_many_small_funcs,wasm-aot,4,ok,,318252766,415437397,42963546,54198,3671263,267819,66712,40644
2026-04-15T22:56:47+0800,micro,call_many_small_funcs,wasm-aot,5,ok,,317583426,415506327,42973303,55321,3688421,267878,65788,37266
2026-04-15T22:56:47+0800,micro,call_many_small_funcs,wasm-aot,6,ok,,317326078,415461448,42966653,52182,3675460,264377,64069,37185
2026-04-15T22:56:47+0800,micro,call_many_small_funcs,wasm-aot,7,ok,,317712463,415506541,42976701,54335,3686840,266251,65680,37705
2026-04-15T22:56:47+0800,micro,call_many_small_funcs,wasm-aot,8,ok,,317277011,415437069,42962051,53268,3668575,263824,64220,37232
2026-04-15T22:56:48+0800,micro,call_many_small_funcs,wasm-aot,9,ok,,317483376,415519239,42977990,56373,3689422,265793,66337,37560
2026-04-15T22:56:48+0800,micro,call_many_small_funcs,wasm-aot,10,ok,,317874401,415638966,42997664,55668,3718437,269483,66675,38224
2026-04-15T22:56:45+0800,micro,call_many_small_funcs,wasm-jit,1,ok,,319184681,417184969,43229510,62061,4105179,284413,67859,39326
2026-04-15T22:56:46+0800,micro,call_many_small_funcs,wasm-jit,2,ok,,319155041,417492995,43284425,62670,4184491,287298,69358,39080
2026-04-15T22:56:46+0800,micro,call_many_small_funcs,wasm-jit,3,ok,,319279215,417281311,43249324,62528,4132051,285249,67567,38904
2026-04-15T22:56:46+0800,micro,call_many_small_funcs,wasm-jit,4,ok,,319431731,417273770,43250749,63836,4125580,285290,68564,39263
2026-04-15T22:56:46+0800,micro,call_many_small_funcs,wasm-jit,5,ok,,319535459,417294057,43248560,62951,4130633,290076,70179,40781
2026-04-15T22:56:47+0800,micro,call_many_small_funcs,wasm-jit,6,ok,,319189671,417282630,43249802,63008,4130391,289518,68756,39193
2026-04-15T22:56:47+0800,micro,call_many_small_funcs,wasm-jit,7,ok,,319809052,417301746,43249756,62181,4131470,285924,68415,39508
2026-04-15T22:56:47+0800,micro,call_many_small_funcs,wasm-jit,8,ok,,319067807,417243995,43242727,62133,4120640,289594,68700,39203
2026-04-15T22:56:48+0800,micro,call_many_small_funcs,wasm-jit,9,ok,,319057546,417219059,43236587,61351,4118100,285562,68855,39459
2026-04-15T22:56:48+0800,micro,call_many_small_funcs,wasm-jit,10,ok,,319192374,417302221,43254900,63490,4136535,289334,69028,39305
2026-04-15T22:56:48+0800,micro,call_recursive,native,1,ok,,53988884,177967820,931929,6394,13734952,11869,3511,312
2026-04-15T22:56:48+0800,micro,call_recursive,native,2,ok,,54143439,178006884,938740,6086,13745053,13541,4307,843
2026-04-15T22:56:48+0800,micro,call_recursive,native,3,ok,,53966503,177928879,925664,6256,13725821,12021,3418,225
2026-04-15T22:56:48+0800,micro,call_recursive,native,4,ok,,54154968,178102806,955610,6265,13768229,13153,3938,843
2026-04-15T22:56:49+0800,micro,call_recursive,native,5,ok,,53986487,178000109,937714,6798,13743017,13129,4104,312
2026-04-15T22:56:49+0800,micro,call_recursive,native,6,ok,,54026575,177964126,931455,7172,13733518,12699,3879,358
2026-04-15T22:56:49+0800,micro,call_recursive,native,7,ok,,54015966,178016640,940308,6392,13747025,12782,3796,338
2026-04-15T22:56:49+0800,micro,call_recursive,native,8,ok,,53925023,178019329,941204,6530,13747787,12371,3507,230
2026-04-15T22:56:49+0800,micro,call_recursive,native,9,ok,,53958650,178054213,947112,6015,13755893,12614,3745,323
2026-04-15T22:56:49+0800,micro,call_recursive,native,10,ok,,53986183,178039041,943731,5870,13752332,12393,3667,316
2026-04-15T22:56:48+0800,micro,call_recursive,wasm-aot,1,ok,,96359637,269961084,8878940,53372,3553158,265151,64956,40227
2026-04-15T22:56:48+0800,micro,call_recursive,wasm-aot,2,ok,,95717090,269926191,8872275,53830,3542685,263392,65535,38231
2026-04-15T22:56:48+0800,micro,call_recursive,wasm-aot,3,ok,,96977743,270144826,8909585,50954,3593532,262569,64806,40899
2026-04-15T22:56:49+0800,micro,call_recursive,wasm-aot,4,ok,,97577629,270151647,8918366,55197,3598600,268035,65507,37861
2026-04-15T22:56:49+0800,micro,call_recursive,wasm-aot,5,ok,,96159268,270035940,8895589,56029,3566629,263014,65312,38284
2026-04-15T22:56:49+0800,micro,call_recursive,wasm-aot,6,ok,,95816300,270070262,8896727,55089,3581075,267030,64892,37667
2026-04-15T22:56:49+0800,micro,call_recursive,wasm-aot,7,ok,,96341609,270094685,8902580,54044,3584362,263978,64369,37084
2026-04-15T22:56:49+0800,micro,call_recursive,wasm-aot,8,ok,,96245856,270161764,8915965,55343,3598533,264717,64601,36923
2026-04-15T22:56:49+0800,micro,call_recursive,wasm-aot,9,ok,,96522739,269909396,8871514,52506,3538366,265108,64275,37342
2026-04-15T22:56:49+0800,micro,call_recursive,wasm-aot,10,ok,,96217063,269872364,8868482,52917,3524950,262244,64016,37240
2026-04-15T22:56:48+0800,micro,call_recursive,wasm-jit,1,ok,,99078962,271980611,9200843,60563,4055525,285634,68003,40781
2026-04-15T22:56:48+0800,micro,call_recursive,wasm-jit,2,ok,,98468673,271771617,9159942,56486,4002291,284264,66708,39610
2026-04-15T22:56:48+0800,micro,call_recursive,wasm-jit,3,ok,,98455620,271865820,9181503,63459,4023793,285967,68649,38863
2026-04-15T22:56:49+0800,micro,call_recursive,wasm-jit,4,ok,,98413696,271816583,9168209,62762,4013925,285509,67667,38591
2026-04-15T22:56:49+0800,micro,call_recursive,wasm-jit,5,ok,,98275600,271806415,9166340,60277,4015094,287199,68161,39223
2026-04-15T22:56:49+0800,micro,call_recursive,wasm-jit,6,ok,,98580703,271869124,9181187,59935,4026119,290063,67594,38634
2026-04-15T22:56:49+0800,micro,call_recursive,wasm-jit,7,ok,,98566397,271897643,9186077,62485,4034370,285363,68401,38769
2026-04-15T22:56:49+0800,micro,call_recursive,wasm-jit,8,ok,,97289258,271952363,9194853,63923,4048407,286801,65630,34851
2026-04-15T22:56:49+0800,micro,call_recursive,wasm-jit,9,ok,,98332507,271844107,9176454,62077,4021979,284908,67724,38961
2026-04-15T22:56:49+0800,micro,call_recursive,wasm-jit,10,ok,,97878559,271698956,9148627,60565,3983547,282689,66955,38520
2026-04-15T22:56:50+0800,micro,compute_fp_mix,native,1,ok,,216107571,169328341,6243252,6981,323888,14188,4562,785
2026-04-15T22:56:50+0800,micro,compute_fp_mix,native,2,ok,,206343944,169388237,6253761,7006,338614,14629,4505,532
2026-04-15T22:56:50+0800,micro,compute_fp_mix,native,3,ok,,216438034,169365975,6250422,7208,333540,14997,4660,636
2026-04-15T22:56:50+0800,micro,compute_fp_mix,native,4,ok,,194400220,169286330,6236647,7142,313520,13863,4322,529
2026-04-15T22:56:51+0800,micro,compute_fp_mix,native,5,ok,,194374179,169349389,6247446,6691,329523,13978,4372,441
2026-04-15T22:56:51+0800,micro,compute_fp_mix,native,6,ok,,217172924,169296663,6238427,7285,317394,14459,4449,313
2026-04-15T22:56:51+0800,micro,compute_fp_mix,native,7,ok,,217319782,169415350,6257720,6874,345032,14877,4511,389
2026-04-15T22:56:51+0800,micro,compute_fp_mix,native,8,ok,,206332800,169406530,6255936,6819,342612,14554,4417,336
2026-04-15T22:56:52+0800,micro,compute_fp_mix,native,9,ok,,217149527,169284105,6235923,7249,314354,14231,4498,390
2026-04-15T22:56:52+0800,micro,compute_fp_mix,native,10,ok,,194522536,169300112,6238313,7967,317404,15488,5033,625
2026-04-15T22:56:50+0800,micro,compute_fp_mix,wasm-aot,1,ok,,215832644,219440009,26964808,57864,63670257,269897,64079,37550
2026-04-15T22:56:50+0800,micro,compute_fp_mix,wasm-aot,2,ok,,216347568,219239943,26925289,53797,63619548,267206,66149,41712
2026-04-15T22:56:50+0800,micro,compute_fp_mix,wasm-aot,3,ok,,216065158,219393200,26955389,50322,63663065,267839,65947,40594
2026-04-15T22:56:51+0800,micro,compute_fp_mix,wasm-aot,4,ok,,214904555,219330373,26941421,53640,63642071,267306,64915,37502
2026-04-15T22:56:51+0800,micro,compute_fp_mix,wasm-aot,5,ok,,215298381,219450826,26967765,57405,63674159,268217,67287,37530
2026-04-15T22:56:51+0800,micro,compute_fp_mix,wasm-aot,6,ok,,215857879,219518582,26982124,57850,63686964,268326,66441,37953
2026-04-15T22:56:51+0800,micro,compute_fp_mix,wasm-aot,7,ok,,215259346,219514729,26970820,55867,63687646,270141,67262,38461
2026-04-15T22:56:52+0800,micro,compute_fp_mix,wasm-aot,8,ok,,215851120,219241651,26932163,52636,63617355,264493,64861,38245
2026-04-15T22:56:52+0800,micro,compute_fp_mix,wasm-aot,9,ok,,215898881,219335240,26947434,53472,63638599,266943,65443,38743
2026-04-15T22:56:52+0800,micro,compute_fp_mix,wasm-aot,10,ok,,215334310,219247184,26931214,56202,63620317,265624,65527,37973
2026-04-15T22:56:50+0800,micro,compute_fp_mix,wasm-jit,1,ok,,217014817,221160826,27228629,64505,64101783,290190,69800,39447
2026-04-15T22:56:50+0800,micro,compute_fp_mix,wasm-jit,2,ok,,217086833,221042285,27206344,61323,64073828,285707,68079,39806
2026-04-15T22:56:50+0800,micro,compute_fp_mix,wasm-jit,3,ok,,217343828,221225548,27242307,64028,64115748,291750,70803,40536
2026-04-15T22:56:51+0800,micro,compute_fp_mix,wasm-jit,4,ok,,217496081,221173326,27229855,61018,64102059,289513,69669,41167
2026-04-15T22:56:51+0800,micro,compute_fp_mix,wasm-jit,5,ok,,216859885,221133123,27222372,63206,64092317,286829,68884,38875
2026-04-15T22:56:51+0800,micro,compute_fp_mix,wasm-jit,6,ok,,214610747,221058622,27206508,62973,64077799,286293,60544,32858
2026-04-15T22:56:51+0800,micro,compute_fp_mix,wasm-jit,7,ok,,216916734,221131221,27226017,63622,64090268,287489,68476,39120
2026-04-15T22:56:51+0800,micro,compute_fp_mix,wasm-jit,8,ok,,217459384,221321486,27259197,64414,64135992,288942,69877,40100
2026-04-15T22:56:52+0800,micro,compute_fp_mix,wasm-jit,9,ok,,217426479,221103209,27222091,65134,64085978,287180,68943,39141
2026-04-15T22:56:52+0800,micro,compute_fp_mix,wasm-jit,10,ok,,216954766,221075069,27212927,61672,64078317,285496,68603,39771
2026-04-15T22:56:53+0800,micro,compute_fp_muladd,native,1,ok,,251235410,197372499,7251920,7498,336231,13805,4518,1701
2026-04-15T22:56:53+0800,micro,compute_fp_muladd,native,2,ok,,226563802,197426956,7261440,6678,348872,13708,4225,367
2026-04-15T22:56:53+0800,micro,compute_fp_muladd,native,3,ok,,249981268,197388696,7254963,7581,340092,14108,4480,398
2026-04-15T22:56:53+0800,micro,compute_fp_muladd,native,4,ok,,253020548,197366296,7250079,6922,334391,14536,4580,361
2026-04-15T22:56:54+0800,micro,compute_fp_muladd,native,5,ok,,253346284,197573224,7285153,7260,384099,15398,5058,602
2026-04-15T22:56:54+0800,micro,compute_fp_muladd,native,6,ok,,237938598,197471484,7268066,7581,358751,14694,4554,342
2026-04-15T22:56:54+0800,micro,compute_fp_muladd,native,7,ok,,226553157,197300408,7239207,7160,317700,13111,3998,442
2026-04-15T22:56:54+0800,micro,compute_fp_muladd,native,8,ok,,226543400,197292758,7237696,7134,316337,13768,4070,357
2026-04-15T22:56:55+0800,micro,compute_fp_muladd,native,9,ok,,226644256,197474945,7268560,6424,359770,14986,4756,547
2026-04-15T22:56:55+0800,micro,compute_fp_muladd,native,10,ok,,253237043,197406243,7257507,7356,344395,14641,4762,416
2026-04-15T22:56:53+0800,micro,compute_fp_muladd,wasm-aot,1,ok,,248067772,253226143,30924041,53777,73616548,262661,64548,37366
2026-04-15T22:56:53+0800,micro,compute_fp_muladd,wasm-aot,2,ok,,248051848,253363470,30951504,54316,73649553,264447,64609,37791
2026-04-15T22:56:53+0800,micro,compute_fp_muladd,wasm-aot,3,ok,,248275814,253413267,30958163,54606,73663478,266290,65894,38179
2026-04-15T22:56:53+0800,micro,compute_fp_muladd,wasm-aot,4,ok,,248313692,253411254,30954885,54240,73664581,267396,65357,37961
2026-04-15T22:56:54+0800,micro,compute_fp_muladd,wasm-aot,5,ok,,248220934,253299846,30938658,54338,73635380,267758,65227,37770
2026-04-15T22:56:54+0800,micro,compute_fp_muladd,wasm-aot,6,ok,,248494940,253367707,30952661,55491,73649568,265710,65818,37650
2026-04-15T22:56:54+0800,micro,compute_fp_muladd,wasm-aot,7,ok,,249299703,253442163,30969257,56088,73669512,267027,65912,37872
2026-04-15T22:56:54+0800,micro,compute_fp_muladd,wasm-aot,8,ok,,249605004,253761865,31020464,54033,73748448,272351,69159,41165
2026-04-15T22:56:55+0800,micro,compute_fp_muladd,wasm-aot,9,ok,,248078878,253271812,30935160,52870,73626598,265313,64428,37724
2026-04-15T22:56:55+0800,micro,compute_fp_muladd,wasm-aot,10,ok,,248455780,253445045,30965834,54867,73670013,267579,66417,38054
2026-04-15T22:56:53+0800,micro,compute_fp_muladd,wasm-jit,1,ok,,251194935,255284619,31248540,60622,74127755,289539,70087,43311
2026-04-15T22:56:53+0800,micro,compute_fp_muladd,wasm-jit,2,ok,,249938825,255109854,31219545,62025,74088906,286428,68749,39023
2026-04-15T22:56:53+0800,micro,compute_fp_muladd,wasm-jit,3,ok,,250611729,255254750,31245576,63622,74120266,288625,69583,39581
2026-04-15T22:56:53+0800,micro,compute_fp_muladd,wasm-jit,4,ok,,250221068,255235198,31241394,62735,74114925,288365,69113,38890
2026-04-15T22:56:54+0800,micro,compute_fp_muladd,wasm-jit,5,ok,,250056056,255117827,31222258,61829,74091697,284396,67667,38943
2026-04-15T22:56:54+0800,micro,compute_fp_muladd,wasm-jit,6,ok,,250407297,255165476,31229765,64516,74103560,286901,69021,39270
2026-04-15T22:56:54+0800,micro,compute_fp_muladd,wasm-jit,7,ok,,251367715,255527349,31299188,66088,74190961,292065,71842,39750
2026-04-15T22:56:54+0800,micro,compute_fp_muladd,wasm-jit,8,ok,,250507668,255196456,31239472,62128,74110157,289179,70163,40801
2026-04-15T22:56:55+0800,micro,compute_fp_muladd,wasm-jit,9,ok,,248824047,255351077,31256545,67614,74150443,294362,66197,36407
2026-04-15T22:56:55+0800,micro,compute_fp_muladd,wasm-jit,10,ok,,251296837,255188860,31238663,65115,74102320,289294,69354,40807
2026-04-15T22:56:56+0800,micro,compute_int_add,native,1,ok,,268260844,476384296,25254187,7229,339190,13426,4036,347
2026-04-15T22:56:56+0800,micro,compute_int_add,native,2,ok,,268348837,476386170,25254347,7297,339767,14000,4392,346
2026-04-15T22:56:56+0800,micro,compute_int_add,native,3,ok,,268427293,476442337,25262126,7507,352635,16302,5293,755
2026-04-15T22:56:56+0800,micro,compute_int_add,native,4,ok,,268591154,476554061,25283688,7790,380291,16439,5683,998
2026-04-15T22:56:57+0800,micro,compute_int_add,native,5,ok,,268651279,476554201,25280839,7386,379943,17836,5979,1239
2026-04-15T22:56:57+0800,micro,compute_int_add,native,6,ok,,268350191,476420845,25260624,6612,348291,14838,4614,716
2026-04-15T22:56:57+0800,micro,compute_int_add,native,7,ok,,268530675,476531375,25278975,7545,373721,16004,5372,1216
2026-04-15T22:56:58+0800,micro,compute_int_add,native,8,ok,,268330131,476460743,25265900,7654,357209,14230,4512,389
2026-04-15T22:56:58+0800,micro,compute_int_add,native,9,ok,,268332665,476484724,25270478,7061,362545,14161,4461,444
2026-04-15T22:56:58+0800,micro,compute_int_add,native,10,ok,,268337183,476492372,25270996,7173,364109,14870,4711,420
2026-04-15T22:56:56+0800,micro,compute_int_add,wasm-aot,1,ok,,284404567,615579507,102987321,54133,3702173,268046,66163,37527
2026-04-15T22:56:56+0800,micro,compute_int_add,wasm-aot,2,ok,,284627594,615425921,102962521,55065,3661646,268644,65719,37847
2026-04-15T22:56:56+0800,micro,compute_int_add,wasm-aot,3,ok,,285326763,615473000,102967865,55197,3675377,268346,67348,40550
2026-04-15T22:56:57+0800,micro,compute_int_add,wasm-aot,4,ok,,285303233,615383018,102953778,53149,3655782,265680,65010,41927
2026-04-15T22:56:57+0800,micro,compute_int_add,wasm-aot,5,ok,,284634697,615406776,102957673,55414,3665459,271642,65783,38988
2026-04-15T22:56:57+0800,micro,compute_int_add,wasm-aot,6,ok,,284979268,615295473,102935790,57093,3633691,267553,66467,39627
2026-04-15T22:56:57+0800,micro,compute_int_add,wasm-aot,7,ok,,285131550,615458785,102967255,57830,3679468,269244,67662,38950
2026-04-15T22:56:58+0800,micro,compute_int_add,wasm-aot,8,ok,,284526946,615439359,102962595,55518,3666547,265020,66226,38866
2026-04-15T22:56:58+0800,micro,compute_int_add,wasm-aot,9,ok,,284539825,615270319,102932585,56301,3629198,264601,65538,37746
2026-04-15T22:56:58+0800,micro,compute_int_add,wasm-aot,10,ok,,285276482,615557791,102986428,55139,3696838,268238,66715,39304
2026-04-15T22:56:56+0800,micro,compute_int_add,wasm-jit,1,ok,,286561864,617418485,103274557,63014,4158723,287492,69447,39695
2026-04-15T22:56:56+0800,micro,compute_int_add,wasm-jit,2,ok,,286309670,617302559,103254703,62599,4140783,287304,69325,39147
2026-04-15T22:56:56+0800,micro,compute_int_add,wasm-jit,3,ok,,286655992,617281237,103249864,62004,4133087,286978,69630,41367
2026-04-15T22:56:57+0800,micro,compute_int_add,wasm-jit,4,ok,,286378064,617070796,103211474,60806,4078356,287311,69015,41938
2026-04-15T22:56:57+0800,micro,compute_int_add,wasm-jit,5,ok,,285891121,617117491,103220075,60224,4088163,283015,67315,38974
2026-04-15T22:56:57+0800,micro,compute_int_add,wasm-jit,6,ok,,285882031,617178436,103230686,62019,4103778,287328,69051,39753
2026-04-15T22:56:57+0800,micro,compute_int_add,wasm-jit,7,ok,,286499995,617275116,103246321,62094,4123333,288067,69243,40206
2026-04-15T22:56:58+0800,micro,compute_int_add,wasm-jit,8,ok,,286306216,617237034,103241866,62123,4120196,288460,68560,39147
2026-04-15T22:56:58+0800,micro,compute_int_add,wasm-jit,9,ok,,286533226,617278570,103247101,64606,4130106,288237,70753,39946
2026-04-15T22:56:58+0800,micro,compute_int_add,wasm-jit,10,ok,,287059534,617312688,103261223,63323,4137230,287391,68833,39375
2026-04-15T22:56:59+0800,micro,compute_int_divmod,native,1,ok,,248507637,257405660,32258299,6355,343235,12941,4049,360
2026-04-15T22:56:59+0800,micro,compute_int_divmod,native,2,ok,,248713503,257511292,32274974,7260,369283,15610,5083,445
2026-04-15T22:56:59+0800,micro,compute_int_divmod,native,3,ok,,248684798,257546422,32281079,7485,377610,15860,5033,553
2026-04-15T22:57:00+0800,micro,compute_int_divmod,native,4,ok,,248577037,257452131,32265154,7200,354199,14012,4501,413
2026-04-15T22:57:00+0800,micro,compute_int_divmod,native,5,ok,,248522024,257354468,32248172,7381,331493,14597,4550,382
2026-04-15T22:57:00+0800,micro,compute_int_divmod,native,6,ok,,248653894,257451467,32265338,7670,355230,15531,5000,812
2026-04-15T22:57:00+0800,micro,compute_int_divmod,native,7,ok,,248600834,257499815,32273850,7060,365879,14700,4601,375
2026-04-15T22:57:01+0800,micro,compute_int_divmod,native,8,ok,,248560689,257440878,32262835,6754,352175,13941,4290,534
2026-04-15T22:57:01+0800,micro,compute_int_divmod,native,9,ok,,248608870,257399508,32256517,7023,342594,14785,4702,795
2026-04-15T22:57:01+0800,micro,compute_int_divmod,native,10,ok,,249176103,257564701,32284876,7898,382922,15772,5004,763
2026-04-15T22:56:59+0800,micro,compute_int_divmod,wasm-aot,1,ok,,272226234,231370927,18952309,54960,3654684,266651,65523,37474
2026-04-15T22:56:59+0800,micro,compute_int_divmod,wasm-aot,2,ok,,273035362,231606984,18993941,54036,3706703,268801,67633,40121
2026-04-15T22:57:00+0800,micro,compute_int_divmod,wasm-aot,3,ok,,273397101,231585002,18990856,55606,3702183,268162,66677,38244
2026-04-15T22:57:00+0800,micro,compute_int_divmod,wasm-aot,4,ok,,272555053,231517920,18977561,55706,3693056,269849,67537,37665
2026-04-15T22:57:00+0800,micro,compute_int_divmod,wasm-aot,5,ok,,273267119,231570122,18989232,55940,3699208,271780,67733,39869
2026-04-15T22:57:00+0800,micro,compute_int_divmod,wasm-aot,6,ok,,272343036,231480620,18965109,53539,3680598,267108,66028,38272
2026-04-15T22:57:01+0800,micro,compute_int_divmod,wasm-aot,7,ok,,273473673,231431256,18962256,52345,3665737,269359,65622,39461
2026-04-15T22:57:01+0800,micro,compute_int_divmod,wasm-aot,8,ok,,272389478,231371039,18950802,53793,3655165,265749,64732,37520
2026-04-15T22:57:01+0800,micro,compute_int_divmod,wasm-aot,9,ok,,273072909,231676284,19008737,56538,3722322,270448,68202,40906
2026-04-15T22:57:02+0800,micro,compute_int_divmod,wasm-aot,10,ok,,272401405,231534824,18979386,55426,3693138,269176,66312,38189
2026-04-15T22:56:59+0800,micro,compute_int_divmod,wasm-jit,1,ok,,273787473,233076986,19214071,62253,4079525,284878,68222,38749
2026-04-15T22:56:59+0800,micro,compute_int_divmod,wasm-jit,2,ok,,275103059,233272833,19253128,64331,4123437,290167,70216,39288
2026-04-15T22:56:59+0800,micro,compute_int_divmod,wasm-jit,3,ok,,274790028,233395357,19274463,63957,4154426,291126,69892,38745
2026-04-15T22:57:00+0800,micro,compute_int_divmod,wasm-jit,4,ok,,274203085,233235828,19245093,63032,4116899,287893,68817,39118
2026-04-15T22:57:00+0800,micro,compute_int_divmod,wasm-jit,5,ok,,275124853,233427028,19271316,62918,4162706,292600,71514,41951
2026-04-15T22:57:00+0800,micro,compute_int_divmod,wasm-jit,6,ok,,275043761,233377806,19270066,63121,4152264,289183,70205,40305
2026-04-15T22:57:01+0800,micro,compute_int_divmod,wasm-jit,7,ok,,274571393,233299810,19256799,63005,4134773,291623,69903,40512
2026-04-15T22:57:01+0800,micro,compute_int_divmod,wasm-jit,8,ok,,274827770,233342261,19258602,60469,4140819,288661,69487,41589
2026-04-15T22:57:01+0800,micro,compute_int_divmod,wasm-jit,9,ok,,274136258,233323481,19250823,67244,4141439,289065,70542,40048
2026-04-15T22:57:01+0800,micro,compute_int_divmod,wasm-jit,10,ok,,274524299,233343268,19261799,64446,4145224,288072,70296,41224
2026-04-15T22:57:02+0800,micro,compute_int_mul,native,1,ok,,296199705,293921634,11510520,7200,348037,13795,4310,390
2026-04-15T22:57:02+0800,micro,compute_int_mul,native,2,ok,,296140308,293940883,11514002,6335,353328,13053,3775,301
2026-04-15T22:57:03+0800,micro,compute_int_mul,native,3,ok,,296395265,294060560,11532791,6554,381921,16679,5570,954
2026-04-15T22:57:03+0800,micro,compute_int_mul,native,4,ok,,296310803,294147153,11547888,6670,402534,15047,4651,440
2026-04-15T22:57:03+0800,micro,compute_int_mul,native,5,ok,,296352448,294016649,11526566,7977,371592,15576,5114,616
2026-04-15T22:57:04+0800,micro,compute_int_mul,native,6,ok,,296309011,294059373,11533632,7311,381725,15814,4924,388
2026-04-15T22:57:04+0800,micro,compute_int_mul,native,7,ok,,296354835,294160126,11550394,7145,405928,15384,4889,354
2026-04-15T22:57:04+0800,micro,compute_int_mul,native,8,ok,,296313060,294008776,11525642,7514,369687,14939,4764,518
2026-04-15T22:57:04+0800,micro,compute_int_mul,native,9,ok,,296250176,293917508,11509948,7431,346807,14225,4618,356
2026-04-15T22:57:05+0800,micro,compute_int_mul,native,10,ok,,296693219,293923339,11508953,7179,348650,18797,7334,2534
2026-04-15T22:57:02+0800,micro,compute_int_mul,wasm-aot,1,ok,,286218233,465509245,92975301,54190,48687720,265913,65209,37432
2026-04-15T22:57:03+0800,micro,compute_int_mul,wasm-aot,2,ok,,286571051,465339488,92946956,53439,48644628,265400,64680,38537
2026-04-15T22:57:03+0800,micro,compute_int_mul,wasm-aot,3,ok,,286578494,465456535,92966419,53778,48672048,269904,67091,39753
2026-04-15T22:57:03+0800,micro,compute_int_mul,wasm-aot,4,ok,,286786539,465337929,92944773,53208,48645211,266645,65941,39824
2026-04-15T22:57:03+0800,micro,compute_int_mul,wasm-aot,5,ok,,286739189,465607122,92996090,56738,48705301,269978,66616,37821
2026-04-15T22:57:04+0800,micro,compute_int_mul,wasm-aot,6,ok,,286588780,465462101,92969497,55385,48674244,271285,66051,37555
2026-04-15T22:57:04+0800,micro,compute_int_mul,wasm-aot,7,ok,,286689178,465635774,92992492,54527,48714648,268650,66122,38846
2026-04-15T22:57:04+0800,micro,compute_int_mul,wasm-aot,8,ok,,286206839,465383321,92953857,53528,48655329,267211,65054,37986
2026-04-15T22:57:05+0800,micro,compute_int_mul,wasm-aot,9,ok,,286407217,465306950,92940843,53512,48636918,263054,64728,38129
2026-04-15T22:57:05+0800,micro,compute_int_mul,wasm-aot,10,ok,,286669539,465404780,92954693,53874,48661077,271107,67406,39761
2026-04-15T22:57:02+0800,micro,compute_int_mul,wasm-jit,1,ok,,288610209,467444934,93280245,64613,49169239,289471,70570,39440
2026-04-15T22:57:02+0800,micro,compute_int_mul,wasm-jit,2,ok,,288481440,467116129,93221433,61219,49089499,285988,68540,41066
2026-04-15T22:57:03+0800,micro,compute_int_mul,wasm-jit,3,ok,,288647302,467259274,93248777,62961,49122796,289318,69332,40679
2026-04-15T22:57:03+0800,micro,compute_int_mul,wasm-jit,4,ok,,289552168,467272326,93250532,61402,49129538,286433,68956,42718
2026-04-15T22:57:03+0800,micro,compute_int_mul,wasm-jit,5,ok,,288165135,467251906,93240779,64371,49123325,285471,68905,39489
2026-04-15T22:57:04+0800,micro,compute_int_mul,wasm-jit,6,ok,,288176988,467207672,93240874,66931,49110512,291966,70827,39393
2026-04-15T22:57:04+0800,micro,compute_int_mul,wasm-jit,7,ok,,287963095,467202798,93232909,62072,49114198,285729,68433,39114
2026-04-15T22:57:04+0800,micro,compute_int_mul,wasm-jit,8,ok,,288449038,467035466,93208250,59361,49069418,284563,67737,41245
2026-04-15T22:57:05+0800,micro,compute_int_mul,wasm-jit,9,ok,,287726081,467160803,93228081,60866,49096994,285769,67342,38955
2026-04-15T22:57:05+0800,micro,compute_int_mul,wasm-jit,10,ok,,288340307,467526259,93294780,60515,49189018,290820,69525,39451
2026-04-15T22:57:05+0800,micro,host_env_query,native,1,ok,,828977,804206,157425,5585,193112,10277,2536,373
2026-04-15T22:57:05+0800,micro,host_env_query,native,2,ok,,865647,826244,161340,5682,198697,10329,2631,267
2026-04-15T22:57:05+0800,micro,host_env_query,native,3,ok,,821175,827384,161346,5612,198905,10491,2653,339
2026-04-15T22:57:05+0800,micro,host_env_query,native,4,ok,,847434,813143,158991,5538,195187,10492,2474,142
2026-04-15T22:57:05+0800,micro,host_env_query,native,5,ok,,857791,834974,162316,5711,200515,10303,2568,215
2026-04-15T22:57:05+0800,micro,host_env_query,native,6,ok,,874378,846725,164429,5659,203300,10515,2580,233
2026-04-15T22:57:05+0800,micro,host_env_query,native,7,ok,,945806,850243,164826,5868,204039,10880,2797,1458
2026-04-15T22:57:05+0800,micro,host_env_query,native,8,ok,,921057,845885,164329,5931,203175,10928,2779,537
2026-04-15T22:57:06+0800,micro,host_env_query,native,9,ok,,858347,837372,163195,5705,201232,10593,2614,231
2026-04-15T22:57:06+0800,micro,host_env_query,native,10,ok,,1014023,869727,168618,6071,208866,11457,3076,863
2026-04-15T22:57:05+0800,micro,host_env_query,wasm-aot,1,ok,,15013542,14751472,2845804,52703,3498040,262475,63396,37170
2026-04-15T22:57:05+0800,micro,host_env_query,wasm-aot,2,ok,,14909794,14700574,2837523,51459,3485837,259797,62432,37191
2026-04-15T22:57:05+0800,micro,host_env_query,wasm-aot,3,ok,,15177164,14864217,2867043,53519,3523629,262795,63526,37131
2026-04-15T22:57:05+0800,micro,host_env_query,wasm-aot,4,ok,,15513658,14878981,2868701,53707,3527672,267152,65065,37769
2026-04-15T22:57:05+0800,micro,host_env_query,wasm-aot,5,ok,,14123854,14853410,2867690,52676,3521929,263557,60337,34325
2026-04-15T22:57:05+0800,micro,host_env_query,wasm-aot,6,ok,,15037219,14841877,2863794,51818,3521354,261355,63228,36878
2026-04-15T22:57:05+0800,micro,host_env_query,wasm-aot,7,ok,,13679025,14835929,2860152,52424,3521066,263766,60174,33829
2026-04-15T22:57:06+0800,micro,host_env_query,wasm-aot,8,ok,,15451317,14868559,2868795,52006,3521785,267314,63738,37714
2026-04-15T22:57:06+0800,micro,host_env_query,wasm-aot,9,ok,,15696044,14949742,2883369,51055,3543066,263460,63680,38111
2026-04-15T22:57:06+0800,micro,host_env_query,wasm-aot,10,ok,,14448134,14780414,2848738,51375,3505665,263042,63816,38560
2026-04-15T22:57:05+0800,micro,host_env_query,wasm-jit,1,ok,,18485644,17450277,3272390,62668,4169773,292689,69692,39470
2026-04-15T22:57:05+0800,micro,host_env_query,wasm-jit,2,ok,,15723163,17218802,3221213,60713,4123113,294016,62772,34089
2026-04-15T22:57:05+0800,micro,host_env_query,wasm-jit,3,ok,,17494928,17237230,3229665,58915,4123479,287996,66565,39798
2026-04-15T22:57:05+0800,micro,host_env_query,wasm-jit,4,ok,,18110550,17359209,3250762,61746,4151824,291223,68714,39763
2026-04-15T22:57:05+0800,micro,host_env_query,wasm-jit,5,ok,,17688742,17255125,3229393,61602,4122152,288911,67440,39190
2026-04-15T22:57:05+0800,micro,host_env_query,wasm-jit,6,ok,,15809788,17345215,3243615,63299,4147437,293147,64173,33413
2026-04-15T22:57:05+0800,micro,host_env_query,wasm-jit,7,ok,,17757351,17226722,3225907,63320,4122754,292388,68979,39394
2026-04-15T22:57:06+0800,micro,host_env_query,wasm-jit,8,ok,,16134973,17301103,3236096,61825,4138045,293769,65233,35628
2026-04-15T22:57:06+0800,micro,host_env_query,wasm-jit,9,ok,,17575931,17220939,3222916,61358,4118746,291690,68470,39728
2026-04-15T22:57:06+0800,micro,host_env_query,wasm-jit,10,ok,,17507678,17218850,3221874,60756,4119534,289647,67949,39565
2026-04-15T22:57:06+0800,micro,host_getcwd_loop,native,1,ok,,2958636,5555171,1021740,5808,962321,10921,2785,329
2026-04-15T22:57:06+0800,micro,host_getcwd_loop,native,2,ok,,2923200,5564353,1023696,5992,964784,10952,2799,391
2026-04-15T22:57:06+0800,micro,host_getcwd_loop,native,3,ok,,2948968,5598017,1028317,5983,972349,11236,3036,278
2026-04-15T22:57:06+0800,micro,host_getcwd_loop,native,4,ok,,2991230,5561885,1022935,6065,964006,11583,3102,220
2026-04-15T22:57:06+0800,micro,host_getcwd_loop,native,5,ok,,2885338,5550540,1016394,5757,962924,10854,2793,213
2026-04-15T22:57:06+0800,micro,host_getcwd_loop,native,6,ok,,2949381,5577398,1025993,5961,967994,11658,3281,180
2026-04-15T22:57:06+0800,micro,host_getcwd_loop,native,7,ok,,2888444,5521378,1015924,5299,954128,10472,2690,311
2026-04-15T22:57:06+0800,micro,host_getcwd_loop,native,8,ok,,2935069,5551411,1021335,5002,961671,10775,2749,542
2026-04-15T22:57:06+0800,micro,host_getcwd_loop,native,9,ok,,3054225,5555332,1021647,5673,962312,11042,2933,1086
2026-04-15T22:57:06+0800,micro,host_getcwd_loop,native,10,ok,,2992407,5547875,1020731,6048,960685,11302,2966,284
2026-04-15T22:57:06+0800,micro,host_getcwd_loop,wasm-aot,1,ok,,13307539,15257177,2931600,53061,3621000,267711,57414,30797
2026-04-15T22:57:06+0800,micro,host_getcwd_loop,wasm-aot,2,ok,,15261490,14769612,2850783,50175,3502348,259304,61567,37691
2026-04-15T22:57:06+0800,micro,host_getcwd_loop,wasm-aot,3,ok,,14346098,15177503,2925988,53778,3602910,265767,62908,34443
2026-04-15T22:57:06+0800,micro,host_getcwd_loop,wasm-aot,4,ok,,15690934,15015976,2899671,51072,3558345,263889,63625,36958
2026-04-15T22:57:06+0800,micro,host_getcwd_loop,wasm-aot,5,ok,,16108593,15299253,2950783,54529,3628549,268150,66273,37976
2026-04-15T22:57:06+0800,micro,host_getcwd_loop,wasm-aot,6,ok,,16530585,15026531,2901095,51581,3561646,263612,64032,40558
2026-04-15T22:57:06+0800,micro,host_getcwd_loop,wasm-aot,7,ok,,16065545,15053577,2907859,52922,3570403,265090,64976,37850
2026-04-15T22:57:06+0800,micro,host_getcwd_loop,wasm-aot,8,ok,,15445308,14980291,2889325,51571,3555042,262407,62680,37458
2026-04-15T22:57:06+0800,micro,host_getcwd_loop,wasm-aot,9,ok,,15575015,15038437,2900753,52959,3567550,263109,63693,37452
2026-04-15T22:57:07+0800,micro,host_getcwd_loop,wasm-aot,10,ok,,16248162,15030994,2896206,49889,3566738,262906,63371,41038
2026-04-15T22:57:06+0800,micro,host_getcwd_loop,wasm-jit,1,ok,,15101400,17451310,3270611,61840,4174908,292471,61490,31374
2026-04-15T22:57:06+0800,micro,host_getcwd_loop,wasm-jit,2,ok,,17503304,17321150,3249596,60021,4137999,287284,66888,39340
2026-04-15T22:57:06+0800,micro,host_getcwd_loop,wasm-jit,3,ok,,17482152,17372691,3253911,63157,4157790,293105,68756,39040
2026-04-15T22:57:06+0800,micro,host_getcwd_loop,wasm-jit,4,ok,,15830809,17305965,3245677,60754,4137688,289431,63528,35001
2026-04-15T22:57:06+0800,micro,host_getcwd_loop,wasm-jit,5,ok,,17912834,17373372,3261042,60881,4153240,291825,67645,38614
2026-04-15T22:57:06+0800,micro,host_getcwd_loop,wasm-jit,6,ok,,17111443,17412488,3267111,61204,4162963,293499,67055,38130
2026-04-15T22:57:06+0800,micro,host_getcwd_loop,wasm-jit,7,ok,,16926132,17385335,3259831,61857,4158273,291302,69199,39490
2026-04-15T22:57:06+0800,micro,host_getcwd_loop,wasm-jit,8,ok,,17943999,17379988,3260947,62154,4155174,293917,68723,38751
2026-04-15T22:57:06+0800,micro,host_getcwd_loop,wasm-jit,9,ok,,15530053,17392740,3261786,64001,4159274,292150,61450,31641
2026-04-15T22:57:07+0800,micro,host_getcwd_loop,wasm-jit,10,ok,,17509485,17360506,3259041,61339,4149609,294309,68278,39038
2026-04-15T22:57:07+0800,micro,host_open_close_loop,native,1,ok,,4138600,7260636,1349612,8234,1665987,13133,3864,548
2026-04-15T22:57:07+0800,micro,host_open_close_loop,native,2,ok,,4387273,7311321,1358874,7672,1678539,13727,4183,1527
2026-04-15T22:57:07+0800,micro,host_open_close_loop,native,3,ok,,4239601,7253089,1348909,7558,1664328,13407,3902,675
2026-04-15T22:57:07+0800,micro,host_open_close_loop,native,4,ok,,4369786,7264055,1350386,7826,1666797,13000,3850,865
2026-04-15T22:57:07+0800,micro,host_open_close_loop,native,5,ok,,4157068,7256498,1349337,7192,1665342,14412,3799,528
2026-04-15T22:57:07+0800,micro,host_open_close_loop,native,6,ok,,4390341,7262314,1350307,8546,1666481,13930,4057,733
2026-04-15T22:57:07+0800,micro,host_open_close_loop,native,7,ok,,4154149,7254036,1348960,7904,1664530,12788,3612,475
2026-04-15T22:57:07+0800,micro,host_open_close_loop,native,8,ok,,4145094,7268069,1351433,7615,1667952,12922,3691,430
2026-04-15T22:57:07+0800,micro,host_open_close_loop,native,9,ok,,4106152,7252244,1348575,7944,1664149,12721,3571,454
2026-04-15T22:57:07+0800,micro,host_open_close_loop,native,10,ok,,4214331,7295287,1355563,8431,1675796,13829,4223,585
2026-04-15T22:57:07+0800,micro,host_open_close_loop,wasm-aot,1,ok,,23078124,30723439,5685808,72783,7644106,276851,63668,36279
2026-04-15T22:57:07+0800,micro,host_open_close_loop,wasm-aot,2,ok,,24589482,30686109,5681477,70000,7644855,281494,65897,38870
2026-04-15T22:57:07+0800,micro,host_open_close_loop,wasm-aot,3,ok,,24978932,30664634,5681019,72505,7631139,281437,67093,39116
2026-04-15T22:57:07+0800,micro,host_open_close_loop,wasm-aot,4,ok,,24064496,30548731,5657366,70831,7609014,280448,65511,37855
2026-04-15T22:57:07+0800,micro,host_open_close_loop,wasm-aot,5,ok,,25923510,31357023,5804635,74788,7805838,285623,68029,39504
2026-04-15T22:57:07+0800,micro,host_open_close_loop,wasm-aot,6,ok,,24550927,30620445,5673241,73001,7621203,280729,66159,37817
2026-04-15T22:57:07+0800,micro,host_open_close_loop,wasm-aot,7,ok,,23535891,30656713,5676002,71021,7636024,282670,64575,37087
2026-04-15T22:57:07+0800,micro,host_open_close_loop,wasm-aot,8,ok,,24514432,30586638,5664426,72540,7619125,288669,65986,37441
2026-04-15T22:57:07+0800,micro,host_open_close_loop,wasm-aot,9,ok,,24750853,30806612,5708428,71228,7669857,280598,67278,37874
2026-04-15T22:57:07+0800,micro,host_open_close_loop,wasm-aot,10,ok,,23650948,30687607,5680909,74797,7646591,281487,64323,34813
2026-04-15T22:57:07+0800,micro,host_open_close_loop,wasm-jit,1,ok,,26624326,33003490,6025475,81939,8225322,311759,69736,39023
2026-04-15T22:57:07+0800,micro,host_open_close_loop,wasm-jit,2,ok,,24868955,33233394,6063285,81773,8280116,306488,65911,33806
2026-04-15T22:57:07+0800,micro,host_open_close_loop,wasm-jit,3,ok,,25697060,32951180,6012031,74900,8213141,306709,68306,40176
2026-04-15T22:57:07+0800,micro,host_open_close_loop,wasm-jit,4,ok,,25305078,33078585,6040333,83898,8242788,309564,68245,36848
2026-04-15T22:57:07+0800,micro,host_open_close_loop,wasm-jit,5,ok,,24151824,33159923,6052807,79346,8263797,306411,64442,35003
2026-04-15T22:57:07+0800,micro,host_open_close_loop,wasm-jit,6,ok,,27134739,33444187,6103683,81871,8331189,309393,72092,40366
2026-04-15T22:57:07+0800,micro,host_open_close_loop,wasm-jit,7,ok,,24583911,33057313,6034824,80044,8237012,303633,64991,34006
2026-04-15T22:57:07+0800,micro,host_open_close_loop,wasm-jit,8,ok,,25390783,32929955,6012297,80090,8203942,304048,69283,38890
2026-04-15T22:57:07+0800,micro,host_open_close_loop,wasm-jit,9,ok,,27507013,33327905,6086037,81919,8298174,311280,71615,40498
2026-04-15T22:57:07+0800,micro,host_open_close_loop,wasm-jit,10,ok,,26544725,33033035,6032734,81361,8228165,313331,69996,38741
2026-04-15T22:57:07+0800,micro,host_read_small,native,1,ok,,5359901,9243806,1736528,9927,2180789,14344,4387,621
2026-04-15T22:57:08+0800,micro,host_read_small,native,2,ok,,5167310,9180430,1725932,7976,2166796,13128,3719,412
2026-04-15T22:57:08+0800,micro,host_read_small,native,3,ok,,5190158,9218181,1731871,8386,2175921,14866,4118,461
2026-04-15T22:57:08+0800,micro,host_read_small,native,4,ok,,5270443,9168907,1723673,9271,2163899,14898,3607,483
2026-04-15T22:57:08+0800,micro,host_read_small,native,5,ok,,5282298,9227182,1733577,8368,2178653,14493,4508,558
2026-04-15T22:57:08+0800,micro,host_read_small,native,6,ok,,5231975,9179380,1725083,8465,2165901,13274,4011,665
2026-04-15T22:57:08+0800,micro,host_read_small,native,7,ok,,5218968,9176643,1724725,9378,2164030,15739,3907,547
2026-04-15T22:57:08+0800,micro,host_read_small,native,8,ok,,5213080,9230830,1733932,7911,2179112,13751,4152,459
2026-04-15T22:57:08+0800,micro,host_read_small,native,9,ok,,5243137,9199431,1729063,8973,2172150,14456,4161,468
2026-04-15T22:57:08+0800,micro,host_read_small,native,10,ok,,5126274,9182580,1725832,8044,2166805,13061,3762,430
2026-04-15T22:57:07+0800,micro,host_read_small,wasm-aot,1,ok,,26301786,34559959,6350821,83454,8666410,307879,67609,38373
2026-04-15T22:57:08+0800,micro,host_read_small,wasm-aot,2,ok,,27620645,34535726,6352015,84807,8661517,308606,66346,37618
2026-04-15T22:57:08+0800,micro,host_read_small,wasm-aot,3,ok,,26189017,34582094,6362008,82392,8670528,304182,66197,36899
2026-04-15T22:57:08+0800,micro,host_read_small,wasm-aot,4,ok,,27412384,34483552,6343415,83759,8647142,304053,66841,40742
2026-04-15T22:57:08+0800,micro,host_read_small,wasm-aot,5,ok,,26945148,34482722,6341164,85834,8643897,304915,65673,38491
2026-04-15T22:57:08+0800,micro,host_read_small,wasm-aot,6,ok,,27731774,34617528,6370384,86089,8677629,304341,67549,37985
2026-04-15T22:57:08+0800,micro,host_read_small,wasm-aot,7,ok,,27798667,34750353,6391992,86772,8711934,302404,67779,37767
2026-04-15T22:57:08+0800,micro,host_read_small,wasm-aot,8,ok,,28017116,34734344,6391866,86013,8706987,299195,67422,37718
2026-04-15T22:57:08+0800,micro,host_read_small,wasm-aot,9,ok,,25674770,34635846,6369924,84694,8683284,306249,62342,33229
2026-04-15T22:57:08+0800,micro,host_read_small,wasm-aot,10,ok,,26883835,34395420,6323311,84808,8629904,298694,65761,37810
2026-04-15T22:57:07+0800,micro,host_read_small,wasm-jit,1,ok,,27840291,37293807,6770503,94014,9350418,317203,68513,36025
2026-04-15T22:57:08+0800,micro,host_read_small,wasm-jit,2,ok,,29521000,37607948,6833849,95623,9428864,331747,70215,38865
2026-04-15T22:57:08+0800,micro,host_read_small,wasm-jit,3,ok,,29070635,37057397,6735633,91661,9289630,321403,71360,39754
2026-04-15T22:57:08+0800,micro,host_read_small,wasm-jit,4,ok,,27775067,36930619,6707545,90011,9262605,314840,70162,38048
2026-04-15T22:57:08+0800,micro,host_read_small,wasm-jit,5,ok,,30155732,37329300,6778516,96149,9357700,317621,71486,40041
2026-04-15T22:57:08+0800,micro,host_read_small,wasm-jit,6,ok,,28455962,36957388,6714982,89533,9265512,310735,69720,39904
2026-04-15T22:57:08+0800,micro,host_read_small,wasm-jit,7,ok,,28650275,37061206,6730203,92894,9294964,324998,70260,38975
2026-04-15T22:57:08+0800,micro,host_read_small,wasm-jit,8,ok,,27919543,37084847,6734075,92091,9299860,307744,69733,38386
2026-04-15T22:57:08+0800,micro,host_read_small,wasm-jit,9,ok,,29671176,37186416,6757855,92966,9325963,318209,71305,39479
2026-04-15T22:57:08+0800,micro,host_read_small,wasm-jit,10,ok,,29020655,36927405,6707089,96123,9262495,320433,70058,38481
2026-04-15T22:57:08+0800,micro,host_stat_loop,native,1,ok,,2667135,4514768,798071,6067,934597,11362,3141,275
2026-04-15T22:57:08+0800,micro,host_stat_loop,native,2,ok,,2548554,4491531,794334,5711,929223,10665,2736,190
2026-04-15T22:57:08+0800,micro,host_stat_loop,native,3,ok,,2585809,4467678,790475,5860,923454,10862,2709,200
2026-04-15T22:57:08+0800,micro,host_stat_loop,native,4,ok,,2607446,4574775,808914,5646,949655,11695,3264,248
2026-04-15T22:57:09+0800,micro,host_stat_loop,native,5,ok,,2553784,4471588,790854,5620,924117,10530,2531,250
2026-04-15T22:57:09+0800,micro,host_stat_loop,native,6,ok,,2621774,4486425,794056,5958,927933,11497,3082,245
2026-04-15T22:57:09+0800,micro,host_stat_loop,native,7,ok,,2650810,4494458,795101,5852,929873,11167,2918,426
2026-04-15T22:57:09+0800,micro,host_stat_loop,native,8,ok,,2654781,4482101,792574,5940,926871,11311,3181,406
2026-04-15T22:57:09+0800,micro,host_stat_loop,native,9,ok,,2622032,4472184,790842,5344,924417,10932,2798,691
2026-04-15T22:57:09+0800,micro,host_stat_loop,native,10,ok,,2626910,4519646,799416,5956,936048,11362,2993,270
2026-04-15T22:57:08+0800,micro,host_stat_loop,wasm-aot,1,ok,,25853688,35674676,6660240,69440,8522968,274321,63738,34032
2026-04-15T22:57:08+0800,micro,host_stat_loop,wasm-aot,2,ok,,26206553,36548587,6818596,66741,8734505,266168,64037,37099
2026-04-15T22:57:08+0800,micro,host_stat_loop,wasm-aot,3,ok,,24917711,35481949,6622648,65100,8477305,267087,61292,33707
2026-04-15T22:57:09+0800,micro,host_stat_loop,wasm-aot,4,ok,,25945658,35204987,6573240,62954,8409980,265062,62990,37495
2026-04-15T22:57:09+0800,micro,host_stat_loop,wasm-aot,5,ok,,25819620,35158195,6560233,67490,8400192,261964,62946,37009
2026-04-15T22:57:09+0800,micro,host_stat_loop,wasm-aot,6,ok,,26111427,35391691,6607574,66327,8454616,273129,65839,37667
2026-04-15T22:57:09+0800,micro,host_stat_loop,wasm-aot,7,ok,,26445353,35660117,6656766,66023,8517976,269076,65441,36992
2026-04-15T22:57:09+0800,micro,host_stat_loop,wasm-aot,8,ok,,26518791,35541796,6636538,59580,8487311,268943,64869,39291
2026-04-15T22:57:09+0800,micro,host_stat_loop,wasm-aot,9,ok,,25360081,35474893,6622918,65853,8474876,268315,63062,35070
2026-04-15T22:57:09+0800,micro,host_stat_loop,wasm-aot,10,ok,,27066094,35255224,6579867,60154,8420883,269127,64660,40670
2026-04-15T22:57:08+0800,micro,host_stat_loop,wasm-jit,1,ok,,28146908,37733335,6955110,73134,9040188,296502,68273,38697
2026-04-15T22:57:08+0800,micro,host_stat_loop,wasm-jit,2,ok,,28430276,37663976,6940116,75080,9028817,290384,67555,38959
2026-04-15T22:57:08+0800,micro,host_stat_loop,wasm-jit,3,ok,,28613551,37890952,6981662,77281,9081856,296733,70564,39021
2026-04-15T22:57:09+0800,micro,host_stat_loop,wasm-jit,4,ok,,27913913,37748052,6954354,76200,9051668,293702,61662,32557
2026-04-15T22:57:09+0800,micro,host_stat_loop,wasm-jit,5,ok,,29070769,37943543,6992724,76714,9092484,292488,69824,39852
2026-04-15T22:57:09+0800,micro,host_stat_loop,wasm-jit,6,ok,,27252682,38048418,7014180,74130,9119544,297402,67756,36110
2026-04-15T22:57:09+0800,micro,host_stat_loop,wasm-jit,7,ok,,29457282,39297986,7242168,76528,9414817,295797,67145,38810
2026-04-15T22:57:09+0800,micro,host_stat_loop,wasm-jit,8,ok,,29148545,37942229,6988970,72343,9092594,297411,69616,40245
2026-04-15T22:57:09+0800,micro,host_stat_loop,wasm-jit,9,ok,,29302177,38000062,7006031,73557,9106768,298619,69426,39661
2026-04-15T22:57:09+0800,micro,host_stat_loop,wasm-jit,10,ok,,28414520,37824141,6971349,69363,9063492,296058,66308,41829
2026-04-15T22:57:09+0800,micro,host_time_loop,native,1,ok,,970865,1004796,191275,4277,240370,10530,2598,397
2026-04-15T22:57:09+0800,micro,host_time_loop,native,2,ok,,1062294,1006570,191602,6347,240721,11213,3215,404
2026-04-15T22:57:09+0800,micro,host_time_loop,native,3,ok,,1098567,982619,187772,5702,235239,10684,2799,1077
2026-04-15T22:57:09+0800,micro,host_time_loop,native,4,ok,,1017379,987480,188400,5693,236384,10473,2637,547
2026-04-15T22:57:09+0800,micro,host_time_loop,native,5,ok,,1055711,974371,186909,6033,233364,11095,3006,427
2026-04-15T22:57:09+0800,micro,host_time_loop,native,6,ok,,1048770,994786,190120,5836,238424,11160,2975,389
2026-04-15T22:57:09+0800,micro,host_time_loop,native,7,ok,,1015458,995961,190078,5768,238609,10924,3053,308
2026-04-15T22:57:09+0800,micro,host_time_loop,native,8,ok,,968122,976683,186544,5085,233719,10099,2550,439
2026-04-15T22:57:10+0800,micro,host_time_loop,native,9,ok,,1011682,978535,187387,5397,234357,10480,2678,992
2026-04-15T22:57:10+0800,micro,host_time_loop,native,10,ok,,1081714,964848,185041,5790,231225,10545,2908,937
2026-04-15T22:57:09+0800,micro,host_time_loop,wasm-aot,1,ok,,16617750,17310661,3199802,50485,4175923,261905,63547,38838
2026-04-15T22:57:09+0800,micro,host_time_loop,wasm-aot,2,ok,,17106408,17315411,3206470,53217,4182065,265497,64518,38654
2026-04-15T22:57:09+0800,micro,host_time_loop,wasm-aot,3,ok,,16407076,17191670,3181254,50373,4151376,264515,63418,39126
2026-04-15T22:57:09+0800,micro,host_time_loop,wasm-aot,4,ok,,16829101,17351597,3212508,52476,4190653,266813,63894,37800
2026-04-15T22:57:09+0800,micro,host_time_loop,wasm-aot,5,ok,,17116635,17324798,3208955,52106,4183919,267977,64802,38705
2026-04-15T22:57:09+0800,micro,host_time_loop,wasm-aot,6,ok,,17180757,17333246,3206238,50250,4190833,265645,64367,41046
2026-04-15T22:57:09+0800,micro,host_time_loop,wasm-aot,7,ok,,14385249,17366491,3208622,55546,4196305,267768,59876,31012
2026-04-15T22:57:10+0800,micro,host_time_loop,wasm-aot,8,ok,,14224598,17289561,3198212,55887,4179084,266589,58025,29355
2026-04-15T22:57:10+0800,micro,host_time_loop,wasm-aot,9,ok,,15756145,17348227,3212308,52374,4190374,265293,63221,37746
2026-04-15T22:57:10+0800,micro,host_time_loop,wasm-aot,10,ok,,14841208,17232122,3185390,51690,4160951,261669,58620,33418
2026-04-15T22:57:09+0800,micro,host_time_loop,wasm-jit,1,ok,,18407558,19148032,3490619,59684,4640068,283424,67274,40389
2026-04-15T22:57:09+0800,micro,host_time_loop,wasm-jit,2,ok,,18923228,19251170,3511518,59365,4664298,286475,67891,41597
2026-04-15T22:57:09+0800,micro,host_time_loop,wasm-jit,3,ok,,18307578,19041939,3464973,55413,4623493,282100,66077,41919
2026-04-15T22:57:09+0800,micro,host_time_loop,wasm-jit,4,ok,,17929210,19076515,3474089,59092,4622452,283736,66241,40225
2026-04-15T22:57:09+0800,micro,host_time_loop,wasm-jit,5,ok,,18687379,19163046,3493166,59402,4646117,287342,68171,41061
2026-04-15T22:57:09+0800,micro,host_time_loop,wasm-jit,6,ok,,18906227,19331682,3518905,58761,4684470,288334,68361,41664
2026-04-15T22:57:09+0800,micro,host_time_loop,wasm-jit,7,ok,,17683729,18980166,3457014,58004,4600999,279990,65354,39408
2026-04-15T22:57:10+0800,micro,host_time_loop,wasm-jit,8,ok,,17460065,19225017,3506866,61740,4659411,286162,68809,39381
2026-04-15T22:57:10+0800,micro,host_time_loop,wasm-jit,9,ok,,16199211,19192845,3492814,64016,4652943,289571,63567,33671
2026-04-15T22:57:10+0800,micro,host_time_loop,wasm-jit,10,ok,,16762853,18973031,3455185,61536,4597775,285146,66999,38777
2026-04-15T22:57:10+0800,micro,host_write_small,native,1,ok,,45672394,53410714,9616458,44414,13364422,738123,132811,1517
2026-04-15T22:57:10+0800,micro,host_write_small,native,2,ok,,47852984,53424363,9623784,46104,13369620,739632,138215,2011
2026-04-15T22:57:10+0800,micro,host_write_small,native,3,ok,,45788277,53376602,9611105,47341,13354362,725527,127018,1462
2026-04-15T22:57:10+0800,micro,host_write_small,native,4,ok,,45015232,53441004,9623928,41975,13370941,728116,120936,1235
2026-04-15T22:57:11+0800,micro,host_write_small,native,5,ok,,45161020,53488665,9626754,42657,13377500,730785,125737,1296
2026-04-15T22:57:11+0800,micro,host_write_small,native,6,ok,,45555693,53459446,9625169,46661,13375182,731232,128703,1121
2026-04-15T22:57:11+0800,micro,host_write_small,native,7,ok,,46055190,53449958,9623489,47456,13373983,734034,126783,1966
2026-04-15T22:57:11+0800,micro,host_write_small,native,8,ok,,46846041,53583634,9646161,50875,13407652,737707,129901,2139
2026-04-15T22:57:11+0800,micro,host_write_small,native,9,ok,,44404298,53365219,9605287,43257,13354275,736217,117184,1188
2026-04-15T22:57:11+0800,micro,host_write_small,native,10,ok,,45682265,53467648,9625903,47427,13376053,737211,132106,983
2026-04-15T22:57:10+0800,micro,host_write_small,wasm-aot,1,ok,,82503740,76755691,13924254,121648,19271436,1314025,298959,41076
2026-04-15T22:57:10+0800,micro,host_write_small,wasm-aot,2,ok,,81842645,76559356,13881645,119581,19226811,1314521,297341,39219
2026-04-15T22:57:10+0800,micro,host_write_small,wasm-aot,3,ok,,79130312,76594116,13893274,122288,19232004,1290972,277947,40743
2026-04-15T22:57:11+0800,micro,host_write_small,wasm-aot,4,ok,,79204279,76751517,13914340,115574,19267917,1296438,286740,40692
2026-04-15T22:57:11+0800,micro,host_write_small,wasm-aot,5,ok,,78174040,76874073,13941238,116087,19301062,1295424,272995,38949
2026-04-15T22:57:11+0800,micro,host_write_small,wasm-aot,6,ok,,79824316,76793227,13926137,119023,19283081,1290853,283442,42881
2026-04-15T22:57:11+0800,micro,host_write_small,wasm-aot,7,ok,,79661224,76741963,13914417,114162,19270458,1306761,287829,41400
2026-04-15T22:57:11+0800,micro,host_write_small,wasm-aot,8,ok,,77856555,76514753,13869810,114769,19212721,1301550,282397,39531
2026-04-15T22:57:11+0800,micro,host_write_small,wasm-aot,9,ok,,78294681,76704808,13908087,113206,19259220,1308027,284096,39549
2026-04-15T22:57:11+0800,micro,host_write_small,wasm-aot,10,ok,,77387677,76558863,13879300,111684,19223636,1287333,281959,39184
2026-04-15T22:57:10+0800,micro,host_write_small,wasm-jit,1,ok,,81191042,79209731,14284481,125231,19887236,1345193,300213,40843
2026-04-15T22:57:10+0800,micro,host_write_small,wasm-jit,2,ok,,80523728,79011695,14248076,128879,19840141,1333226,286185,40832
2026-04-15T22:57:10+0800,micro,host_write_small,wasm-jit,3,ok,,82047002,79448065,14325159,128507,19947038,1341430,292574,41824
2026-04-15T22:57:11+0800,micro,host_write_small,wasm-jit,4,ok,,80832297,79454503,14332886,125319,19945642,1333291,286031,41522
2026-04-15T22:57:11+0800,micro,host_write_small,wasm-jit,5,ok,,82726193,79248655,14294859,136792,19897133,1340436,297119,42331
2026-04-15T22:57:11+0800,micro,host_write_small,wasm-jit,6,ok,,80200097,79290339,14295579,121954,19902851,1339111,285870,41755
2026-04-15T22:57:11+0800,micro,host_write_small,wasm-jit,7,ok,,83896246,79879784,14401486,140376,20054479,1370054,310357,43040
2026-04-15T22:57:11+0800,micro,host_write_small,wasm-jit,8,ok,,82805581,79110714,14262268,130713,19861011,1345709,309969,45076
2026-04-15T22:57:11+0800,micro,host_write_small,wasm-jit,9,ok,,80183843,79030466,14253723,121056,19844234,1335757,288624,41536
2026-04-15T22:57:11+0800,micro,host_write_small,wasm-jit,10,ok,,80920206,79126302,14269625,128079,19871244,1333502,293954,42760
2026-04-15T22:57:12+0800,micro,memory_copy_loop,native,1,ok,,10313616,15033706,2537609,8234,3133863,164097,9044,2799
2026-04-15T22:57:12+0800,micro,memory_copy_loop,native,2,ok,,10793645,15031857,2536349,7228,3133028,163074,9296,3055
2026-04-15T22:57:12+0800,micro,memory_copy_loop,native,3,ok,,11124028,15050623,2540169,7428,3137913,163849,9693,4224
2026-04-15T22:57:12+0800,micro,memory_copy_loop,native,4,ok,,10816467,14956642,2523986,6991,3115193,162504,8843,3025
2026-04-15T22:57:12+0800,micro,memory_copy_loop,native,5,ok,,10345192,15044528,2538932,8837,3136569,164331,9505,2878
2026-04-15T22:57:12+0800,micro,memory_copy_loop,native,6,ok,,10790211,15257262,2571370,7917,3178071,163400,9506,3874
2026-04-15T22:57:12+0800,micro,memory_copy_loop,native,7,ok,,10268622,14943660,2521934,7290,3111832,161766,7914,2713
2026-04-15T22:57:12+0800,micro,memory_copy_loop,native,8,ok,,10598387,14967083,2525846,7868,3117437,160903,8004,2558
2026-04-15T22:57:12+0800,micro,memory_copy_loop,native,9,ok,,10272687,14981982,2528516,7906,3121389,163384,8974,3045
2026-04-15T22:57:12+0800,micro,memory_copy_loop,native,10,ok,,10613227,15052882,2540499,8243,3138372,160051,7335,2237
2026-04-15T22:57:12+0800,micro,memory_copy_loop,wasm-aot,1,ok,,35137550,85969008,21887368,55630,6467584,418729,69510,38155
2026-04-15T22:57:12+0800,micro,memory_copy_loop,wasm-aot,2,ok,,35410874,85915959,21889257,56094,6446169,420957,72523,41272
2026-04-15T22:57:12+0800,micro,memory_copy_loop,wasm-aot,3,ok,,35578875,86002407,21901875,55739,6471344,417962,73059,41002
2026-04-15T22:57:12+0800,micro,memory_copy_loop,wasm-aot,4,ok,,36128883,85951588,21899395,57090,6452855,417512,71754,40841
2026-04-15T22:57:12+0800,micro,memory_copy_loop,wasm-aot,5,ok,,35945570,85912769,21885222,56430,6449277,418615,71774,40721
2026-04-15T22:57:12+0800,micro,memory_copy_loop,wasm-aot,6,ok,,36731804,86038838,21909486,56863,6480893,419617,72298,41522
2026-04-15T22:57:12+0800,micro,memory_copy_loop,wasm-aot,7,ok,,36151434,85827559,21879127,55004,6418438,415795,70404,40611
2026-04-15T22:57:12+0800,micro,memory_copy_loop,wasm-aot,8,ok,,34222796,85820846,21862249,57170,6428354,417168,67925,38876
2026-04-15T22:57:12+0800,micro,memory_copy_loop,wasm-aot,9,ok,,35881372,85930230,21889241,56224,6449982,412749,68446,39670
2026-04-15T22:57:12+0800,micro,memory_copy_loop,wasm-aot,10,ok,,36065104,85873859,21883228,56737,6436316,414913,70448,40295
2026-04-15T22:57:12+0800,micro,memory_copy_loop,wasm-jit,1,ok,,39080736,88348076,22262581,61172,7058421,441012,75377,43472
2026-04-15T22:57:12+0800,micro,memory_copy_loop,wasm-jit,2,ok,,37350362,88127066,22222797,63610,7007021,441286,75148,42569
2026-04-15T22:57:12+0800,micro,memory_copy_loop,wasm-jit,3,ok,,36909511,87946143,22181080,63983,6968811,443051,74305,41161
2026-04-15T22:57:12+0800,micro,memory_copy_loop,wasm-jit,4,ok,,35446988,88115592,22208775,69415,7010324,446841,70362,32805
2026-04-15T22:57:12+0800,micro,memory_copy_loop,wasm-jit,5,ok,,38500948,88282235,22252853,66570,7044791,446358,76044,42667
2026-04-15T22:57:12+0800,micro,memory_copy_loop,wasm-jit,6,ok,,38158268,88218275,22241191,65151,7030774,443619,76891,42665
2026-04-15T22:57:12+0800,micro,memory_copy_loop,wasm-jit,7,ok,,37452267,88212334,22235639,65291,7028489,441088,75920,43419
2026-04-15T22:57:12+0800,micro,memory_copy_loop,wasm-jit,8,ok,,37755348,88430345,22278774,65197,7080644,445224,76545,42721
2026-04-15T22:57:12+0800,micro,memory_copy_loop,wasm-jit,9,ok,,37998383,88413112,22259063,64884,7065070,440012,72943,42323
2026-04-15T22:57:12+0800,micro,memory_copy_loop,wasm-jit,10,ok,,37664968,88034752,22199523,62838,6990876,435745,72112,41478
2026-04-15T22:57:14+0800,micro,memory_random_read,native,1,ok,,847711028,1213011774,39996666,13248,77111232,85697455,69142486,1398150
2026-04-15T22:57:15+0800,micro,memory_random_read,native,2,ok,,972554114,1213602057,40087461,11554,77245831,87499832,69122884,2399268
2026-04-15T22:57:16+0800,micro,memory_random_read,native,3,ok,,929601600,1211812354,39829307,10275,76873133,87440719,69126777,1912637
2026-04-15T22:57:17+0800,micro,memory_random_read,native,4,ok,,998417942,1212773743,39977519,14180,77093075,86681944,69138214,2631379
2026-04-15T22:57:18+0800,micro,memory_random_read,native,5,ok,,918597031,1211978200,39855847,11314,76912381,87547255,69088167,1790699
2026-04-15T22:57:19+0800,micro,memory_random_read,native,6,ok,,910593567,1211751851,39817039,11323,76857964,86647860,69096889,1875642
2026-04-15T22:57:20+0800,micro,memory_random_read,native,7,ok,,917649737,1211911243,39845508,10819,76897134,87586785,69099624,1879598
2026-04-15T22:57:21+0800,micro,memory_random_read,native,8,ok,,1020487464,1212050257,39870210,10939,76932957,86583150,69135287,2924901
2026-04-15T22:57:22+0800,micro,memory_random_read,native,9,ok,,883890943,1211738115,39818086,10819,76855861,87474670,69239153,1662064
2026-04-15T22:57:23+0800,micro,memory_random_read,native,10,ok,,908243349,1211840561,39833302,11064,76879932,87535168,69132771,1799254
2026-04-15T22:57:15+0800,micro,memory_random_read,wasm-aot,1,ok,,1065603703,1504908653,84487301,58918,152304397,87890222,69199282,1916607
2026-04-15T22:57:16+0800,micro,memory_random_read,wasm-aot,2,ok,,1099024289,1504861817,84457969,59072,152308457,87881241,69173450,2105032
2026-04-15T22:57:17+0800,micro,memory_random_read,wasm-aot,3,ok,,1069181311,1505991068,84622109,63697,152536694,86201812,69226993,1849911
2026-04-15T22:57:18+0800,micro,memory_random_read,wasm-aot,4,ok,,1107310989,1504723785,84457918,58913,152262920,87889024,69223579,2018243
2026-04-15T22:57:19+0800,micro,memory_random_read,wasm-aot,5,ok,,1099526675,1504782604,84453186,59455,152278995,87878596,69284617,1925683
2026-04-15T22:57:20+0800,micro,memory_random_read,wasm-aot,6,ok,,1009645581,1504832905,84477732,58913,152283230,87874502,69174149,1540325
2026-04-15T22:57:21+0800,micro,memory_random_read,wasm-aot,7,ok,,980280195,1504838839,84474204,62713,152287070,87868690,69194547,1406835
2026-04-15T22:57:22+0800,micro,memory_random_read,wasm-aot,8,ok,,1160486544,1505046957,84509899,58662,152342070,87781391,69215337,2943634
2026-04-15T22:57:22+0800,micro,memory_random_read,wasm-aot,9,ok,,1011414078,1504639771,84422934,60665,152252665,87860321,69219287,1635966
2026-04-15T22:57:24+0800,micro,memory_random_read,wasm-aot,10,ok,,1188695198,1504943861,84473923,59030,152326519,87878551,69200362,2966169
2026-04-15T22:57:15+0800,micro,memory_random_read,wasm-jit,1,ok,,1027131081,1507476638,84849974,68336,152936469,86765135,69266253,1660961
2026-04-15T22:57:16+0800,micro,memory_random_read,wasm-jit,2,ok,,1073629045,1507217772,84843608,69731,152884293,87843631,69233215,1808993
2026-04-15T22:57:17+0800,micro,memory_random_read,wasm-jit,3,ok,,1097827288,1507092868,84817248,68471,152854687,87909481,69219076,2011780
2026-04-15T22:57:18+0800,micro,memory_random_read,wasm-jit,4,ok,,1158572162,1507317478,84854125,67378,152910709,87862316,69179671,2528986
2026-04-15T22:57:18+0800,micro,memory_random_read,wasm-jit,5,ok,,1085927697,1507371876,84862626,68017,152918692,87892987,69183396,1849466
2026-04-15T22:57:19+0800,micro,memory_random_read,wasm-jit,6,ok,,1071406039,1507694927,84885651,69393,152992833,86041810,69247569,2254624
2026-04-15T22:57:20+0800,micro,memory_random_read,wasm-jit,7,ok,,1070222154,1507412983,84870653,69233,152935911,87877578,69208596,3068192
2026-04-15T22:57:21+0800,micro,memory_random_read,wasm-jit,8,ok,,1327103022,1507616482,84900384,67640,152987255,87938464,69244228,3780145
2026-04-15T22:57:22+0800,micro,memory_random_read,wasm-jit,9,ok,,1004105350,1506836939,84774744,69087,152793572,87856566,69180380,1567887
2026-04-15T22:57:23+0800,micro,memory_random_read,wasm-jit,10,ok,,1271871398,1507636788,84906309,66312,152989985,87934072,69223290,5214402
2026-04-15T22:57:25+0800,micro,memory_random_write,native,1,ok,,710411002,970302922,53351598,12905,54336970,56081076,47594516,1441200
2026-04-15T22:57:25+0800,micro,memory_random_write,native,2,ok,,684533798,969058101,53160451,10310,54064108,57971311,47395286,1351878
2026-04-15T22:57:26+0800,micro,memory_random_write,native,3,ok,,597548157,969533199,53224743,11188,54160693,57018159,47493598,731871
2026-04-15T22:57:27+0800,micro,memory_random_write,native,4,ok,,678762298,969412055,53217490,10988,54144695,58028150,47399505,1149254
2026-04-15T22:57:27+0800,micro,memory_random_write,native,5,ok,,560718161,968948506,53142347,10685,54034847,58018133,47332678,449466
2026-04-15T22:57:28+0800,micro,memory_random_write,native,6,ok,,592555042,969044684,53157872,10080,54059777,58010039,47388853,597802
2026-04-15T22:57:29+0800,micro,memory_random_write,native,7,ok,,579485000,968882808,53131007,10151,54020716,57844784,47409079,557552
2026-04-15T22:57:29+0800,micro,memory_random_write,native,8,ok,,579503148,969738015,53259116,11477,54198880,58041844,47348251,540999
2026-04-15T22:57:30+0800,micro,memory_random_write,native,9,ok,,613935162,969042921,53158018,10270,54058721,58026090,47358563,799094
2026-04-15T22:57:30+0800,micro,memory_random_write,native,10,ok,,557066188,968935498,53139690,11328,54031502,57952520,47380996,441841
2026-04-15T22:57:25+0800,micro,memory_random_write,wasm-aot,1,ok,,628175982,1150976768,110783875,57881,107344109,58267638,43098679,439163
2026-04-15T22:57:26+0800,micro,memory_random_write,wasm-aot,2,ok,,624237006,1150818911,110740748,56690,107318421,58260733,43340416,432490
2026-04-15T22:57:26+0800,micro,memory_random_write,wasm-aot,3,ok,,783440723,1151047994,110769420,57021,107377289,58213152,43543123,1668732
2026-04-15T22:57:27+0800,micro,memory_random_write,wasm-aot,4,ok,,709426141,1151493437,110866643,57016,107474420,58287868,43155684,741179
2026-04-15T22:57:28+0800,micro,memory_random_write,wasm-aot,5,ok,,681049989,1151233637,110821531,54819,107411846,58280730,43236916,658418
2026-04-15T22:57:28+0800,micro,memory_random_write,wasm-aot,6,ok,,656160020,1150988326,110766218,57208,107356287,58271800,43173895,548343
2026-04-15T22:57:29+0800,micro,memory_random_write,wasm-aot,7,ok,,658999797,1151358434,110839018,59191,107438514,58272423,43546288,544720
2026-04-15T22:57:30+0800,micro,memory_random_write,wasm-aot,8,ok,,708526813,1151360585,110839730,57794,107444351,58239481,43219693,905114
2026-04-15T22:57:30+0800,micro,memory_random_write,wasm-aot,9,ok,,714655446,1151360693,110825737,58691,107448326,58281504,43522874,793280
2026-04-15T22:57:31+0800,micro,memory_random_write,wasm-aot,10,ok,,639144365,1151732792,110867073,57042,107512254,58158380,43527727,494035
2026-04-15T22:57:25+0800,micro,memory_random_write,wasm-jit,1,ok,,655065383,1153426899,111136509,65728,107966021,58299893,43058079,548571
2026-04-15T22:57:26+0800,micro,memory_random_write,wasm-jit,2,ok,,737704322,1153485009,111162869,65350,107980465,58291350,43113334,987184
2026-04-15T22:57:26+0800,micro,memory_random_write,wasm-jit,3,ok,,623354207,1153054369,111077724,65822,107880958,58262457,43128983,419709
2026-04-15T22:57:27+0800,micro,memory_random_write,wasm-jit,4,ok,,740292995,1153834625,111231628,66716,108055610,58313481,43313364,885850
2026-04-15T22:57:28+0800,micro,memory_random_write,wasm-jit,5,ok,,882152010,1154162092,111282649,68195,108143823,58341922,43894296,2514356
2026-04-15T22:57:28+0800,micro,memory_random_write,wasm-jit,6,ok,,658246069,1153579175,111177405,67262,107997343,58305609,43254222,568983
2026-04-15T22:57:29+0800,micro,memory_random_write,wasm-jit,7,ok,,734927337,1153396842,111128064,67690,107969268,58287433,44017772,847374
2026-04-15T22:57:29+0800,micro,memory_random_write,wasm-jit,8,ok,,633247201,1153373573,111145826,69467,107956083,58299759,43284220,463074
2026-04-15T22:57:30+0800,micro,memory_random_write,wasm-jit,9,ok,,662477254,1153549474,111176821,66450,107997106,58275088,43195570,585126
2026-04-15T22:57:31+0800,micro,memory_random_write,wasm-jit,10,ok,,606589559,1154015793,111237849,66320,108080303,56298656,44401661,401649
2026-04-15T22:57:31+0800,micro,memory_seq_read,native,1,ok,,24365394,37987857,5456569,10100,7809163,546105,13946,4285
2026-04-15T22:57:31+0800,micro,memory_seq_read,native,2,ok,,26308007,37808715,5426528,9609,7767489,547125,15781,6918
2026-04-15T22:57:31+0800,micro,memory_seq_read,native,3,ok,,24903491,37975595,5454497,9860,7806153,548222,15308,5091
2026-04-15T22:57:31+0800,micro,memory_seq_read,native,4,ok,,23579487,37875309,5437380,8695,7783785,543031,10647,3047
2026-04-15T22:57:31+0800,micro,memory_seq_read,native,5,ok,,23762001,37996552,5456632,9840,7808404,549218,17914,6853
2026-04-15T22:57:31+0800,micro,memory_seq_read,native,6,ok,,24844332,37882032,5439255,9822,7785512,552254,14811,4547
2026-04-15T22:57:31+0800,micro,memory_seq_read,native,7,ok,,23821008,37743793,5415799,8523,7752037,542259,10949,3202
2026-04-15T22:57:31+0800,micro,memory_seq_read,native,8,ok,,24925257,37849813,5433879,9715,7777213,547179,15142,5276
2026-04-15T22:57:32+0800,micro,memory_seq_read,native,9,ok,,24809598,37857732,5435024,9111,7779560,547535,15956,6101
2026-04-15T22:57:32+0800,micro,memory_seq_read,native,10,ok,,23974875,37764081,5419135,9279,7756950,543077,10977,2712
2026-04-15T22:57:31+0800,micro,memory_seq_read,wasm-aot,1,ok,,43972964,102477486,23154117,57207,13125722,797150,74509,41640
2026-04-15T22:57:31+0800,micro,memory_seq_read,wasm-aot,2,ok,,47425888,102305101,23106083,60017,13098548,804129,77052,42233
2026-04-15T22:57:31+0800,micro,memory_seq_read,wasm-aot,3,ok,,47306925,102502444,23161785,57625,13134234,802647,76149,42733
2026-04-15T22:57:31+0800,micro,memory_seq_read,wasm-aot,4,ok,,46625046,102322967,23107776,58517,13100848,801138,76418,41496
2026-04-15T22:57:31+0800,micro,memory_seq_read,wasm-aot,5,ok,,46791132,102456505,23158761,59386,13119965,802968,76569,40795
2026-04-15T22:57:31+0800,micro,memory_seq_read,wasm-aot,6,ok,,46116945,102516159,23162851,57280,13138533,800265,72847,39300
2026-04-15T22:57:31+0800,micro,memory_seq_read,wasm-aot,7,ok,,44980246,102375273,23140720,58602,13101659,797059,71460,39046
2026-04-15T22:57:32+0800,micro,memory_seq_read,wasm-aot,8,ok,,45875238,102155342,23099706,55332,13051572,793316,71363,40075
2026-04-15T22:57:32+0800,micro,memory_seq_read,wasm-aot,9,ok,,45904149,102060450,23065644,56255,13039981,794845,71923,40232
2026-04-15T22:57:32+0800,micro,memory_seq_read,wasm-aot,10,ok,,50194288,103742018,23350475,56790,13391581,811433,83080,50956
2026-04-15T22:57:31+0800,micro,memory_seq_read,wasm-jit,1,ok,,50421698,104944215,23542631,67961,13744502,833594,82861,44883
2026-04-15T22:57:31+0800,micro,memory_seq_read,wasm-jit,2,ok,,49120881,104659996,23491827,66894,13676457,824359,76409,42081
2026-04-15T22:57:31+0800,micro,memory_seq_read,wasm-jit,3,ok,,48237763,104390941,23437219,66579,13612018,819431,78015,42205
2026-04-15T22:57:31+0800,micro,memory_seq_read,wasm-jit,4,ok,,49326367,104612239,23480659,62421,13666008,825091,78869,44905
2026-04-15T22:57:31+0800,micro,memory_seq_read,wasm-jit,5,ok,,48445203,104462991,23453785,63325,13631434,826316,78531,43135
2026-04-15T22:57:31+0800,micro,memory_seq_read,wasm-jit,6,ok,,46159874,104677241,23498467,65199,13678395,820178,72964,38642
2026-04-15T22:57:31+0800,micro,memory_seq_read,wasm-jit,7,ok,,50691632,104919232,23532765,67569,13745066,829249,82395,46133
2026-04-15T22:57:31+0800,micro,memory_seq_read,wasm-jit,8,ok,,47937578,104260042,23399492,66358,13593290,819326,76623,43727
2026-04-15T22:57:32+0800,micro,memory_seq_read,wasm-jit,9,ok,,50067585,105165367,23545919,61087,13789618,824753,78303,46215
2026-04-15T22:57:32+0800,micro,memory_seq_read,wasm-jit,10,ok,,46902018,104577355,23473730,64647,13657465,820930,75410,42238
2026-04-15T22:57:32+0800,micro,memory_seq_write,native,1,ok,,157127678,247301601,18226800,10796,32326397,6717022,405731,336741
2026-04-15T22:57:32+0800,micro,memory_seq_write,native,2,ok,,150311982,247207199,18209728,9776,32303141,6716122,398096,322543
2026-04-15T22:57:33+0800,micro,memory_seq_write,native,3,ok,,146577426,248215476,18356503,11788,32509051,6723109,431444,359063
2026-04-15T22:57:33+0800,micro,memory_seq_write,native,4,ok,,162618114,247440439,18250042,10601,32359315,6722140,420629,347746
2026-04-15T22:57:33+0800,micro,memory_seq_write,native,5,ok,,161490335,247243405,18216348,10617,32312310,6716471,411109,339007
2026-04-15T22:57:33+0800,micro,memory_seq_write,native,6,ok,,159098400,247977548,18321242,11402,32461841,6719098,403064,330883
2026-04-15T22:57:34+0800,micro,memory_seq_write,native,7,ok,,209999845,249194171,18494403,12238,32720652,6740129,442509,384233
2026-04-15T22:57:34+0800,micro,memory_seq_write,native,8,ok,,159326290,247213360,18210872,9854,32304909,6715803,402862,329338
2026-04-15T22:57:34+0800,micro,memory_seq_write,native,9,ok,,151247970,247344918,18233243,11368,32336303,6719416,400785,325542
2026-04-15T22:57:34+0800,micro,memory_seq_write,native,10,ok,,150535722,247274556,18221310,11447,32319727,6716510,390356,314750
2026-04-15T22:57:32+0800,micro,memory_seq_write,wasm-aot,1,ok,,268425108,985441709,218402059,56613,110721487,6977167,162458,82088
2026-04-15T22:57:33+0800,micro,memory_seq_write,wasm-aot,2,ok,,284531629,985745445,218437983,61129,110798717,6981138,165882,85507
2026-04-15T22:57:33+0800,micro,memory_seq_write,wasm-aot,3,ok,,266914677,984865599,218270931,56721,110612146,6976894,160905,81263
2026-04-15T22:57:33+0800,micro,memory_seq_write,wasm-aot,4,ok,,265936674,985140867,218315647,56845,110672997,6970526,158380,80388
2026-04-15T22:57:33+0800,micro,memory_seq_write,wasm-aot,5,ok,,282713818,985097453,218311642,57391,110663645,6980951,161499,99404
2026-04-15T22:57:34+0800,micro,memory_seq_write,wasm-aot,6,ok,,268724657,985401563,218389755,58569,110726232,6975833,158043,96699
2026-04-15T22:57:34+0800,micro,memory_seq_write,wasm-aot,7,ok,,279700938,987608701,218671199,58350,111177658,6994617,173913,97572
2026-04-15T22:57:34+0800,micro,memory_seq_write,wasm-aot,8,ok,,267914030,985250050,218333135,60242,110711148,6977473,163963,92634
2026-04-15T22:57:34+0800,micro,memory_seq_write,wasm-aot,9,ok,,264757692,984908304,218279221,58736,110620860,6973102,161049,82480
2026-04-15T22:57:35+0800,micro,memory_seq_write,wasm-aot,10,ok,,267338487,985460741,218410356,60472,110732425,6977895,162731,84891
2026-04-15T22:57:32+0800,micro,memory_seq_write,wasm-jit,1,ok,,276629959,987477118,218702633,66877,111246530,6997857,162561,97282
2026-04-15T22:57:33+0800,micro,memory_seq_write,wasm-jit,2,ok,,269273418,987388905,218666946,67066,111240735,6999593,163349,90039
2026-04-15T22:57:33+0800,micro,memory_seq_write,wasm-jit,3,ok,,272674938,987560772,218717245,68345,111263144,7001272,166462,92166
2026-04-15T22:57:33+0800,micro,memory_seq_write,wasm-jit,4,ok,,268786557,987363945,218662331,68159,111231038,7001890,162966,80260
2026-04-15T22:57:33+0800,micro,memory_seq_write,wasm-jit,5,ok,,268633474,987314407,218650461,67150,111220274,7001508,163234,83158
2026-04-15T22:57:33+0800,micro,memory_seq_write,wasm-jit,6,ok,,267856002,987114624,218606796,64849,111181292,6990927,159207,90271
2026-04-15T22:57:34+0800,micro,memory_seq_write,wasm-jit,7,ok,,270879913,988566453,218879658,67581,111475397,7010446,171884,97308
2026-04-15T22:57:34+0800,micro,memory_seq_write,wasm-jit,8,ok,,272599951,987778397,218750024,68386,111319637,7003670,168719,91078
2026-04-15T22:57:34+0800,micro,memory_seq_write,wasm-jit,9,ok,,269930297,987558836,218719454,67343,111259317,6999354,164283,86679
2026-04-15T22:57:34+0800,micro,memory_seq_write,wasm-jit,10,ok,,269346879,987293731,218648351,64607,111212944,6999394,161682,94896
2026-04-15T22:57:35+0800,micro,memory_stride_read,native,1,ok,,100006007,74518515,8241157,10425,17343658,10401819,4206071,2754044
2026-04-15T22:57:35+0800,micro,memory_stride_read,native,2,ok,,96238149,73944470,8164165,11212,17225039,10392625,4169563,2465292
2026-04-15T22:57:35+0800,micro,memory_stride_read,native,3,ok,,101354229,74001794,8172244,11019,17237512,10393714,4318715,2932378
2026-04-15T22:57:35+0800,micro,memory_stride_read,native,4,ok,,94058359,73840058,8146759,9959,17199673,10392198,4173090,2610245
2026-04-15T22:57:35+0800,micro,memory_stride_read,native,5,ok,,98321256,73883930,8153422,11018,17210350,10393226,4248278,2734985
2026-04-15T22:57:36+0800,micro,memory_stride_read,native,6,ok,,97564550,73906417,8157698,9718,17216265,10392028,4229569,2597795
2026-04-15T22:57:36+0800,micro,memory_stride_read,native,7,ok,,97292337,73865139,8149975,10109,17205970,10398248,4220625,2665642
2026-04-15T22:57:36+0800,micro,memory_stride_read,native,8,ok,,96781570,73888328,8154083,10296,17211743,10391867,4183524,2561553
2026-04-15T22:57:36+0800,micro,memory_stride_read,native,9,ok,,92557570,75697816,8415220,11496,17573239,10397356,4238209,2585032
2026-04-15T22:57:36+0800,micro,memory_stride_read,native,10,ok,,99140627,73913842,8158511,10575,17218055,10394594,4270638,2802053
2026-04-15T22:57:35+0800,micro,memory_stride_read,wasm-aot,1,ok,,131690232,164384337,28230441,60134,20532310,10644083,4582800,3166395
2026-04-15T22:57:35+0800,micro,memory_stride_read,wasm-aot,2,ok,,132306393,164692166,28288758,59454,20599689,10646571,4562143,3211820
2026-04-15T22:57:35+0800,micro,memory_stride_read,wasm-aot,3,ok,,140055830,164553576,28235801,59391,20591240,10652000,4649333,3410170
2026-04-15T22:57:35+0800,micro,memory_stride_read,wasm-aot,4,ok,,131857991,164376122,28207123,59589,20547798,10650954,4524164,2889521
2026-04-15T22:57:36+0800,micro,memory_stride_read,wasm-aot,5,ok,,133968530,164748710,28304900,61721,20604051,10648743,4579978,3065695
2026-04-15T22:57:36+0800,micro,memory_stride_read,wasm-aot,6,ok,,165749666,164549939,28257966,55261,20567657,10645819,5013363,4091289
2026-04-15T22:57:36+0800,micro,memory_stride_read,wasm-aot,7,ok,,138292096,164423693,28231663,59562,20545999,10647911,4645750,3405535
2026-04-15T22:57:36+0800,micro,memory_stride_read,wasm-aot,8,ok,,132515376,164378014,28220777,58615,20528415,10650454,4494928,3024236
2026-04-15T22:57:36+0800,micro,memory_stride_read,wasm-aot,9,ok,,133676298,164176174,28168478,58518,20495013,10647521,4533197,3137754
2026-04-15T22:57:36+0800,micro,memory_stride_read,wasm-aot,10,ok,,129499655,164319578,28218931,56476,20513363,10639515,4492818,3036721
2026-04-15T22:57:35+0800,micro,memory_stride_read,wasm-jit,1,ok,,128658280,166582130,28539221,66225,21099971,10669777,4511289,2925296
2026-04-15T22:57:35+0800,micro,memory_stride_read,wasm-jit,2,ok,,135428710,166351121,28497176,65886,21047174,10667245,4483706,3045578
2026-04-15T22:57:35+0800,micro,memory_stride_read,wasm-jit,3,ok,,137361148,166498257,28528393,65531,21083976,10672137,4541226,3098775
2026-04-15T22:57:35+0800,micro,memory_stride_read,wasm-jit,4,ok,,134335127,166300370,28488215,63457,21029317,10666657,4568987,3096039
2026-04-15T22:57:36+0800,micro,memory_stride_read,wasm-jit,5,ok,,136667631,166808930,28604017,66425,21139139,10671409,4578965,3175968
2026-04-15T22:57:36+0800,micro,memory_stride_read,wasm-jit,6,ok,,144252086,166819868,28616276,66841,21131204,10671896,4715937,3729176
2026-04-15T22:57:36+0800,micro,memory_stride_read,wasm-jit,7,ok,,150009810,166681687,28575256,63612,21105275,10670795,4855859,4091121
2026-04-15T22:57:36+0800,micro,memory_stride_read,wasm-jit,8,ok,,134744385,166452143,28519706,67116,21072004,10671162,4535076,3152874
2026-04-15T22:57:36+0800,micro,memory_stride_read,wasm-jit,9,ok,,121579995,166519052,28565103,67059,21057934,10656503,4444255,2753262
2026-04-15T22:57:36+0800,micro,memory_stride_read,wasm-jit,10,ok,,130186692,166550691,28559876,66118,21076398,10668257,4460583,2817817
2026-04-15T22:57:37+0800,micro,memory_stride_write,native,1,ok,,100394058,72073825,8569775,18002,16505055,8327094,3023691,1101023
2026-04-15T22:57:37+0800,micro,memory_stride_write,native,2,ok,,103170454,70452889,8286819,16939,16164061,8321717,3006484,1157231
2026-04-15T22:57:37+0800,micro,memory_stride_write,native,3,ok,,123400285,72184847,8534897,20604,16530155,8344734,3117144,1704767
2026-04-15T22:57:37+0800,micro,memory_stride_write,native,4,ok,,102969167,70486528,8293903,17497,16172764,8320546,2981918,1183879
2026-04-15T22:57:37+0800,micro,memory_stride_write,native,5,ok,,109110393,71823480,8551939,18961,16454381,8325928,3063856,1334633
2026-04-15T22:57:37+0800,micro,memory_stride_write,native,6,ok,,100086572,72185122,8618928,16921,16531165,8328749,2987993,1083730
2026-04-15T22:57:38+0800,micro,memory_stride_write,native,7,ok,,105133214,71972992,8581340,16377,16485850,8329158,3017006,1251546
2026-04-15T22:57:38+0800,micro,memory_stride_write,native,8,ok,,120159782,70538867,8300990,16799,16185366,8324249,3042176,1686576
2026-04-15T22:57:38+0800,micro,memory_stride_write,native,9,ok,,113895402,72619348,8703768,17686,16614495,8328336,3066519,1440031
2026-04-15T22:57:38+0800,micro,memory_stride_write,native,10,ok,,103412772,71934080,8576794,16214,16474746,8326369,3005487,1146411
2026-04-15T22:57:37+0800,micro,memory_stride_write,wasm-aot,1,ok,,113389198,118470038,15950493,61831,17437754,8822637,2957563,1336280
2026-04-15T22:57:37+0800,micro,memory_stride_write,wasm-aot,2,ok,,109597899,118160134,15893677,59208,17364536,8817557,2915092,1268748
2026-04-15T22:57:37+0800,micro,memory_stride_write,wasm-aot,3,ok,,118915248,118403100,15942932,57868,17419826,8827830,2995758,1536051
2026-04-15T22:57:37+0800,micro,memory_stride_write,wasm-aot,4,ok,,115777912,119505330,16080295,57596,17636377,8833245,3000113,1464047
2026-04-15T22:57:37+0800,micro,memory_stride_write,wasm-aot,5,ok,,164866929,119803159,16146873,63486,17727840,8862098,3396272,2437628
2026-04-15T22:57:38+0800,micro,memory_stride_write,wasm-aot,6,ok,,121637691,119522198,16096979,59180,17645665,8836756,3008882,1540730
2026-04-15T22:57:38+0800,micro,memory_stride_write,wasm-aot,7,ok,,154504127,118578093,15952657,59192,17473246,8831141,3374398,2367415
2026-04-15T22:57:38+0800,micro,memory_stride_write,wasm-aot,8,ok,,147124751,118370179,15931382,57824,17412664,8823734,3357399,2411896
2026-04-15T22:57:38+0800,micro,memory_stride_write,wasm-aot,9,ok,,113388443,118912927,15986959,60583,17534866,8833760,3003168,1482192
2026-04-15T22:57:38+0800,micro,memory_stride_write,wasm-aot,10,ok,,114028185,118275478,15911249,57819,17389975,8820585,3014852,1567638
2026-04-15T22:57:37+0800,micro,memory_stride_write,wasm-jit,1,ok,,112185408,120177011,16178160,64590,17882328,8839959,2913398,1279979
2026-04-15T22:57:37+0800,micro,memory_stride_write,wasm-jit,2,ok,,118874172,120307908,16202527,65321,17916752,8843379,2965478,1476042
2026-04-15T22:57:37+0800,micro,memory_stride_write,wasm-jit,3,ok,,115994995,120474830,16228856,68894,17962655,8846869,2973049,1436900
2026-04-15T22:57:37+0800,micro,memory_stride_write,wasm-jit,4,ok,,140031250,120623651,16274236,65314,17979376,8853215,3220988,2015734
2026-04-15T22:57:37+0800,micro,memory_stride_write,wasm-jit,5,ok,,120199029,120660459,16292932,67977,17976854,8849361,3003230,1452947
2026-04-15T22:57:38+0800,micro,memory_stride_write,wasm-jit,6,ok,,121324568,120584563,16272129,65975,17969578,8846711,3043915,1604253
2026-04-15T22:57:38+0800,micro,memory_stride_write,wasm-jit,7,ok,,112315389,120167928,16177823,66016,17879538,8839916,2931296,1287582
2026-04-15T22:57:38+0800,micro,memory_stride_write,wasm-jit,8,ok,,114833183,120325252,16204205,66908,17919320,8848886,2981242,1393499
2026-04-15T22:57:38+0800,micro,memory_stride_write,wasm-jit,9,ok,,115349737,120605857,16275128,65473,17967326,8847136,2944412,1359454
2026-04-15T22:57:38+0800,micro,memory_stride_write,wasm-jit,10,ok,,113674389,120491651,16253322,65000,17946658,8846189,2948482,1309561
2026-04-15T22:58:05+0800,poly,2mm,native,1,ok,,6853219236,10891008471,848409138,1714608,3338288369,1833927630,91823615,1048730
2026-04-15T22:58:11+0800,poly,2mm,native,2,ok,,6816024283,10890395194,848257712,1715691,3338181840,1840499477,92814170,689310
2026-04-15T22:58:17+0800,poly,2mm,native,3,ok,,7072561916,10892339970,848607799,1721407,3338592486,1836144366,93201170,3711099
2026-04-15T22:58:23+0800,poly,2mm,native,4,ok,,6963867525,10890278013,848264660,1716163,3338188443,1839601184,92385589,1873522
2026-04-15T22:58:29+0800,poly,2mm,native,5,ok,,6899731387,10890456686,848254075,1715280,3338199333,1838423748,92386673,1274682
2026-04-15T22:58:35+0800,poly,2mm,native,6,ok,,6848572759,10890424212,848244016,1712898,3338195749,1835280551,93155261,851858
2026-04-15T22:58:41+0800,poly,2mm,native,7,ok,,6884890292,10890976879,848333870,1714388,3338305388,1837991374,95084374,1209378
2026-04-15T22:58:47+0800,poly,2mm,native,8,ok,,7082991730,10890915171,848350981,1716712,3338335670,1838700635,94427842,3449110
2026-04-15T22:58:53+0800,poly,2mm,native,9,ok,,7040342379,10890004815,848199731,1716787,3338125271,1837730423,93607560,3022944
2026-04-15T22:58:59+0800,poly,2mm,native,10,ok,,6969052016,10890133292,848222554,1714906,3338147519,1838246869,93325757,1835811
2026-04-15T22:58:09+0800,poly,2mm,wasm-aot,1,ok,,6965920325,22599983892,3356844758,1764185,4152004388,1825705052,97686140,1030763
2026-04-15T22:58:15+0800,poly,2mm,wasm-aot,2,ok,,7125241099,22589811631,3355022335,1763602,4149672711,1825538601,98319000,2360289
2026-04-15T22:58:21+0800,poly,2mm,wasm-aot,3,ok,,7163737168,22591759512,3355437861,1763991,4150053268,1825633260,97245007,2212733
2026-04-15T22:58:27+0800,poly,2mm,wasm-aot,4,ok,,7132782907,22592744308,3355523294,1764406,4150253927,1825498851,98045110,2944390
2026-04-15T22:58:33+0800,poly,2mm,wasm-aot,5,ok,,7185053881,22592455305,3355540235,1767516,4150189441,1825726315,96071161,2125393
2026-04-15T22:58:39+0800,poly,2mm,wasm-aot,6,ok,,7316229349,22597090367,3356218066,1767396,4151135689,1825690815,96636308,2953056
2026-04-15T22:58:45+0800,poly,2mm,wasm-aot,7,ok,,7117657377,22592315601,3355370248,1769790,4150191358,1825685708,96654003,2054065
2026-04-15T22:58:51+0800,poly,2mm,wasm-aot,8,ok,,7322531718,22594351753,3355860975,1769638,4150633892,1825171303,97957920,6177824
2026-04-15T22:58:57+0800,poly,2mm,wasm-aot,9,ok,,7117546077,22592993257,3355581204,1766738,4150324593,1825450193,96956069,2313274
2026-04-15T22:59:03+0800,poly,2mm,wasm-aot,10,ok,,7219886847,22593324405,3355528746,1766691,4150440859,1825803378,94831608,3332678
2026-04-15T22:58:07+0800,poly,2mm,wasm-jit,1,ok,,7058733745,22600464519,3356767191,1779245,4152058872,1824675594,97656650,1990131
2026-04-15T22:58:13+0800,poly,2mm,wasm-jit,2,ok,,7665928664,22596856325,3356209426,1775513,4151287368,1825788621,99750202,7591046
2026-04-15T22:58:19+0800,poly,2mm,wasm-jit,3,ok,,7145092066,22598874102,3356485905,1780083,4151688378,1825668844,96796856,2064220
2026-04-15T22:58:25+0800,poly,2mm,wasm-jit,4,ok,,7302644315,22596862864,3356146890,1776224,4151246235,1823811389,96568474,3682356
2026-04-15T22:58:31+0800,poly,2mm,wasm-jit,5,ok,,7000136646,22594964486,3355804108,1772318,4150868525,1825638031,96587076,941761
2026-04-15T22:58:37+0800,poly,2mm,wasm-jit,6,ok,,7534335228,22595015518,3355804094,1772314,4150907035,1825698582,99384403,7006621
2026-04-15T22:58:43+0800,poly,2mm,wasm-jit,7,ok,,7148898811,22595915763,3355934991,1776125,4151078971,1825708720,96643153,2401968
2026-04-15T22:58:49+0800,poly,2mm,wasm-jit,8,ok,,7394008190,22596044679,3356042902,1772316,4151086773,1825532361,98934127,4343802
2026-04-15T22:58:55+0800,poly,2mm,wasm-jit,9,ok,,7141070062,22596762448,3356165059,1777963,4151218531,1825640348,96055110,2134401
2026-04-15T22:59:01+0800,poly,2mm,wasm-jit,10,ok,,7075569767,22595088438,3355774847,1773540,4150902263,1824589219,97321895,1897111
2026-04-15T22:59:25+0800,poly,3mm,native,1,ok,,11510440610,16404291974,1377380042,2642316,5433500439,3137500975,111806174,6997369
2026-04-15T22:59:35+0800,poly,3mm,native,2,ok,,11194722060,16404343959,1377389253,2639484,5433500541,3128628979,110074457,2689818
2026-04-15T22:59:45+0800,poly,3mm,native,3,ok,,11504783549,16406104106,1377682625,2644549,5433912860,3131353236,111678077,6072392
2026-04-15T22:59:54+0800,poly,3mm,native,4,ok,,11371275924,16405090122,1377531172,2647340,5433706523,3126853499,109956013,4290053
2026-04-15T23:00:04+0800,poly,3mm,native,5,ok,,11274945333,16403406160,1377265381,2638590,5433304786,3136459885,108214881,3717479
2026-04-15T23:00:13+0800,poly,3mm,native,6,ok,,11425084850,16403325811,1377247043,2639387,5433289727,3123382897,111419545,5189905
2026-04-15T23:00:23+0800,poly,3mm,native,7,ok,,11230253874,16403101256,1377202390,2634903,5433221499,3131169297,110599524,3589555
2026-04-15T23:00:33+0800,poly,3mm,native,8,ok,,11204412058,16402918010,1377185443,2641000,5433191684,3135167780,108666415,3284702
2026-04-15T23:00:42+0800,poly,3mm,native,9,ok,,11207870500,16402881054,1377166104,2637782,5433168471,3131482739,109271760,2817452
2026-04-15T23:00:52+0800,poly,3mm,native,10,ok,,11137412492,16403292530,1377232710,2638520,5433266369,3131527697,107828582,2484079
2026-04-15T22:59:32+0800,poly,3mm,wasm-aot,1,ok,,11432187353,35419308379,5451178632,2688097,5453263698,3083812248,107665652,2366091
2026-04-15T22:59:41+0800,poly,3mm,wasm-aot,2,ok,,11603599929,35417956898,5450968545,2683781,5452994137,3084339624,111092287,5357919
2026-04-15T22:59:51+0800,poly,3mm,wasm-aot,3,ok,,11469897163,35416870254,5450682218,2691719,5452819985,3084282489,109342537,2890564
2026-04-15T23:00:01+0800,poly,3mm,wasm-aot,4,ok,,11411134056,35419721967,5451291463,2691641,5453305103,3084243585,107248337,2439480
2026-04-15T23:00:10+0800,poly,3mm,wasm-aot,5,ok,,11398822079,35417769595,5450843438,2686786,5452957945,3084308152,109300594,2599232
2026-04-15T23:00:20+0800,poly,3mm,wasm-aot,6,ok,,11687217455,35419180045,5451228219,2689362,5453204467,3084600383,111022868,5670125
2026-04-15T23:00:29+0800,poly,3mm,wasm-aot,7,ok,,11476323356,35418055588,5451023782,2691498,5453030132,3084428869,109728436,3207290
2026-04-15T23:00:39+0800,poly,3mm,wasm-aot,8,ok,,11438953326,35419860413,5451266907,2691572,5453379141,3083861165,109674670,3094504
2026-04-15T23:00:49+0800,poly,3mm,wasm-aot,9,ok,,11418370958,35417370826,5450875346,2687290,5452842869,3084367267,108088930,2652952
2026-04-15T23:00:58+0800,poly,3mm,wasm-aot,10,ok,,11496358578,35416650518,5450638097,2686250,5452725709,3084238332,108722120,3293855
2026-04-15T22:59:28+0800,poly,3mm,wasm-jit,1,ok,,11558016524,35421912555,5451578653,2699196,5453962080,3084269151,110758112,3902556
2026-04-15T22:59:38+0800,poly,3mm,wasm-jit,2,ok,,11917617286,35422202678,5451636028,2699073,5454050118,3084484183,112890419,7658711
2026-04-15T22:59:48+0800,poly,3mm,wasm-jit,3,ok,,11697624893,35420944829,5451304011,2698550,5453812085,3084431850,111801001,4960693
2026-04-15T22:59:57+0800,poly,3mm,wasm-jit,4,ok,,11607491614,35422396363,5451704114,2701131,5454029521,3084089262,110372994,3765067
2026-04-15T23:00:07+0800,poly,3mm,wasm-jit,5,ok,,11300913366,35420895034,5451409935,2701347,5453687104,3084239575,109723593,1960076
2026-04-15T23:00:17+0800,poly,3mm,wasm-jit,6,ok,,11373415769,35421466328,5451526019,2700826,5453794419,3084098469,109396761,2918236
2026-04-15T23:00:26+0800,poly,3mm,wasm-jit,7,ok,,11590404787,35421675989,5451557071,2694991,5453904219,3084605413,109822592,4009315
2026-04-15T23:00:36+0800,poly,3mm,wasm-jit,8,ok,,11386584833,35420080988,5451179605,2698645,5453578509,3084360945,108603341,2373429
2026-04-15T23:00:45+0800,poly,3mm,wasm-jit,9,ok,,11413084795,35422133522,5451607553,2700450,5453982217,3084431565,111421306,3218248
2026-04-15T23:00:55+0800,poly,3mm,wasm-jit,10,ok,,11529855643,35422095806,5451662454,2696267,5453933846,3084216527,110600438,3886378
2026-04-15T23:02:02+0800,poly,adi,native,1,ok,,33020098367,26573682109,1521269561,2062574,5270582785,1839279414,53224426,12485622
2026-04-15T23:02:29+0800,poly,adi,native,2,ok,,32766859447,26572664416,1521066610,2061893,5270358350,1841239555,51823868,10882519
2026-04-15T23:02:56+0800,poly,adi,native,3,ok,,32653470636,26573315430,1521201437,2063759,5270509855,1871491018,53977083,9601831
2026-04-15T23:03:23+0800,poly,adi,native,4,ok,,32618238409,26571676709,1520908133,2056273,5270109200,1866911590,51486650,9930481
2026-04-15T23:03:50+0800,poly,adi,native,5,ok,,32938817131,26572932269,1521122555,2069062,5270426025,1864455089,48594519,12303565
2026-04-15T23:04:18+0800,poly,adi,native,6,ok,,33776322148,26575827209,1521635496,2071453,5271145307,1852465792,49877807,10210175
2026-04-15T23:04:45+0800,poly,adi,native,7,ok,,32751944404,26573237839,1521185766,2068145,5270501234,1865166786,51481849,10597561
2026-04-15T23:05:12+0800,poly,adi,native,8,ok,,32603031795,26570917108,1520803848,2060149,5269952320,1863081514,53568261,9414217
2026-04-15T23:05:38+0800,poly,adi,native,9,ok,,32471698621,26570695236,1520766854,2054223,5269893197,1869464437,54324185,9364280
2026-04-15T23:06:05+0800,poly,adi,native,10,ok,,32536126475,26570791334,1520783095,2051667,5269936142,1869392405,50895594,9672081
2026-04-15T23:02:20+0800,poly,adi,wasm-aot,1,ok,,32051043925,42634329132,3531574950,2121318,11517519245,1875830955,42970817,4037164
2026-04-15T23:02:47+0800,poly,adi,wasm-aot,2,ok,,32213270886,42633756827,3531490792,2112357,11517462395,1875104990,41649246,4476112
2026-04-15T23:03:14+0800,poly,adi,wasm-aot,3,ok,,32424057327,42634376687,3531581551,2122612,11517606349,1871406417,41171641,5573844
2026-04-15T23:03:41+0800,poly,adi,wasm-aot,4,ok,,32128058957,42633658457,3531551660,2112553,11517372817,1875576060,44218796,3796366
2026-04-15T23:04:08+0800,poly,adi,wasm-aot,5,ok,,32157169722,42633551059,3531446909,2115988,11517383956,1876006531,45432808,4022117
2026-04-15T23:04:35+0800,poly,adi,wasm-aot,6,ok,,32145070826,42633899050,3531554994,2111251,11517401305,1865994039,44032307,4666064
2026-04-15T23:05:03+0800,poly,adi,wasm-aot,7,ok,,32047877018,42634296988,3531565150,2119185,11517515660,1875362704,44992412,3659364
2026-04-15T23:05:29+0800,poly,adi,wasm-aot,8,ok,,31782343785,42631582627,3531140426,2098715,11516912579,1875574680,47737350,2563720
2026-04-15T23:05:56+0800,poly,adi,wasm-aot,9,ok,,31775306325,42633385856,3531524272,2114251,11517289275,1864104010,44537886,2992468
2026-04-15T23:06:23+0800,poly,adi,wasm-aot,10,ok,,31791530092,42632949712,3531452109,2109995,11517215156,1872670350,43311866,3446480
2026-04-15T23:02:11+0800,poly,adi,wasm-jit,1,ok,,32237211046,42638203402,3532190486,2136939,11518463848,1875847412,43067311,4160709
2026-04-15T23:02:38+0800,poly,adi,wasm-jit,2,ok,,31846029423,42638322380,3532307543,2130463,11518450691,1872779037,48246856,2911874
2026-04-15T23:03:05+0800,poly,adi,wasm-jit,3,ok,,32109457456,42636741285,3531929800,2127459,11518207610,1876040491,43602527,4117604
2026-04-15T23:03:32+0800,poly,adi,wasm-jit,4,ok,,31963363398,42634554271,3531562433,2112566,11517663137,1875938671,45440086,3316634
2026-04-15T23:03:59+0800,poly,adi,wasm-jit,5,ok,,32103281510,42636781045,3531959070,2124542,11518193710,1876023786,44202736,3558094
2026-04-15T23:04:26+0800,poly,adi,wasm-jit,6,ok,,32109500102,42636833974,3531945613,2122387,11518223490,1875634242,42958169,4104206
2026-04-15T23:04:54+0800,poly,adi,wasm-jit,7,ok,,32205630104,42637094473,3532075819,2123301,11518223107,1875054465,42099718,4767678
2026-04-15T23:05:21+0800,poly,adi,wasm-jit,8,ok,,31996662852,42637310004,3532143943,2121080,11518204191,1875593213,46296770,3295229
2026-04-15T23:05:47+0800,poly,adi,wasm-jit,9,ok,,31833977277,42635378178,3531714012,2115232,11517825588,1861521913,43607855,3247532
2026-04-15T23:06:14+0800,poly,adi,wasm-jit,10,ok,,31697297214,42635048294,3531793359,2114234,11517728892,1875991984,47816325,2564532
2026-04-15T23:06:23+0800,poly,atax,native,1,ok,,105141479,144565356,15989312,19752,31620612,1930254,31188,11601
2026-04-15T23:06:24+0800,poly,atax,native,2,ok,,104718416,144003455,15899107,19843,31501899,1923236,27304,9307
2026-04-15T23:06:24+0800,poly,atax,native,3,ok,,103620583,144697422,15999304,19377,31640063,1931684,28789,10077
2026-04-15T23:06:24+0800,poly,atax,native,4,ok,,103484350,145521815,16114364,20700,31810256,1934943,31510,14156
2026-04-15T23:06:24+0800,poly,atax,native,5,ok,,103508032,144174203,15929410,19544,31543556,1918172,19244,4954
2026-04-15T23:06:24+0800,poly,atax,native,6,ok,,103347552,144021526,15902530,18888,31506928,1915550,18641,4914
2026-04-15T23:06:24+0800,poly,atax,native,7,ok,,103504362,144033366,15904964,19652,31509240,1916323,19305,4904
2026-04-15T23:06:25+0800,poly,atax,native,8,ok,,105067387,145368381,16093004,20403,31790224,1939015,36656,17478
2026-04-15T23:06:25+0800,poly,atax,native,9,ok,,106210698,144591365,15981191,18516,31622256,1928396,28745,14180
2026-04-15T23:06:25+0800,poly,atax,native,10,ok,,104381386,144045820,15906290,19418,31512833,1923791,26160,8811
2026-04-15T23:06:23+0800,poly,atax,wasm-aot,1,ok,,153019310,337322315,53750762,69629,70476551,3284081,100459,50582
2026-04-15T23:06:24+0800,poly,atax,wasm-aot,2,ok,,154523639,337380429,53763171,69409,70492196,3293603,110282,53391
2026-04-15T23:06:24+0800,poly,atax,wasm-aot,3,ok,,154044516,337346715,53754095,72246,70482959,3292371,109464,54985
2026-04-15T23:06:24+0800,poly,atax,wasm-aot,4,ok,,152342770,337340233,53747370,67865,70477495,3283822,101474,51380
2026-04-15T23:06:24+0800,poly,atax,wasm-aot,5,ok,,151621506,337371429,53790035,70546,70457789,3285684,94489,44724
2026-04-15T23:06:24+0800,poly,atax,wasm-aot,6,ok,,153255340,337332772,53755026,69634,70479692,3285011,101066,51393
2026-04-15T23:06:24+0800,poly,atax,wasm-aot,7,ok,,154443593,337395025,53777464,70119,70478319,3291802,102758,51784
2026-04-15T23:06:25+0800,poly,atax,wasm-aot,8,ok,,154641044,336491345,53531602,70133,70315207,3281470,100580,54499
2026-04-15T23:06:25+0800,poly,atax,wasm-aot,9,ok,,153047868,337351010,53785263,72720,70450869,3297712,105372,53471
2026-04-15T23:06:25+0800,poly,atax,wasm-aot,10,ok,,153902712,336908737,53592732,69119,70435483,3293930,107077,54890
2026-04-15T23:06:23+0800,poly,atax,wasm-jit,1,ok,,153156643,340402591,54122472,78550,71264212,3321389,106841,53834
2026-04-15T23:06:24+0800,poly,atax,wasm-jit,2,ok,,156615553,339872512,54131687,81562,71121004,3324210,112788,55031
2026-04-15T23:06:24+0800,poly,atax,wasm-jit,3,ok,,155742739,339324002,53968591,80749,71028724,3316537,105321,52783
2026-04-15T23:06:24+0800,poly,atax,wasm-jit,4,ok,,154841679,340399707,54201687,81435,71233800,3319997,108046,52164
2026-04-15T23:06:24+0800,poly,atax,wasm-jit,5,ok,,156402053,340095679,54167400,81013,71172163,3313295,106267,53962
2026-04-15T23:06:24+0800,poly,atax,wasm-jit,6,ok,,154007264,339236710,53945555,77168,71016059,3313558,106224,52584
2026-04-15T23:06:24+0800,poly,atax,wasm-jit,7,ok,,155900412,340074058,54200904,80556,71137634,3313019,105448,52565
2026-04-15T23:06:25+0800,poly,atax,wasm-jit,8,ok,,156083474,340121635,54209180,78190,71146636,3316360,108750,52573
2026-04-15T23:06:25+0800,poly,atax,wasm-jit,9,ok,,155658927,339983839,54179936,79660,71115040,3320061,107551,53599
2026-04-15T23:06:25+0800,poly,atax,wasm-jit,10,ok,,155710308,339624972,53988434,78155,71103137,3331533,113477,58205
2026-04-15T23:06:25+0800,poly,bicg,native,1,ok,,129545992,177681701,18667523,19872,43633172,1118344,34125,13539
2026-04-15T23:06:26+0800,poly,bicg,native,2,ok,,128617106,177062874,18582500,18712,43506118,1109238,25562,6682
2026-04-15T23:06:26+0800,poly,bicg,native,3,ok,,128276307,176978035,18567375,17838,43484382,1108915,28476,8535
2026-04-15T23:06:26+0800,poly,bicg,native,4,ok,,127434766,177946481,18709079,18661,43686645,1116498,30271,9630
2026-04-15T23:06:26+0800,poly,bicg,native,5,ok,,128037756,177024634,18574314,17445,43496369,1108186,26230,6564
2026-04-15T23:06:26+0800,poly,bicg,native,6,ok,,128731040,177119697,18590766,19392,43519240,1111220,29548,9282
2026-04-15T23:06:26+0800,poly,bicg,native,7,ok,,127962217,176962130,18564194,17257,43481195,1105221,27583,6566
2026-04-15T23:06:27+0800,poly,bicg,native,8,ok,,128763432,177125556,18591148,19542,43520220,1113412,29291,9053
2026-04-15T23:06:27+0800,poly,bicg,native,9,ok,,129854802,178848914,18837708,17973,43864787,1119163,32873,16969
2026-04-15T23:06:27+0800,poly,bicg,native,10,ok,,128305519,177086585,18584969,17874,43510671,1107425,28804,8375
2026-04-15T23:06:25+0800,poly,bicg,wasm-aot,1,ok,,162924725,312819498,45594902,70099,70377028,2485230,107369,52064
2026-04-15T23:06:26+0800,poly,bicg,wasm-aot,2,ok,,164249395,314608426,45956094,69977,70724434,2494865,109761,54933
2026-04-15T23:06:26+0800,poly,bicg,wasm-aot,3,ok,,183612370,313454011,45810060,68043,70454727,2487233,107727,55158
2026-04-15T23:06:26+0800,poly,bicg,wasm-aot,4,ok,,165418742,314220039,45888640,68284,70650649,2492618,112952,56785
2026-04-15T23:06:26+0800,poly,bicg,wasm-aot,5,ok,,163840991,313772320,45867486,70249,70528493,2488950,108630,53274
2026-04-15T23:06:26+0800,poly,bicg,wasm-aot,6,ok,,163738475,313538904,45800197,68121,70507204,2492333,109118,53412
2026-04-15T23:06:27+0800,poly,bicg,wasm-aot,7,ok,,162859904,312912112,45616672,71130,70403253,2487901,108826,51295
2026-04-15T23:06:27+0800,poly,bicg,wasm-aot,8,ok,,165584533,313379611,45763314,64940,70471883,2504499,108015,59813
2026-04-15T23:06:27+0800,poly,bicg,wasm-aot,9,ok,,162601035,313704190,45855116,71244,70515107,2485222,108381,52163
2026-04-15T23:06:27+0800,poly,bicg,wasm-aot,10,ok,,163881546,313509483,45784408,70562,70503649,2487829,109797,53969
2026-04-15T23:06:25+0800,poly,bicg,wasm-jit,1,ok,,165513594,316207807,46211445,77386,71160097,2514144,111182,52759
2026-04-15T23:06:26+0800,poly,bicg,wasm-jit,2,ok,,165737407,316234772,46233221,78809,71150354,2511534,110544,54223
2026-04-15T23:06:26+0800,poly,bicg,wasm-jit,3,ok,,163977004,316262303,46234174,78202,71160871,2517673,112171,55055
2026-04-15T23:06:26+0800,poly,bicg,wasm-jit,4,ok,,164412628,316726342,46266160,76244,71286226,2520132,115196,57127
2026-04-15T23:06:26+0800,poly,bicg,wasm-jit,5,ok,,166027530,315483372,46001270,78504,71049884,2515728,114001,55052
2026-04-15T23:06:26+0800,poly,bicg,wasm-jit,6,ok,,165065964,316206078,46194928,80356,71187428,2511470,112266,52993
2026-04-15T23:06:26+0800,poly,bicg,wasm-jit,7,ok,,164766062,316153552,46185849,77205,71167745,2513351,109870,54416
2026-04-15T23:06:27+0800,poly,bicg,wasm-jit,8,ok,,165354355,315510179,45987134,78966,71077910,2516328,112377,55408
2026-04-15T23:06:27+0800,poly,bicg,wasm-jit,9,ok,,162454354,316169173,46186930,77161,71176604,2511319,100723,48063
2026-04-15T23:06:27+0800,poly,bicg,wasm-jit,10,ok,,166202583,315867764,46058287,77026,71138572,2514452,116055,55830
2026-04-15T23:08:39+0800,poly,cholesky,native,1,ok,,71396534459,39722081119,2736116220,5992436,14743565854,11299462652,710324780,31230592
2026-04-15T23:09:33+0800,poly,cholesky,native,2,ok,,66998069888,39713430319,2734549374,5978286,14741414541,11174199208,700154841,30442650
2026-04-15T23:10:30+0800,poly,cholesky,native,3,ok,,72332178242,39724173462,2736438136,5985546,14744062733,11373747919,679402973,30055850
2026-04-15T23:11:26+0800,poly,cholesky,native,4,ok,,70901283982,39721196052,2735931705,5973952,14743327145,11301069964,723984840,31194830
2026-04-15T23:12:21+0800,poly,cholesky,native,5,ok,,69972506880,39718909375,2735551720,5977997,14742771877,11277946462,664046637,30335373
2026-04-15T23:13:14+0800,poly,cholesky,native,6,ok,,65034900958,39708439339,2733743524,5979313,14740164138,11093887951,666466438,29898833
2026-04-15T23:14:10+0800,poly,cholesky,native,7,ok,,70683681244,39720218265,2735773688,5980326,14743117676,11324750756,650989766,28544138
2026-04-15T23:15:05+0800,poly,cholesky,native,8,ok,,68517638435,39717801312,2735346916,5992270,14742484656,11212948883,685622145,34269080
2026-04-15T23:16:00+0800,poly,cholesky,native,9,ok,,70060476972,39719584721,2735662968,5985687,14742948234,11309631653,559707179,30743628
2026-04-15T23:16:55+0800,poly,cholesky,native,10,ok,,70514628805,39720396700,2735798477,5984678,14743142147,11291487908,687023376,31034841
2026-04-15T23:09:15+0800,poly,cholesky,wasm-aot,1,ok,,64300898803,120450331295,17408734811,6088907,26746076578,11105666876,673916604,17648144
2026-04-15T23:10:10+0800,poly,cholesky,wasm-aot,2,ok,,64426141663,120449632564,17408620841,6086962,26745974783,11132183827,583114730,17724592
2026-04-15T23:11:06+0800,poly,cholesky,wasm-aot,3,ok,,64625436925,120449827492,17408632041,6079279,26745990795,11123929191,629624045,17796283
2026-04-15T23:12:02+0800,poly,cholesky,wasm-aot,4,ok,,64635217698,120449513923,17408518161,6082239,26746003045,11133008268,655594135,17593680
2026-04-15T23:12:56+0800,poly,cholesky,wasm-aot,5,ok,,59859461503,120439547595,17406894297,6079328,26743436155,10817829775,590552104,17004372
2026-04-15T23:13:50+0800,poly,cholesky,wasm-aot,6,ok,,64547975576,120449553237,17408567611,6082260,26745965288,11133376970,649053796,17597859
2026-04-15T23:14:46+0800,poly,cholesky,wasm-aot,7,ok,,64579947230,120448838535,17408391601,6078153,26745832807,11129840375,598158935,17719228
2026-04-15T23:15:40+0800,poly,cholesky,wasm-aot,8,ok,,63449518696,120446670581,17407965510,6088050,26745300920,11025657401,571865886,19519570
2026-04-15T23:16:36+0800,poly,cholesky,wasm-aot,9,ok,,65550177339,120451957931,17408999527,6098773,26746541339,11135281723,778695678,18493114
2026-04-15T23:17:32+0800,poly,cholesky,wasm-aot,10,ok,,64774096641,120450231126,17408681382,6090064,26746109980,11130792152,657273788,18487705
2026-04-15T23:08:57+0800,poly,cholesky,wasm-jit,1,ok,,64761105476,120452331328,17409056129,6091686,26746636247,11130956858,728173827,17627110
2026-04-15T23:09:52+0800,poly,cholesky,wasm-jit,2,ok,,65476796177,120453951756,17409256867,6085924,26747083475,11138419254,802551744,17724880
2026-04-15T23:10:48+0800,poly,cholesky,wasm-jit,3,ok,,64384656888,120452646411,17409041637,6093147,26746706048,11127641034,584234569,17938538
2026-04-15T23:11:44+0800,poly,cholesky,wasm-jit,4,ok,,64769511471,120452860549,17409086937,6089935,26746790282,11133669196,685671722,17543038
2026-04-15T23:12:39+0800,poly,cholesky,wasm-jit,5,ok,,64608673837,120451297294,17408837542,6088414,26746427216,11120957839,696323310,17584082
2026-04-15T23:13:32+0800,poly,cholesky,wasm-jit,6,ok,,64939625131,120453706208,17409244644,6093811,26746999661,11130340814,765911592,17501436
2026-04-15T23:14:28+0800,poly,cholesky,wasm-jit,7,ok,,63841990240,120450828727,17408727874,6093253,26746280234,11066016015,646638650,17192014
2026-04-15T23:15:23+0800,poly,cholesky,wasm-jit,8,ok,,65106099486,120453826657,17409286093,6101595,26747008938,11130521570,724974729,18265134
2026-04-15T23:16:18+0800,poly,cholesky,wasm-jit,9,ok,,62925954236,120450281271,17408659237,6106142,26746099541,11023926558,569412706,18609267
2026-04-15T23:17:14+0800,poly,cholesky,wasm-jit,10,ok,,64906399468,120454120019,17409309581,6100528,26747083773,11131911152,676909972,17771224
2026-04-15T23:17:57+0800,poly,correlation,native,1,ok,,13214747588,5670163005,522417078,760700,2046064469,2200881577,176407505,3954325
2026-04-15T23:18:08+0800,poly,correlation,native,2,ok,,13955948826,5672262068,522750287,761282,2046578836,2205934786,172636906,4920029
2026-04-15T23:18:19+0800,poly,correlation,native,3,ok,,11488048248,5667824236,521979587,760979,2045429768,2186159957,184377518,3770519
2026-04-15T23:18:31+0800,poly,correlation,native,4,ok,,14074852866,5673148732,522899432,765762,2046778694,2204318353,177737338,7357328
2026-04-15T23:18:42+0800,poly,correlation,native,5,ok,,12876279400,5671187780,522541862,761204,2046256772,2197006798,168496588,4353787
2026-04-15T23:18:52+0800,poly,correlation,native,6,ok,,11500216624,5668544678,522079746,762693,2045589926,2186803473,197052024,6541333
2026-04-15T23:19:04+0800,poly,correlation,native,7,ok,,13907698465,5673367719,522908052,763661,2046801342,2201818713,190897269,5115308
2026-04-15T23:19:16+0800,poly,correlation,native,8,ok,,13762332948,5672564209,522822289,760409,2046630620,2202996988,173718652,4001991
2026-04-15T23:19:27+0800,poly,correlation,native,9,ok,,11741769922,5668067456,522013771,757824,2045503365,2191576681,172994620,3250630
2026-04-15T23:19:38+0800,poly,correlation,native,10,ok,,11574214088,5667981089,521993286,757952,2045459237,2189389561,204904683,3007376
2026-04-15T23:18:04+0800,poly,correlation,wasm-aot,1,ok,,12590849791,12370254361,2061416558,815666,2064840461,2185696912,179965748,3724103
2026-04-15T23:18:16+0800,poly,correlation,wasm-aot,2,ok,,14098066256,12373005532,2061858627,819332,2065583906,2197104322,202970754,5853920
2026-04-15T23:18:27+0800,poly,correlation,wasm-aot,3,ok,,14035456407,12372770449,2061870850,816051,2065498130,2197181619,187047045,5704603
2026-04-15T23:18:39+0800,poly,correlation,wasm-aot,4,ok,,13656125109,12372149411,2061677783,816766,2065340628,2194137335,179880817,7203720
2026-04-15T23:18:49+0800,poly,correlation,wasm-aot,5,ok,,12581591001,12370797326,2061512751,817108,2064960621,2185829628,204870948,3710847
2026-04-15T23:19:00+0800,poly,correlation,wasm-aot,6,ok,,14034723608,12373379585,2061959534,816069,2065643291,2197164336,193774616,4433110
2026-04-15T23:19:12+0800,poly,correlation,wasm-aot,7,ok,,14023917266,12373884626,2062039965,817751,2065714897,2197182076,182302693,5026572
2026-04-15T23:19:24+0800,poly,correlation,wasm-aot,8,ok,,13754333858,12372570950,2061837743,811842,2065419428,2195764344,180355354,2193038
2026-04-15T23:19:34+0800,poly,correlation,wasm-aot,9,ok,,12247078628,12368725845,2061200052,808914,2064446059,2185295981,177094479,1901874
2026-04-15T23:19:45+0800,poly,correlation,wasm-aot,10,ok,,13916887373,12371309828,2061640305,808817,2065150623,2197068495,188966728,1870578
2026-04-15T23:18:01+0800,poly,correlation,wasm-jit,1,ok,,12780523252,12373278988,2061925176,822906,2065582194,2187118480,185347066,4492460
2026-04-15T23:18:12+0800,poly,correlation,wasm-jit,2,ok,,14067613527,12376752316,2062496205,827962,2066479720,2197240357,184367561,6409015
2026-04-15T23:18:23+0800,poly,correlation,wasm-jit,3,ok,,13720087154,12374025511,2061974807,821790,2065861035,2195071801,217933312,3330781
2026-04-15T23:18:35+0800,poly,correlation,wasm-jit,4,ok,,14014923625,12375263870,2062174780,823676,2066161720,2197117522,194491955,3473947
2026-04-15T23:18:46+0800,poly,correlation,wasm-jit,5,ok,,12716865708,12373735801,2061934785,824398,2065759843,2188400428,164839258,4149057
2026-04-15T23:18:56+0800,poly,correlation,wasm-jit,6,ok,,14044796172,12377773698,2062615799,829304,2066678293,2197215774,202088631,4727524
2026-04-15T23:19:08+0800,poly,correlation,wasm-jit,7,ok,,14015956458,12375757554,2062322046,827111,2066241224,2197282669,170073570,5333052
2026-04-15T23:19:20+0800,poly,correlation,wasm-jit,8,ok,,13961015498,12374385028,2062107078,822905,2065919575,2197161602,183552212,2424374
2026-04-15T23:19:31+0800,poly,correlation,wasm-jit,9,ok,,13983420748,12374281652,2062015039,821707,2065934127,2197199110,197334499,2564399
2026-04-15T23:19:41+0800,poly,correlation,wasm-jit,10,ok,,13908690423,12374834550,2062201158,819060,2065980583,2196963616,195477206,1900373
2026-04-15T23:20:12+0800,poly,covariance,native,1,ok,,13715921431,5662886468,521750285,756827,2045372677,2204780859,185055568,1691495
2026-04-15T23:20:23+0800,poly,covariance,native,2,ok,,13860870811,5665262992,522162777,762304,2045932154,2201941592,200780228,2513411
2026-04-15T23:20:35+0800,poly,covariance,native,3,ok,,13914147017,5664233437,521965609,759236,2045686984,2202269916,191075626,2131940
2026-04-15T23:20:47+0800,poly,covariance,native,4,ok,,13716147759,5663711033,521873802,759036,2045546086,2201114106,196967508,3042489
2026-04-15T23:20:58+0800,poly,covariance,native,5,ok,,13843410624,5663203273,521803735,760161,2045459224,2204719054,193974846,1219247
2026-04-15T23:21:10+0800,poly,covariance,native,6,ok,,13603484506,5663537205,521836309,758748,2045508385,2202468866,175787077,2071795
2026-04-15T23:21:22+0800,poly,covariance,native,7,ok,,12895986299,5662573981,521662636,761750,2045245972,2198830596,175834378,2042736
2026-04-15T23:21:33+0800,poly,covariance,native,8,ok,,13933620442,5663821681,521898175,756020,2045601544,2205171243,179343345,1710573
2026-04-15T23:21:45+0800,poly,covariance,native,9,ok,,13819506053,5663669434,521883294,757202,2045561789,2201824933,194717697,1555486
2026-04-15T23:21:56+0800,poly,covariance,native,10,ok,,13962380620,5663618248,521869269,757672,2045549816,2205847639,191735869,1285405
2026-04-15T23:20:20+0800,poly,covariance,wasm-aot,1,ok,,13965254297,12356716791,2061727275,811178,2065148081,2198793332,179396268,2331754
2026-04-15T23:20:31+0800,poly,covariance,wasm-aot,2,ok,,13989815740,12355648136,2061548087,808395,2064927112,2199014975,189767123,2925338
2026-04-15T23:20:43+0800,poly,covariance,wasm-aot,3,ok,,13981336979,12356877851,2061838392,808842,2065185117,2198990438,196801494,1832143
2026-04-15T23:20:55+0800,poly,covariance,wasm-aot,4,ok,,13951332832,12359133053,2062253981,814787,2065664749,2199064469,178027276,1703282
2026-04-15T23:21:06+0800,poly,covariance,wasm-aot,5,ok,,13994078553,12357014726,2061892916,812997,2065181799,2199002291,203105469,2432946
2026-04-15T23:21:18+0800,poly,covariance,wasm-aot,6,ok,,13936521911,12356210937,2061714330,808919,2065025494,2198494892,203786510,2579616
2026-04-15T23:21:29+0800,poly,covariance,wasm-aot,7,ok,,13940337130,12356589851,2061786468,809283,2065123297,2198515285,188842447,1227627
2026-04-15T23:21:41+0800,poly,covariance,wasm-aot,8,ok,,13943334575,12355255378,2061582626,806693,2064825012,2198654613,198176202,2062048
2026-04-15T23:21:52+0800,poly,covariance,wasm-aot,9,ok,,13950808156,12356550006,2061689954,811350,2065132206,2199085258,175721646,1594171
2026-04-15T23:22:04+0800,poly,covariance,wasm-aot,10,ok,,13979373989,12356068252,2061695728,807439,2064999580,2198916300,175103978,2112764
2026-04-15T23:20:16+0800,poly,covariance,wasm-jit,1,ok,,13785528071,12359520166,2062246452,824047,2065794209,2197784084,188270382,2573501
2026-04-15T23:20:27+0800,poly,covariance,wasm-jit,2,ok,,13930643364,12358844721,2062120299,816937,2065714634,2198798869,198900991,2513048
2026-04-15T23:20:39+0800,poly,covariance,wasm-jit,3,ok,,13928912965,12360531444,2062340026,821620,2066047205,2198461879,206595907,2212370
2026-04-15T23:20:51+0800,poly,covariance,wasm-jit,4,ok,,13974694743,12359432714,2062215859,818261,2065821228,2199018617,186904798,1835158
2026-04-15T23:21:02+0800,poly,covariance,wasm-jit,5,ok,,13994615368,12359599550,2062250908,820647,2065849576,2199040284,194439085,1933259
2026-04-15T23:21:14+0800,poly,covariance,wasm-jit,6,ok,,13962378956,12359219202,2062182841,818597,2065791163,2199026531,174028241,1998849
2026-04-15T23:21:25+0800,poly,covariance,wasm-jit,7,ok,,13201779722,12361304691,2062469950,828506,2066186675,2189396659,191566856,1528766
2026-04-15T23:21:37+0800,poly,covariance,wasm-jit,8,ok,,13971082841,12359151492,2062175549,818578,2065781431,2199058550,175732709,2138232
2026-04-15T23:21:48+0800,poly,covariance,wasm-jit,9,ok,,12418329261,12355626104,2061477973,817872,2064925982,2186829129,194331915,2340840
2026-04-15T23:22:00+0800,poly,covariance,wasm-jit,10,ok,,13874774852,12359065706,2062113220,816638,2065782780,2198463385,183862117,1373416
2026-04-15T23:22:06+0800,poly,deriche,native,1,ok,,1060998323,818464393,72926434,62904,121397349,51442204,19151000,673968
2026-04-15T23:22:07+0800,poly,deriche,native,2,ok,,1040194926,813352650,72101079,54451,120258416,51301922,19281038,606977
2026-04-15T23:22:08+0800,poly,deriche,native,3,ok,,1041363639,814372404,72222002,61592,120469928,51362875,19269868,614019
2026-04-15T23:22:09+0800,poly,deriche,native,4,ok,,1041634052,811966052,71893693,53080,119983995,51299418,19227315,617186
2026-04-15T23:22:10+0800,poly,deriche,native,5,ok,,1057310545,812811806,72017689,61589,120161721,51331396,19321244,674893
2026-04-15T23:22:11+0800,poly,deriche,native,6,ok,,1043448347,812171788,71929446,56822,120033890,51339371,19292935,619241
2026-04-15T23:22:12+0800,poly,deriche,native,7,ok,,1038590199,813974569,72193238,57218,120397603,51327377,19163694,611705
2026-04-15T23:22:13+0800,poly,deriche,native,8,ok,,1041671346,812006366,71900578,56088,119992691,51353008,19374526,610761
2026-04-15T23:22:14+0800,poly,deriche,native,9,ok,,1040575320,812227438,71937781,59603,120045922,51298521,19114804,611497
2026-04-15T23:22:15+0800,poly,deriche,native,10,ok,,1043991702,812123273,71919369,56792,120019221,51348249,19169236,621795
2026-04-15T23:22:07+0800,poly,deriche,wasm-aot,1,ok,,1108486152,1370346489,182662488,106190,307664757,52755184,18881218,111533
2026-04-15T23:22:08+0800,poly,deriche,wasm-aot,2,ok,,1108994798,1370593834,182701785,108157,307723551,52688121,18723893,119851
2026-04-15T23:22:09+0800,poly,deriche,wasm-aot,3,ok,,1112804159,1372311882,183220596,107396,307974156,52656177,18604579,119699
2026-04-15T23:22:10+0800,poly,deriche,wasm-aot,4,ok,,1108302854,1370956952,182759078,105942,307795770,52691884,18902737,116270
2026-04-15T23:22:11+0800,poly,deriche,wasm-aot,5,ok,,1125741122,1376851569,183982920,113609,309092414,52814961,18779958,148832
2026-04-15T23:22:11+0800,poly,deriche,wasm-aot,6,ok,,1111543223,1373249591,183333155,108899,308231206,52667385,18754600,115834
2026-04-15T23:22:12+0800,poly,deriche,wasm-aot,7,ok,,1114628798,1373033785,183300738,104169,308185379,52718202,18804269,136546
2026-04-15T23:22:13+0800,poly,deriche,wasm-aot,8,ok,,1113770654,1373084564,183304925,107839,308191047,52709263,18751379,135884
2026-04-15T23:22:14+0800,poly,deriche,wasm-aot,9,ok,,1118232092,1374006331,183465733,107284,308393459,52688116,18799060,127200
2026-04-15T23:22:15+0800,poly,deriche,wasm-aot,10,ok,,1114128349,1373348527,183356701,106990,308247931,52708730,18784814,124594
2026-04-15T23:22:06+0800,poly,deriche,wasm-jit,1,ok,,1116701535,1377180055,183933372,116418,309152296,52750108,18759282,122188
2026-04-15T23:22:07+0800,poly,deriche,wasm-jit,2,ok,,1112830959,1375836733,183716881,116489,308883034,52691616,19031843,122822
2026-04-15T23:22:08+0800,poly,deriche,wasm-jit,3,ok,,1118751054,1376982129,183913983,117230,309128700,52750498,18809822,127346
2026-04-15T23:22:09+0800,poly,deriche,wasm-jit,4,ok,,1110513252,1376872806,183961961,116371,308995442,52698662,18785245,120053
2026-04-15T23:22:10+0800,poly,deriche,wasm-jit,5,ok,,1138200563,1386944572,185471833,122378,311039259,52844351,18614180,181954
2026-04-15T23:22:11+0800,poly,deriche,wasm-jit,6,ok,,1114961976,1378911103,184224557,117078,309482895,52732506,18797188,120831
2026-04-15T23:22:12+0800,poly,deriche,wasm-jit,7,ok,,1122121310,1376648944,183824251,115203,309058195,52771672,18786093,145403
2026-04-15T23:22:13+0800,poly,deriche,wasm-jit,8,ok,,1111582896,1376999058,183949571,115627,309019615,52736207,18864220,120924
2026-04-15T23:22:14+0800,poly,deriche,wasm-jit,9,ok,,1118410450,1376962246,183961659,118012,309030442,52809755,18699437,146476
2026-04-15T23:22:15+0800,poly,deriche,wasm-jit,10,ok,,1114202924,1375301252,183379323,116149,308804985,52729514,18718315,128453
2026-04-15T23:22:20+0800,poly,doitgen,native,1,ok,,2111172999,3363214268,285517050,236315,1095771688,88339516,47389,13882
2026-04-15T23:22:22+0800,poly,doitgen,native,2,ok,,2112395691,3364486798,285695735,238935,1096039975,88526872,71037,23525
2026-04-15T23:22:23+0800,poly,doitgen,native,3,ok,,2113510011,3365355584,285816029,239042,1096220084,88302847,238645,31987
2026-04-15T23:22:25+0800,poly,doitgen,native,4,ok,,2112924264,3364072994,285627435,238606,1095946709,88397690,58003,26047
2026-04-15T23:22:27+0800,poly,doitgen,native,5,ok,,2116069518,3364162629,285641284,318710,1095969660,88192251,201279,31657
2026-04-15T23:22:29+0800,poly,doitgen,native,6,ok,,2118248548,3364235416,285651008,262219,1095985265,88755862,3348481,37585
2026-04-15T23:22:31+0800,poly,doitgen,native,7,ok,,2123360471,3365384124,285823229,271145,1096235039,88370282,88470,52491
2026-04-15T23:22:33+0800,poly,doitgen,native,8,ok,,2115810579,3363435661,285550956,259895,1095824361,88746440,67531,24232
2026-04-15T23:22:35+0800,poly,doitgen,native,9,ok,,2112990130,3363403202,285550157,302795,1095816828,88499793,46305,14948
2026-04-15T23:22:37+0800,poly,doitgen,native,10,ok,,2113533118,3364298257,285665780,242305,1096002089,88344280,68464,21216
2026-04-15T23:22:21+0800,poly,doitgen,wasm-aot,1,ok,,2216512984,7275680039,1121689654,3491827,1119136226,99898408,168259,101479
2026-04-15T23:22:23+0800,poly,doitgen,wasm-aot,2,ok,,2217180061,7273963611,1121461302,3493346,1118783318,99886103,165615,94548
2026-04-15T23:22:25+0800,poly,doitgen,wasm-aot,3,ok,,2207899247,7274472578,1121496844,3491050,1118917769,99879001,322003,89699
2026-04-15T23:22:27+0800,poly,doitgen,wasm-aot,4,ok,,2213982432,7275312903,1121593008,3491353,1119091167,99922395,164137,96100
2026-04-15T23:22:28+0800,poly,doitgen,wasm-aot,5,ok,,2208581264,7274384011,1121388569,3491834,1118916948,99914996,152997,80408
2026-04-15T23:22:30+0800,poly,doitgen,wasm-aot,6,ok,,2206974573,7273598746,1121270567,3491334,1118743397,99893835,140940,74096
2026-04-15T23:22:32+0800,poly,doitgen,wasm-aot,7,ok,,2207321007,7274031562,1121347093,3491381,1118840246,99909293,153091,74665
2026-04-15T23:22:34+0800,poly,doitgen,wasm-aot,8,ok,,2208545472,7274676397,1121553358,3494102,1118928336,99916236,154795,75771
2026-04-15T23:22:36+0800,poly,doitgen,wasm-aot,9,ok,,2208807028,7273797617,1121316553,3495555,1118826952,99906703,140952,74635
2026-04-15T23:22:38+0800,poly,doitgen,wasm-aot,10,ok,,2199625283,7273158690,1121228667,3490492,1118665690,99870132,134204,67978
2026-04-15T23:22:20+0800,poly,doitgen,wasm-jit,1,ok,,2213568801,7277700049,1121882633,3505863,1119725049,99951799,166270,95275
2026-04-15T23:22:22+0800,poly,doitgen,wasm-jit,2,ok,,2204939233,7277804555,1122000707,3503287,1119740146,99908266,153018,76869
2026-04-15T23:22:24+0800,poly,doitgen,wasm-jit,3,ok,,2211184727,7277131561,1121939294,3504076,1119573008,99941502,144233,73349
2026-04-15T23:22:26+0800,poly,doitgen,wasm-jit,4,ok,,2202163573,7276524560,1121815117,3500173,1119463604,99888547,135841,70089
2026-04-15T23:22:28+0800,poly,doitgen,wasm-jit,5,ok,,2211139800,7276462294,1121728745,3499272,1119500144,99941588,151422,73399
2026-04-15T23:22:30+0800,poly,doitgen,wasm-jit,6,ok,,2211402323,7276821495,1121863974,3498416,1119535659,99902821,145711,73654
2026-04-15T23:22:32+0800,poly,doitgen,wasm-jit,7,ok,,2207241890,7277607082,1121910315,3505536,1119734920,99920015,157880,81657
2026-04-15T23:22:33+0800,poly,doitgen,wasm-jit,8,ok,,2217083687,7277411558,1121930000,3502094,1119649789,99942662,177695,92261
2026-04-15T23:22:35+0800,poly,doitgen,wasm-jit,9,ok,,2220365885,7277093664,1121780499,3506023,1119614689,100127026,4554853,97963
2026-04-15T23:22:37+0800,poly,doitgen,wasm-jit,10,ok,,2214293020,7278240128,1122111316,3501059,1119817844,99910423,359563,101503
2026-04-15T23:22:38+0800,poly,durbin,native,1,ok,,44894469,43615203,5112061,13124,14475246,36810,5409,563
2026-04-15T23:22:38+0800,poly,durbin,native,2,ok,,44683163,43581610,5106764,13027,14467125,42438,4992,404
2026-04-15T23:22:38+0800,poly,durbin,native,3,ok,,44679161,43601310,5109444,13240,14472518,32936,5017,424
2026-04-15T23:22:38+0800,poly,durbin,native,4,ok,,44662595,43623382,5113599,13280,14476961,45637,5011,544
2026-04-15T23:22:38+0800,poly,durbin,native,5,ok,,44547448,43497576,5092060,12300,14446136,29463,4179,509
2026-04-15T23:22:39+0800,poly,durbin,native,6,ok,,45305869,43529384,5097837,12392,14454595,35536,4240,396
2026-04-15T23:22:39+0800,poly,durbin,native,7,ok,,44436942,43561425,5103541,11778,14462031,27729,4269,440
2026-04-15T23:22:39+0800,poly,durbin,native,8,ok,,44803783,43585247,5106661,12651,14467471,34901,4730,791
2026-04-15T23:22:39+0800,poly,durbin,native,9,ok,,44508715,43593148,5108555,12625,14469203,35580,4469,425
2026-04-15T23:22:39+0800,poly,durbin,native,10,ok,,44542049,43518863,5095594,11692,14451378,44926,4592,707
2026-04-15T23:22:38+0800,poly,durbin,wasm-aot,1,ok,,96911858,206570761,31199097,67340,35408578,1408645,88959,48559
2026-04-15T23:22:38+0800,poly,durbin,wasm-aot,2,ok,,96908035,206672325,31224210,69137,35423298,1405156,88824,47866
2026-04-15T23:22:38+0800,poly,durbin,wasm-aot,3,ok,,97630580,207023576,31318989,68302,35487001,1406427,90826,50734
2026-04-15T23:22:38+0800,poly,durbin,wasm-aot,4,ok,,97027848,206995772,31315240,66498,35483809,1403617,90806,50107
2026-04-15T23:22:39+0800,poly,durbin,wasm-aot,5,ok,,96933191,206936450,31313038,65713,35453327,1408397,89942,50169
2026-04-15T23:22:39+0800,poly,durbin,wasm-aot,6,ok,,97224877,206913852,31316187,66394,35443338,1406534,90655,49491
2026-04-15T23:22:39+0800,poly,durbin,wasm-aot,7,ok,,98906856,206982497,31310114,63180,35480191,1399207,89807,53483
2026-04-15T23:22:39+0800,poly,durbin,wasm-aot,8,ok,,97684973,206926670,31300230,69660,35465874,1404482,90996,49613
2026-04-15T23:22:39+0800,poly,durbin,wasm-aot,9,ok,,99148417,207078477,31327657,63742,35503216,1407311,90317,54065
2026-04-15T23:22:39+0800,poly,durbin,wasm-aot,10,ok,,96428254,206861391,31304511,65439,35431381,1402214,90099,49681
2026-04-15T23:22:38+0800,poly,durbin,wasm-jit,1,ok,,99718255,209482344,31682936,72600,36111642,1431928,93128,51758
2026-04-15T23:22:38+0800,poly,durbin,wasm-jit,2,ok,,99169698,209642005,31716161,78256,36149382,1441975,93597,50485
2026-04-15T23:22:38+0800,poly,durbin,wasm-jit,3,ok,,97482812,209238931,31601052,77777,36083408,1438598,88953,44624
2026-04-15T23:22:38+0800,poly,durbin,wasm-jit,4,ok,,99013486,209655034,31717021,74793,36155416,1436886,89959,47836
2026-04-15T23:22:39+0800,poly,durbin,wasm-jit,5,ok,,99931183,209607205,31709082,76732,36142935,1439665,94653,51643
2026-04-15T23:22:39+0800,poly,durbin,wasm-jit,6,ok,,96308046,209796851,31738129,76518,36186439,1445987,92156,45770
2026-04-15T23:22:39+0800,poly,durbin,wasm-jit,7,ok,,97345668,209525145,31710350,70232,36106920,1433412,89564,48028
2026-04-15T23:22:39+0800,poly,durbin,wasm-jit,8,ok,,100216201,209268407,31613935,76928,36084208,1436197,94973,51727
2026-04-15T23:22:39+0800,poly,durbin,wasm-jit,9,ok,,97868689,210063142,31782063,74435,36218096,1443222,99289,54353
2026-04-15T23:22:39+0800,poly,durbin,wasm-jit,10,ok,,100376792,209839855,31753663,74065,36181081,1439452,95946,52985
2026-04-15T23:22:56+0800,poly,fdtd-2d,native,1,ok,,7961859083,8968284275,469761342,1534073,3325210811,542749838,12939990,11098632
2026-04-15T23:23:04+0800,poly,fdtd-2d,native,2,ok,,8296524693,8969071989,469886465,1534398,3325400173,542608594,13546362,11765257
2026-04-15T23:23:11+0800,poly,fdtd-2d,native,3,ok,,7085878392,8965670492,469330904,1528206,3324567889,543064024,11854660,9937142
2026-04-15T23:23:17+0800,poly,fdtd-2d,native,4,ok,,6904814294,8965286302,469277802,1529918,3324484651,543176719,11608995,9652239
2026-04-15T23:23:24+0800,poly,fdtd-2d,native,5,ok,,7121423545,8965374687,469290563,1528645,3324517923,543066552,12124772,10203379
2026-04-15T23:23:31+0800,poly,fdtd-2d,native,6,ok,,6861196902,8966255383,469405494,1529596,3324690034,543253748,11575290,9611282
2026-04-15T23:23:38+0800,poly,fdtd-2d,native,7,ok,,6945304408,8964427406,469143026,1528341,3324299309,543443370,11355992,9403812
2026-04-15T23:23:44+0800,poly,fdtd-2d,native,8,ok,,7119265777,8965509907,469316496,1529644,3324549593,542762021,12616658,10725176
2026-04-15T23:23:51+0800,poly,fdtd-2d,native,9,ok,,7002132986,8964929665,469209491,1527741,3324405125,543306678,11743866,9805814
2026-04-15T23:23:58+0800,poly,fdtd-2d,native,10,ok,,7335684605,8965202846,469275293,1529370,3324492677,543118549,12020242,10132721
2026-04-15T23:23:01+0800,poly,fdtd-2d,wasm-aot,1,ok,,9282760410,27806000125,3633499792,1587717,8434468568,544751473,4501443,3630101
2026-04-15T23:23:09+0800,poly,fdtd-2d,wasm-aot,2,ok,,9163026548,27805143970,3633356275,1576881,8434270860,544910165,4416837,3554248
2026-04-15T23:23:16+0800,poly,fdtd-2d,wasm-aot,3,ok,,8611517861,27802517832,3632883943,1583474,8433692590,545091802,4128519,3270068
2026-04-15T23:23:22+0800,poly,fdtd-2d,wasm-aot,4,ok,,8557588848,27803347742,3633005835,1581308,8433869863,545131130,4166645,3317411
2026-04-15T23:23:29+0800,poly,fdtd-2d,wasm-aot,5,ok,,8562294274,27803402623,3633091983,1582421,8433858793,545256210,4069606,3224614
2026-04-15T23:23:36+0800,poly,fdtd-2d,wasm-aot,6,ok,,8474481299,27802315437,3632926903,1581614,8433623894,545066089,4053577,3194098
2026-04-15T23:23:42+0800,poly,fdtd-2d,wasm-aot,7,ok,,8350258332,27802915987,3632929038,1581939,8433764697,545313547,3951537,3139934
2026-04-15T23:23:49+0800,poly,fdtd-2d,wasm-aot,8,ok,,8868674388,27803760231,3633193686,1581799,8433924555,544989386,4216006,3366741
2026-04-15T23:23:56+0800,poly,fdtd-2d,wasm-aot,9,ok,,8879529567,27804415490,3633227260,1584501,8434090920,544956241,4223035,3380438
2026-04-15T23:24:03+0800,poly,fdtd-2d,wasm-aot,10,ok,,8268146504,27801688119,3632714210,1580185,8433498939,545346919,3923049,3079541
2026-04-15T23:22:59+0800,poly,fdtd-2d,wasm-jit,1,ok,,9054514909,27808403099,3633909134,1594280,8435055446,544919912,4387853,3550283
2026-04-15T23:23:06+0800,poly,fdtd-2d,wasm-jit,2,ok,,9020832127,27809222167,3633987794,1596312,8435261797,545005280,4395126,3525728
2026-04-15T23:23:13+0800,poly,fdtd-2d,wasm-jit,3,ok,,8609604605,27805931259,3633381088,1590997,8434551649,545167837,4137691,3281435
2026-04-15T23:23:20+0800,poly,fdtd-2d,wasm-jit,4,ok,,8525234779,27805964140,3633474911,1590811,8434507667,545306153,4124009,3259968
2026-04-15T23:23:27+0800,poly,fdtd-2d,wasm-jit,5,ok,,8331544277,27805194437,3633273960,1587476,8434353083,545192305,3978953,3108589
2026-04-15T23:23:33+0800,poly,fdtd-2d,wasm-jit,6,ok,,8398879543,27805509796,3633433253,1591930,8434369421,545013668,4008539,3139044
2026-04-15T23:23:40+0800,poly,fdtd-2d,wasm-jit,7,ok,,8447479513,27805548205,3633313923,1588960,8434430681,545268773,4075918,3197446
2026-04-15T23:23:47+0800,poly,fdtd-2d,wasm-jit,8,ok,,8393967664,27805973194,3633490495,1589151,8434482730,545393932,4023043,3189804
2026-04-15T23:23:54+0800,poly,fdtd-2d,wasm-jit,9,ok,,8375809554,27805204526,3633367829,1589689,8434328161,545282894,4020326,3183064
2026-04-15T23:24:00+0800,poly,fdtd-2d,wasm-jit,10,ok,,8573494045,27806315038,3633543945,1592061,8434599718,545180840,4121979,3275124
2026-04-15T23:25:56+0800,poly,floyd-warshall,native,1,ok,,47161463954,165069687672,11031141849,7919738,65906270274,1379283592,10748770,5127489
2026-04-15T23:26:46+0800,poly,floyd-warshall,native,2,ok,,47326588544,165069689310,11031148890,7919518,65906278059,1379287664,10802261,5192235
2026-04-15T23:27:37+0800,poly,floyd-warshall,native,3,ok,,49592813595,165078309366,11032587544,7942807,65908391015,1379614040,11111046,6122971
2026-04-15T23:28:28+0800,poly,floyd-warshall,native,4,ok,,49014881765,165076751222,11032338367,7938942,65908018837,1379604668,11037546,6051742
2026-04-15T23:29:19+0800,poly,floyd-warshall,native,5,ok,,49309538274,165075483161,11032090709,7936826,65907724848,1379583235,11003963,5970182
2026-04-15T23:30:11+0800,poly,floyd-warshall,native,6,ok,,49583900102,165077566505,11032425386,7941193,65908187689,1379598258,11075738,6125502
2026-04-15T23:31:02+0800,poly,floyd-warshall,native,7,ok,,49581809491,165077895327,11032486006,7935095,65908284645,1379583027,11113575,6177225
2026-04-15T23:31:53+0800,poly,floyd-warshall,native,8,ok,,49155276371,165076222073,11032247632,7939363,65907938626,1379583498,11085258,6090703
2026-04-15T23:32:45+0800,poly,floyd-warshall,native,9,ok,,49941392031,165078702345,11032652059,7941986,65908490079,1379698111,11122974,6260779
2026-04-15T23:33:37+0800,poly,floyd-warshall,native,10,ok,,49409536478,165077824973,11032486032,7938294,65908288151,1379565866,11070221,6045581
2026-04-15T23:26:33+0800,poly,floyd-warshall,wasm-aot,1,ok,,65739513782,286137678330,43981431728,7994280,65968764241,1381757097,11178292,4821604
2026-04-15T23:27:23+0800,poly,floyd-warshall,wasm-aot,2,ok,,67264861588,286144824507,43982651886,8006583,65970450775,1382020194,11393949,5869975
2026-04-15T23:28:14+0800,poly,floyd-warshall,wasm-aot,3,ok,,67252636150,286145751910,43982806456,8008803,65970714228,1382043088,11344118,5782195
2026-04-15T23:29:06+0800,poly,floyd-warshall,wasm-aot,4,ok,,67503427643,286143447340,43982335797,8012608,65970181535,1382105694,11316308,5868848
2026-04-15T23:29:57+0800,poly,floyd-warshall,wasm-aot,5,ok,,67216031687,286143002147,43982260652,8012016,65970080371,1382014955,11332241,5615110
2026-04-15T23:30:48+0800,poly,floyd-warshall,wasm-aot,6,ok,,67140973333,286144823211,43982648993,8003849,65970483202,1382014353,11302636,5785700
2026-04-15T23:31:39+0800,poly,floyd-warshall,wasm-aot,7,ok,,67197755300,286144458995,43982584895,7998620,65970383308,1382044869,11346486,5781275
2026-04-15T23:32:31+0800,poly,floyd-warshall,wasm-aot,8,ok,,68846411674,286149789122,43983514931,8023992,65971622844,1382342865,11550303,6153334
2026-04-15T23:33:23+0800,poly,floyd-warshall,wasm-aot,9,ok,,67367458479,286145698673,43982808332,8012864,65970712590,1382131383,11308708,5876167
2026-04-15T23:34:15+0800,poly,floyd-warshall,wasm-aot,10,ok,,69235690683,286147423945,43982982518,8014688,65971139578,1382277957,11514892,6483222
2026-04-15T23:26:14+0800,poly,floyd-warshall,wasm-jit,1,ok,,65842343162,286142075722,43982223573,7999266,65969798682,1381947926,11236652,4938699
2026-04-15T23:27:04+0800,poly,floyd-warshall,wasm-jit,2,ok,,66444311660,286142709846,43982319181,7997407,65969966680,1381974648,11237754,5332722
2026-04-15T23:27:56+0800,poly,floyd-warshall,wasm-jit,3,ok,,67147917300,286147806607,43983141412,8017272,65971232836,1382142758,11403006,5820185
2026-04-15T23:28:47+0800,poly,floyd-warshall,wasm-jit,4,ok,,67042992813,286146858602,43982898459,8019355,65971029664,1382130788,11350153,5812061
2026-04-15T23:29:38+0800,poly,floyd-warshall,wasm-jit,5,ok,,67290161778,286146509671,43982919615,8022152,65970909970,1382169334,11403671,5788637
2026-04-15T23:30:29+0800,poly,floyd-warshall,wasm-jit,6,ok,,67419998244,286147625428,43983085791,8023682,65971241138,1382146013,11344665,5854304
2026-04-15T23:31:21+0800,poly,floyd-warshall,wasm-jit,7,ok,,67277666073,286148692186,43983293146,8013365,65971403462,1382071064,11348165,5911280
2026-04-15T23:32:12+0800,poly,floyd-warshall,wasm-jit,8,ok,,67853382342,286148523661,43983225867,8025772,65971412000,1382182370,11419431,6158505
2026-04-15T23:33:04+0800,poly,floyd-warshall,wasm-jit,9,ok,,67382241002,286147945723,43983154426,8023648,65971261141,1382192921,11357889,5940529
2026-04-15T23:33:55+0800,poly,floyd-warshall,wasm-jit,10,ok,,67377206067,286147429802,43982998659,8020010,65971167005,1382100646,11315059,5880491
2026-04-15T23:34:21+0800,poly,gemm,native,1,ok,,1706315062,4427323586,348313480,1225366,1341423875,166432213,6473799,2164813
2026-04-15T23:34:24+0800,poly,gemm,native,2,ok,,1655646342,4425281910,347981733,1222456,1340992188,166410883,6172058,1816807
2026-04-15T23:34:27+0800,poly,gemm,native,3,ok,,1854633253,4426512956,348160031,1221447,1341278960,166458444,6300885,2190688
2026-04-15T23:34:31+0800,poly,gemm,native,4,ok,,1843843058,4425794175,348052780,1221468,1341129289,166454399,6361292,2306246
2026-04-15T23:34:34+0800,poly,gemm,native,5,ok,,1760876512,4426955951,348211162,1222963,1341370641,166442473,6666565,2842633
2026-04-15T23:34:37+0800,poly,gemm,native,6,ok,,1906582996,4427182060,348250221,1222663,1341419943,166461408,6368270,2215670
2026-04-15T23:34:40+0800,poly,gemm,native,7,ok,,1559593203,4425262670,347962172,1221807,1340998598,166404986,5718236,1380161
2026-04-15T23:34:43+0800,poly,gemm,native,8,ok,,1316937741,4424998223,347923970,1222934,1340931625,166360060,5379787,191087
2026-04-15T23:34:45+0800,poly,gemm,native,9,ok,,1347753488,4425467132,347992216,1225849,1341028833,166365274,5455114,399004
2026-04-15T23:34:48+0800,poly,gemm,native,10,ok,,1503307826,4427183988,348257549,1225965,1341414924,166422285,5625112,1117073
2026-04-15T23:34:24+0800,poly,gemm,wasm-aot,1,ok,,4783675631,18731592971,2681199100,1279196,4000043458,167931860,504358,171690
2026-04-15T23:34:27+0800,poly,gemm,wasm-aot,2,ok,,4565131464,18732975809,2681255651,1278294,4000372426,167969657,500338,138144
2026-04-15T23:34:30+0800,poly,gemm,wasm-aot,3,ok,,4621534197,18734385980,2681462221,1276843,4000643596,167984786,494340,150514
2026-04-15T23:34:33+0800,poly,gemm,wasm-aot,4,ok,,4694642820,18733769804,2681355060,1274379,4000574321,168009728,532123,184433
2026-04-15T23:34:36+0800,poly,gemm,wasm-aot,5,ok,,4380070973,18733019438,2681351332,1272884,4000364591,167968535,498827,133200
2026-04-15T23:34:39+0800,poly,gemm,wasm-aot,6,ok,,4446790629,18733486683,2681429077,1274522,4000470093,167982391,504632,137690
2026-04-15T23:34:42+0800,poly,gemm,wasm-aot,7,ok,,4217509494,18732054035,2681153827,1274838,4000196442,167931849,461775,96290
2026-04-15T23:34:45+0800,poly,gemm,wasm-aot,8,ok,,4220488553,18738876998,2682246685,1282181,4001569355,167977753,489372,118197
2026-04-15T23:34:48+0800,poly,gemm,wasm-aot,9,ok,,4184562026,18732547747,2681225105,1285934,4000277431,167960518,455832,76290
2026-04-15T23:34:51+0800,poly,gemm,wasm-aot,10,ok,,4222817311,18732575743,2681301148,1280363,4000270877,167935114,462443,92992
2026-04-15T23:34:23+0800,poly,gemm,wasm-jit,1,ok,,4447933067,18735344119,2681772875,1290965,4000931178,167960471,495623,135342
2026-04-15T23:34:26+0800,poly,gemm,wasm-jit,2,ok,,4533674326,18737554769,2681964668,1299943,4001378220,168009004,528275,142642
2026-04-15T23:34:29+0800,poly,gemm,wasm-jit,3,ok,,4520536395,18734953661,2681555162,1285190,4000898044,167992924,510315,142052
2026-04-15T23:34:32+0800,poly,gemm,wasm-jit,4,ok,,4468382556,18737582090,2682062366,1285020,4001369666,167995698,502412,138919
2026-04-15T23:34:35+0800,poly,gemm,wasm-jit,5,ok,,4775540456,18736127947,2681857995,1282265,4001113340,168023085,518256,174562
2026-04-15T23:34:38+0800,poly,gemm,wasm-jit,6,ok,,4722771279,18737030074,2681994554,1283799,4001318220,168030707,520893,177224
2026-04-15T23:34:41+0800,poly,gemm,wasm-jit,7,ok,,4223519543,18736345139,2681870934,1288675,4001179666,167967099,465570,101510
2026-04-15T23:34:44+0800,poly,gemm,wasm-jit,8,ok,,4241774436,18735743764,2681784537,1288689,4001062547,167978661,487338,105374
2026-04-15T23:34:47+0800,poly,gemm,wasm-jit,9,ok,,4199028116,18736496403,2681803292,1300473,4001217124,167968034,467610,86082
2026-04-15T23:34:49+0800,poly,gemm,wasm-jit,10,ok,,4223240255,18736729512,2681964019,1285826,4001285802,167997725,492873,101811
2026-04-15T23:34:51+0800,poly,gemver,native,1,ok,,166922066,204690696,19655192,21495,41646150,7091906,660231,381678
2026-04-15T23:34:51+0800,poly,gemver,native,2,ok,,154445167,204611299,19641495,21636,41626957,7139269,500193,85217
2026-04-15T23:34:51+0800,poly,gemver,native,3,ok,,160350824,204702494,19656710,22617,41648301,7221151,615709,325787
2026-04-15T23:34:52+0800,poly,gemver,native,4,ok,,154281789,204754180,19664611,23700,41661473,7144191,535608,171919
2026-04-15T23:34:52+0800,poly,gemver,native,5,ok,,158918521,204696054,19655281,23644,41647200,7129076,557174,209698
2026-04-15T23:34:52+0800,poly,gemver,native,6,ok,,157667773,204622835,19643575,22449,41629145,7144555,569585,245285
2026-04-15T23:34:52+0800,poly,gemver,native,7,ok,,155420660,204574640,19635066,22599,41617565,7232125,500205,82184
2026-04-15T23:34:52+0800,poly,gemver,native,8,ok,,158121778,207559954,20072347,27982,42246248,7082578,565316,104525
2026-04-15T23:34:53+0800,poly,gemver,native,9,ok,,158719661,204649427,19647486,22829,41635777,7144966,550278,191911
2026-04-15T23:34:53+0800,poly,gemver,native,10,ok,,158072646,204699884,19656408,23367,41648393,7100316,604239,284713
2026-04-15T23:34:51+0800,poly,gemver,wasm-aot,1,ok,,196522389,426418386,61917075,73670,98754341,8427993,603637,205537
2026-04-15T23:34:51+0800,poly,gemver,wasm-aot,2,ok,,193078292,426221234,61881046,74876,98705121,8409988,558762,145063
2026-04-15T23:34:52+0800,poly,gemver,wasm-aot,3,ok,,194424958,425954352,61832944,70747,98642947,8407192,614136,223480
2026-04-15T23:34:52+0800,poly,gemver,wasm-aot,4,ok,,201239908,425601314,61687941,73637,98622713,8428361,624587,246934
2026-04-15T23:34:52+0800,poly,gemver,wasm-aot,5,ok,,197053985,426525793,61826037,75422,98789033,8441196,596221,164091
2026-04-15T23:34:52+0800,poly,gemver,wasm-aot,6,ok,,201117365,427486633,62058890,70543,98976511,8311971,703335,385017
2026-04-15T23:34:52+0800,poly,gemver,wasm-aot,7,ok,,196620531,426350886,61924272,77325,98713793,8425390,598298,213576
2026-04-15T23:34:53+0800,poly,gemver,wasm-aot,8,ok,,200109694,426203581,61880608,71706,98700796,8430137,707180,376893
2026-04-15T23:34:53+0800,poly,gemver,wasm-aot,9,ok,,195683827,426409758,61915620,76331,98748470,8324008,590149,190252
2026-04-15T23:34:53+0800,poly,gemver,wasm-aot,10,ok,,195485381,425448980,61668085,73340,98582982,8424494,593538,208367
2026-04-15T23:34:51+0800,poly,gemver,wasm-jit,1,ok,,199998433,428141183,62081714,80413,99242143,8448684,692645,361040
2026-04-15T23:34:51+0800,poly,gemver,wasm-jit,2,ok,,199330572,428982870,62304138,81757,99402233,8454937,636055,260831
2026-04-15T23:34:51+0800,poly,gemver,wasm-jit,3,ok,,199544550,428446046,62142150,85742,99317481,8453861,660586,304216
2026-04-15T23:34:52+0800,poly,gemver,wasm-jit,4,ok,,237172864,433798417,62976864,83986,100425304,8526771,695295,311266
2026-04-15T23:34:52+0800,poly,gemver,wasm-jit,5,ok,,198197998,428938602,62292655,81299,99392526,8445700,610021,219954
2026-04-15T23:34:52+0800,poly,gemver,wasm-jit,6,ok,,199841755,428909004,62287316,80959,99389508,8446412,616646,204275
2026-04-15T23:34:52+0800,poly,gemver,wasm-jit,7,ok,,199295957,429266236,62380733,78914,99434103,8450613,627521,245926
2026-04-15T23:34:52+0800,poly,gemver,wasm-jit,8,ok,,199835337,428960963,62295899,82339,99398393,8452647,696316,354796
2026-04-15T23:34:53+0800,poly,gemver,wasm-jit,9,ok,,200018081,429005544,62340285,80872,99373231,8453232,604660,201408
2026-04-15T23:34:53+0800,poly,gemver,wasm-jit,10,ok,,202717757,430863283,62553405,82292,99795344,8433918,682207,326989
2026-04-15T23:34:53+0800,poly,gesummv,native,1,ok,,97123189,119497514,14005382,18700,28264943,962622,40452,21135
2026-04-15T23:34:53+0800,poly,gesummv,native,2,ok,,92853008,118115360,13810797,15413,27974720,940518,23031,5457
2026-04-15T23:34:54+0800,poly,gesummv,native,3,ok,,92598793,118136946,13814963,15244,27981111,935511,23720,4944
2026-04-15T23:34:54+0800,poly,gesummv,native,4,ok,,95191409,118770471,13902899,17605,28114262,954504,31228,12158
2026-04-15T23:34:54+0800,poly,gesummv,native,5,ok,,92796763,118166898,13819891,15682,27987371,944934,23762,5222
2026-04-15T23:34:54+0800,poly,gesummv,native,6,ok,,92888968,118136454,13814169,16031,27980317,949112,24726,6288
2026-04-15T23:34:54+0800,poly,gesummv,native,7,ok,,92877001,118178582,13822761,16628,27990755,944726,24476,5034
2026-04-15T23:34:54+0800,poly,gesummv,native,8,ok,,93287865,118214000,13828085,16396,27999520,943597,25439,5702
2026-04-15T23:34:55+0800,poly,gesummv,native,9,ok,,92569271,118175589,13820584,16540,27989154,940385,25143,5417
2026-04-15T23:34:55+0800,poly,gesummv,native,10,ok,,93088007,118118704,13811580,15127,27976455,935924,23964,5057
2026-04-15T23:34:53+0800,poly,gesummv,wasm-aot,1,ok,,135385162,244750713,35259637,66048,47466828,2302189,107236,57853
2026-04-15T23:34:54+0800,poly,gesummv,wasm-aot,2,ok,,138470870,246886531,35565896,70283,47925260,2344418,130720,79594
2026-04-15T23:34:54+0800,poly,gesummv,wasm-aot,3,ok,,135392751,244613978,35232469,64613,47432802,2305563,106971,62392
2026-04-15T23:34:54+0800,poly,gesummv,wasm-aot,4,ok,,136000914,244129217,35086338,62196,47354616,2307637,107130,60911
2026-04-15T23:34:54+0800,poly,gesummv,wasm-aot,5,ok,,135523323,244840459,35271713,67119,47485619,2312072,110361,59453
2026-04-15T23:34:54+0800,poly,gesummv,wasm-aot,6,ok,,138406209,244754756,35259518,63430,47468211,2319011,109512,63199
2026-04-15T23:34:54+0800,poly,gesummv,wasm-aot,7,ok,,134944287,244344157,35109574,65344,47424743,2319575,112160,59590
2026-04-15T23:34:54+0800,poly,gesummv,wasm-aot,8,ok,,134057215,244102011,35079699,64996,47349046,2307805,111061,57932
2026-04-15T23:34:55+0800,poly,gesummv,wasm-aot,9,ok,,134434612,244845880,35278180,66578,47488121,2323306,110938,58951
2026-04-15T23:34:55+0800,poly,gesummv,wasm-aot,10,ok,,137374134,244804766,35285790,68924,47459604,2310679,112577,61664
2026-04-15T23:34:53+0800,poly,gesummv,wasm-jit,1,ok,,137152153,247538288,35710038,73260,48131398,2332803,111022,59310
2026-04-15T23:34:53+0800,poly,gesummv,wasm-jit,2,ok,,139195715,247393149,35659571,76620,48130163,2345094,112785,61570
2026-04-15T23:34:54+0800,poly,gesummv,wasm-jit,3,ok,,136674992,246615858,35456640,74546,47984288,2332010,111089,58630
2026-04-15T23:34:54+0800,poly,gesummv,wasm-jit,4,ok,,140265023,246926115,35511636,76263,48066559,2346318,115371,63776
2026-04-15T23:34:54+0800,poly,gesummv,wasm-jit,5,ok,,140322904,249023576,35931009,81847,48456809,2365525,132001,73707
2026-04-15T23:34:54+0800,poly,gesummv,wasm-jit,6,ok,,137821083,247335751,35644360,76656,48120232,2339675,113284,61275
2026-04-15T23:34:54+0800,poly,gesummv,wasm-jit,7,ok,,137415620,247383568,35654985,75672,48132085,2375630,113045,61302
2026-04-15T23:34:54+0800,poly,gesummv,wasm-jit,8,ok,,137491755,247242028,35627259,74010,48098318,2339362,111983,60124
2026-04-15T23:34:55+0800,poly,gesummv,wasm-jit,9,ok,,138596932,247533451,35688256,75780,48166427,2343288,114758,60647
2026-04-15T23:34:55+0800,poly,gesummv,wasm-jit,10,ok,,136676301,247497995,35687621,76066,48141807,2337150,114703,58182
2026-04-15T23:35:28+0800,poly,gramschmidt,native,1,ok,,17957315148,8063187691,741928421,1483199,2909584751,3354218023,101551781,3046030
2026-04-15T23:35:41+0800,poly,gramschmidt,native,2,ok,,15571718086,8058675718,741151121,1486979,2908451024,3310428024,108278070,7728200
2026-04-15T23:35:55+0800,poly,gramschmidt,native,3,ok,,18135011902,8064587797,742145239,1488335,2909905462,3353059517,113141853,9666763
2026-04-15T23:36:09+0800,poly,gramschmidt,native,4,ok,,18295782324,8065689535,742345381,1490519,2910178026,3360756718,105048232,7558266
2026-04-15T23:36:23+0800,poly,gramschmidt,native,5,ok,,17540345472,8064658314,742187433,1492981,2909915892,3343422419,108643384,11726288
2026-04-15T23:36:37+0800,poly,gramschmidt,native,6,ok,,17978766728,8063192394,741941065,1488764,2909590962,3351886517,101346293,9603496
2026-04-15T23:36:51+0800,poly,gramschmidt,native,7,ok,,17470434552,8061410091,741655557,1482740,2909173980,3348348312,111322865,9385952
2026-04-15T23:37:06+0800,poly,gramschmidt,native,8,ok,,18696162114,8064361101,742157066,1487580,2909922664,3359264602,118729614,5987755
2026-04-15T23:37:19+0800,poly,gramschmidt,native,9,ok,,15485252389,8057758238,741008565,1482768,2908250308,3305975326,104263559,7249174
2026-04-15T23:37:34+0800,poly,gramschmidt,native,10,ok,,18453530294,8063505164,741985281,1485710,2909671792,3359118544,117263892,7451002
2026-04-15T23:35:37+0800,poly,gramschmidt,wasm-aot,1,ok,,16792974838,18240507311,2919860677,1537020,3645144430,3344465039,118268270,5792902
2026-04-15T23:35:50+0800,poly,gramschmidt,wasm-aot,2,ok,,15327476557,18239507966,2919637150,1544390,3644884567,3315922021,103401327,6676347
2026-04-15T23:36:04+0800,poly,gramschmidt,wasm-aot,3,ok,,14352272909,18234523327,2918723106,1532260,3643759661,3295166357,120253660,4608944
2026-04-15T23:36:18+0800,poly,gramschmidt,wasm-aot,4,ok,,15326457214,18237699570,2919220041,1535459,3644490982,3316919385,103324641,7705765
2026-04-15T23:36:32+0800,poly,gramschmidt,wasm-aot,5,ok,,17114457165,18239864188,2919649687,1540430,3645082639,3345058896,135031766,17986423
2026-04-15T23:36:46+0800,poly,gramschmidt,wasm-aot,6,ok,,14606488445,18236197062,2919107394,1533487,3644045059,3301410464,106865990,7294909
2026-04-15T23:37:01+0800,poly,gramschmidt,wasm-aot,7,ok,,16820556942,18239622588,2919598096,1535935,3645002482,3345988583,101465249,6315265
2026-04-15T23:37:15+0800,poly,gramschmidt,wasm-aot,8,ok,,16820444387,18240073342,2919734621,1533935,3645092469,3346189360,104388743,5488323
2026-04-15T23:37:29+0800,poly,gramschmidt,wasm-aot,9,ok,,16858742925,18239280346,2919556477,1534255,3644938694,3344823094,106699512,8238790
2026-04-15T23:37:44+0800,poly,gramschmidt,wasm-aot,10,ok,,16813927019,18241761718,2919999031,1536060,3645404084,3345284697,97151806,7107505
2026-04-15T23:35:32+0800,poly,gramschmidt,wasm-jit,1,ok,,15097376674,18239486170,2919506820,1547368,3644954293,3309603879,105896258,5459787
2026-04-15T23:35:46+0800,poly,gramschmidt,wasm-jit,2,ok,,16892233856,18243734045,2920319548,1546082,3645996590,3345869724,96183981,9421443
2026-04-15T23:36:00+0800,poly,gramschmidt,wasm-jit,3,ok,,16818225300,18242304648,2919968832,1546919,3645688143,3345706972,100907426,6296662
2026-04-15T23:36:14+0800,poly,gramschmidt,wasm-jit,4,ok,,16826711097,18244017806,2920359990,1548424,3646017126,3344568582,109971415,7932662
2026-04-15T23:36:28+0800,poly,gramschmidt,wasm-jit,5,ok,,16773576707,18242661422,2920075514,1546066,3645747070,3345178263,103389621,5942550
2026-04-15T23:36:42+0800,poly,gramschmidt,wasm-jit,6,ok,,16850376130,18243800241,2920316358,1547289,3645984161,3345662699,103652231,7941343
2026-04-15T23:36:56+0800,poly,gramschmidt,wasm-jit,7,ok,,16640652790,18244363886,2920420266,1546425,3646185327,3344095586,127216367,3813099
2026-04-15T23:37:10+0800,poly,gramschmidt,wasm-jit,8,ok,,16838032313,18242838542,2920156076,1544064,3645792178,3345468453,97295170,8372814
2026-04-15T23:37:24+0800,poly,gramschmidt,wasm-jit,9,ok,,16856202700,18242752945,2920150636,1546761,3645763711,3345811147,111259885,5914025
2026-04-15T23:37:39+0800,poly,gramschmidt,wasm-jit,10,ok,,17302765650,18242421313,2920184627,1548775,3645687121,3345480077,110587815,23371828
2026-04-15T23:38:06+0800,poly,heat-3d,native,1,ok,,8718415336,20752833822,877793436,14085957,5772255456,841663318,2130589,752586
2026-04-15T23:38:15+0800,poly,heat-3d,native,2,ok,,8564078905,20751996724,877654064,14082124,5772060107,841648708,2098508,731480
2026-04-15T23:38:25+0800,poly,heat-3d,native,3,ok,,8972025000,20753213562,877835778,14083224,5772341141,841671116,2216773,838497
2026-04-15T23:38:35+0800,poly,heat-3d,native,4,ok,,9202309783,20753385028,877882641,14083456,5772400655,841657723,2402507,967281
2026-04-15T23:38:44+0800,poly,heat-3d,native,5,ok,,8658342531,20752116621,877674255,14083027,5772090679,841663544,2088962,731159
2026-04-15T23:38:54+0800,poly,heat-3d,native,6,ok,,8741549979,20752418632,877718152,14082047,5772160826,841635370,2097846,743481
2026-04-15T23:39:04+0800,poly,heat-3d,native,7,ok,,8693666351,20753466078,877909986,14084622,5772407483,841704015,2115429,725982
2026-04-15T23:39:13+0800,poly,heat-3d,native,8,ok,,8399167533,20751594837,877585240,14081763,5771961899,841587889,2022857,687796
2026-04-15T23:39:23+0800,poly,heat-3d,native,9,ok,,8757211627,20752538306,877736713,14084796,5772194495,841669836,2162038,765855
2026-04-15T23:39:33+0800,poly,heat-3d,native,10,ok,,8543006986,20753188088,877818817,14085650,5772316198,841621133,2031996,732739
2026-04-15T23:38:13+0800,poly,heat-3d,wasm-aot,1,ok,,12990685631,54517141773,3337074787,14140811,16470023211,843259596,1505299,277420
2026-04-15T23:38:22+0800,poly,heat-3d,wasm-aot,2,ok,,12898298722,54517382782,3337111453,14140813,16470066355,843263867,1484011,268798
2026-04-15T23:38:32+0800,poly,heat-3d,wasm-aot,3,ok,,13042524178,54521810699,3337842023,14154118,16470987568,843296648,1489449,280570
2026-04-15T23:38:42+0800,poly,heat-3d,wasm-aot,4,ok,,12881967161,54518662742,3337409942,14139284,16470286115,843274427,1521597,264947
2026-04-15T23:38:52+0800,poly,heat-3d,wasm-aot,5,ok,,12975590393,54518199360,3337313327,14141879,16470224097,843241924,1472213,262713
2026-04-15T23:39:01+0800,poly,heat-3d,wasm-aot,6,ok,,12991230144,54517304434,3337071685,14142523,16470067837,843236607,1514348,258543
2026-04-15T23:39:11+0800,poly,heat-3d,wasm-aot,7,ok,,12871968005,54517785328,3337156373,14147248,16470133994,843247422,1502013,262387
2026-04-15T23:39:21+0800,poly,heat-3d,wasm-aot,8,ok,,12961790832,54518200468,3337348460,14137211,16470202547,843254504,1486697,267192
2026-04-15T23:39:30+0800,poly,heat-3d,wasm-aot,9,ok,,12908254432,54517602376,3337215687,14144571,16470103937,843270923,1533607,264067
2026-04-15T23:39:40+0800,poly,heat-3d,wasm-aot,10,ok,,13161307865,54518136288,3337300374,14143303,16470229315,843271230,1551301,294467
2026-04-15T23:38:09+0800,poly,heat-3d,wasm-jit,1,ok,,12907786768,54523518047,3338063954,14210646,16471447606,843386555,1548495,287772
2026-04-15T23:38:19+0800,poly,heat-3d,wasm-jit,2,ok,,12997442756,54521447787,3337814658,14156817,16471038205,843332847,1533624,276462
2026-04-15T23:38:29+0800,poly,heat-3d,wasm-jit,3,ok,,12903651825,54520583786,3337710499,14150616,16470804326,843263874,1484818,270478
2026-04-15T23:38:38+0800,poly,heat-3d,wasm-jit,4,ok,,12989571597,54520599279,3337668838,14206726,16470834374,843259727,1581570,307724
2026-04-15T23:38:48+0800,poly,heat-3d,wasm-jit,5,ok,,12961914965,54520575952,3337666684,14148655,16470832830,843291037,1494940,266919
2026-04-15T23:38:58+0800,poly,heat-3d,wasm-jit,6,ok,,12913628578,54519572954,3337524334,14145427,16470607932,843229872,1478641,254077
2026-04-15T23:39:07+0800,poly,heat-3d,wasm-jit,7,ok,,12899576223,54519878218,3337474103,14150553,16470698057,843303641,1509437,266067
2026-04-15T23:39:17+0800,poly,heat-3d,wasm-jit,8,ok,,12930087783,54520553717,3337700836,14148797,16470798963,843269696,1519090,263643
2026-04-15T23:39:27+0800,poly,heat-3d,wasm-jit,9,ok,,12812923326,54519797875,3337545100,14146855,16470661568,843298843,1522177,263339
2026-04-15T23:39:36+0800,poly,heat-3d,wasm-jit,10,ok,,13073173756,54521197896,3337779196,14189617,16470987759,843336505,1507813,272575
2026-04-15T23:39:40+0800,poly,jacobi-1d,native,1,ok,,36751273,32297216,4557616,8518,10909984,19867,4233,561
2026-04-15T23:39:40+0800,poly,jacobi-1d,native,2,ok,,37014163,32309205,4560095,9425,10913197,20588,4688,443
2026-04-15T23:39:40+0800,poly,jacobi-1d,native,3,ok,,36760528,32267117,4552354,9122,10902703,19647,4125,414
2026-04-15T23:39:41+0800,poly,jacobi-1d,native,4,ok,,36991044,32288198,4556343,9628,10907626,20477,4854,390
2026-04-15T23:39:41+0800,poly,jacobi-1d,native,5,ok,,36901157,32437435,4582356,8957,10944373,21440,4946,652
2026-04-15T23:39:41+0800,poly,jacobi-1d,native,6,ok,,40198247,32281762,4556036,9618,10906589,20739,4622,428
2026-04-15T23:39:41+0800,poly,jacobi-1d,native,7,ok,,37014933,32392059,4574264,9464,10932985,21053,4714,569
2026-04-15T23:39:41+0800,poly,jacobi-1d,native,8,ok,,37163105,32347346,4566876,9989,10922694,20898,4940,576
2026-04-15T23:39:41+0800,poly,jacobi-1d,native,9,ok,,36949150,32345635,4565849,8649,10922037,20985,4771,866
2026-04-15T23:39:41+0800,poly,jacobi-1d,native,10,ok,,36937425,32338569,4565045,8957,10920160,21011,5004,518
2026-04-15T23:39:40+0800,poly,jacobi-1d,wasm-aot,1,ok,,82897337,152928158,25305670,61816,30474710,1392396,90287,49250
2026-04-15T23:39:40+0800,poly,jacobi-1d,wasm-aot,2,ok,,81580673,152538367,25193418,62249,30411044,1389553,89270,47701
2026-04-15T23:39:41+0800,poly,jacobi-1d,wasm-aot,3,ok,,95843529,152835499,25292125,60791,30451139,1394952,90041,48770
2026-04-15T23:39:41+0800,poly,jacobi-1d,wasm-aot,4,ok,,82584468,152398926,25170097,61714,30379107,1388447,87013,46922
2026-04-15T23:39:41+0800,poly,jacobi-1d,wasm-aot,5,ok,,82910927,152788606,25298010,61178,30421803,1388991,89889,49298
2026-04-15T23:39:41+0800,poly,jacobi-1d,wasm-aot,6,ok,,82363741,152847587,25305930,59598,30437776,1400126,88747,49578
2026-04-15T23:39:41+0800,poly,jacobi-1d,wasm-aot,7,ok,,86264378,155148365,25569142,63114,30964345,1427711,114466,68379
2026-04-15T23:39:41+0800,poly,jacobi-1d,wasm-aot,8,ok,,81401557,152758677,25273999,61076,30433811,1393288,86199,45416
2026-04-15T23:39:41+0800,poly,jacobi-1d,wasm-aot,9,ok,,81140399,152742959,25289071,63096,30412142,1390196,87366,46677
2026-04-15T23:39:41+0800,poly,jacobi-1d,wasm-aot,10,ok,,82074278,152826895,25292538,61677,30444323,1389175,90276,49711
2026-04-15T23:39:40+0800,poly,jacobi-1d,wasm-jit,1,ok,,85676996,155535509,25693417,71317,31133138,1419795,94684,52557
2026-04-15T23:39:40+0800,poly,jacobi-1d,wasm-jit,2,ok,,84337505,155101999,25579908,71172,31060057,1416740,93896,51716
2026-04-15T23:39:40+0800,poly,jacobi-1d,wasm-jit,3,ok,,83186313,155342079,25620327,70569,31121732,1423093,89689,44556
2026-04-15T23:39:41+0800,poly,jacobi-1d,wasm-jit,4,ok,,88569860,157226690,25945020,73894,31503442,1462922,109500,61655
2026-04-15T23:39:41+0800,poly,jacobi-1d,wasm-jit,5,ok,,84905051,155072323,25574902,70914,31053743,1417527,94415,50605
2026-04-15T23:39:41+0800,poly,jacobi-1d,wasm-jit,6,ok,,82463185,155684327,25662661,73120,31171462,1431018,99826,55519
2026-04-15T23:39:41+0800,poly,jacobi-1d,wasm-jit,7,ok,,82129012,155468601,25680237,69146,31123214,1422281,88295,45707
2026-04-15T23:39:41+0800,poly,jacobi-1d,wasm-jit,8,ok,,82464631,155443888,25677327,74409,31117761,1420451,88424,44898
2026-04-15T23:39:41+0800,poly,jacobi-1d,wasm-jit,9,ok,,83945715,154978373,25560044,70785,31024622,1419124,94162,51639
2026-04-15T23:39:41+0800,poly,jacobi-1d,wasm-jit,10,ok,,85345807,155619618,25726316,74508,31136633,1420422,95347,51667
2026-04-15T23:39:56+0800,poly,jacobi-2d,native,1,ok,,6127005671,10229567331,440119637,1322656,3819091615,441704613,17337339,15701228
2026-04-15T23:40:03+0800,poly,jacobi-2d,native,2,ok,,6337174543,10230361222,440262238,1326523,3819289139,442058516,16899258,15216500
2026-04-15T23:40:10+0800,poly,jacobi-2d,native,3,ok,,6013197959,10228801556,440017836,1323668,3818930164,442646884,16461588,14751047
2026-04-15T23:40:17+0800,poly,jacobi-2d,native,4,ok,,6356936367,10230335260,440232024,1325183,3819268382,442084152,16225162,14473803
2026-04-15T23:40:23+0800,poly,jacobi-2d,native,5,ok,,6331711988,10230471905,440274285,1326252,3819298228,441635936,17775540,16143105
2026-04-15T23:40:30+0800,poly,jacobi-2d,native,6,ok,,6379119540,10230361717,440250128,1326649,3819282527,441911094,17447444,15739004
2026-04-15T23:40:38+0800,poly,jacobi-2d,native,7,ok,,6946553495,10230830227,440350440,1329052,3819428398,442177209,16711648,14952759
2026-04-15T23:40:45+0800,poly,jacobi-2d,native,8,ok,,6826478316,10232934059,440644165,1330493,3819869465,441967638,16131169,14470967
2026-04-15T23:40:52+0800,poly,jacobi-2d,native,9,ok,,6847779566,10232102731,440519536,1329818,3819676240,441772783,17569612,15893085
2026-04-15T23:40:59+0800,poly,jacobi-2d,native,10,ok,,7176671333,10231938193,440507361,1326780,3819666047,441821684,17633544,15973924
2026-04-15T23:40:01+0800,poly,jacobi-2d,wasm-aot,1,ok,,8690075205,30552262139,3405931812,1379015,10152540759,456297091,844179,208053
2026-04-15T23:40:08+0800,poly,jacobi-2d,wasm-aot,2,ok,,9016760829,30555294910,3406583071,1384595,10153173239,456032736,892584,211815
2026-04-15T23:40:15+0800,poly,jacobi-2d,wasm-aot,3,ok,,8767554135,30552898215,3406042949,1379233,10152694050,456071307,877822,216868
2026-04-15T23:40:22+0800,poly,jacobi-2d,wasm-aot,4,ok,,8812351249,30553827593,3406277667,1380890,10152854899,454945733,881405,208943
2026-04-15T23:40:28+0800,poly,jacobi-2d,wasm-aot,5,ok,,8726339679,30553554767,3406214012,1374110,10152799451,455136777,863545,213737
2026-04-15T23:40:36+0800,poly,jacobi-2d,wasm-aot,6,ok,,10132103756,30556815067,3406737319,1382756,10153593618,454857446,1066459,330350
2026-04-15T23:40:43+0800,poly,jacobi-2d,wasm-aot,7,ok,,9366672713,30555220673,3406394756,1381283,10153243726,455780997,973976,259898
2026-04-15T23:40:50+0800,poly,jacobi-2d,wasm-aot,8,ok,,9321292249,30553890602,3406209719,1385010,10152975143,455978194,948622,247033
2026-04-15T23:40:57+0800,poly,jacobi-2d,wasm-aot,9,ok,,9734956963,30555369384,3406527047,1380038,10153210711,456652762,981121,290807
2026-04-15T23:41:05+0800,poly,jacobi-2d,wasm-aot,10,ok,,9328824726,30553481624,3406139957,1380868,10152848396,457313483,938100,250317
2026-04-15T23:39:59+0800,poly,jacobi-2d,wasm-jit,1,ok,,8978018210,30557315653,3406780757,1386738,10153732111,454692420,901300,228765
2026-04-15T23:40:06+0800,poly,jacobi-2d,wasm-jit,2,ok,,9410654870,30557495850,3406854185,1390932,10153771500,453774776,950167,252933
2026-04-15T23:40:12+0800,poly,jacobi-2d,wasm-jit,3,ok,,8613239626,30553862712,3406296916,1385385,10152925364,456967721,842653,184774
2026-04-15T23:40:19+0800,poly,jacobi-2d,wasm-jit,4,ok,,8873955882,30557532965,3406787855,1388690,10153756651,455299407,888905,228995
2026-04-15T23:40:26+0800,poly,jacobi-2d,wasm-jit,5,ok,,8848320985,30557422112,3406788793,1392398,10153742844,453855103,881458,213793
2026-04-15T23:40:33+0800,poly,jacobi-2d,wasm-jit,6,ok,,9374343496,30558023789,3406935614,1389733,10153876147,455016553,954246,259876
2026-04-15T23:40:40+0800,poly,jacobi-2d,wasm-jit,7,ok,,9344773562,30556787953,3406757047,1395256,10153663917,456295562,939162,250662
2026-04-15T23:40:47+0800,poly,jacobi-2d,wasm-jit,8,ok,,9062906311,30556782948,3406706885,1390311,10153624078,456414043,932987,236522
2026-04-15T23:40:54+0800,poly,jacobi-2d,wasm-jit,9,ok,,9376433273,30558108766,3406917535,1391791,10153910806,455631458,935935,262127
2026-04-15T23:41:02+0800,poly,jacobi-2d,wasm-jit,10,ok,,9656411159,30557909135,3406920563,1388373,10153851955,453887611,956892,253218
2026-04-15T23:55:37+0800,poly,lu,native,1,ok,,80386349884,48431256451,3414021880,7836855,17415688810,14020735245,936532976,87564687
2026-04-15T23:56:37+0800,poly,lu,native,2,ok,,75740509725,48420263944,3412144807,7838403,17412935151,13843806389,914321283,60164521
2026-04-15T23:57:39+0800,poly,lu,native,3,ok,,77954761844,48422255819,3412471636,7832268,17413488122,13976745073,828707169,58908471
2026-04-15T23:58:41+0800,poly,lu,native,4,ok,,79235012006,48427821724,3413411681,7831583,17414810915,13999709751,919857881,70302880
2026-04-15T23:59:41+0800,poly,lu,native,5,ok,,76729863410,48422439078,3412598890,7842447,17413478162,13896540093,813083382,63408036
2026-04-16T00:00:44+0800,poly,lu,native,6,ok,,81110799472,48429971755,3413838002,7841032,17415417149,14076403571,900806006,63339254
2026-04-16T00:01:47+0800,poly,lu,native,7,ok,,82032976907,48431585738,3414096926,7842658,17415807189,14111152795,972627562,58044782
2026-04-16T00:02:47+0800,poly,lu,native,8,ok,,78776034861,48424969518,3412942729,7830274,17414150128,13995745687,956698406,57663451
2026-04-16T00:03:49+0800,poly,lu,native,9,ok,,74720116270,48417325532,3411516025,7843204,17412165025,13785041285,969468303,92123926
2026-04-16T00:04:49+0800,poly,lu,native,10,ok,,73837567904,48403999211,3409001052,7820915,17408924428,13710293112,990838511,64777950
2026-04-15T23:56:16+0800,poly,lu,wasm-aot,1,ok,,69372941169,135126069061,18747555960,8012000,29415215093,13583658627,771093642,40072761
2026-04-15T23:57:17+0800,poly,lu,wasm-aot,2,ok,,72146403796,135132047599,18748662499,8009744,29416656990,13759578007,785345527,46446614
2026-04-15T23:58:18+0800,poly,lu,wasm-aot,3,ok,,72334842059,135132227100,18748717869,8005219,29416702151,13754891387,839283244,51819632
2026-04-15T23:59:20+0800,poly,lu,wasm-aot,4,ok,,68351446927,135123416690,18747199343,8014450,29414563589,13473832797,773471344,44503330
2026-04-16T00:00:21+0800,poly,lu,wasm-aot,5,ok,,70992059379,135133774075,18749057407,8035827,29416965436,13629194383,945708678,44558240
2026-04-16T00:01:24+0800,poly,lu,wasm-aot,6,ok,,72241521208,135134331487,18749066594,8015738,29417256994,13759750950,890858912,40541650
2026-04-16T00:02:26+0800,poly,lu,wasm-aot,7,ok,,70545133818,135130115825,18748386406,8019246,29416111968,13652243038,859626926,45837511
2026-04-16T00:03:28+0800,poly,lu,wasm-aot,8,ok,,72557277313,135135544662,18749256244,8026652,29417523976,13740805899,904462178,46269878
2026-04-16T00:04:29+0800,poly,lu,wasm-aot,9,ok,,73299292407,135127102295,18747495631,8014425,29415461309,13761559856,982766584,44751222
2026-04-16T00:05:30+0800,poly,lu,wasm-aot,10,ok,,72617590119,135123992359,18746963741,8003996,29414658653,13754590740,842530894,51477040
2026-04-15T23:55:56+0800,poly,lu,wasm-jit,1,ok,,68252505194,135126813696,18747616299,8017147,29415377006,13475566188,776751397,45043330
2026-04-15T23:56:57+0800,poly,lu,wasm-jit,2,ok,,71767241751,135133609489,18748910774,8002400,29417050071,13748472783,816332814,41498311
2026-04-15T23:57:58+0800,poly,lu,wasm-jit,3,ok,,70327538941,135131236180,18748464437,8014080,29416456569,13622305099,892724523,43261050
2026-04-15T23:59:01+0800,poly,lu,wasm-jit,4,ok,,72113784661,135134440103,18749019911,8015892,29417298205,13754150285,858666603,42237637
2026-04-16T00:00:01+0800,poly,lu,wasm-jit,5,ok,,71913805691,135135664698,18749204884,8025665,29417519838,13759131237,744594448,43257192
2026-04-16T00:01:04+0800,poly,lu,wasm-jit,6,ok,,72040047355,135134113474,18748972544,8016527,29417182035,13754209539,755265150,44806419
2026-04-16T00:02:06+0800,poly,lu,wasm-jit,7,ok,,69221710712,135130623035,18748310423,8013822,29416332199,13589145890,792488536,38861198
2026-04-16T00:03:08+0800,poly,lu,wasm-jit,8,ok,,72046769944,135134671812,18748992636,8024119,29417438545,13753153637,813860076,43678853
2026-04-16T00:04:08+0800,poly,lu,wasm-jit,9,ok,,71143874964,135124550924,18747040758,8021327,29414787349,13635819455,915820158,47272911
2026-04-16T00:05:09+0800,poly,lu,wasm-jit,10,ok,,71928275570,135124510452,18746990196,8019047,29414781761,13736289800,795283620,52980412
2026-04-15T23:43:23+0800,poly,ludcmp,native,1,ok,,73194057806,45776282264,3413593613,7832654,17420065482,13809635865,873007656,89222884
2026-04-15T23:44:26+0800,poly,ludcmp,native,2,ok,,78146346425,45784977762,3415023426,7811514,17422254374,13979519695,829813827,84388549
2026-04-15T23:45:26+0800,poly,ludcmp,native,3,ok,,73604766795,45775601671,3413374324,7832561,17419926644,13809090469,880414825,104253105
2026-04-15T23:46:26+0800,poly,ludcmp,native,4,ok,,72637231142,45772647042,3412924506,7807507,17419142929,13766219061,899348192,69211147
2026-04-15T23:47:27+0800,poly,ludcmp,native,5,ok,,74296628893,45778348417,3413862903,7836058,17420552369,13766011518,807791932,88565737
2026-04-15T23:48:29+0800,poly,ludcmp,native,6,ok,,78946055374,45786623864,3415373643,7816105,17422740066,14031438406,829872291,65325332
2026-04-15T23:49:31+0800,poly,ludcmp,native,7,ok,,78173115293,45785381243,3415169767,7822800,17422358307,14000680364,816537984,67167034
2026-04-15T23:50:33+0800,poly,ludcmp,native,8,ok,,77364591537,45784515170,3415097846,7825575,17422090791,13984472756,823638925,78072673
2026-04-15T23:51:35+0800,poly,ludcmp,native,9,ok,,77578098159,45784622639,3415112526,7812027,17422163248,13987468246,826468578,67087287
2026-04-15T23:52:34+0800,poly,ludcmp,native,10,ok,,69702786147,45766455158,3411937339,7796302,17417633847,13657462769,908493555,69998877
2026-04-15T23:44:04+0800,poly,ludcmp,wasm-aot,1,ok,,72713098244,132527754832,18752454298,8045458,29427035828,13751695578,895804318,58308189
2026-04-15T23:45:06+0800,poly,ludcmp,wasm-aot,2,ok,,72939611820,132522082162,18751341943,8040876,29425774495,13753455702,797209866,64776532
2026-04-15T23:46:06+0800,poly,ludcmp,wasm-aot,3,ok,,72055413144,132518596465,18750851767,8020635,29424866920,13758893810,875556535,45863029
2026-04-15T23:47:06+0800,poly,ludcmp,wasm-aot,4,ok,,73933623032,132523714744,18751594269,8031196,29426185332,13758584810,937762607,87499209
2026-04-15T23:48:07+0800,poly,ludcmp,wasm-aot,5,ok,,72232466971,132517846029,18750697307,8015067,29424753129,13755116732,887138526,56419074
2026-04-15T23:49:09+0800,poly,ludcmp,wasm-aot,6,ok,,71228027305,132516353117,18750435695,8017385,29424301466,13733535844,754331291,46128010
2026-04-15T23:50:11+0800,poly,ludcmp,wasm-aot,7,ok,,73229134285,132521463603,18751160230,8040387,29425585622,13748634114,806169955,65621478
2026-04-15T23:51:13+0800,poly,ludcmp,wasm-aot,8,ok,,70999104648,132516125151,18750321730,8008258,29424281947,13604566156,1046396134,46791058
2026-04-15T23:52:14+0800,poly,ludcmp,wasm-aot,9,ok,,70078347172,132515817136,18750415372,8020911,29424094446,13650739172,840490664,46968035
2026-04-15T23:53:14+0800,poly,ludcmp,wasm-aot,10,ok,,70730017385,132516382085,18750485523,8006367,29424249405,13691406129,747252914,48827056
2026-04-15T23:43:43+0800,poly,ludcmp,wasm-jit,1,ok,,72425388075,132522142909,18751362444,8035567,29425701920,13751558722,924270047,44651213
2026-04-15T23:44:45+0800,poly,ludcmp,wasm-jit,2,ok,,71363110119,132523460617,18751553751,8042852,29426033801,13608778773,930032216,71630208
2026-04-15T23:45:46+0800,poly,ludcmp,wasm-jit,3,ok,,70443402906,132519621544,18750991521,8029053,29425049054,13652581250,879746912,41309146
2026-04-15T23:46:46+0800,poly,ludcmp,wasm-jit,4,ok,,70461244868,132519324009,18750776872,8037593,29425071997,13564516903,990345120,62860453
2026-04-15T23:47:47+0800,poly,ludcmp,wasm-jit,5,ok,,70852690558,132518565912,18750699849,8026248,29424917138,13694824776,865403208,43173570
2026-04-15T23:48:49+0800,poly,ludcmp,wasm-jit,6,ok,,71964517160,132520427646,18751143368,8017504,29425308846,13752830866,920054378,42072323
2026-04-15T23:49:51+0800,poly,ludcmp,wasm-jit,7,ok,,72828394711,132523059104,18751412095,8036357,29426004891,13757722501,856521098,59384046
2026-04-15T23:50:53+0800,poly,ludcmp,wasm-jit,8,ok,,72993946982,132523161092,18751514672,8024819,29426008891,13762082250,1035673112,44759936
2026-04-15T23:51:55+0800,poly,ludcmp,wasm-jit,9,ok,,71972473889,132520301674,18751086952,8017176,29425314760,13759199935,904622086,42881266
2026-04-15T23:52:54+0800,poly,ludcmp,wasm-jit,10,ok,,71629978896,132518777520,18750811952,8015689,29424942355,13748169210,853188207,43569890
2026-04-16T00:05:30+0800,poly,mvt,native,1,ok,,140211567,178014276,18687872,19695,35703842,6597399,524341,78061
2026-04-16T00:05:30+0800,poly,mvt,native,2,ok,,142281864,177589198,18634858,19191,35618598,6583382,593571,308783
2026-04-16T00:05:30+0800,poly,mvt,native,3,ok,,143224027,177475537,18615529,19746,35590722,6661368,586821,273846
2026-04-16T00:05:31+0800,poly,mvt,native,4,ok,,141755959,177497899,18618731,20213,35596115,6507172,631135,337712
2026-04-16T00:05:31+0800,poly,mvt,native,5,ok,,142860795,177604158,18637109,21015,35622399,6626967,594198,275486
2026-04-16T00:05:31+0800,poly,mvt,native,6,ok,,140451082,177402732,18604035,20122,35572292,6581429,526816,198133
2026-04-16T00:05:31+0800,poly,mvt,native,7,ok,,141471063,177486933,18618319,20691,35592240,6660377,561504,228027
2026-04-16T00:05:31+0800,poly,mvt,native,8,ok,,143154740,178080328,18699819,19720,35716828,6511246,613640,324910
2026-04-16T00:05:32+0800,poly,mvt,native,9,ok,,141427709,177528812,18626197,21370,35602970,6674747,524114,165953
2026-04-16T00:05:32+0800,poly,mvt,native,10,ok,,144552747,177428512,18608243,19986,35578443,6678832,612799,318751
2026-04-16T00:05:30+0800,poly,mvt,wasm-aot,1,ok,,184879010,342162738,54477133,66631,63466177,7932799,765761,480068
2026-04-16T00:05:30+0800,poly,mvt,wasm-aot,2,ok,,176841548,338428963,53892046,69082,62726416,7897835,632373,246785
2026-04-16T00:05:31+0800,poly,mvt,wasm-aot,3,ok,,178879379,338731483,53943699,69860,62789508,7863939,653731,289955
2026-04-16T00:05:31+0800,poly,mvt,wasm-aot,4,ok,,177147382,337293653,53643303,69462,62511092,7890841,640863,265016
2026-04-16T00:05:31+0800,poly,mvt,wasm-aot,5,ok,,182844416,343060135,54592485,71628,63645060,7948052,616399,218167
2026-04-16T00:05:31+0800,poly,mvt,wasm-aot,6,ok,,177738543,337659821,53710614,72660,62594456,7893388,630538,248973
2026-04-16T00:05:31+0800,poly,mvt,wasm-aot,7,ok,,178681068,337240270,53635823,69490,62495875,7893356,693584,353242
2026-04-16T00:05:32+0800,poly,mvt,wasm-aot,8,ok,,176172184,338059129,53849373,71136,62651784,7886365,592255,191471
2026-04-16T00:05:32+0800,poly,mvt,wasm-aot,9,ok,,176318775,338002646,53856341,70679,62614470,7885703,606491,205119
2026-04-16T00:05:32+0800,poly,mvt,wasm-aot,10,ok,,176788247,337964307,53865787,65467,62590261,7827328,624984,214664
2026-04-16T00:05:30+0800,poly,mvt,wasm-jit,1,ok,,181996106,341015560,54296493,79550,63396489,7923127,610960,220754
2026-04-16T00:05:30+0800,poly,mvt,wasm-jit,2,ok,,179801974,340039810,54061651,79797,63205046,7912174,686545,342463
2026-04-16T00:05:31+0800,poly,mvt,wasm-jit,3,ok,,179218847,341370801,54344020,77409,63456078,7722300,674157,321046
2026-04-16T00:05:31+0800,poly,mvt,wasm-jit,4,ok,,181154610,340691674,54246892,78736,63320951,7918816,674364,325648
2026-04-16T00:05:31+0800,poly,mvt,wasm-jit,5,ok,,183204322,341303879,54331265,79790,63444574,7807356,738346,421262
2026-04-16T00:05:31+0800,poly,mvt,wasm-jit,6,ok,,182063783,340896212,54314845,76202,63330667,7925521,746380,437757
2026-04-16T00:05:31+0800,poly,mvt,wasm-jit,7,ok,,179716127,340776272,54260446,79578,63338093,7920211,649518,261578
2026-04-16T00:05:31+0800,poly,mvt,wasm-jit,8,ok,,179689874,340694315,54259901,78063,63298180,7912077,630363,245812
2026-04-16T00:05:32+0800,poly,mvt,wasm-jit,9,ok,,179465442,340227193,54095239,77769,63249077,7915844,614164,219160
2026-04-16T00:05:32+0800,poly,mvt,wasm-jit,10,ok,,177438601,340921877,54326149,81690,63336390,7922405,571962,115476
2026-04-16T00:05:51+0800,poly,nussinov,native,1,ok,,9977882044,18420372975,1334959080,3025702,5250031645,2460952181,62721561,7128987
2026-04-16T00:06:00+0800,poly,nussinov,native,2,ok,,9729914866,18414583470,1333866558,2990881,5248597862,2482901617,58812726,1218086
2026-04-16T00:06:08+0800,poly,nussinov,native,3,ok,,9723453013,18413318409,1333678995,2978540,5248329875,2475909060,58788774,1653885
2026-04-16T00:06:17+0800,poly,nussinov,native,4,ok,,9589635747,18412606268,1333577878,2991029,5248181461,2480101501,62162095,1023148
2026-04-16T00:06:25+0800,poly,nussinov,native,5,ok,,9926681772,18416935869,1334309383,3021535,5249179194,2472164677,59640542,3694428
2026-04-16T00:06:33+0800,poly,nussinov,native,6,ok,,9255042233,18412486799,1333533994,3012320,5248131821,2451737828,60959162,1198168
2026-04-16T00:06:42+0800,poly,nussinov,native,7,ok,,9787920148,18414868513,1333914673,2999105,5248675944,2474933050,57927937,1001836
2026-04-16T00:06:50+0800,poly,nussinov,native,8,ok,,9818166943,18413611473,1333726555,3011166,5248407209,2482575560,59487022,2662187
2026-04-16T00:06:58+0800,poly,nussinov,native,9,ok,,9542583069,18414230528,1333806314,3021511,5248523969,2470686169,58678950,1054004
2026-04-16T00:07:07+0800,poly,nussinov,native,10,ok,,9554272553,18414107611,1333784766,3023095,5248498382,2484220459,59469315,911951
2026-04-16T00:05:57+0800,poly,nussinov,wasm-aot,1,ok,,10079122846,34137349247,2645414476,3129423,5265909371,2460808083,64847280,844655
2026-04-16T00:06:06+0800,poly,nussinov,wasm-aot,2,ok,,10110943994,34137929769,2645537092,3142296,5266028341,2457271702,62265634,1109950
2026-04-16T00:06:14+0800,poly,nussinov,wasm-aot,3,ok,,10158427603,34137608761,2645487800,3141262,5265960209,2457421875,62491689,1503046
2026-04-16T00:06:22+0800,poly,nussinov,wasm-aot,4,ok,,9783273225,34137157794,2645362366,3127864,5265840041,2432684390,61986427,924259
2026-04-16T00:06:31+0800,poly,nussinov,wasm-aot,5,ok,,10108479552,34136985873,2645264535,3124621,5265878674,2457865338,62357023,1047311
2026-04-16T00:06:39+0800,poly,nussinov,wasm-aot,6,ok,,10179028151,34140225246,2645820666,3132468,5266546761,2457437386,64633781,1584775
2026-04-16T00:06:47+0800,poly,nussinov,wasm-aot,7,ok,,10119138764,34137506342,2645461194,3132758,5265929192,2457977620,64237781,1096235
2026-04-16T00:06:56+0800,poly,nussinov,wasm-aot,8,ok,,10052280789,34138024481,2645495133,3129306,5266061767,2445154404,63387810,1725770
2026-04-16T00:07:04+0800,poly,nussinov,wasm-aot,9,ok,,9842624714,34137101673,2645346337,3130638,5265853937,2431881653,62718489,956146
2026-04-16T00:07:12+0800,poly,nussinov,wasm-aot,10,ok,,10083715096,34137718567,2645462482,3131795,5266002533,2457309420,63203859,893654
2026-04-16T00:05:54+0800,poly,nussinov,wasm-jit,1,ok,,10223372654,34141487071,2646017703,3141907,5266985087,2456136491,63555606,1747083
2026-04-16T00:06:03+0800,poly,nussinov,wasm-jit,2,ok,,10110900516,34139659900,2645686255,3144266,5266567982,2457457944,62741776,929481
2026-04-16T00:06:11+0800,poly,nussinov,wasm-jit,3,ok,,10120261046,34139730915,2645702483,3139774,5266563643,2457747810,63132367,995419
2026-04-16T00:06:19+0800,poly,nussinov,wasm-jit,4,ok,,10160509778,34140786075,2645930743,3148840,5266770771,2457621365,64068002,1277621
2026-04-16T00:06:28+0800,poly,nussinov,wasm-jit,5,ok,,10142325324,34140453868,2645829814,3139271,5266734564,2457124792,64798817,1144905
2026-04-16T00:06:36+0800,poly,nussinov,wasm-jit,6,ok,,10129547778,34141274891,2646009140,3144230,5266882577,2457396468,63553962,1157565
2026-04-16T00:06:45+0800,poly,nussinov,wasm-jit,7,ok,,10219310810,34140452358,2645801712,3139340,5266745167,2457338496,62894658,1811021
2026-04-16T00:06:53+0800,poly,nussinov,wasm-jit,8,ok,,10211468553,34141026452,2645986283,3137753,5266808503,2457495859,63091663,1558775
2026-04-16T00:07:01+0800,poly,nussinov,wasm-jit,9,ok,,10202348788,34141308968,2646044637,3141638,5266857506,2457583375,64520600,1483062
2026-04-16T00:07:10+0800,poly,nussinov,wasm-jit,10,ok,,10133473987,34140243811,2645760146,3139408,5266695261,2457533885,62769429,1384219
2026-04-16T00:09:40+0800,poly,seidel-2d,native,1,ok,,75755731841,38181640410,2037730145,1070844,6053001641,270108963,3322426,58965
2026-04-16T00:10:43+0800,poly,seidel-2d,native,2,ok,,75747343276,38181632742,2037752720,1082682,6053011360,269809104,3341830,56839
2026-04-16T00:11:47+0800,poly,seidel-2d,native,3,ok,,75773447687,38181168772,2037680109,1068674,6052913836,270022884,3326767,53558
2026-04-16T00:12:50+0800,poly,seidel-2d,native,4,ok,,75723200103,38182879907,2038041980,1073056,6053259166,269556213,3414865,55496
2026-04-16T00:13:54+0800,poly,seidel-2d,native,5,ok,,75735719897,38181672258,2037755722,1087280,6053025638,269812981,3336256,57053
2026-04-16T00:14:57+0800,poly,seidel-2d,native,6,ok,,75792160051,38182577560,2037884509,1089370,6053215387,268958649,3360673,61842
2026-04-16T00:16:00+0800,poly,seidel-2d,native,7,ok,,75806461586,38181198350,2037683068,1068802,6052923488,269697880,3376637,51220
2026-04-16T00:17:04+0800,poly,seidel-2d,native,8,ok,,75746613975,38183205628,2038082871,1088267,6053341030,269684679,3397319,62310
2026-04-16T00:18:07+0800,poly,seidel-2d,native,9,ok,,75724232344,38180659480,2037604483,1072970,6052808432,269028144,3338115,52252
2026-04-16T00:19:10+0800,poly,seidel-2d,native,10,ok,,75820494060,38183091407,2038068177,1073727,6053317423,269970452,3402226,58523
2026-04-16T00:10:22+0800,poly,seidel-2d,wasm-aot,1,ok,,75789296834,54285660830,4058555164,1124587,8068742225,280296926,3455525,131389
2026-04-16T00:11:26+0800,poly,seidel-2d,wasm-aot,2,ok,,75821303611,54285110595,4058422769,1134212,8068672089,280236613,3368992,133208
2026-04-16T00:12:29+0800,poly,seidel-2d,wasm-aot,3,ok,,75826941044,54285105813,4058396762,1119879,8068651930,280256915,3380084,132436
2026-04-16T00:13:32+0800,poly,seidel-2d,wasm-aot,4,ok,,75803065427,54285631265,4058496172,1121122,8068804749,280121502,3450591,130754
2026-04-16T00:14:36+0800,poly,seidel-2d,wasm-aot,5,ok,,75803259443,54284789646,4058261403,1137491,8068644022,279855618,3407464,134185
2026-04-16T00:15:39+0800,poly,seidel-2d,wasm-aot,6,ok,,75857430535,54285204024,4058438476,1123906,8068679929,279970757,3415013,133705
2026-04-16T00:16:43+0800,poly,seidel-2d,wasm-aot,7,ok,,75865179454,54285130505,4058409533,1118443,8068672321,279978887,3436707,132210
2026-04-16T00:17:46+0800,poly,seidel-2d,wasm-aot,8,ok,,75787629470,54285099084,4058460350,1123120,8068643986,279990251,3388710,128505
2026-04-16T00:18:49+0800,poly,seidel-2d,wasm-aot,9,ok,,75850212188,54286750859,4058734719,1126538,8068968426,280398031,3419790,134212
2026-04-16T00:19:53+0800,poly,seidel-2d,wasm-aot,10,ok,,75867865784,54285027872,4058400846,1120446,8068650471,280008481,3427800,128701
2026-04-16T00:10:01+0800,poly,seidel-2d,wasm-jit,1,ok,,75814709695,54287921966,4058738129,1131273,8069381438,280317527,3397235,133923
2026-04-16T00:11:05+0800,poly,seidel-2d,wasm-jit,2,ok,,75827236109,54287464595,4058690179,1132019,8069299798,280277106,3441983,134396
2026-04-16T00:12:08+0800,poly,seidel-2d,wasm-jit,3,ok,,75819597891,54288218513,4058879860,1138859,8069427926,280025273,3450968,134697
2026-04-16T00:13:11+0800,poly,seidel-2d,wasm-jit,4,ok,,75793959836,54289407537,4059172863,1136368,8069683188,279986989,3524961,131608
2026-04-16T00:14:15+0800,poly,seidel-2d,wasm-jit,5,ok,,75839016087,54286612091,4058556308,1128711,8069126057,280165097,3456016,129072
2026-04-16T00:15:18+0800,poly,seidel-2d,wasm-jit,6,ok,,75869590580,54287887165,4058875365,1132866,8069320529,280118041,3464086,130793
2026-04-16T00:16:21+0800,poly,seidel-2d,wasm-jit,7,ok,,75857918960,54287494797,4058779374,1129381,8069255078,280251000,3441820,133122
2026-04-16T00:17:25+0800,poly,seidel-2d,wasm-jit,8,ok,,75803683092,54287443871,4058823935,1130766,8069253599,279917920,3460542,131232
2026-04-16T00:18:28+0800,poly,seidel-2d,wasm-jit,9,ok,,75795494416,54286665700,4058547686,1131928,8069149972,280129759,3421635,127734
2026-04-16T00:19:32+0800,poly,seidel-2d,wasm-jit,10,ok,,75900500024,54288635831,4058970769,1131736,8069490182,280282634,3456478,134257
2026-04-16T00:20:03+0800,poly,symm,native,1,ok,,4774276218,7323968934,617050845,1179344,3021061958,1230457232,115756819,12240701
2026-04-16T00:20:07+0800,poly,symm,native,2,ok,,4966645597,7324013695,617066413,1177875,3021082435,1241138892,115612545,10918142
2026-04-16T00:20:11+0800,poly,symm,native,3,ok,,4772577496,7323938828,617036171,1181372,3021050988,1228306597,116075770,12360141
2026-04-16T00:20:15+0800,poly,symm,native,4,ok,,4897287785,7324278507,617105628,1180371,3021135508,1237327159,116598803,12190507
2026-04-16T00:20:20+0800,poly,symm,native,5,ok,,5142508063,7324638741,617174554,1181865,3021239590,1243095845,116994568,15875555
2026-04-16T00:20:24+0800,poly,symm,native,6,ok,,4812640300,7324306855,617098151,1179039,3021136215,1231301021,116962258,11140989
2026-04-16T00:20:28+0800,poly,symm,native,7,ok,,4923702875,7324202377,617093238,1178594,3021121196,1243936637,114644198,10236874
2026-04-16T00:20:33+0800,poly,symm,native,8,ok,,4822246168,7325142567,617215443,1180103,3021310723,1236411760,114067378,9975789
2026-04-16T00:20:37+0800,poly,symm,native,9,ok,,4770427892,7324091139,617075937,1178604,3021092437,1229953436,115721176,10948159
2026-04-16T00:20:41+0800,poly,symm,native,10,ok,,5035634871,7326081210,617355080,1180277,3021530205,1244686679,114835388,10406952
2026-04-16T00:20:06+0800,poly,symm,wasm-aot,1,ok,,5138584506,12245263943,638199086,1245179,3044228977,1235011265,113881812,9547523
2026-04-16T00:20:10+0800,poly,symm,wasm-aot,2,ok,,5261197601,12245519073,638207371,1250879,3044317620,1235394129,113361767,12421756
2026-04-16T00:20:14+0800,poly,symm,wasm-aot,3,ok,,5201093123,12246181131,638303069,1244433,3044448800,1235118724,114621376,11246655
2026-04-16T00:20:18+0800,poly,symm,wasm-aot,4,ok,,5113227943,12244743682,638009255,1247977,3044163518,1235043728,112470948,8297721
2026-04-16T00:20:23+0800,poly,symm,wasm-aot,5,ok,,5139536062,12244475736,637972521,1243096,3044106931,1235342495,111475692,9279875
2026-04-16T00:20:27+0800,poly,symm,wasm-aot,6,ok,,5075400917,12245726944,638231736,1247287,3044353792,1234461757,110722060,8065232
2026-04-16T00:20:31+0800,poly,symm,wasm-aot,7,ok,,5020339691,12245192268,638166512,1242062,3044189936,1228347539,111748965,9465990
2026-04-16T00:20:35+0800,poly,symm,wasm-aot,8,ok,,5196541349,12244394457,637955104,1247900,3044086652,1235411675,113445318,11322782
2026-04-16T00:20:40+0800,poly,symm,wasm-aot,9,ok,,5133702489,12244770968,638088179,1248319,3044138412,1234775595,114077331,9387602
2026-04-16T00:20:44+0800,poly,symm,wasm-aot,10,ok,,5121436523,12244542523,638046232,1246542,3044094473,1235042672,112258052,9826953
2026-04-16T00:20:04+0800,poly,symm,wasm-jit,1,ok,,5224728462,12248748285,638705032,1256247,3045093795,1235430164,112085363,12701095
2026-04-16T00:20:08+0800,poly,symm,wasm-jit,2,ok,,5111748448,12249619572,638790198,1261859,3045272936,1235125042,111094217,8984829
2026-04-16T00:20:13+0800,poly,symm,wasm-jit,3,ok,,5107845833,12249142644,638758610,1256401,3045142170,1235320176,113404808,8439794
2026-04-16T00:20:17+0800,poly,symm,wasm-jit,4,ok,,5120032189,12248481233,638696840,1260315,3045023744,1235360553,110931583,8089712
2026-04-16T00:20:21+0800,poly,symm,wasm-jit,5,ok,,5020313836,12248927230,638691622,1259349,3045124191,1231447486,112714025,8543707
2026-04-16T00:20:25+0800,poly,symm,wasm-jit,6,ok,,5220564254,12247429664,638408608,1259209,3044850593,1235434617,112214771,11268033
2026-04-16T00:20:30+0800,poly,symm,wasm-jit,7,ok,,5230219975,12247857229,638575135,1255642,3044920100,1235306719,114574407,13556869
2026-04-16T00:20:34+0800,poly,symm,wasm-jit,8,ok,,5120889951,12248329227,638617621,1258239,3045009589,1235329049,113039404,9954885
2026-04-16T00:20:38+0800,poly,symm,wasm-jit,9,ok,,5168681053,12247887431,638480070,1255424,3044970010,1235426161,112977259,10217561
2026-04-16T00:20:43+0800,poly,symm,wasm-jit,10,ok,,5132605923,12246457783,638269112,1250163,3044633445,1235045677,112458184,10058621
2026-04-16T00:21:01+0800,poly,syr2k,native,1,ok,,7776463059,5925084371,381404711,1179796,1829637057,1549596425,99238210,9337700
2026-04-16T00:21:09+0800,poly,syr2k,native,2,ok,,8999865952,5929308410,382081156,1187812,1830633388,1575233315,99232951,12676375
2026-04-16T00:21:17+0800,poly,syr2k,native,3,ok,,8954900633,5927719420,381856486,1188515,1830297555,1572768998,100128937,9145739
2026-04-16T00:21:24+0800,poly,syr2k,native,4,ok,,7364169899,5925957895,381513498,1176554,1829788852,1541443968,99634678,12158587
2026-04-16T00:21:31+0800,poly,syr2k,native,5,ok,,8520762916,5926614970,381663608,1178907,1830021642,1564693931,98870860,10429167
2026-04-16T00:21:39+0800,poly,syr2k,native,6,ok,,8801834411,5926858431,381719079,1186409,1830093875,1570095033,98829394,12678085
2026-04-16T00:21:46+0800,poly,syr2k,native,7,ok,,8350634254,5926806053,381702151,1184011,1830064650,1561938267,97138723,10501119
2026-04-16T00:21:54+0800,poly,syr2k,native,8,ok,,8519309870,5926367179,381636739,1179689,1829973953,1564905428,98244998,10288798
2026-04-16T00:22:01+0800,poly,syr2k,native,9,ok,,9010357286,5928795044,382008941,1188400,1830533887,1575866951,98485869,11126336
2026-04-16T00:22:09+0800,poly,syr2k,native,10,ok,,8930256323,5929280025,382078819,1183768,1830627624,1576955129,97612761,8703865
2026-04-16T00:21:06+0800,poly,syr2k,wasm-aot,1,ok,,9125907197,16117649380,1481393528,1261467,5089033834,1561644771,96431086,6439760
2026-04-16T00:21:14+0800,poly,syr2k,wasm-aot,2,ok,,9166566355,16118576027,1481561646,1264678,5089214415,1562100583,97734754,8664442
2026-04-16T00:21:22+0800,poly,syr2k,wasm-aot,3,ok,,9095604762,16116980924,1481278767,1264935,5088888821,1561982413,95673231,6700499
2026-04-16T00:21:29+0800,poly,syr2k,wasm-aot,4,ok,,9182528192,16116780454,1481167312,1262497,5088880799,1561835885,96713165,8877852
2026-04-16T00:21:36+0800,poly,syr2k,wasm-aot,5,ok,,8933548505,16117581711,1481386616,1260804,5088970091,1557628214,95840333,6820191
2026-04-16T00:21:44+0800,poly,syr2k,wasm-aot,6,ok,,9182647040,16117210741,1481220665,1262777,5088969266,1561872857,97401737,9421018
2026-04-16T00:21:52+0800,poly,syr2k,wasm-aot,7,ok,,9149973033,16117726306,1481407824,1269938,5089052427,1561862107,96069544,7153682
2026-04-16T00:21:59+0800,poly,syr2k,wasm-aot,8,ok,,8809990164,16116700281,1481112186,1259015,5088843449,1555137060,97263659,7254841
2026-04-16T00:22:06+0800,poly,syr2k,wasm-aot,9,ok,,9214633068,16117265148,1481223537,1260831,5088997482,1561820846,96000553,8380532
2026-04-16T00:22:14+0800,poly,syr2k,wasm-aot,10,ok,,9120125815,16118784795,1481559067,1266590,5089285751,1561826516,95228321,7272615
2026-04-16T00:21:04+0800,poly,syr2k,wasm-jit,1,ok,,9125720599,16121560828,1482023013,1273365,5089959615,1561911860,96499944,8900118
2026-04-16T00:21:12+0800,poly,syr2k,wasm-jit,2,ok,,9147659100,16120059820,1481658769,1274214,5089706156,1561917318,95879806,7485314
2026-04-16T00:21:19+0800,poly,syr2k,wasm-jit,3,ok,,9172400116,16121043594,1481926680,1275761,5089845745,1561752246,96585592,9327037
2026-04-16T00:21:26+0800,poly,syr2k,wasm-jit,4,ok,,9069337751,16120242754,1481694306,1271704,5089719548,1561103062,95725563,6495111
2026-04-16T00:21:34+0800,poly,syr2k,wasm-jit,5,ok,,9161093967,16120008300,1481752510,1267554,5089653302,1561857667,96808246,9638173
2026-04-16T00:21:41+0800,poly,syr2k,wasm-jit,6,ok,,9169987245,16120375834,1481810455,1272304,5089699591,1561986118,96616590,6839927
2026-04-16T00:21:49+0800,poly,syr2k,wasm-jit,7,ok,,9229203247,16120141835,1481676353,1273460,5089702766,1562022903,97847193,9701313
2026-04-16T00:21:56+0800,poly,syr2k,wasm-jit,8,ok,,8518427451,16118987092,1481456209,1266105,5089393596,1544263425,98427713,7355608
2026-04-16T00:22:04+0800,poly,syr2k,wasm-jit,9,ok,,9121187270,16120493508,1481851870,1272007,5089729139,1561745664,97072646,6096817
2026-04-16T00:22:11+0800,poly,syr2k,wasm-jit,10,ok,,8901902029,16120262832,1481682054,1268829,5089702373,1552808518,97279936,8657932
2026-04-16T00:22:18+0800,poly,syrk,native,1,ok,,1703560322,3010928879,198100242,1107777,1102425873,578604658,45948961,191469
2026-04-16T00:22:20+0800,poly,syrk,native,2,ok,,1654554613,3010912029,198095139,1125268,1102417188,576647293,44868640,58930
2026-04-16T00:22:22+0800,poly,syrk,native,3,ok,,1668996150,3010903073,198089220,1110600,1102412238,577826694,44766122,62625
2026-04-16T00:22:24+0800,poly,syrk,native,4,ok,,1615579315,3010952391,198098535,1124036,1102423611,575309619,44433292,73174
2026-04-16T00:22:26+0800,poly,syrk,native,5,ok,,1612978928,3011253739,198131301,1113188,1102481208,571976648,44213772,137313
2026-04-16T00:22:28+0800,poly,syrk,native,6,ok,,1691462364,3011481613,198169209,1115560,1102538040,578834123,44799219,89783
2026-04-16T00:22:30+0800,poly,syrk,native,7,ok,,1622388298,3010608780,198055907,1113311,1102355849,575373847,45977554,46976
2026-04-16T00:22:32+0800,poly,syrk,native,8,ok,,1629989380,3010469319,198033048,1113808,1102322476,575447415,45921602,91840
2026-04-16T00:22:34+0800,poly,syrk,native,9,ok,,1626847771,3010746335,198078759,1114426,1102390205,575430021,45832997,104512
2026-04-16T00:22:36+0800,poly,syrk,native,10,ok,,1640491327,3010651852,198062780,1120903,1102364107,577606199,44662095,144570
2026-04-16T00:22:20+0800,poly,syrk,wasm-aot,1,ok,,2581458111,9583129458,756972263,1253042,2196042565,574023669,44175961,313944
2026-04-16T00:22:22+0800,poly,syrk,wasm-aot,2,ok,,2545554179,9582467935,756833208,1245137,2195919027,574036727,44614033,106282
2026-04-16T00:22:24+0800,poly,syrk,wasm-aot,3,ok,,2569320504,9582690239,756871085,1250381,2195974698,574077350,44884426,158454
2026-04-16T00:22:26+0800,poly,syrk,wasm-aot,4,ok,,2573681075,9582746454,756889196,1253232,2195983551,574007853,44902314,223002
2026-04-16T00:22:27+0800,poly,syrk,wasm-aot,5,ok,,2553350606,9582610645,756774998,1249891,2195968113,573505455,44958281,116554
2026-04-16T00:22:29+0800,poly,syrk,wasm-aot,6,ok,,2507543681,9582344464,756727842,1245221,2195904151,568692339,45060875,169754
2026-04-16T00:22:31+0800,poly,syrk,wasm-aot,7,ok,,2569113817,9583792162,757031433,1254321,2196216796,573788504,44931852,174096
2026-04-16T00:22:33+0800,poly,syrk,wasm-aot,8,ok,,2578058049,9582440607,756752343,1251517,2195939484,574008383,44746362,242926
2026-04-16T00:22:35+0800,poly,syrk,wasm-aot,9,ok,,2582987345,9582883618,756840697,1246430,2196049041,574002331,44980082,372407
2026-04-16T00:22:37+0800,poly,syrk,wasm-aot,10,ok,,2548273484,9581886846,756659992,1252800,2195806584,574084415,44453521,124916
2026-04-16T00:22:19+0800,poly,syrk,wasm-jit,1,ok,,2580699660,9585886206,757371942,1258326,2196727421,573782511,44907250,223458
2026-04-16T00:22:21+0800,poly,syrk,wasm-jit,2,ok,,2558705186,9585436124,757269630,1258904,2196657118,573890954,44488584,210378
2026-04-16T00:22:23+0800,poly,syrk,wasm-jit,3,ok,,2560203195,9585376927,757274623,1257432,2196650029,568251623,45050810,431982
2026-04-16T00:22:25+0800,poly,syrk,wasm-jit,4,ok,,2551057027,9584129928,757012885,1254936,2196396104,573569840,44627474,100260
2026-04-16T00:22:27+0800,poly,syrk,wasm-jit,5,ok,,2548933843,9585567379,757310281,1259752,2196702883,574059261,44419577,114848
2026-04-16T00:22:29+0800,poly,syrk,wasm-jit,6,ok,,2566145154,9584908771,757155591,1260997,2196564972,574124960,44661211,195918
2026-04-16T00:22:31+0800,poly,syrk,wasm-jit,7,ok,,2546157271,9585389443,757263597,1261548,2196647200,573863497,44611629,123646
2026-04-16T00:22:33+0800,poly,syrk,wasm-jit,8,ok,,2550871908,9585430492,757273249,1259070,2196653681,572337718,44911320,152828
2026-04-16T00:22:34+0800,poly,syrk,wasm-jit,9,ok,,2585163462,9589615005,757855356,1255942,2197546317,574276024,44819253,231539
2026-04-16T00:22:36+0800,poly,syrk,wasm-jit,10,ok,,2543713620,9584508321,757073391,1259162,2196483072,573990061,44405689,118788
2026-04-16T00:22:37+0800,poly,trisolv,native,1,ok,,73944886,80312553,12237794,17812,20461187,689997,26734,9087
2026-04-16T00:22:38+0800,poly,trisolv,native,2,ok,,74237503,80302294,12236262,17417,20459061,688397,26340,11528
2026-04-16T00:22:38+0800,poly,trisolv,native,3,ok,,74106470,80210779,12220930,17551,20437219,688266,25617,10837
2026-04-16T00:22:38+0800,poly,trisolv,native,4,ok,,74106930,80285581,12233095,18690,20455578,688912,26495,10855
2026-04-16T00:22:38+0800,poly,trisolv,native,5,ok,,74708041,80665738,12279700,17828,20531711,695854,32286,16297
2026-04-16T00:22:38+0800,poly,trisolv,native,6,ok,,74177546,80270891,12231239,18232,20451586,692056,27151,11578
2026-04-16T00:22:38+0800,poly,trisolv,native,7,ok,,74523936,80232925,12224072,18488,20441971,690860,26701,11214
2026-04-16T00:22:38+0800,poly,trisolv,native,8,ok,,74571535,80151898,12210797,18551,20422436,686186,26064,11696
2026-04-16T00:22:38+0800,poly,trisolv,native,9,ok,,74395562,80793147,12300362,19371,20560462,697209,33627,17062
2026-04-16T00:22:39+0800,poly,trisolv,native,10,ok,,74475582,80288188,12233261,19274,20455623,692116,26810,11497
2026-04-16T00:22:37+0800,poly,trisolv,wasm-aot,1,ok,,118707916,202781472,33455531,68790,33497589,2057688,113549,61046
2026-04-16T00:22:38+0800,poly,trisolv,wasm-aot,2,ok,,118181202,202674204,33433499,69455,33471360,2059918,112931,61013
2026-04-16T00:22:38+0800,poly,trisolv,wasm-aot,3,ok,,118116065,202761710,33451751,67631,33493009,2068333,114020,62038
2026-04-16T00:22:38+0800,poly,trisolv,wasm-aot,4,ok,,116642694,202187937,33281044,71829,33406061,2059053,112890,60257
2026-04-16T00:22:38+0800,poly,trisolv,wasm-aot,5,ok,,119835653,203225182,33524116,69726,33598055,2067486,118561,64553
2026-04-16T00:22:38+0800,poly,trisolv,wasm-aot,6,ok,,117822521,202861366,33468071,72672,33520233,2061833,114613,60579
2026-04-16T00:22:38+0800,poly,trisolv,wasm-aot,7,ok,,118391482,202701549,33441945,68303,33475561,2064820,113668,61532
2026-04-16T00:22:38+0800,poly,trisolv,wasm-aot,8,ok,,116112460,202050786,33263907,69267,33361003,2059885,113349,61065
2026-04-16T00:22:39+0800,poly,trisolv,wasm-aot,9,ok,,118481039,202598981,33418289,68490,33456205,2053083,111604,61055
2026-04-16T00:22:39+0800,poly,trisolv,wasm-aot,10,ok,,117041677,202702842,33439847,69909,33479260,2057798,114053,61041
2026-04-16T00:22:37+0800,poly,trisolv,wasm-jit,1,ok,,121437574,205528985,33867357,77422,34183792,2085886,118503,64768
2026-04-16T00:22:38+0800,poly,trisolv,wasm-jit,2,ok,,122386988,205923369,33935769,79775,34279539,2090763,122239,65707
2026-04-16T00:22:38+0800,poly,trisolv,wasm-jit,3,ok,,121130877,204792288,33685169,77369,34048229,2085169,116932,63221
2026-04-16T00:22:38+0800,poly,trisolv,wasm-jit,4,ok,,119934679,204672638,33659238,76361,34021535,2079631,115923,62852
2026-04-16T00:22:38+0800,poly,trisolv,wasm-jit,5,ok,,118291476,204846707,33675486,79826,34080985,2093055,114169,59748
2026-04-16T00:22:38+0800,poly,trisolv,wasm-jit,6,ok,,119270616,205430153,33847439,76724,34167582,2084783,113269,59399
2026-04-16T00:22:38+0800,poly,trisolv,wasm-jit,7,ok,,118420743,204790926,33668166,75096,34068872,2089973,111500,58246
2026-04-16T00:22:38+0800,poly,trisolv,wasm-jit,8,ok,,119921914,204720565,33655189,79118,34052973,2090177,117723,63039
2026-04-16T00:22:39+0800,poly,trisolv,wasm-jit,9,ok,,122210381,205368583,33844537,77671,34155089,2083831,116645,65049
2026-04-16T00:22:39+0800,poly,trisolv,wasm-jit,10,ok,,119380904,205364824,33839578,75800,34154951,2086131,117272,62692
2026-04-16T00:22:47+0800,poly,trmm,native,1,ok,,4282802178,4888397300,613587072,1152976,1216455498,1116253078,40496381,114938
2026-04-16T00:22:51+0800,poly,trmm,native,2,ok,,4351092285,4888626953,613627185,1149908,1216509039,1121071898,40416967,712272
2026-04-16T00:22:54+0800,poly,trmm,native,3,ok,,3459039361,4888438969,613530842,1155422,1216390507,1080514013,46161954,1563498
2026-04-16T00:22:58+0800,poly,trmm,native,4,ok,,4270587676,4888571897,613605797,1148844,1216487143,1111629062,40221469,251260
2026-04-16T00:23:01+0800,poly,trmm,native,5,ok,,4262633951,4888503405,613593548,1150133,1216468903,1127029030,39635301,300689
2026-04-16T00:23:05+0800,poly,trmm,native,6,ok,,4159505688,4888475879,613575717,1149418,1216458071,1106248828,41481261,805987
2026-04-16T00:23:09+0800,poly,trmm,native,7,ok,,4193545027,4888527994,613592901,1149428,1216465943,1112053147,41020436,554022
2026-04-16T00:23:12+0800,poly,trmm,native,8,ok,,4268088771,4888673516,613624023,1155590,1216509664,1118371910,39744400,295965
2026-04-16T00:23:16+0800,poly,trmm,native,9,ok,,4272443647,4888152258,613552299,1155800,1216401224,1127376378,39785078,222875
2026-04-16T00:23:20+0800,poly,trmm,native,10,ok,,4867037042,4890108733,613860287,1151268,1216855012,1129879569,41023168,1581849
2026-04-16T00:22:49+0800,poly,trmm,wasm-aot,1,ok,,4338472514,7389311982,633035084,1223056,1233206114,1123957687,38491560,452562
2026-04-16T00:22:53+0800,poly,trmm,wasm-aot,2,ok,,4369486453,7390410686,633195408,1224532,1233449863,1125332155,41341763,346424
2026-04-16T00:22:57+0800,poly,trmm,wasm-aot,3,ok,,4361117776,7389663757,633163471,1221403,1233264893,1124809694,40535224,710319
2026-04-16T00:23:00+0800,poly,trmm,wasm-aot,4,ok,,4369923952,7390471063,633310753,1224608,1233415947,1124612880,39913140,382533
2026-04-16T00:23:04+0800,poly,trmm,wasm-aot,5,ok,,4398947421,7389768116,633104908,1222318,1233312141,1125983165,41232319,775178
2026-04-16T00:23:07+0800,poly,trmm,wasm-aot,6,ok,,4193292033,7391427150,633422303,1221835,1233639349,1115904475,41171480,359226
2026-04-16T00:23:11+0800,poly,trmm,wasm-aot,7,ok,,4329900699,7389636522,633063133,1223659,1233284821,1123863077,41289528,880156
2026-04-16T00:23:15+0800,poly,trmm,wasm-aot,8,ok,,3798383752,7389771634,633139803,1222909,1233246452,1095895458,43152497,1363540
2026-04-16T00:23:18+0800,poly,trmm,wasm-aot,9,ok,,4346161662,7390198635,633262740,1221449,1233352426,1123515760,40011535,352408
2026-04-16T00:23:22+0800,poly,trmm,wasm-aot,10,ok,,4373232473,7392752080,633590838,1222665,1233928207,1125307938,40186810,346521
2026-04-16T00:22:48+0800,poly,trmm,wasm-jit,1,ok,,4374341315,7392973577,633670042,1233060,1234090959,1125590316,40410441,598169
2026-04-16T00:22:52+0800,poly,trmm,wasm-jit,2,ok,,4379045055,7393567320,633791046,1231837,1234196103,1124962362,39581626,333435
2026-04-16T00:22:55+0800,poly,trmm,wasm-jit,3,ok,,4370053757,7393029339,633685194,1230352,1234108752,1124918424,40253447,367382
2026-04-16T00:22:59+0800,poly,trmm,wasm-jit,4,ok,,4387877096,7393068203,633609749,1232301,1234125981,1124003612,41758958,1720195
2026-04-16T00:23:03+0800,poly,trmm,wasm-jit,5,ok,,4364971799,7392820075,633648539,1230497,1234052919,1124409137,40917601,675440
2026-04-16T00:23:06+0800,poly,trmm,wasm-jit,6,ok,,4363373778,7392446508,633516942,1231015,1233998933,1125195277,39872425,342121
2026-04-16T00:23:10+0800,poly,trmm,wasm-jit,7,ok,,4354989663,7392013250,633452375,1230349,1233893405,1123980619,41354470,400158
2026-04-16T00:23:14+0800,poly,trmm,wasm-jit,8,ok,,4367121109,7393248694,633646248,1233515,1234168803,1125269451,39781159,351867
2026-04-16T00:23:17+0800,poly,trmm,wasm-jit,9,ok,,4383429153,7393680432,633795081,1232048,1234217552,1125056569,40653517,676741
2026-04-16T00:23:21+0800,poly,trmm,wasm-jit,10,ok,,4372057443,7392732924,633552600,1232302,1234045847,1125242339,41372209,517428
