program,runtime,run_index,elapsed_ms,ok,error
alloc_bulk_buffer,native,1,22.903965,1,
alloc_bulk_buffer,wasm,1,25.476931,1,
alloc_bulk_buffer,native,2,19.268618,1,
alloc_bulk_buffer,wasm,2,27.924638,1,
alloc_bulk_buffer,native,3,21.619136,1,
alloc_bulk_buffer,wasm,3,24.560361,1,
alloc_bulk_buffer,native,4,20.386398,1,
alloc_bulk_buffer,wasm,4,26.845178,1,
alloc_bulk_buffer,native,5,18.835092,1,
alloc_bulk_buffer,wasm,5,27.235112,1,
alloc_bulk_buffer,native,6,19.630213,1,
alloc_bulk_buffer,wasm,6,28.911181,1,
alloc_bulk_buffer,native,7,20.375166,1,
alloc_bulk_buffer,wasm,7,27.031101,1,
alloc_bulk_buffer,native,8,19.824606,1,
alloc_bulk_buffer,wasm,8,26.600002,1,
alloc_bulk_buffer,native,9,23.01133,1,
alloc_bulk_buffer,wasm,9,29.284994,1,
alloc_bulk_buffer,native,10,22.458709,1,
alloc_bulk_buffer,wasm,10,30.998206,1,
alloc_bulk_buffer,native,11,20.96301,1,
alloc_bulk_buffer,wasm,11,51.619016,1,
alloc_bulk_buffer,native,12,24.742129,1,
alloc_bulk_buffer,wasm,12,35.186908,1,
alloc_bulk_buffer,native,13,18.704039,1,
alloc_bulk_buffer,wasm,13,30.978307,1,
alloc_bulk_buffer,native,14,19.3209,1,
alloc_bulk_buffer,wasm,14,28.47139,1,
alloc_bulk_buffer,native,15,17.408745,1,
alloc_bulk_buffer,wasm,15,26.833183,1,
alloc_bulk_buffer,native,16,23.49839,1,
alloc_bulk_buffer,wasm,16,23.634693,1,
alloc_bulk_buffer,native,17,18.390566,1,
alloc_bulk_buffer,wasm,17,24.424062,1,
alloc_bulk_buffer,native,18,17.134731,1,
alloc_bulk_buffer,wasm,18,24.602316,1,
alloc_bulk_buffer,native,19,17.821629,1,
alloc_bulk_buffer,wasm,19,22.910482,1,
alloc_bulk_buffer,native,20,18.764421,1,
alloc_bulk_buffer,wasm,20,26.272471,1,
alloc_bulk_buffer,native,21,18.752623,1,
alloc_bulk_buffer,wasm,21,28.181383,1,
alloc_bulk_buffer,native,22,19.579086,1,
alloc_bulk_buffer,wasm,22,31.523046,1,
alloc_bulk_buffer,native,23,26.592518,1,
alloc_bulk_buffer,wasm,23,40.624999,1,
alloc_bulk_buffer,native,24,21.761455,1,
alloc_bulk_buffer,wasm,24,22.580946,1,
alloc_bulk_buffer,native,25,18.881247,1,
alloc_bulk_buffer,wasm,25,29.212291,1,
alloc_bulk_buffer,native,26,20.957325,1,
alloc_bulk_buffer,wasm,26,28.248399,1,
alloc_bulk_buffer,native,27,17.54753,1,
alloc_bulk_buffer,wasm,27,25.340022,1,
alloc_bulk_buffer,native,28,22.967902,1,
alloc_bulk_buffer,wasm,28,44.003231,1,
alloc_bulk_buffer,native,29,37.284325,1,
alloc_bulk_buffer,wasm,29,47.562826,1,
alloc_bulk_buffer,native,30,22.498806,1,
alloc_bulk_buffer,wasm,30,34.286202,1,
alloc_fragmented_pattern,native,1,14.088215,1,
alloc_fragmented_pattern,wasm,1,27.263745,1,
alloc_fragmented_pattern,native,2,13.235353,1,
alloc_fragmented_pattern,wasm,2,22.793791,1,
alloc_fragmented_pattern,native,3,11.705822,1,
alloc_fragmented_pattern,wasm,3,31.301117,1,
alloc_fragmented_pattern,native,4,11.329188,1,
alloc_fragmented_pattern,wasm,4,22.80961,1,
alloc_fragmented_pattern,native,5,10.361865,1,
alloc_fragmented_pattern,wasm,5,25.268187,1,
alloc_fragmented_pattern,native,6,9.326526,1,
alloc_fragmented_pattern,wasm,6,27.097732,1,
alloc_fragmented_pattern,native,7,13.873044,1,
alloc_fragmented_pattern,wasm,7,42.638745,1,
alloc_fragmented_pattern,native,8,64.90321,1,
alloc_fragmented_pattern,wasm,8,103.010317,1,
alloc_fragmented_pattern,native,9,8.187934,1,
alloc_fragmented_pattern,wasm,9,32.887351,1,
alloc_fragmented_pattern,native,10,7.937957,1,
alloc_fragmented_pattern,wasm,10,24.59971,1,
alloc_fragmented_pattern,native,11,10.79273,1,
alloc_fragmented_pattern,wasm,11,17.926849,1,
alloc_fragmented_pattern,native,12,10.749078,1,
alloc_fragmented_pattern,wasm,12,18.186732,1,
alloc_fragmented_pattern,native,13,11.186099,1,
alloc_fragmented_pattern,wasm,13,17.469316,1,
alloc_fragmented_pattern,native,14,8.167892,1,
alloc_fragmented_pattern,wasm,14,15.744348,1,
alloc_fragmented_pattern,native,15,9.116714,1,
alloc_fragmented_pattern,wasm,15,24.399016,1,
alloc_fragmented_pattern,native,16,8.280335,1,
alloc_fragmented_pattern,wasm,16,19.174986,1,
alloc_fragmented_pattern,native,17,10.241195,1,
alloc_fragmented_pattern,wasm,17,15.852326,1,
alloc_fragmented_pattern,native,18,7.741432,1,
alloc_fragmented_pattern,wasm,18,16.48814,1,
alloc_fragmented_pattern,native,19,10.319479,1,
alloc_fragmented_pattern,wasm,19,18.766017,1,
alloc_fragmented_pattern,native,20,8.182031,1,
alloc_fragmented_pattern,wasm,20,14.640145,1,
alloc_fragmented_pattern,native,21,8.183308,1,
alloc_fragmented_pattern,wasm,21,15.191202,1,
alloc_fragmented_pattern,native,22,6.980467,1,
alloc_fragmented_pattern,wasm,22,16.024853,1,
alloc_fragmented_pattern,native,23,10.283394,1,
alloc_fragmented_pattern,wasm,23,16.175123,1,
alloc_fragmented_pattern,native,24,6.83519,1,
alloc_fragmented_pattern,wasm,24,19.329796,1,
alloc_fragmented_pattern,native,25,8.820041,1,
alloc_fragmented_pattern,wasm,25,19.283852,1,
alloc_fragmented_pattern,native,26,10.634703,1,
alloc_fragmented_pattern,wasm,26,21.191177,1,
alloc_fragmented_pattern,native,27,9.487655,1,
alloc_fragmented_pattern,wasm,27,16.955912,1,
alloc_fragmented_pattern,native,28,8.824727,1,
alloc_fragmented_pattern,wasm,28,17.37329,1,
alloc_fragmented_pattern,native,29,8.224258,1,
alloc_fragmented_pattern,wasm,29,18.764282,1,
alloc_fragmented_pattern,native,30,11.337262,1,
alloc_fragmented_pattern,wasm,30,21.448892,1,
alloc_medium_objects,native,1,22.986042,1,
alloc_medium_objects,wasm,1,54.445584,1,
alloc_medium_objects,native,2,26.065533,1,
alloc_medium_objects,wasm,2,58.099311,1,
alloc_medium_objects,native,3,30.919616,1,
alloc_medium_objects,wasm,3,51.855191,1,
alloc_medium_objects,native,4,24.464965,1,
alloc_medium_objects,wasm,4,47.192474,1,
alloc_medium_objects,native,5,19.444901,1,
alloc_medium_objects,wasm,5,46.605528,1,
alloc_medium_objects,native,6,21.808164,1,
alloc_medium_objects,wasm,6,49.775686,1,
alloc_medium_objects,native,7,30.299483,1,
alloc_medium_objects,wasm,7,49.930762,1,
alloc_medium_objects,native,8,22.738104,1,
alloc_medium_objects,wasm,8,48.165145,1,
alloc_medium_objects,native,9,23.015349,1,
alloc_medium_objects,wasm,9,48.715549,1,
alloc_medium_objects,native,10,24.346368,1,
alloc_medium_objects,wasm,10,47.884884,1,
alloc_medium_objects,native,11,24.672171,1,
alloc_medium_objects,wasm,11,46.701202,1,
alloc_medium_objects,native,12,26.561337,1,
alloc_medium_objects,wasm,12,47.973172,1,
alloc_medium_objects,native,13,25.470699,1,
alloc_medium_objects,wasm,13,49.164197,1,
alloc_medium_objects,native,14,23.994009,1,
alloc_medium_objects,wasm,14,48.716861,1,
alloc_medium_objects,native,15,23.615845,1,
alloc_medium_objects,wasm,15,49.213405,1,
alloc_medium_objects,native,16,23.115616,1,
alloc_medium_objects,wasm,16,47.98472,1,
alloc_medium_objects,native,17,29.716936,1,
alloc_medium_objects,wasm,17,55.433454,1,
alloc_medium_objects,native,18,29.097942,1,
alloc_medium_objects,wasm,18,55.320896,1,
alloc_medium_objects,native,19,29.080275,1,
alloc_medium_objects,wasm,19,52.809579,1,
alloc_medium_objects,native,20,23.671726,1,
alloc_medium_objects,wasm,20,50.163605,1,
alloc_medium_objects,native,21,26.232129,1,
alloc_medium_objects,wasm,21,49.652051,1,
alloc_medium_objects,native,22,28.138642,1,
alloc_medium_objects,wasm,22,48.276783,1,
alloc_medium_objects,native,23,23.414663,1,
alloc_medium_objects,wasm,23,51.197314,1,
alloc_medium_objects,native,24,29.90394,1,
alloc_medium_objects,wasm,24,52.854438,1,
alloc_medium_objects,native,25,27.463115,1,
alloc_medium_objects,wasm,25,55.909302,1,
alloc_medium_objects,native,26,24.093482,1,
alloc_medium_objects,wasm,26,54.662015,1,
alloc_medium_objects,native,27,25.837178,1,
alloc_medium_objects,wasm,27,54.083869,1,
alloc_medium_objects,native,28,42.004395,1,
alloc_medium_objects,wasm,28,92.340849,1,
alloc_medium_objects,native,29,20.4333,1,
alloc_medium_objects,wasm,29,61.15123,1,
alloc_medium_objects,native,30,27.018634,1,
alloc_medium_objects,wasm,30,57.981281,1,
alloc_pool_style,native,1,17.06559,1,
alloc_pool_style,wasm,1,25.102952,1,
alloc_pool_style,native,2,10.567278,1,
alloc_pool_style,wasm,2,22.726646,1,
alloc_pool_style,native,3,14.427512,1,
alloc_pool_style,wasm,3,23.599061,1,
alloc_pool_style,native,4,11.627683,1,
alloc_pool_style,wasm,4,19.009547,1,
alloc_pool_style,native,5,11.761643,1,
alloc_pool_style,wasm,5,20.20302,1,
alloc_pool_style,native,6,10.01814,1,
alloc_pool_style,wasm,6,19.949409,1,
alloc_pool_style,native,7,9.701221,1,
alloc_pool_style,wasm,7,20.095219,1,
alloc_pool_style,native,8,11.903825,1,
alloc_pool_style,wasm,8,21.318056,1,
alloc_pool_style,native,9,10.496684,1,
alloc_pool_style,wasm,9,20.416975,1,
alloc_pool_style,native,10,9.688582,1,
alloc_pool_style,wasm,10,16.251913,1,
alloc_pool_style,native,11,8.936696,1,
alloc_pool_style,wasm,11,16.805588,1,
alloc_pool_style,native,12,10.521006,1,
alloc_pool_style,wasm,12,16.566757,1,
alloc_pool_style,native,13,9.719471,1,
alloc_pool_style,wasm,13,21.093934,1,
alloc_pool_style,native,14,10.789371,1,
alloc_pool_style,wasm,14,21.39801,1,
alloc_pool_style,native,15,10.419892,1,
alloc_pool_style,wasm,15,21.429355,1,
alloc_pool_style,native,16,12.990889,1,
alloc_pool_style,wasm,16,19.763224,1,
alloc_pool_style,native,17,10.245482,1,
alloc_pool_style,wasm,17,23.469328,1,
alloc_pool_style,native,18,10.120781,1,
alloc_pool_style,wasm,18,20.061635,1,
alloc_pool_style,native,19,15.096977,1,
alloc_pool_style,wasm,19,20.500375,1,
alloc_pool_style,native,20,9.598453,1,
alloc_pool_style,wasm,20,17.315382,1,
alloc_pool_style,native,21,11.474859,1,
alloc_pool_style,wasm,21,18.013367,1,
alloc_pool_style,native,22,9.508313,1,
alloc_pool_style,wasm,22,17.064258,1,
alloc_pool_style,native,23,9.729972,1,
alloc_pool_style,wasm,23,22.616519,1,
alloc_pool_style,native,24,14.858471,1,
alloc_pool_style,wasm,24,22.152169,1,
alloc_pool_style,native,25,10.101825,1,
alloc_pool_style,wasm,25,18.749081,1,
alloc_pool_style,native,26,10.472392,1,
alloc_pool_style,wasm,26,19.519467,1,
alloc_pool_style,native,27,10.642556,1,
alloc_pool_style,wasm,27,19.249635,1,
alloc_pool_style,native,28,13.820612,1,
alloc_pool_style,wasm,28,19.794114,1,
alloc_pool_style,native,29,14.081859,1,
alloc_pool_style,wasm,29,21.115047,1,
alloc_pool_style,native,30,15.158994,1,
alloc_pool_style,wasm,30,25.979045,1,
alloc_realloc_loop,native,1,9.484349,1,
alloc_realloc_loop,wasm,1,17.014772,1,
alloc_realloc_loop,native,2,8.853352,1,
alloc_realloc_loop,wasm,2,14.475196,1,
alloc_realloc_loop,native,3,8.404901,1,
alloc_realloc_loop,wasm,3,11.856987,1,
alloc_realloc_loop,native,4,7.569166,1,
alloc_realloc_loop,wasm,4,17.203742,1,
alloc_realloc_loop,native,5,7.699861,1,
alloc_realloc_loop,wasm,5,21.092844,1,
alloc_realloc_loop,native,6,26.700556,1,
alloc_realloc_loop,wasm,6,28.913003,1,
alloc_realloc_loop,native,7,21.514842,1,
alloc_realloc_loop,wasm,7,50.112683,1,
alloc_realloc_loop,native,8,13.950437,1,
alloc_realloc_loop,wasm,8,16.068173,1,
alloc_realloc_loop,native,9,8.173861,1,
alloc_realloc_loop,wasm,9,15.875357,1,
alloc_realloc_loop,native,10,8.867529,1,
alloc_realloc_loop,wasm,10,17.850166,1,
alloc_realloc_loop,native,11,6.954752,1,
alloc_realloc_loop,wasm,11,12.458788,1,
alloc_realloc_loop,native,12,8.1347,1,
alloc_realloc_loop,wasm,12,12.123072,1,
alloc_realloc_loop,native,13,6.292944,1,
alloc_realloc_loop,wasm,13,14.172759,1,
alloc_realloc_loop,native,14,5.798103,1,
alloc_realloc_loop,wasm,14,13.577429,1,
alloc_realloc_loop,native,15,7.467154,1,
alloc_realloc_loop,wasm,15,12.985297,1,
alloc_realloc_loop,native,16,6.083805,1,
alloc_realloc_loop,wasm,16,12.267431,1,
alloc_realloc_loop,native,17,7.589311,1,
alloc_realloc_loop,wasm,17,12.826021,1,
alloc_realloc_loop,native,18,6.813004,1,
alloc_realloc_loop,wasm,18,11.983047,1,
alloc_realloc_loop,native,19,7.32934,1,
alloc_realloc_loop,wasm,19,14.081118,1,
alloc_realloc_loop,native,20,6.280307,1,
alloc_realloc_loop,wasm,20,14.070916,1,
alloc_realloc_loop,native,21,7.26713,1,
alloc_realloc_loop,wasm,21,12.718426,1,
alloc_realloc_loop,native,22,6.587325,1,
alloc_realloc_loop,wasm,22,12.412138,1,
alloc_realloc_loop,native,23,7.067562,1,
alloc_realloc_loop,wasm,23,12.20077,1,
alloc_realloc_loop,native,24,6.353807,1,
alloc_realloc_loop,wasm,24,12.642137,1,
alloc_realloc_loop,native,25,6.935057,1,
alloc_realloc_loop,wasm,25,16.443321,1,
alloc_realloc_loop,native,26,8.511255,1,
alloc_realloc_loop,wasm,26,14.171455,1,
alloc_realloc_loop,native,27,6.407581,1,
alloc_realloc_loop,wasm,27,15.589,1,
alloc_realloc_loop,native,28,6.628173,1,
alloc_realloc_loop,wasm,28,15.126283,1,
alloc_realloc_loop,native,29,9.342406,1,
alloc_realloc_loop,wasm,29,18.055408,1,
alloc_realloc_loop,native,30,8.12937,1,
alloc_realloc_loop,wasm,30,18.776091,1,
alloc_small_objects,native,1,6.845639,1,
alloc_small_objects,wasm,1,16.901048,1,
alloc_small_objects,native,2,7.365266,1,
alloc_small_objects,wasm,2,18.388718,1,
alloc_small_objects,native,3,9.290797,1,
alloc_small_objects,wasm,3,17.240891,1,
alloc_small_objects,native,4,6.304551,1,
alloc_small_objects,wasm,4,15.724189,1,
alloc_small_objects,native,5,8.369694,1,
alloc_small_objects,wasm,5,13.820373,1,
alloc_small_objects,native,6,7.064479,1,
alloc_small_objects,wasm,6,13.303201,1,
alloc_small_objects,native,7,6.805877,1,
alloc_small_objects,wasm,7,15.170597,1,
alloc_small_objects,native,8,6.238163,1,
alloc_small_objects,wasm,8,15.008426,1,
alloc_small_objects,native,9,6.89509,1,
alloc_small_objects,wasm,9,15.057598,1,
alloc_small_objects,native,10,6.548006,1,
alloc_small_objects,wasm,10,14.425059,1,
alloc_small_objects,native,11,6.464698,1,
alloc_small_objects,wasm,11,16.135805,1,
alloc_small_objects,native,12,6.202778,1,
alloc_small_objects,wasm,12,16.384688,1,
alloc_small_objects,native,13,7.101912,1,
alloc_small_objects,wasm,13,15.806122,1,
alloc_small_objects,native,14,6.068043,1,
alloc_small_objects,wasm,14,14.624216,1,
alloc_small_objects,native,15,6.091311,1,
alloc_small_objects,wasm,15,17.524958,1,
alloc_small_objects,native,16,6.598567,1,
alloc_small_objects,wasm,16,15.548773,1,
alloc_small_objects,native,17,5.652451,1,
alloc_small_objects,wasm,17,14.347525,1,
alloc_small_objects,native,18,7.040019,1,
alloc_small_objects,wasm,18,16.414611,1,
alloc_small_objects,native,19,7.087363,1,
alloc_small_objects,wasm,19,17.46371,1,
alloc_small_objects,native,20,6.755953,1,
alloc_small_objects,wasm,20,14.374522,1,
alloc_small_objects,native,21,8.52824,1,
alloc_small_objects,wasm,21,15.848295,1,
alloc_small_objects,native,22,6.022749,1,
alloc_small_objects,wasm,22,20.092012,1,
alloc_small_objects,native,23,9.34261,1,
alloc_small_objects,wasm,23,20.834898,1,
alloc_small_objects,native,24,9.437872,1,
alloc_small_objects,wasm,24,19.08699,1,
alloc_small_objects,native,25,8.319093,1,
alloc_small_objects,wasm,25,21.452657,1,
alloc_small_objects,native,26,8.09059,1,
alloc_small_objects,wasm,26,18.884357,1,
alloc_small_objects,native,27,11.254595,1,
alloc_small_objects,wasm,27,18.315906,1,
alloc_small_objects,native,28,13.924704,1,
alloc_small_objects,wasm,28,17.662534,1,
alloc_small_objects,native,29,6.905149,1,
alloc_small_objects,wasm,29,21.054594,1,
alloc_small_objects,native,30,6.921771,1,
alloc_small_objects,wasm,30,69.578785,1,
branch_nested,native,1,36.400742,1,
branch_nested,wasm,1,77.26701,1,
branch_nested,native,2,36.225645,1,
branch_nested,wasm,2,78.173233,1,
branch_nested,native,3,33.110575,1,
branch_nested,wasm,3,76.012741,1,
branch_nested,native,4,38.777362,1,
branch_nested,wasm,4,75.20058,1,
branch_nested,native,5,36.72623,1,
branch_nested,wasm,5,77.880382,1,
branch_nested,native,6,34.248783,1,
branch_nested,wasm,6,79.982812,1,
branch_nested,native,7,38.989476,1,
branch_nested,wasm,7,267.936321,1,
branch_nested,native,8,41.692696,1,
branch_nested,wasm,8,77.759067,1,
branch_nested,native,9,34.612831,1,
branch_nested,wasm,9,68.603453,1,
branch_nested,native,10,32.015058,1,
branch_nested,wasm,10,68.834397,1,
branch_nested,native,11,30.612039,1,
branch_nested,wasm,11,65.443882,1,
branch_nested,native,12,33.653244,1,
branch_nested,wasm,12,66.727682,1,
branch_nested,native,13,33.271741,1,
branch_nested,wasm,13,74.063451,1,
branch_nested,native,14,33.330622,1,
branch_nested,wasm,14,68.245108,1,
branch_nested,native,15,35.597811,1,
branch_nested,wasm,15,69.480881,1,
branch_nested,native,16,33.819555,1,
branch_nested,wasm,16,71.576315,1,
branch_nested,native,17,30.522764,1,
branch_nested,wasm,17,73.903053,1,
branch_nested,native,18,39.78014,1,
branch_nested,wasm,18,77.853264,1,
branch_nested,native,19,36.18945,1,
branch_nested,wasm,19,69.953818,1,
branch_nested,native,20,31.496146,1,
branch_nested,wasm,20,71.276731,1,
branch_nested,native,21,38.162355,1,
branch_nested,wasm,21,72.341624,1,
branch_nested,native,22,37.291657,1,
branch_nested,wasm,22,80.932238,1,
branch_nested,native,23,38.139529,1,
branch_nested,wasm,23,70.461209,1,
branch_nested,native,24,74.837226,1,
branch_nested,wasm,24,79.413306,1,
branch_nested,native,25,39.295558,1,
branch_nested,wasm,25,75.305532,1,
branch_nested,native,26,33.20281,1,
branch_nested,wasm,26,68.273224,1,
branch_nested,native,27,32.915583,1,
branch_nested,wasm,27,71.874467,1,
branch_nested,native,28,34.464311,1,
branch_nested,wasm,28,102.25399,1,
branch_nested,native,29,84.125413,1,
branch_nested,wasm,29,128.690975,1,
branch_nested,native,30,40.689979,1,
branch_nested,wasm,30,87.100457,1,
branch_predictable,native,1,28.999146,1,
branch_predictable,wasm,1,36.523663,1,
branch_predictable,native,2,26.550609,1,
branch_predictable,wasm,2,35.975471,1,
branch_predictable,native,3,26.276158,1,
branch_predictable,wasm,3,35.05277,1,
branch_predictable,native,4,27.042402,1,
branch_predictable,wasm,4,38.414888,1,
branch_predictable,native,5,29.346661,1,
branch_predictable,wasm,5,40.946101,1,
branch_predictable,native,6,29.866718,1,
branch_predictable,wasm,6,37.312426,1,
branch_predictable,native,7,26.949066,1,
branch_predictable,wasm,7,38.425509,1,
branch_predictable,native,8,27.098044,1,
branch_predictable,wasm,8,36.422641,1,
branch_predictable,native,9,27.319749,1,
branch_predictable,wasm,9,35.967669,1,
branch_predictable,native,10,29.728146,1,
branch_predictable,wasm,10,43.020748,1,
branch_predictable,native,11,27.323817,1,
branch_predictable,wasm,11,39.191462,1,
branch_predictable,native,12,30.085128,1,
branch_predictable,wasm,12,35.850642,1,
branch_predictable,native,13,25.623865,1,
branch_predictable,wasm,13,35.444937,1,
branch_predictable,native,14,27.09,1,
branch_predictable,wasm,14,38.613119,1,
branch_predictable,native,15,26.649606,1,
branch_predictable,wasm,15,35.185819,1,
branch_predictable,native,16,25.422441,1,
branch_predictable,wasm,16,33.970708,1,
branch_predictable,native,17,25.222771,1,
branch_predictable,wasm,17,34.059496,1,
branch_predictable,native,18,32.47883,1,
branch_predictable,wasm,18,36.35483,1,
branch_predictable,native,19,27.251596,1,
branch_predictable,wasm,19,35.333878,1,
branch_predictable,native,20,24.983228,1,
branch_predictable,wasm,20,34.232169,1,
branch_predictable,native,21,25.092668,1,
branch_predictable,wasm,21,31.810804,1,
branch_predictable,native,22,25.506142,1,
branch_predictable,wasm,22,36.20558,1,
branch_predictable,native,23,29.774216,1,
branch_predictable,wasm,23,35.52646,1,
branch_predictable,native,24,26.577301,1,
branch_predictable,wasm,24,33.480032,1,
branch_predictable,native,25,28.887486,1,
branch_predictable,wasm,25,36.399631,1,
branch_predictable,native,26,30.768146,1,
branch_predictable,wasm,26,35.181962,1,
branch_predictable,native,27,26.052149,1,
branch_predictable,wasm,27,39.53049,1,
branch_predictable,native,28,25.884876,1,
branch_predictable,wasm,28,37.837912,1,
branch_predictable,native,29,28.831433,1,
branch_predictable,wasm,29,38.059277,1,
branch_predictable,native,30,33.165383,1,
branch_predictable,wasm,30,95.385926,1,
branch_switch_dense,native,1,34.875745,1,
branch_switch_dense,wasm,1,33.186897,1,
branch_switch_dense,native,2,35.346755,1,
branch_switch_dense,wasm,2,37.059281,1,
branch_switch_dense,native,3,38.261027,1,
branch_switch_dense,wasm,3,37.288823,1,
branch_switch_dense,native,4,36.805737,1,
branch_switch_dense,wasm,4,34.511945,1,
branch_switch_dense,native,5,39.506873,1,
branch_switch_dense,wasm,5,36.06439,1,
branch_switch_dense,native,6,39.531055,1,
branch_switch_dense,wasm,6,34.428744,1,
branch_switch_dense,native,7,36.174955,1,
branch_switch_dense,wasm,7,32.906376,1,
branch_switch_dense,native,8,35.757444,1,
branch_switch_dense,wasm,8,30.533225,1,
branch_switch_dense,native,9,33.769508,1,
branch_switch_dense,wasm,9,33.741928,1,
branch_switch_dense,native,10,36.622161,1,
branch_switch_dense,wasm,10,30.279577,1,
branch_switch_dense,native,11,32.264035,1,
branch_switch_dense,wasm,11,33.371437,1,
branch_switch_dense,native,12,34.328381,1,
branch_switch_dense,wasm,12,31.992196,1,
branch_switch_dense,native,13,38.163497,1,
branch_switch_dense,wasm,13,37.440892,1,
branch_switch_dense,native,14,36.103234,1,
branch_switch_dense,wasm,14,36.672614,1,
branch_switch_dense,native,15,33.897804,1,
branch_switch_dense,wasm,15,31.11723,1,
branch_switch_dense,native,16,31.971744,1,
branch_switch_dense,wasm,16,32.213757,1,
branch_switch_dense,native,17,33.122886,1,
branch_switch_dense,wasm,17,35.156427,1,
branch_switch_dense,native,18,36.909123,1,
branch_switch_dense,wasm,18,32.255444,1,
branch_switch_dense,native,19,37.032936,1,
branch_switch_dense,wasm,19,32.575029,1,
branch_switch_dense,native,20,32.762648,1,
branch_switch_dense,wasm,20,31.188358,1,
branch_switch_dense,native,21,34.428467,1,
branch_switch_dense,wasm,21,35.174667,1,
branch_switch_dense,native,22,34.432017,1,
branch_switch_dense,wasm,22,37.22683,1,
branch_switch_dense,native,23,39.030097,1,
branch_switch_dense,wasm,23,31.679188,1,
branch_switch_dense,native,24,35.505018,1,
branch_switch_dense,wasm,24,30.960115,1,
branch_switch_dense,native,25,34.938853,1,
branch_switch_dense,wasm,25,31.151486,1,
branch_switch_dense,native,26,33.843032,1,
branch_switch_dense,wasm,26,32.517557,1,
branch_switch_dense,native,27,38.245309,1,
branch_switch_dense,wasm,27,33.217119,1,
branch_switch_dense,native,28,33.411351,1,
branch_switch_dense,wasm,28,35.157279,1,
branch_switch_dense,native,29,37.332225,1,
branch_switch_dense,wasm,29,33.678788,1,
branch_switch_dense,native,30,32.674315,1,
branch_switch_dense,wasm,30,36.220582,1,
branch_switch_sparse,native,1,360.27681,1,
branch_switch_sparse,wasm,1,287.045189,1,
branch_switch_sparse,native,2,348.806213,1,
branch_switch_sparse,wasm,2,275.734462,1,
branch_switch_sparse,native,3,334.301471,1,
branch_switch_sparse,wasm,3,255.014308,1,
branch_switch_sparse,native,4,364.326299,1,
branch_switch_sparse,wasm,4,338.0414,1,
branch_switch_sparse,native,5,380.426839,1,
branch_switch_sparse,wasm,5,272.235333,1,
branch_switch_sparse,native,6,471.717219,1,
branch_switch_sparse,wasm,6,252.597579,1,
branch_switch_sparse,native,7,358.908362,1,
branch_switch_sparse,wasm,7,289.217236,1,
branch_switch_sparse,native,8,366.596537,1,
branch_switch_sparse,wasm,8,253.071419,1,
branch_switch_sparse,native,9,400.581463,1,
branch_switch_sparse,wasm,9,254.152673,1,
branch_switch_sparse,native,10,361.057756,1,
branch_switch_sparse,wasm,10,263.415731,1,
branch_switch_sparse,native,11,347.169315,1,
branch_switch_sparse,wasm,11,254.25223,1,
branch_switch_sparse,native,12,357.624584,1,
branch_switch_sparse,wasm,12,259.92521,1,
branch_switch_sparse,native,13,341.906153,1,
branch_switch_sparse,wasm,13,263.094548,1,
branch_switch_sparse,native,14,400.321429,1,
branch_switch_sparse,wasm,14,253.04725,1,
branch_switch_sparse,native,15,345.299804,1,
branch_switch_sparse,wasm,15,261.053237,1,
branch_switch_sparse,native,16,357.293589,1,
branch_switch_sparse,wasm,16,256.85234,1,
branch_switch_sparse,native,17,339.70498,1,
branch_switch_sparse,wasm,17,259.578399,1,
branch_switch_sparse,native,18,356.31726,1,
branch_switch_sparse,wasm,18,271.169393,1,
branch_switch_sparse,native,19,390.074243,1,
branch_switch_sparse,wasm,19,277.285629,1,
branch_switch_sparse,native,20,370.514007,1,
branch_switch_sparse,wasm,20,269.284332,1,
branch_switch_sparse,native,21,360.653267,1,
branch_switch_sparse,wasm,21,292.2953,1,
branch_switch_sparse,native,22,357.230349,1,
branch_switch_sparse,wasm,22,259.039463,1,
branch_switch_sparse,native,23,356.105799,1,
branch_switch_sparse,wasm,23,307.021787,1,
branch_switch_sparse,native,24,342.765019,1,
branch_switch_sparse,wasm,24,254.595455,1,
branch_switch_sparse,native,25,342.434542,1,
branch_switch_sparse,wasm,25,266.001885,1,
branch_switch_sparse,native,26,347.316075,1,
branch_switch_sparse,wasm,26,367.523381,1,
branch_switch_sparse,native,27,360.395553,1,
branch_switch_sparse,wasm,27,250.835857,1,
branch_switch_sparse,native,28,340.153839,1,
branch_switch_sparse,wasm,28,287.117026,1,
branch_switch_sparse,native,29,357.771471,1,
branch_switch_sparse,wasm,29,254.712051,1,
branch_switch_sparse,native,30,343.424003,1,
branch_switch_sparse,wasm,30,261.826681,1,
branch_unpredictable,native,1,116.781864,1,
branch_unpredictable,wasm,1,226.293496,1,
branch_unpredictable,native,2,127.883815,1,
branch_unpredictable,wasm,2,312.663385,1,
branch_unpredictable,native,3,175.31865,1,
branch_unpredictable,wasm,3,251.69831,1,
branch_unpredictable,native,4,142.197178,1,
branch_unpredictable,wasm,4,316.683611,1,
branch_unpredictable,native,5,130.472566,1,
branch_unpredictable,wasm,5,240.87412,1,
branch_unpredictable,native,6,118.126102,1,
branch_unpredictable,wasm,6,238.284366,1,
branch_unpredictable,native,7,123.188643,1,
branch_unpredictable,wasm,7,220.572354,1,
branch_unpredictable,native,8,126.474894,1,
branch_unpredictable,wasm,8,244.722435,1,
branch_unpredictable,native,9,129.489275,1,
branch_unpredictable,wasm,9,225.537571,1,
branch_unpredictable,native,10,120.518923,1,
branch_unpredictable,wasm,10,237.740021,1,
branch_unpredictable,native,11,123.027031,1,
branch_unpredictable,wasm,11,243.18946,1,
branch_unpredictable,native,12,130.232175,1,
branch_unpredictable,wasm,12,231.828066,1,
branch_unpredictable,native,13,122.690764,1,
branch_unpredictable,wasm,13,337.544829,1,
branch_unpredictable,native,14,132.779843,1,
branch_unpredictable,wasm,14,228.638702,1,
branch_unpredictable,native,15,127.833884,1,
branch_unpredictable,wasm,15,239.422468,1,
branch_unpredictable,native,16,119.138941,1,
branch_unpredictable,wasm,16,226.626437,1,
branch_unpredictable,native,17,121.061404,1,
branch_unpredictable,wasm,17,226.774081,1,
branch_unpredictable,native,18,117.038746,1,
branch_unpredictable,wasm,18,238.515326,1,
branch_unpredictable,native,19,121.25459,1,
branch_unpredictable,wasm,19,246.825837,1,
branch_unpredictable,native,20,119.608371,1,
branch_unpredictable,wasm,20,219.920807,1,
branch_unpredictable,native,21,121.295742,1,
branch_unpredictable,wasm,21,231.860711,1,
branch_unpredictable,native,22,126.486569,1,
branch_unpredictable,wasm,22,223.510376,1,
branch_unpredictable,native,23,117.840709,1,
branch_unpredictable,wasm,23,221.72584,1,
branch_unpredictable,native,24,118.67805,1,
branch_unpredictable,wasm,24,218.736475,1,
branch_unpredictable,native,25,118.713021,1,
branch_unpredictable,wasm,25,234.69993,1,
branch_unpredictable,native,26,120.932009,1,
branch_unpredictable,wasm,26,217.763078,1,
branch_unpredictable,native,27,120.364891,1,
branch_unpredictable,wasm,27,229.771807,1,
branch_unpredictable,native,28,122.83502,1,
branch_unpredictable,wasm,28,258.359159,1,
branch_unpredictable,native,29,124.379588,1,
branch_unpredictable,wasm,29,227.526819,1,
branch_unpredictable,native,30,118.233812,1,
branch_unpredictable,wasm,30,217.663268,1,
call_chain,native,1,19.246833,1,
call_chain,wasm,1,36.715095,1,
call_chain,native,2,24.109453,1,
call_chain,wasm,2,30.678641,1,
call_chain,native,3,22.052938,1,
call_chain,wasm,3,30.341268,1,
call_chain,native,4,17.76636,1,
call_chain,wasm,4,32.60237,1,
call_chain,native,5,23.117977,1,
call_chain,wasm,5,39.445863,1,
call_chain,native,6,23.997236,1,
call_chain,wasm,6,35.455023,1,
call_chain,native,7,27.124688,1,
call_chain,wasm,7,31.40195,1,
call_chain,native,8,19.347384,1,
call_chain,wasm,8,28.858878,1,
call_chain,native,9,18.022808,1,
call_chain,wasm,9,27.404969,1,
call_chain,native,10,19.983876,1,
call_chain,wasm,10,30.006749,1,
call_chain,native,11,23.488854,1,
call_chain,wasm,11,29.261107,1,
call_chain,native,12,20.859034,1,
call_chain,wasm,12,31.646808,1,
call_chain,native,13,20.079963,1,
call_chain,wasm,13,28.628619,1,
call_chain,native,14,19.063817,1,
call_chain,wasm,14,28.023875,1,
call_chain,native,15,23.237455,1,
call_chain,wasm,15,29.413658,1,
call_chain,native,16,23.637787,1,
call_chain,wasm,16,31.053897,1,
call_chain,native,17,21.833223,1,
call_chain,wasm,17,31.716916,1,
call_chain,native,18,19.043764,1,
call_chain,wasm,18,28.924318,1,
call_chain,native,19,18.861867,1,
call_chain,wasm,19,31.136837,1,
call_chain,native,20,20.562965,1,
call_chain,wasm,20,30.014332,1,
call_chain,native,21,19.616364,1,
call_chain,wasm,21,34.532701,1,
call_chain,native,22,23.976744,1,
call_chain,wasm,22,33.503882,1,
call_chain,native,23,19.713429,1,
call_chain,wasm,23,33.090801,1,
call_chain,native,24,21.095232,1,
call_chain,wasm,24,30.542474,1,
call_chain,native,25,21.666917,1,
call_chain,wasm,25,33.253454,1,
call_chain,native,26,39.714727,1,
call_chain,wasm,26,55.209767,1,
call_chain,native,27,28.717262,1,
call_chain,wasm,27,34.713739,1,
call_chain,native,28,22.071642,1,
call_chain,wasm,28,32.34202,1,
call_chain,native,29,18.863491,1,
call_chain,wasm,29,30.564911,1,
call_chain,native,30,18.149169,1,
call_chain,wasm,30,32.116279,1,
call_indirect,native,1,48.904675,1,
call_indirect,wasm,1,131.337685,1,
call_indirect,native,2,48.772634,1,
call_indirect,wasm,2,87.342744,1,
call_indirect,native,3,87.395093,1,
call_indirect,wasm,3,139.093682,1,
call_indirect,native,4,48.926778,1,
call_indirect,wasm,4,80.845737,1,
call_indirect,native,5,47.838779,1,
call_indirect,wasm,5,105.596067,1,
call_indirect,native,6,50.108196,1,
call_indirect,wasm,6,89.172675,1,
call_indirect,native,7,44.904777,1,
call_indirect,wasm,7,85.521761,1,
call_indirect,native,8,47.329066,1,
call_indirect,wasm,8,84.309212,1,
call_indirect,native,9,48.859451,1,
call_indirect,wasm,9,92.022279,1,
call_indirect,native,10,45.466927,1,
call_indirect,wasm,10,85.525,1,
call_indirect,native,11,48.953801,1,
call_indirect,wasm,11,83.971456,1,
call_indirect,native,12,47.449323,1,
call_indirect,wasm,12,82.445802,1,
call_indirect,native,13,47.831267,1,
call_indirect,wasm,13,97.121984,1,
call_indirect,native,14,59.726296,1,
call_indirect,wasm,14,119.24023,1,
call_indirect,native,15,47.692208,1,
call_indirect,wasm,15,82.274021,1,
call_indirect,native,16,44.028126,1,
call_indirect,wasm,16,82.986377,1,
call_indirect,native,17,43.261176,1,
call_indirect,wasm,17,86.331976,1,
call_indirect,native,18,49.640947,1,
call_indirect,wasm,18,93.020894,1,
call_indirect,native,19,46.699012,1,
call_indirect,wasm,19,84.971472,1,
call_indirect,native,20,49.063362,1,
call_indirect,wasm,20,86.582264,1,
call_indirect,native,21,47.436886,1,
call_indirect,wasm,21,80.650914,1,
call_indirect,native,22,45.828662,1,
call_indirect,wasm,22,144.475711,1,
call_indirect,native,23,48.006974,1,
call_indirect,wasm,23,93.987284,1,
call_indirect,native,24,43.78102,1,
call_indirect,wasm,24,86.497199,1,
call_indirect,native,25,46.92848,1,
call_indirect,wasm,25,86.762635,1,
call_indirect,native,26,46.52873,1,
call_indirect,wasm,26,80.291945,1,
call_indirect,native,27,46.182663,1,
call_indirect,wasm,27,91.11547,1,
call_indirect,native,28,47.155485,1,
call_indirect,wasm,28,82.093919,1,
call_indirect,native,29,46.533555,1,
call_indirect,wasm,29,92.056007,1,
call_indirect,native,30,48.102514,1,
call_indirect,wasm,30,84.120261,1,
call_many_small_funcs,native,1,85.147956,1,
call_many_small_funcs,wasm,1,97.726936,1,
call_many_small_funcs,native,2,69.993088,1,
call_many_small_funcs,wasm,2,88.5856,1,
call_many_small_funcs,native,3,69.303463,1,
call_many_small_funcs,wasm,3,91.628623,1,
call_many_small_funcs,native,4,70.352305,1,
call_many_small_funcs,wasm,4,91.051667,1,
call_many_small_funcs,native,5,70.241238,1,
call_many_small_funcs,wasm,5,92.69349,1,
call_many_small_funcs,native,6,73.254307,1,
call_many_small_funcs,wasm,6,99.191005,1,
call_many_small_funcs,native,7,71.887587,1,
call_many_small_funcs,wasm,7,90.50835,1,
call_many_small_funcs,native,8,68.686367,1,
call_many_small_funcs,wasm,8,87.421421,1,
call_many_small_funcs,native,9,70.265671,1,
call_many_small_funcs,wasm,9,87.863488,1,
call_many_small_funcs,native,10,104.035274,1,
call_many_small_funcs,wasm,10,90.199124,1,
call_many_small_funcs,native,11,70.261381,1,
call_many_small_funcs,wasm,11,85.587525,1,
call_many_small_funcs,native,12,70.114088,1,
call_many_small_funcs,wasm,12,90.969191,1,
call_many_small_funcs,native,13,69.877797,1,
call_many_small_funcs,wasm,13,91.351183,1,
call_many_small_funcs,native,14,72.637004,1,
call_many_small_funcs,wasm,14,91.664697,1,
call_many_small_funcs,native,15,68.430594,1,
call_many_small_funcs,wasm,15,88.077327,1,
call_many_small_funcs,native,16,68.96077,1,
call_many_small_funcs,wasm,16,86.268321,1,
call_many_small_funcs,native,17,66.578749,1,
call_many_small_funcs,wasm,17,87.376252,1,
call_many_small_funcs,native,18,69.713637,1,
call_many_small_funcs,wasm,18,84.692478,1,
call_many_small_funcs,native,19,70.634109,1,
call_many_small_funcs,wasm,19,88.421554,1,
call_many_small_funcs,native,20,68.669197,1,
call_many_small_funcs,wasm,20,87.75283,1,
call_many_small_funcs,native,21,72.044166,1,
call_many_small_funcs,wasm,21,92.888868,1,
call_many_small_funcs,native,22,70.650129,1,
call_many_small_funcs,wasm,22,85.791772,1,
call_many_small_funcs,native,23,71.338363,1,
call_many_small_funcs,wasm,23,92.302472,1,
call_many_small_funcs,native,24,84.747788,1,
call_many_small_funcs,wasm,24,152.424469,1,
call_many_small_funcs,native,25,69.87645,1,
call_many_small_funcs,wasm,25,86.493941,1,
call_many_small_funcs,native,26,70.340227,1,
call_many_small_funcs,wasm,26,87.545399,1,
call_many_small_funcs,native,27,68.388568,1,
call_many_small_funcs,wasm,27,87.994377,1,
call_many_small_funcs,native,28,70.117354,1,
call_many_small_funcs,wasm,28,122.783405,1,
call_many_small_funcs,native,29,96.825697,1,
call_many_small_funcs,wasm,29,86.504778,1,
call_many_small_funcs,native,30,69.46465,1,
call_many_small_funcs,wasm,30,90.765172,1,
call_recursive,native,1,5.017888,1,
call_recursive,wasm,1,13.580782,1,
call_recursive,native,2,5.683783,1,
call_recursive,wasm,2,13.001014,1,
call_recursive,native,3,8.08874,1,
call_recursive,wasm,3,14.773617,1,
call_recursive,native,4,6.46323,1,
call_recursive,wasm,4,14.989997,1,
call_recursive,native,5,6.233209,1,
call_recursive,wasm,5,13.893122,1,
call_recursive,native,6,5.502396,1,
call_recursive,wasm,6,13.431693,1,
call_recursive,native,7,5.538898,1,
call_recursive,wasm,7,12.939463,1,
call_recursive,native,8,6.771831,1,
call_recursive,wasm,8,14.57692,1,
call_recursive,native,9,5.974651,1,
call_recursive,wasm,9,14.186098,1,
call_recursive,native,10,5.101154,1,
call_recursive,wasm,10,13.897088,1,
call_recursive,native,11,5.56838,1,
call_recursive,wasm,11,13.79339,1,
call_recursive,native,12,5.596034,1,
call_recursive,wasm,12,13.63185,1,
call_recursive,native,13,6.19675,1,
call_recursive,wasm,13,12.141078,1,
call_recursive,native,14,6.652491,1,
call_recursive,wasm,14,13.774638,1,
call_recursive,native,15,6.693053,1,
call_recursive,wasm,15,12.708122,1,
call_recursive,native,16,5.371331,1,
call_recursive,wasm,16,14.295134,1,
call_recursive,native,17,5.684994,1,
call_recursive,wasm,17,14.625298,1,
call_recursive,native,18,5.5752,1,
call_recursive,wasm,18,12.278555,1,
call_recursive,native,19,5.783138,1,
call_recursive,wasm,19,13.292485,1,
call_recursive,native,20,6.046523,1,
call_recursive,wasm,20,12.714568,1,
call_recursive,native,21,6.283541,1,
call_recursive,wasm,21,12.985413,1,
call_recursive,native,22,5.110704,1,
call_recursive,wasm,22,12.003335,1,
call_recursive,native,23,5.043075,1,
call_recursive,wasm,23,14.115905,1,
call_recursive,native,24,5.45548,1,
call_recursive,wasm,24,15.947334,1,
call_recursive,native,25,7.129704,1,
call_recursive,wasm,25,12.700791,1,
call_recursive,native,26,6.900648,1,
call_recursive,wasm,26,14.435429,1,
call_recursive,native,27,5.231331,1,
call_recursive,wasm,27,13.056868,1,
call_recursive,native,28,5.302534,1,
call_recursive,wasm,28,14.614891,1,
call_recursive,native,29,6.530225,1,
call_recursive,wasm,29,15.045889,1,
call_recursive,native,30,5.263112,1,
call_recursive,wasm,30,15.153053,1,
compute_fp_mix,native,1,58.663467,1,
compute_fp_mix,wasm,1,66.903541,1,
compute_fp_mix,native,2,55.071164,1,
compute_fp_mix,wasm,2,64.861093,1,
compute_fp_mix,native,3,60.185125,1,
compute_fp_mix,wasm,3,66.577306,1,
compute_fp_mix,native,4,57.513276,1,
compute_fp_mix,wasm,4,64.829411,1,
compute_fp_mix,native,5,60.91583,1,
compute_fp_mix,wasm,5,65.505577,1,
compute_fp_mix,native,6,57.526977,1,
compute_fp_mix,wasm,6,67.804322,1,
compute_fp_mix,native,7,58.943981,1,
compute_fp_mix,wasm,7,69.568679,1,
compute_fp_mix,native,8,63.73673,1,
compute_fp_mix,wasm,8,84.154674,1,
compute_fp_mix,native,9,60.623098,1,
compute_fp_mix,wasm,9,86.496813,1,
compute_fp_mix,native,10,66.663135,1,
compute_fp_mix,wasm,10,64.984588,1,
compute_fp_mix,native,11,58.374255,1,
compute_fp_mix,wasm,11,67.76926,1,
compute_fp_mix,native,12,63.938853,1,
compute_fp_mix,wasm,12,70.841934,1,
compute_fp_mix,native,13,57.945942,1,
compute_fp_mix,wasm,13,70.098726,1,
compute_fp_mix,native,14,87.867205,1,
compute_fp_mix,wasm,14,65.241248,1,
compute_fp_mix,native,15,57.336868,1,
compute_fp_mix,wasm,15,63.629619,1,
compute_fp_mix,native,16,59.358323,1,
compute_fp_mix,wasm,16,65.493801,1,
compute_fp_mix,native,17,56.630049,1,
compute_fp_mix,wasm,17,71.348881,1,
compute_fp_mix,native,18,60.778603,1,
compute_fp_mix,wasm,18,69.991123,1,
compute_fp_mix,native,19,59.72373,1,
compute_fp_mix,wasm,19,67.664638,1,
compute_fp_mix,native,20,58.481941,1,
compute_fp_mix,wasm,20,65.309396,1,
compute_fp_mix,native,21,60.066683,1,
compute_fp_mix,wasm,21,67.507796,1,
compute_fp_mix,native,22,59.490828,1,
compute_fp_mix,wasm,22,66.234335,1,
compute_fp_mix,native,23,57.782299,1,
compute_fp_mix,wasm,23,67.724059,1,
compute_fp_mix,native,24,59.834672,1,
compute_fp_mix,wasm,24,66.013693,1,
compute_fp_mix,native,25,60.077658,1,
compute_fp_mix,wasm,25,64.099725,1,
compute_fp_mix,native,26,59.384826,1,
compute_fp_mix,wasm,26,66.111685,1,
compute_fp_mix,native,27,63.176516,1,
compute_fp_mix,wasm,27,71.651293,1,
compute_fp_mix,native,28,57.208131,1,
compute_fp_mix,wasm,28,67.886709,1,
compute_fp_mix,native,29,58.67179,1,
compute_fp_mix,wasm,29,67.13734,1,
compute_fp_mix,native,30,59.59951,1,
compute_fp_mix,wasm,30,65.164725,1,
compute_fp_muladd,native,1,68.159572,1,
compute_fp_muladd,wasm,1,76.846135,1,
compute_fp_muladd,native,2,68.89354,1,
compute_fp_muladd,wasm,2,76.329317,1,
compute_fp_muladd,native,3,69.604277,1,
compute_fp_muladd,wasm,3,79.747143,1,
compute_fp_muladd,native,4,71.945717,1,
compute_fp_muladd,wasm,4,74.124913,1,
compute_fp_muladd,native,5,85.393382,1,
compute_fp_muladd,wasm,5,74.958386,1,
compute_fp_muladd,native,6,67.211218,1,
compute_fp_muladd,wasm,6,74.868916,1,
compute_fp_muladd,native,7,65.532883,1,
compute_fp_muladd,wasm,7,75.581916,1,
compute_fp_muladd,native,8,68.345581,1,
compute_fp_muladd,wasm,8,78.73549,1,
compute_fp_muladd,native,9,67.658114,1,
compute_fp_muladd,wasm,9,72.860525,1,
compute_fp_muladd,native,10,66.866774,1,
compute_fp_muladd,wasm,10,74.920128,1,
compute_fp_muladd,native,11,63.73902,1,
compute_fp_muladd,wasm,11,80.179178,1,
compute_fp_muladd,native,12,70.2183,1,
compute_fp_muladd,wasm,12,77.91821,1,
compute_fp_muladd,native,13,68.693263,1,
compute_fp_muladd,wasm,13,74.622418,1,
compute_fp_muladd,native,14,71.219119,1,
compute_fp_muladd,wasm,14,82.178381,1,
compute_fp_muladd,native,15,66.665912,1,
compute_fp_muladd,wasm,15,90.604187,1,
compute_fp_muladd,native,16,72.360939,1,
compute_fp_muladd,wasm,16,72.849255,1,
compute_fp_muladd,native,17,65.406664,1,
compute_fp_muladd,wasm,17,75.340689,1,
compute_fp_muladd,native,18,68.399911,1,
compute_fp_muladd,wasm,18,77.1426,1,
compute_fp_muladd,native,19,70.81635,1,
compute_fp_muladd,wasm,19,81.575241,1,
compute_fp_muladd,native,20,69.735676,1,
compute_fp_muladd,wasm,20,109.10437,1,
compute_fp_muladd,native,21,121.615877,1,
compute_fp_muladd,wasm,21,83.321044,1,
compute_fp_muladd,native,22,66.11676,1,
compute_fp_muladd,wasm,22,76.693171,1,
compute_fp_muladd,native,23,67.516989,1,
compute_fp_muladd,wasm,23,76.902556,1,
compute_fp_muladd,native,24,69.007172,1,
compute_fp_muladd,wasm,24,79.177887,1,
compute_fp_muladd,native,25,107.122042,1,
compute_fp_muladd,wasm,25,81.257929,1,
compute_fp_muladd,native,26,67.22988,1,
compute_fp_muladd,wasm,26,75.820274,1,
compute_fp_muladd,native,27,72.462479,1,
compute_fp_muladd,wasm,27,75.741219,1,
compute_fp_muladd,native,28,68.64697,1,
compute_fp_muladd,wasm,28,72.901466,1,
compute_fp_muladd,native,29,67.899297,1,
compute_fp_muladd,wasm,29,73.548481,1,
compute_fp_muladd,native,30,66.384572,1,
compute_fp_muladd,wasm,30,71.953354,1,
compute_int_add,native,1,92.240616,1,
compute_int_add,wasm,1,94.659901,1,
compute_int_add,native,2,100.583439,1,
compute_int_add,wasm,2,96.034748,1,
compute_int_add,native,3,90.466945,1,
compute_int_add,wasm,3,89.817826,1,
compute_int_add,native,4,87.795392,1,
compute_int_add,wasm,4,91.542766,1,
compute_int_add,native,5,93.890713,1,
compute_int_add,wasm,5,95.541509,1,
compute_int_add,native,6,89.821068,1,
compute_int_add,wasm,6,90.730573,1,
compute_int_add,native,7,92.349402,1,
compute_int_add,wasm,7,91.416967,1,
compute_int_add,native,8,91.053191,1,
compute_int_add,wasm,8,99.529448,1,
compute_int_add,native,9,95.365507,1,
compute_int_add,wasm,9,92.927869,1,
compute_int_add,native,10,94.305295,1,
compute_int_add,wasm,10,109.997199,1,
compute_int_add,native,11,96.037739,1,
compute_int_add,wasm,11,87.240256,1,
compute_int_add,native,12,89.395663,1,
compute_int_add,wasm,12,94.369361,1,
compute_int_add,native,13,99.851612,1,
compute_int_add,wasm,13,95.806952,1,
compute_int_add,native,14,176.235266,1,
compute_int_add,wasm,14,116.634278,1,
compute_int_add,native,15,115.230766,1,
compute_int_add,wasm,15,103.822143,1,
compute_int_add,native,16,101.720097,1,
compute_int_add,wasm,16,105.025488,1,
compute_int_add,native,17,96.698927,1,
compute_int_add,wasm,17,92.705735,1,
compute_int_add,native,18,90.410297,1,
compute_int_add,wasm,18,91.258058,1,
compute_int_add,native,19,91.970628,1,
compute_int_add,wasm,19,91.104754,1,
compute_int_add,native,20,92.172374,1,
compute_int_add,wasm,20,96.238345,1,
compute_int_add,native,21,95.304294,1,
compute_int_add,wasm,21,91.65088,1,
compute_int_add,native,22,91.131362,1,
compute_int_add,wasm,22,88.485795,1,
compute_int_add,native,23,88.095356,1,
compute_int_add,wasm,23,90.155866,1,
compute_int_add,native,24,90.169163,1,
compute_int_add,wasm,24,90.311744,1,
compute_int_add,native,25,88.090693,1,
compute_int_add,wasm,25,90.550919,1,
compute_int_add,native,26,92.354939,1,
compute_int_add,wasm,26,117.787627,1,
compute_int_add,native,27,96.926652,1,
compute_int_add,wasm,27,93.605827,1,
compute_int_add,native,28,87.234982,1,
compute_int_add,wasm,28,87.931992,1,
compute_int_add,native,29,92.390648,1,
compute_int_add,wasm,29,89.909665,1,
compute_int_add,native,30,90.576788,1,
compute_int_add,wasm,30,90.999675,1,
compute_int_divmod,native,1,287.205753,1,
compute_int_divmod,wasm,1,326.094943,1,
compute_int_divmod,native,2,370.98559,1,
compute_int_divmod,wasm,2,337.979903,1,
compute_int_divmod,native,3,320.947055,1,
compute_int_divmod,wasm,3,316.832407,1,
compute_int_divmod,native,4,305.288514,1,
compute_int_divmod,wasm,4,313.944,1,
compute_int_divmod,native,5,321.595934,1,
compute_int_divmod,wasm,5,311.702375,1,
compute_int_divmod,native,6,285.245088,1,
compute_int_divmod,wasm,6,291.625294,1,
compute_int_divmod,native,7,335.473157,1,
compute_int_divmod,wasm,7,287.989714,1,
compute_int_divmod,native,8,289.996955,1,
compute_int_divmod,wasm,8,292.17044,1,
compute_int_divmod,native,9,301.301825,1,
compute_int_divmod,wasm,9,288.773183,1,
compute_int_divmod,native,10,309.941584,1,
compute_int_divmod,wasm,10,299.915647,1,
compute_int_divmod,native,11,302.246927,1,
compute_int_divmod,wasm,11,289.671675,1,
compute_int_divmod,native,12,292.400375,1,
compute_int_divmod,wasm,12,336.447842,1,
compute_int_divmod,native,13,303.858009,1,
compute_int_divmod,wasm,13,291.869883,1,
compute_int_divmod,native,14,287.490147,1,
compute_int_divmod,wasm,14,290.648026,1,
compute_int_divmod,native,15,305.343563,1,
compute_int_divmod,wasm,15,288.768881,1,
compute_int_divmod,native,16,288.779395,1,
compute_int_divmod,wasm,16,293.032075,1,
compute_int_divmod,native,17,299.250893,1,
compute_int_divmod,wasm,17,313.399078,1,
compute_int_divmod,native,18,285.842037,1,
compute_int_divmod,wasm,18,288.799291,1,
compute_int_divmod,native,19,302.674995,1,
compute_int_divmod,wasm,19,292.234724,1,
compute_int_divmod,native,20,292.121957,1,
compute_int_divmod,wasm,20,293.620893,1,
compute_int_divmod,native,21,304.547293,1,
compute_int_divmod,wasm,21,294.382738,1,
compute_int_divmod,native,22,287.748934,1,
compute_int_divmod,wasm,22,324.401947,1,
compute_int_divmod,native,23,303.547093,1,
compute_int_divmod,wasm,23,291.817929,1,
compute_int_divmod,native,24,288.47958,1,
compute_int_divmod,wasm,24,289.010746,1,
compute_int_divmod,native,25,300.910029,1,
compute_int_divmod,wasm,25,287.709989,1,
compute_int_divmod,native,26,289.615332,1,
compute_int_divmod,wasm,26,291.192277,1,
compute_int_divmod,native,27,427.281155,1,
compute_int_divmod,wasm,27,318.275295,1,
compute_int_divmod,native,28,284.302177,1,
compute_int_divmod,wasm,28,286.990895,1,
compute_int_divmod,native,29,298.976719,1,
compute_int_divmod,wasm,29,288.428251,1,
compute_int_divmod,native,30,288.731499,1,
compute_int_divmod,wasm,30,290.362684,1,
compute_int_mul,native,1,95.705653,1,
compute_int_mul,wasm,1,97.823809,1,
compute_int_mul,native,2,97.913171,1,
compute_int_mul,wasm,2,104.007028,1,
compute_int_mul,native,3,94.197497,1,
compute_int_mul,wasm,3,98.210919,1,
compute_int_mul,native,4,96.12457,1,
compute_int_mul,wasm,4,129.073235,1,
compute_int_mul,native,5,117.309384,1,
compute_int_mul,wasm,5,128.380583,1,
compute_int_mul,native,6,110.654963,1,
compute_int_mul,wasm,6,96.923736,1,
compute_int_mul,native,7,96.41976,1,
compute_int_mul,wasm,7,100.663457,1,
compute_int_mul,native,8,100.690068,1,
compute_int_mul,wasm,8,103.136505,1,
compute_int_mul,native,9,98.311515,1,
compute_int_mul,wasm,9,100.651358,1,
compute_int_mul,native,10,97.676877,1,
compute_int_mul,wasm,10,98.519666,1,
compute_int_mul,native,11,100.378034,1,
compute_int_mul,wasm,11,105.415763,1,
compute_int_mul,native,12,94.271186,1,
compute_int_mul,wasm,12,99.220281,1,
compute_int_mul,native,13,94.023182,1,
compute_int_mul,wasm,13,97.445301,1,
compute_int_mul,native,14,97.076328,1,
compute_int_mul,wasm,14,99.985837,1,
compute_int_mul,native,15,94.102367,1,
compute_int_mul,wasm,15,104.229934,1,
compute_int_mul,native,16,93.707869,1,
compute_int_mul,wasm,16,97.313781,1,
compute_int_mul,native,17,97.501819,1,
compute_int_mul,wasm,17,103.432909,1,
compute_int_mul,native,18,99.474275,1,
compute_int_mul,wasm,18,98.877684,1,
compute_int_mul,native,19,94.051106,1,
compute_int_mul,wasm,19,118.988845,1,
compute_int_mul,native,20,96.051916,1,
compute_int_mul,wasm,20,97.992514,1,
compute_int_mul,native,21,95.404717,1,
compute_int_mul,wasm,21,97.628154,1,
compute_int_mul,native,22,96.415306,1,
compute_int_mul,wasm,22,97.611853,1,
compute_int_mul,native,23,95.837878,1,
compute_int_mul,wasm,23,106.903595,1,
compute_int_mul,native,24,96.700669,1,
compute_int_mul,wasm,24,98.633993,1,
compute_int_mul,native,25,95.245188,1,
compute_int_mul,wasm,25,96.490293,1,
compute_int_mul,native,26,93.310789,1,
compute_int_mul,wasm,26,99.943011,1,
compute_int_mul,native,27,94.385414,1,
compute_int_mul,wasm,27,99.397322,1,
compute_int_mul,native,28,96.686403,1,
compute_int_mul,wasm,28,99.817863,1,
compute_int_mul,native,29,95.617194,1,
compute_int_mul,wasm,29,102.993188,1,
compute_int_mul,native,30,101.330038,1,
compute_int_mul,wasm,30,101.772832,1,
host_env_query,native,1,5.091395,1,
host_env_query,wasm,1,9.470952,1,
host_env_query,native,2,3.428135,1,
host_env_query,wasm,2,11.884958,1,
host_env_query,native,3,3.492559,1,
host_env_query,wasm,3,10.774751,1,
host_env_query,native,4,3.559101,1,
host_env_query,wasm,4,11.401068,1,
host_env_query,native,5,3.544794,1,
host_env_query,wasm,5,10.71814,1,
host_env_query,native,6,3.63968,1,
host_env_query,wasm,6,9.462626,1,
host_env_query,native,7,4.27877,1,
host_env_query,wasm,7,8.453974,1,
host_env_query,native,8,5.660865,1,
host_env_query,wasm,8,8.944266,1,
host_env_query,native,9,3.552603,1,
host_env_query,wasm,9,9.741192,1,
host_env_query,native,10,3.501131,1,
host_env_query,wasm,10,11.596714,1,
host_env_query,native,11,3.540613,1,
host_env_query,wasm,11,10.117082,1,
host_env_query,native,12,3.670513,1,
host_env_query,wasm,12,9.314518,1,
host_env_query,native,13,4.674912,1,
host_env_query,wasm,13,8.738237,1,
host_env_query,native,14,4.453867,1,
host_env_query,wasm,14,9.113008,1,
host_env_query,native,15,3.530429,1,
host_env_query,wasm,15,11.399392,1,
host_env_query,native,16,4.542361,1,
host_env_query,wasm,16,10.544553,1,
host_env_query,native,17,3.603424,1,
host_env_query,wasm,17,10.897012,1,
host_env_query,native,18,3.69455,1,
host_env_query,wasm,18,9.375251,1,
host_env_query,native,19,4.24989,1,
host_env_query,wasm,19,8.195107,1,
host_env_query,native,20,5.4613,1,
host_env_query,wasm,20,9.034803,1,
host_env_query,native,21,3.458471,1,
host_env_query,wasm,21,9.793001,1,
host_env_query,native,22,3.495746,1,
host_env_query,wasm,22,11.408145,1,
host_env_query,native,23,3.543551,1,
host_env_query,wasm,23,10.387477,1,
host_env_query,native,24,4.051177,1,
host_env_query,wasm,24,11.284542,1,
host_env_query,native,25,3.992787,1,
host_env_query,wasm,25,8.733854,1,
host_env_query,native,26,5.123448,1,
host_env_query,wasm,26,8.720612,1,
host_env_query,native,27,7.576872,1,
host_env_query,wasm,27,8.67663,1,
host_env_query,native,28,3.835833,1,
host_env_query,wasm,28,9.434243,1,
host_env_query,native,29,3.616795,1,
host_env_query,wasm,29,10.398924,1,
host_env_query,native,30,3.501677,1,
host_env_query,wasm,30,9.320682,1,
host_getcwd_loop,native,1,4.864585,1,
host_getcwd_loop,wasm,1,11.50548,1,
host_getcwd_loop,native,2,4.439718,1,
host_getcwd_loop,wasm,2,10.118395,1,
host_getcwd_loop,native,3,5.165757,1,
host_getcwd_loop,wasm,3,12.693285,1,
host_getcwd_loop,native,4,5.795571,1,
host_getcwd_loop,wasm,4,10.362278,1,
host_getcwd_loop,native,5,6.076378,1,
host_getcwd_loop,wasm,5,11.157871,1,
host_getcwd_loop,native,6,4.997268,1,
host_getcwd_loop,wasm,6,12.737387,1,
host_getcwd_loop,native,7,5.400193,1,
host_getcwd_loop,wasm,7,11.497165,1,
host_getcwd_loop,native,8,5.277448,1,
host_getcwd_loop,wasm,8,10.547083,1,
host_getcwd_loop,native,9,6.891051,1,
host_getcwd_loop,wasm,9,12.01191,1,
host_getcwd_loop,native,10,4.881892,1,
host_getcwd_loop,wasm,10,9.923004,1,
host_getcwd_loop,native,11,4.890792,1,
host_getcwd_loop,wasm,11,10.768364,1,
host_getcwd_loop,native,12,4.541408,1,
host_getcwd_loop,wasm,12,10.109858,1,
host_getcwd_loop,native,13,4.743466,1,
host_getcwd_loop,wasm,13,11.563341,1,
host_getcwd_loop,native,14,5.332204,1,
host_getcwd_loop,wasm,14,10.18255,1,
host_getcwd_loop,native,15,4.751552,1,
host_getcwd_loop,wasm,15,10.120186,1,
host_getcwd_loop,native,16,5.661555,1,
host_getcwd_loop,wasm,16,55.98791,1,
host_getcwd_loop,native,17,12.521619,1,
host_getcwd_loop,wasm,17,13.620891,1,
host_getcwd_loop,native,18,6.672826,1,
host_getcwd_loop,wasm,18,14.989435,1,
host_getcwd_loop,native,19,7.844192,1,
host_getcwd_loop,wasm,19,11.28436,1,
host_getcwd_loop,native,20,7.467184,1,
host_getcwd_loop,wasm,20,11.030042,1,
host_getcwd_loop,native,21,7.247428,1,
host_getcwd_loop,wasm,21,12.552969,1,
host_getcwd_loop,native,22,5.55943,1,
host_getcwd_loop,wasm,22,12.181957,1,
host_getcwd_loop,native,23,5.907116,1,
host_getcwd_loop,wasm,23,12.372409,1,
host_getcwd_loop,native,24,5.452012,1,
host_getcwd_loop,wasm,24,12.694934,1,
host_getcwd_loop,native,25,5.869232,1,
host_getcwd_loop,wasm,25,12.046726,1,
host_getcwd_loop,native,26,5.732471,1,
host_getcwd_loop,wasm,26,14.059238,1,
host_getcwd_loop,native,27,5.962277,1,
host_getcwd_loop,wasm,27,12.041155,1,
host_getcwd_loop,native,28,5.716569,1,
host_getcwd_loop,wasm,28,10.864566,1,
host_getcwd_loop,native,29,6.045869,1,
host_getcwd_loop,wasm,29,9.432327,1,
host_getcwd_loop,native,30,6.641612,1,
host_getcwd_loop,wasm,30,9.169587,1,
host_open_close_loop,native,1,346.827227,1,
host_open_close_loop,wasm,1,474.169043,1,
host_open_close_loop,native,2,415.877816,1,
host_open_close_loop,wasm,2,522.436157,1,
host_open_close_loop,native,3,399.89385,1,
host_open_close_loop,wasm,3,477.416941,1,
host_open_close_loop,native,4,486.629348,1,
host_open_close_loop,wasm,4,496.169669,1,
host_open_close_loop,native,5,705.21867,1,
host_open_close_loop,wasm,5,541.196127,1,
host_open_close_loop,native,6,399.829156,1,
host_open_close_loop,wasm,6,617.605131,1,
host_open_close_loop,native,7,400.434626,1,
host_open_close_loop,wasm,7,566.854226,1,
host_open_close_loop,native,8,393.105527,1,
host_open_close_loop,wasm,8,586.489505,1,
host_open_close_loop,native,9,472.014851,1,
host_open_close_loop,wasm,9,485.692635,1,
host_open_close_loop,native,10,529.758728,1,
host_open_close_loop,wasm,10,518.058247,1,
host_open_close_loop,native,11,406.668117,1,
host_open_close_loop,wasm,11,673.864249,1,
host_open_close_loop,native,12,403.353418,1,
host_open_close_loop,wasm,12,704.673109,1,
host_open_close_loop,native,13,422.910119,1,
host_open_close_loop,wasm,13,572.809168,1,
host_open_close_loop,native,14,480.785451,1,
host_open_close_loop,wasm,14,549.778173,1,
host_open_close_loop,native,15,485.463735,1,
host_open_close_loop,wasm,15,484.661123,1,
host_open_close_loop,native,16,464.493356,1,
host_open_close_loop,wasm,16,528.689746,1,
host_open_close_loop,native,17,407.678654,1,
host_open_close_loop,wasm,17,652.581407,1,
host_open_close_loop,native,18,400.079143,1,
host_open_close_loop,wasm,18,576.701021,1,
host_open_close_loop,native,19,406.698976,1,
host_open_close_loop,wasm,19,588.059509,1,
host_open_close_loop,native,20,452.681572,1,
host_open_close_loop,wasm,20,548.039904,1,
host_open_close_loop,native,21,498.188618,1,
host_open_close_loop,wasm,21,498.772506,1,
host_open_close_loop,native,22,471.051808,1,
host_open_close_loop,wasm,22,501.176427,1,
host_open_close_loop,native,23,386.406784,1,
host_open_close_loop,wasm,23,674.895652,1,
host_open_close_loop,native,24,402.049234,1,
host_open_close_loop,wasm,24,586.111041,1,
host_open_close_loop,native,25,431.707184,1,
host_open_close_loop,wasm,25,501.120953,1,
host_open_close_loop,native,26,464.696857,1,
host_open_close_loop,wasm,26,585.900569,1,
host_open_close_loop,native,27,616.476638,1,
host_open_close_loop,wasm,27,499.859231,1,
host_open_close_loop,native,28,480.012125,1,
host_open_close_loop,wasm,28,569.316416,1,
host_open_close_loop,native,29,383.754687,1,
host_open_close_loop,wasm,29,697.417364,1,
host_open_close_loop,native,30,478.975974,1,
host_open_close_loop,wasm,30,593.641738,1,
host_read_small,native,1,987.722699,1,
host_read_small,wasm,1,1113.504999,1,
host_read_small,native,2,969.935655,1,
host_read_small,wasm,2,1816.113404,1,
host_read_small,native,3,1026.770607,1,
host_read_small,wasm,3,1241.111068,1,
host_read_small,native,4,1299.768316,1,
host_read_small,wasm,4,1695.701983,1,
host_read_small,native,5,1423.355419,1,
host_read_small,wasm,5,1234.160055,1,
host_read_small,native,6,844.414741,1,
host_read_small,wasm,6,1504.867095,1,
host_read_small,native,7,1070.574421,1,
host_read_small,wasm,7,1262.308474,1,
host_read_small,native,8,876.95471,1,
host_read_small,wasm,8,1637.32534,1,
host_read_small,native,9,1123.373525,1,
host_read_small,wasm,9,1228.718646,1,
host_read_small,native,10,973.604822,1,
host_read_small,wasm,10,1043.543112,1,
host_read_small,native,11,1093.523986,1,
host_read_small,wasm,11,1036.963623,1,
host_read_small,native,12,795.848911,1,
host_read_small,wasm,12,1129.222926,1,
host_read_small,native,13,900.995736,1,
host_read_small,wasm,13,1209.643129,1,
host_read_small,native,14,1054.6196,1,
host_read_small,wasm,14,1069.031771,1,
host_read_small,native,15,791.070409,1,
host_read_small,wasm,15,1121.384284,1,
host_read_small,native,16,1044.241293,1,
host_read_small,wasm,16,1247.47122,1,
host_read_small,native,17,1012.412311,1,
host_read_small,wasm,17,1118.394956,1,
host_read_small,native,18,841.686191,1,
host_read_small,wasm,18,1198.081441,1,
host_read_small,native,19,900.014538,1,
host_read_small,wasm,19,1188.494663,1,
host_read_small,native,20,949.077003,1,
host_read_small,wasm,20,1003.03252,1,
host_read_small,native,21,881.440486,1,
host_read_small,wasm,21,1248.622333,1,
host_read_small,native,22,901.001474,1,
host_read_small,wasm,22,1052.197788,1,
host_read_small,native,23,964.777113,1,
host_read_small,wasm,23,986.712297,1,
host_read_small,native,24,959.177264,1,
host_read_small,wasm,24,1103.666025,1,
host_read_small,native,25,896.524844,1,
host_read_small,wasm,25,1044.802288,1,
host_read_small,native,26,974.74993,1,
host_read_small,wasm,26,1136.619909,1,
host_read_small,native,27,812.755639,1,
host_read_small,wasm,27,1093.042547,1,
host_read_small,native,28,897.003233,1,
host_read_small,wasm,28,1044.330796,1,
host_read_small,native,29,1268.597744,1,
host_read_small,wasm,29,1284.043931,1,
host_read_small,native,30,949.372251,1,
host_read_small,wasm,30,1110.332582,1,
host_stat_loop,native,1,88.230402,1,
host_stat_loop,wasm,1,175.404736,1,
host_stat_loop,native,2,77.968075,1,
host_stat_loop,wasm,2,171.158055,1,
host_stat_loop,native,3,98.936102,1,
host_stat_loop,wasm,3,236.108376,1,
host_stat_loop,native,4,85.694402,1,
host_stat_loop,wasm,4,278.157029,1,
host_stat_loop,native,5,163.804469,1,
host_stat_loop,wasm,5,212.879655,1,
host_stat_loop,native,6,88.709558,1,
host_stat_loop,wasm,6,517.535747,1,
host_stat_loop,native,7,114.605245,1,
host_stat_loop,wasm,7,219.112819,1,
host_stat_loop,native,8,99.524977,1,
host_stat_loop,wasm,8,177.520809,1,
host_stat_loop,native,9,82.03196,1,
host_stat_loop,wasm,9,167.82293,1,
host_stat_loop,native,10,88.558685,1,
host_stat_loop,wasm,10,227.33932,1,
host_stat_loop,native,11,102.153511,1,
host_stat_loop,wasm,11,175.532828,1,
host_stat_loop,native,12,71.197624,1,
host_stat_loop,wasm,12,162.290664,1,
host_stat_loop,native,13,74.156577,1,
host_stat_loop,wasm,13,171.473452,1,
host_stat_loop,native,14,80.217449,1,
host_stat_loop,wasm,14,153.81528,1,
host_stat_loop,native,15,82.7336,1,
host_stat_loop,wasm,15,235.006537,1,
host_stat_loop,native,16,89.281403,1,
host_stat_loop,wasm,16,171.520146,1,
host_stat_loop,native,17,79.190822,1,
host_stat_loop,wasm,17,229.417118,1,
host_stat_loop,native,18,80.88797,1,
host_stat_loop,wasm,18,166.132134,1,
host_stat_loop,native,19,78.55984,1,
host_stat_loop,wasm,19,210.852051,1,
host_stat_loop,native,20,94.848171,1,
host_stat_loop,wasm,20,171.142923,1,
host_stat_loop,native,21,77.665572,1,
host_stat_loop,wasm,21,174.389436,1,
host_stat_loop,native,22,75.100476,1,
host_stat_loop,wasm,22,159.310888,1,
host_stat_loop,native,23,74.459141,1,
host_stat_loop,wasm,23,157.882697,1,
host_stat_loop,native,24,119.629068,1,
host_stat_loop,wasm,24,299.505508,1,
host_stat_loop,native,25,102.22742,1,
host_stat_loop,wasm,25,204.016738,1,
host_stat_loop,native,26,105.209262,1,
host_stat_loop,wasm,26,180.574644,1,
host_stat_loop,native,27,85.690577,1,
host_stat_loop,wasm,27,626.0427,1,
host_stat_loop,native,28,100.810451,1,
host_stat_loop,wasm,28,181.200575,1,
host_stat_loop,native,29,75.798019,1,
host_stat_loop,wasm,29,156.04025,1,
host_stat_loop,native,30,72.07715,1,
host_stat_loop,wasm,30,158.247173,1,
host_time_loop,native,1,3.73886,1,
host_time_loop,wasm,1,9.987316,1,
host_time_loop,native,2,3.807674,1,
host_time_loop,wasm,2,10.29383,1,
host_time_loop,native,3,4.363285,1,
host_time_loop,wasm,3,9.701371,1,
host_time_loop,native,4,4.992801,1,
host_time_loop,wasm,4,11.73502,1,
host_time_loop,native,5,5.420792,1,
host_time_loop,wasm,5,9.309561,1,
host_time_loop,native,6,5.175211,1,
host_time_loop,wasm,6,9.387919,1,
host_time_loop,native,7,4.613742,1,
host_time_loop,wasm,7,12.75944,1,
host_time_loop,native,8,5.063479,1,
host_time_loop,wasm,8,11.887571,1,
host_time_loop,native,9,5.319254,1,
host_time_loop,wasm,9,9.99547,1,
host_time_loop,native,10,3.933471,1,
host_time_loop,wasm,10,10.852994,1,
host_time_loop,native,11,3.799591,1,
host_time_loop,wasm,11,11.615708,1,
host_time_loop,native,12,3.663164,1,
host_time_loop,wasm,12,12.006409,1,
host_time_loop,native,13,5.462625,1,
host_time_loop,wasm,13,18.371826,1,
host_time_loop,native,14,7.993071,1,
host_time_loop,wasm,14,17.359072,1,
host_time_loop,native,15,6.083065,1,
host_time_loop,wasm,15,14.87377,1,
host_time_loop,native,16,7.898946,1,
host_time_loop,wasm,16,12.623361,1,
host_time_loop,native,17,7.240936,1,
host_time_loop,wasm,17,14.998455,1,
host_time_loop,native,18,6.87111,1,
host_time_loop,wasm,18,15.536406,1,
host_time_loop,native,19,9.699468,1,
host_time_loop,wasm,19,12.900551,1,
host_time_loop,native,20,6.274549,1,
host_time_loop,wasm,20,14.688876,1,
host_time_loop,native,21,5.093981,1,
host_time_loop,wasm,21,14.404866,1,
host_time_loop,native,22,5.132922,1,
host_time_loop,wasm,22,14.735371,1,
host_time_loop,native,23,3.882861,1,
host_time_loop,wasm,23,12.878382,1,
host_time_loop,native,24,4.357451,1,
host_time_loop,wasm,24,11.68747,1,
host_time_loop,native,25,4.171245,1,
host_time_loop,wasm,25,12.431079,1,
host_time_loop,native,26,4.182048,1,
host_time_loop,wasm,26,12.435325,1,
host_time_loop,native,27,4.286733,1,
host_time_loop,wasm,27,15.57038,1,
host_time_loop,native,28,6.177686,1,
host_time_loop,wasm,28,11.555132,1,
host_time_loop,native,29,9.929267,1,
host_time_loop,wasm,29,15.147108,1,
host_time_loop,native,30,4.059098,1,
host_time_loop,wasm,30,14.332374,1,
host_write_small,native,1,1453.398057,1,
host_write_small,wasm,1,1719.425094,1,
host_write_small,native,2,1392.464035,1,
host_write_small,wasm,2,1729.042954,1,
host_write_small,native,3,1399.930477,1,
host_write_small,wasm,3,1571.155788,1,
host_write_small,native,4,1459.607662,1,
host_write_small,wasm,4,1663.367594,1,
host_write_small,native,5,1451.446299,1,
host_write_small,wasm,5,1637.248189,1,
host_write_small,native,6,1378.304273,1,
host_write_small,wasm,6,1587.358815,1,
host_write_small,native,7,1360.529049,1,
host_write_small,wasm,7,1608.302407,1,
host_write_small,native,8,1376.31204,1,
host_write_small,wasm,8,1570.531957,1,
host_write_small,native,9,1457.71181,1,
host_write_small,wasm,9,1562.370012,1,
host_write_small,native,10,1708.982216,1,
host_write_small,wasm,10,1582.555323,1,
host_write_small,native,11,1404.626942,1,
host_write_small,wasm,11,1518.027928,1,
host_write_small,native,12,1431.684667,1,
host_write_small,wasm,12,1561.022028,1,
host_write_small,native,13,1492.350537,1,
host_write_small,wasm,13,1456.459997,1,
host_write_small,native,14,1510.580936,1,
host_write_small,wasm,14,1518.588676,1,
host_write_small,native,15,1622.998219,1,
host_write_small,wasm,15,1507.023462,1,
host_write_small,native,16,1451.618566,1,
host_write_small,wasm,16,1518.297442,1,
host_write_small,native,17,1502.913798,1,
host_write_small,wasm,17,1539.632444,1,
host_write_small,native,18,1500.708117,1,
host_write_small,wasm,18,1586.652688,1,
host_write_small,native,19,1495.043546,1,
host_write_small,wasm,19,1555.723641,1,
host_write_small,native,20,1621.7801,1,
host_write_small,wasm,20,1588.0886,1,
host_write_small,native,21,1477.014896,1,
host_write_small,wasm,21,1588.799516,1,
host_write_small,native,22,1507.30214,1,
host_write_small,wasm,22,1546.609385,1,
host_write_small,native,23,1487.244038,1,
host_write_small,wasm,23,1843.005319,1,
host_write_small,native,24,1460.86856,1,
host_write_small,wasm,24,1733.090502,1,
host_write_small,native,25,1566.014746,1,
host_write_small,wasm,25,1601.01958,1,
host_write_small,native,26,1662.308179,1,
host_write_small,wasm,26,1504.821377,1,
host_write_small,native,27,1785.855963,1,
host_write_small,wasm,27,1905.003699,1,
host_write_small,native,28,1472.893869,1,
host_write_small,wasm,28,2053.048458,1,
host_write_small,native,29,1407.582691,1,
host_write_small,wasm,29,1596.483899,1,
host_write_small,native,30,1579.982201,1,
host_write_small,wasm,30,1546.687607,1,
memory_copy_loop,native,1,10.537068,1,
memory_copy_loop,wasm,1,23.539669,1,
memory_copy_loop,native,2,11.964576,1,
memory_copy_loop,wasm,2,25.701141,1,
memory_copy_loop,native,3,10.696487,1,
memory_copy_loop,wasm,3,23.247768,1,
memory_copy_loop,native,4,9.998576,1,
memory_copy_loop,wasm,4,21.715411,1,
memory_copy_loop,native,5,8.492773,1,
memory_copy_loop,wasm,5,18.211009,1,
memory_copy_loop,native,6,9.427808,1,
memory_copy_loop,wasm,6,18.26815,1,
memory_copy_loop,native,7,7.557339,1,
memory_copy_loop,wasm,7,23.019893,1,
memory_copy_loop,native,8,8.66813,1,
memory_copy_loop,wasm,8,23.945194,1,
memory_copy_loop,native,9,8.48137,1,
memory_copy_loop,wasm,9,25.265388,1,
memory_copy_loop,native,10,8.968722,1,
memory_copy_loop,wasm,10,21.333054,1,
memory_copy_loop,native,11,9.173941,1,
memory_copy_loop,wasm,11,22.273902,1,
memory_copy_loop,native,12,9.70913,1,
memory_copy_loop,wasm,12,18.535926,1,
memory_copy_loop,native,13,8.777969,1,
memory_copy_loop,wasm,13,17.364578,1,
memory_copy_loop,native,14,7.624908,1,
memory_copy_loop,wasm,14,18.047051,1,
memory_copy_loop,native,15,9.626308,1,
memory_copy_loop,wasm,15,21.161061,1,
memory_copy_loop,native,16,10.931224,1,
memory_copy_loop,wasm,16,19.280214,1,
memory_copy_loop,native,17,8.844793,1,
memory_copy_loop,wasm,17,22.482925,1,
memory_copy_loop,native,18,9.858846,1,
memory_copy_loop,wasm,18,22.880764,1,
memory_copy_loop,native,19,9.777575,1,
memory_copy_loop,wasm,19,19.642942,1,
memory_copy_loop,native,20,8.31589,1,
memory_copy_loop,wasm,20,17.900311,1,
memory_copy_loop,native,21,12.297038,1,
memory_copy_loop,wasm,21,19.968271,1,
memory_copy_loop,native,22,8.299575,1,
memory_copy_loop,wasm,22,16.77409,1,
memory_copy_loop,native,23,8.687624,1,
memory_copy_loop,wasm,23,18.593499,1,
memory_copy_loop,native,24,9.014445,1,
memory_copy_loop,wasm,24,16.378773,1,
memory_copy_loop,native,25,7.089012,1,
memory_copy_loop,wasm,25,20.813344,1,
memory_copy_loop,native,26,9.404339,1,
memory_copy_loop,wasm,26,22.123988,1,
memory_copy_loop,native,27,11.413069,1,
memory_copy_loop,wasm,27,25.730392,1,
memory_copy_loop,native,28,10.406837,1,
memory_copy_loop,wasm,28,23.951801,1,
memory_copy_loop,native,29,12.676983,1,
memory_copy_loop,wasm,29,23.976903,1,
memory_copy_loop,native,30,10.921467,1,
memory_copy_loop,wasm,30,22.195981,1,
memory_random_read,native,1,770.267593,1,
memory_random_read,wasm,1,987.909214,1,
memory_random_read,native,2,856.967943,1,
memory_random_read,wasm,2,1013.329268,1,
memory_random_read,native,3,771.437244,1,
memory_random_read,wasm,3,936.440108,1,
memory_random_read,native,4,869.661914,1,
memory_random_read,wasm,4,1018.107726,1,
memory_random_read,native,5,748.967215,1,
memory_random_read,wasm,5,963.893988,1,
memory_random_read,native,6,868.329833,1,
memory_random_read,wasm,6,968.647983,1,
memory_random_read,native,7,762.858258,1,
memory_random_read,wasm,7,968.798986,1,
memory_random_read,native,8,811.618197,1,
memory_random_read,wasm,8,1109.353141,1,
memory_random_read,native,9,828.432411,1,
memory_random_read,wasm,9,1120.700641,1,
memory_random_read,native,10,860.683303,1,
memory_random_read,wasm,10,1016.310711,1,
memory_random_read,native,11,870.050241,1,
memory_random_read,wasm,11,943.862838,1,
memory_random_read,native,12,773.836089,1,
memory_random_read,wasm,12,1025.257384,1,
memory_random_read,native,13,763.829635,1,
memory_random_read,wasm,13,956.554982,1,
memory_random_read,native,14,834.120589,1,
memory_random_read,wasm,14,983.613694,1,
memory_random_read,native,15,965.485445,1,
memory_random_read,wasm,15,1208.517901,1,
memory_random_read,native,16,839.862721,1,
memory_random_read,wasm,16,968.65749,1,
memory_random_read,native,17,784.373217,1,
memory_random_read,wasm,17,981.828624,1,
memory_random_read,native,18,779.768293,1,
memory_random_read,wasm,18,963.896506,1,
memory_random_read,native,19,792.867851,1,
memory_random_read,wasm,19,960.391282,1,
memory_random_read,native,20,821.761402,1,
memory_random_read,wasm,20,1159.156592,1,
memory_random_read,native,21,922.135368,1,
memory_random_read,wasm,21,941.943353,1,
memory_random_read,native,22,781.449307,1,
memory_random_read,wasm,22,1008.814274,1,
memory_random_read,native,23,752.642326,1,
memory_random_read,wasm,23,950.509563,1,
memory_random_read,native,24,832.198861,1,
memory_random_read,wasm,24,949.368346,1,
memory_random_read,native,25,753.497184,1,
memory_random_read,wasm,25,942.692461,1,
memory_random_read,native,26,852.826771,1,
memory_random_read,wasm,26,1017.140771,1,
memory_random_read,native,27,755.702911,1,
memory_random_read,wasm,27,1024.694837,1,
memory_random_read,native,28,800.54326,1,
memory_random_read,wasm,28,921.656979,1,
memory_random_read,native,29,755.117825,1,
memory_random_read,wasm,29,985.969209,1,
memory_random_read,native,30,785.806693,1,
memory_random_read,wasm,30,898.048861,1,
memory_random_write,native,1,722.080512,1,
memory_random_write,wasm,1,768.444743,1,
memory_random_write,native,2,683.775421,1,
memory_random_write,wasm,2,781.231351,1,
memory_random_write,native,3,724.447353,1,
memory_random_write,wasm,3,899.122925,1,
memory_random_write,native,4,622.201228,1,
memory_random_write,wasm,4,819.289329,1,
memory_random_write,native,5,717.696419,1,
memory_random_write,wasm,5,759.085825,1,
memory_random_write,native,6,686.672879,1,
memory_random_write,wasm,6,785.400033,1,
memory_random_write,native,7,804.752592,1,
memory_random_write,wasm,7,859.772441,1,
memory_random_write,native,8,717.606624,1,
memory_random_write,wasm,8,832.779,1,
memory_random_write,native,9,764.66096,1,
memory_random_write,wasm,9,928.17869,1,
memory_random_write,native,10,828.936778,1,
memory_random_write,wasm,10,1003.308896,1,
memory_random_write,native,11,1003.333115,1,
memory_random_write,wasm,11,781.401511,1,
memory_random_write,native,12,720.232887,1,
memory_random_write,wasm,12,1284.908289,1,
memory_random_write,native,13,635.550686,1,
memory_random_write,wasm,13,825.443122,1,
memory_random_write,native,14,675.181855,1,
memory_random_write,wasm,14,962.93762,1,
memory_random_write,native,15,941.828384,1,
memory_random_write,wasm,15,883.370672,1,
memory_random_write,native,16,690.683261,1,
memory_random_write,wasm,16,930.23403,1,
memory_random_write,native,17,1234.136648,1,
memory_random_write,wasm,17,903.361803,1,
memory_random_write,native,18,619.043541,1,
memory_random_write,wasm,18,878.781248,1,
memory_random_write,native,19,738.280115,1,
memory_random_write,wasm,19,835.524379,1,
memory_random_write,native,20,683.02645,1,
memory_random_write,wasm,20,790.026736,1,
memory_random_write,native,21,642.350347,1,
memory_random_write,wasm,21,892.253442,1,
memory_random_write,native,22,628.2335,1,
memory_random_write,wasm,22,804.67717,1,
memory_random_write,native,23,634.786607,1,
memory_random_write,wasm,23,886.328328,1,
memory_random_write,native,24,828.666529,1,
memory_random_write,wasm,24,764.035883,1,
memory_random_write,native,25,692.764151,1,
memory_random_write,wasm,25,912.310194,1,
memory_random_write,native,26,624.711286,1,
memory_random_write,wasm,26,803.938828,1,
memory_random_write,native,27,626.806398,1,
memory_random_write,wasm,27,865.605382,1,
memory_random_write,native,28,668.483241,1,
memory_random_write,wasm,28,796.40549,1,
memory_random_write,native,29,689.864394,1,
memory_random_write,wasm,29,811.779161,1,
memory_random_write,native,30,668.844919,1,
memory_random_write,wasm,30,824.4035,1,
memory_seq_read,native,1,14.906176,1,
memory_seq_read,wasm,1,23.168159,1,
memory_seq_read,native,2,15.502955,1,
memory_seq_read,wasm,2,21.072756,1,
memory_seq_read,native,3,12.967866,1,
memory_seq_read,wasm,3,21.953601,1,
memory_seq_read,native,4,13.024173,1,
memory_seq_read,wasm,4,20.31591,1,
memory_seq_read,native,5,15.043252,1,
memory_seq_read,wasm,5,19.308181,1,
memory_seq_read,native,6,12.661974,1,
memory_seq_read,wasm,6,21.592651,1,
memory_seq_read,native,7,15.533887,1,
memory_seq_read,wasm,7,22.436423,1,
memory_seq_read,native,8,16.725751,1,
memory_seq_read,wasm,8,24.142557,1,
memory_seq_read,native,9,17.187321,1,
memory_seq_read,wasm,9,25.15176,1,
memory_seq_read,native,10,17.42424,1,
memory_seq_read,wasm,10,27.068819,1,
memory_seq_read,native,11,18.89842,1,
memory_seq_read,wasm,11,144.427353,1,
memory_seq_read,native,12,18.388197,1,
memory_seq_read,wasm,12,36.047372,1,
memory_seq_read,native,13,17.821313,1,
memory_seq_read,wasm,13,24.927699,1,
memory_seq_read,native,14,13.344131,1,
memory_seq_read,wasm,14,28.259573,1,
memory_seq_read,native,15,15.605719,1,
memory_seq_read,wasm,15,23.102339,1,
memory_seq_read,native,16,14.825469,1,
memory_seq_read,wasm,16,26.200637,1,
memory_seq_read,native,17,16.787487,1,
memory_seq_read,wasm,17,28.203407,1,
memory_seq_read,native,18,16.667351,1,
memory_seq_read,wasm,18,23.402735,1,
memory_seq_read,native,19,17.30986,1,
memory_seq_read,wasm,19,27.525322,1,
memory_seq_read,native,20,19.660135,1,
memory_seq_read,wasm,20,33.613052,1,
memory_seq_read,native,21,22.69713,1,
memory_seq_read,wasm,21,31.015928,1,
memory_seq_read,native,22,45.789658,1,
memory_seq_read,wasm,22,59.346289,1,
memory_seq_read,native,23,32.35353,1,
memory_seq_read,wasm,23,33.241648,1,
memory_seq_read,native,24,34.413381,1,
memory_seq_read,wasm,24,115.673788,1,
memory_seq_read,native,25,25.652179,1,
memory_seq_read,wasm,25,39.799016,1,
memory_seq_read,native,26,23.744736,1,
memory_seq_read,wasm,26,30.827283,1,
memory_seq_read,native,27,17.857217,1,
memory_seq_read,wasm,27,38.663249,1,
memory_seq_read,native,28,20.479827,1,
memory_seq_read,wasm,28,30.66048,1,
memory_seq_read,native,29,17.161115,1,
memory_seq_read,wasm,29,45.871194,1,
memory_seq_read,native,30,44.876836,1,
memory_seq_read,wasm,30,48.29753,1,
memory_seq_write,native,1,89.212649,1,
memory_seq_write,wasm,1,119.361697,1,
memory_seq_write,native,2,94.306652,1,
memory_seq_write,wasm,2,106.162172,1,
memory_seq_write,native,3,69.797909,1,
memory_seq_write,wasm,3,96.10426,1,
memory_seq_write,native,4,62.61639,1,
memory_seq_write,wasm,4,89.880044,1,
memory_seq_write,native,5,67.428312,1,
memory_seq_write,wasm,5,111.475727,1,
memory_seq_write,native,6,71.344056,1,
memory_seq_write,wasm,6,91.090889,1,
memory_seq_write,native,7,63.427582,1,
memory_seq_write,wasm,7,87.132949,1,
memory_seq_write,native,8,67.247462,1,
memory_seq_write,wasm,8,107.224531,1,
memory_seq_write,native,9,77.31507,1,
memory_seq_write,wasm,9,93.831219,1,
memory_seq_write,native,10,64.807654,1,
memory_seq_write,wasm,10,89.026615,1,
memory_seq_write,native,11,63.689005,1,
memory_seq_write,wasm,11,85.967916,1,
memory_seq_write,native,12,63.475504,1,
memory_seq_write,wasm,12,91.328819,1,
memory_seq_write,native,13,70.537992,1,
memory_seq_write,wasm,13,133.336288,1,
memory_seq_write,native,14,61.668998,1,
memory_seq_write,wasm,14,89.748866,1,
memory_seq_write,native,15,62.260791,1,
memory_seq_write,wasm,15,88.701741,1,
memory_seq_write,native,16,81.331,1,
memory_seq_write,wasm,16,100.719612,1,
memory_seq_write,native,17,60.371295,1,
memory_seq_write,wasm,17,80.678816,1,
memory_seq_write,native,18,62.575689,1,
memory_seq_write,wasm,18,86.839491,1,
memory_seq_write,native,19,62.222378,1,
memory_seq_write,wasm,19,87.012241,1,
memory_seq_write,native,20,60.191277,1,
memory_seq_write,wasm,20,96.92578,1,
memory_seq_write,native,21,64.75519,1,
memory_seq_write,wasm,21,89.708804,1,
memory_seq_write,native,22,64.3441,1,
memory_seq_write,wasm,22,82.380212,1,
memory_seq_write,native,23,64.714081,1,
memory_seq_write,wasm,23,97.560586,1,
memory_seq_write,native,24,86.790882,1,
memory_seq_write,wasm,24,104.422805,1,
memory_seq_write,native,25,66.08289,1,
memory_seq_write,wasm,25,94.058178,1,
memory_seq_write,native,26,65.40421,1,
memory_seq_write,wasm,26,84.999947,1,
memory_seq_write,native,27,64.196864,1,
memory_seq_write,wasm,27,92.921797,1,
memory_seq_write,native,28,75.836468,1,
memory_seq_write,wasm,28,106.059106,1,
memory_seq_write,native,29,65.819229,1,
memory_seq_write,wasm,29,142.271989,1,
memory_seq_write,native,30,68.946043,1,
memory_seq_write,wasm,30,98.672096,1,
memory_stride_read,native,1,58.294989,1,
memory_stride_read,wasm,1,64.751455,1,
memory_stride_read,native,2,60.014833,1,
memory_stride_read,wasm,2,64.462688,1,
memory_stride_read,native,3,56.257826,1,
memory_stride_read,wasm,3,68.548489,1,
memory_stride_read,native,4,57.050786,1,
memory_stride_read,wasm,4,66.848115,1,
memory_stride_read,native,5,56.157188,1,
memory_stride_read,wasm,5,63.7633,1,
memory_stride_read,native,6,55.679224,1,
memory_stride_read,wasm,6,70.125832,1,
memory_stride_read,native,7,57.620077,1,
memory_stride_read,wasm,7,82.049967,1,
memory_stride_read,native,8,73.306942,1,
memory_stride_read,wasm,8,75.256735,1,
memory_stride_read,native,9,57.87213,1,
memory_stride_read,wasm,9,72.176087,1,
memory_stride_read,native,10,56.341394,1,
memory_stride_read,wasm,10,65.291566,1,
memory_stride_read,native,11,55.950245,1,
memory_stride_read,wasm,11,64.523865,1,
memory_stride_read,native,12,57.242074,1,
memory_stride_read,wasm,12,62.670485,1,
memory_stride_read,native,13,54.721602,1,
memory_stride_read,wasm,13,62.489121,1,
memory_stride_read,native,14,56.456091,1,
memory_stride_read,wasm,14,65.107074,1,
memory_stride_read,native,15,51.127547,1,
memory_stride_read,wasm,15,63.535062,1,
memory_stride_read,native,16,54.749296,1,
memory_stride_read,wasm,16,64.329102,1,
memory_stride_read,native,17,60.999386,1,
memory_stride_read,wasm,17,82.076807,1,
memory_stride_read,native,18,62.147541,1,
memory_stride_read,wasm,18,66.184563,1,
memory_stride_read,native,19,55.963359,1,
memory_stride_read,wasm,19,67.452164,1,
memory_stride_read,native,20,54.80933,1,
memory_stride_read,wasm,20,60.325936,1,
memory_stride_read,native,21,52.165,1,
memory_stride_read,wasm,21,58.729983,1,
memory_stride_read,native,22,52.675712,1,
memory_stride_read,wasm,22,64.338326,1,
memory_stride_read,native,23,53.932096,1,
memory_stride_read,wasm,23,84.680363,1,
memory_stride_read,native,24,80.210021,1,
memory_stride_read,wasm,24,65.798535,1,
memory_stride_read,native,25,58.474893,1,
memory_stride_read,wasm,25,71.221792,1,
memory_stride_read,native,26,58.765369,1,
memory_stride_read,wasm,26,75.967493,1,
memory_stride_read,native,27,69.522248,1,
memory_stride_read,wasm,27,81.489976,1,
memory_stride_read,native,28,71.843669,1,
memory_stride_read,wasm,28,66.465088,1,
memory_stride_read,native,29,56.693273,1,
memory_stride_read,wasm,29,65.218457,1,
memory_stride_read,native,30,62.592728,1,
memory_stride_read,wasm,30,74.263858,1,
memory_stride_write,native,1,72.945651,1,
memory_stride_write,wasm,1,97.407252,1,
memory_stride_write,native,2,116.529491,1,
memory_stride_write,wasm,2,116.652699,1,
memory_stride_write,native,3,222.713502,1,
memory_stride_write,wasm,3,261.843415,1,
memory_stride_write,native,4,124.972549,1,
memory_stride_write,wasm,4,89.37618,1,
memory_stride_write,native,5,80.454021,1,
memory_stride_write,wasm,5,89.483617,1,
memory_stride_write,native,6,72.050483,1,
memory_stride_write,wasm,6,77.288004,1,
memory_stride_write,native,7,79.152219,1,
memory_stride_write,wasm,7,78.620002,1,
memory_stride_write,native,8,115.822066,1,
memory_stride_write,wasm,8,108.121444,1,
memory_stride_write,native,9,88.497421,1,
memory_stride_write,wasm,9,81.15168,1,
memory_stride_write,native,10,74.778034,1,
memory_stride_write,wasm,10,76.85326,1,
memory_stride_write,native,11,74.119978,1,
memory_stride_write,wasm,11,82.145897,1,
memory_stride_write,native,12,77.718778,1,
memory_stride_write,wasm,12,74.691269,1,
memory_stride_write,native,13,73.673519,1,
memory_stride_write,wasm,13,79.570182,1,
memory_stride_write,native,14,73.501904,1,
memory_stride_write,wasm,14,78.011904,1,
memory_stride_write,native,15,78.212366,1,
memory_stride_write,wasm,15,73.81191,1,
memory_stride_write,native,16,84.04839,1,
memory_stride_write,wasm,16,95.929337,1,
memory_stride_write,native,17,87.12476,1,
memory_stride_write,wasm,17,76.312033,1,
memory_stride_write,native,18,74.75875,1,
memory_stride_write,wasm,18,75.029648,1,
memory_stride_write,native,19,77.152656,1,
memory_stride_write,wasm,19,75.869966,1,
memory_stride_write,native,20,74.131041,1,
memory_stride_write,wasm,20,76.568,1,
memory_stride_write,native,21,73.322242,1,
memory_stride_write,wasm,21,75.843636,1,
memory_stride_write,native,22,75.667135,1,
memory_stride_write,wasm,22,76.35846,1,
memory_stride_write,native,23,71.308369,1,
memory_stride_write,wasm,23,73.893082,1,
memory_stride_write,native,24,124.109121,1,
memory_stride_write,wasm,24,132.672549,1,
memory_stride_write,native,25,85.703686,1,
memory_stride_write,wasm,25,74.934268,1,
memory_stride_write,native,26,77.067421,1,
memory_stride_write,wasm,26,76.425474,1,
memory_stride_write,native,27,99.99156,1,
memory_stride_write,wasm,27,77.724289,1,
memory_stride_write,native,28,77.883776,1,
memory_stride_write,wasm,28,76.9257,1,
memory_stride_write,native,29,77.750323,1,
memory_stride_write,wasm,29,78.807907,1,
memory_stride_write,native,30,73.79096,1,
memory_stride_write,wasm,30,78.677301,1,
poly_2mm,native,1,27.337422,1,
poly_2mm,wasm,1,39.716815,1,
poly_2mm,native,2,24.830568,1,
poly_2mm,wasm,2,34.924319,1,
poly_2mm,native,3,33.457384,1,
poly_2mm,wasm,3,43.894964,1,
poly_2mm,native,4,28.682962,1,
poly_2mm,wasm,4,40.653379,1,
poly_2mm,native,5,28.842776,1,
poly_2mm,wasm,5,38.048325,1,
poly_2mm,native,6,25.963397,1,
poly_2mm,wasm,6,33.936099,1,
poly_2mm,native,7,31.799414,1,
poly_2mm,wasm,7,55.38586,1,
poly_2mm,native,8,39.799881,1,
poly_2mm,wasm,8,43.682145,1,
poly_2mm,native,9,26.178081,1,
poly_2mm,wasm,9,37.293351,1,
poly_2mm,native,10,25.62437,1,
poly_2mm,wasm,10,35.573608,1,
poly_2mm,native,11,26.8366,1,
poly_2mm,wasm,11,35.286271,1,
poly_2mm,native,12,29.513695,1,
poly_2mm,wasm,12,33.6778,1,
poly_2mm,native,13,27.287317,1,
poly_2mm,wasm,13,31.093719,1,
poly_2mm,native,14,25.781352,1,
poly_2mm,wasm,14,35.750799,1,
poly_2mm,native,15,31.849862,1,
poly_2mm,wasm,15,35.386424,1,
poly_2mm,native,16,27.80648,1,
poly_2mm,wasm,16,32.481129,1,
poly_2mm,native,17,23.95871,1,
poly_2mm,wasm,17,32.48381,1,
poly_2mm,native,18,26.486946,1,
poly_2mm,wasm,18,38.519751,1,
poly_2mm,native,19,28.338655,1,
poly_2mm,wasm,19,37.894302,1,
poly_2mm,native,20,26.53698,1,
poly_2mm,wasm,20,36.817608,1,
poly_2mm,native,21,27.508876,1,
poly_2mm,wasm,21,36.447158,1,
poly_2mm,native,22,25.428499,1,
poly_2mm,wasm,22,33.899544,1,
poly_2mm,native,23,27.275416,1,
poly_2mm,wasm,23,32.481442,1,
poly_2mm,native,24,26.419156,1,
poly_2mm,wasm,24,36.7027,1,
poly_2mm,native,25,25.007706,1,
poly_2mm,wasm,25,34.452946,1,
poly_2mm,native,26,26.27923,1,
poly_2mm,wasm,26,31.951205,1,
poly_2mm,native,27,26.711679,1,
poly_2mm,wasm,27,36.752899,1,
poly_2mm,native,28,27.807694,1,
poly_2mm,wasm,28,31.022554,1,
poly_2mm,native,29,24.278281,1,
poly_2mm,wasm,29,31.715711,1,
poly_2mm,native,30,26.544615,1,
poly_2mm,wasm,30,32.571628,1,
poly_3mm,native,1,37.519294,1,
poly_3mm,wasm,1,43.963695,1,
poly_3mm,native,2,30.371271,1,
poly_3mm,wasm,2,39.64928,1,
poly_3mm,native,3,34.580703,1,
poly_3mm,wasm,3,89.977607,1,
poly_3mm,native,4,36.475788,1,
poly_3mm,wasm,4,43.946311,1,
poly_3mm,native,5,35.688587,1,
poly_3mm,wasm,5,46.409722,1,
poly_3mm,native,6,37.245665,1,
poly_3mm,wasm,6,44.709938,1,
poly_3mm,native,7,35.168269,1,
poly_3mm,wasm,7,44.478728,1,
poly_3mm,native,8,34.781801,1,
poly_3mm,wasm,8,41.683391,1,
poly_3mm,native,9,35.696333,1,
poly_3mm,wasm,9,44.070895,1,
poly_3mm,native,10,34.625,1,
poly_3mm,wasm,10,41.866715,1,
poly_3mm,native,11,33.223873,1,
poly_3mm,wasm,11,44.85056,1,
poly_3mm,native,12,31.311849,1,
poly_3mm,wasm,12,37.713682,1,
poly_3mm,native,13,30.691396,1,
poly_3mm,wasm,13,42.030553,1,
poly_3mm,native,14,35.58257,1,
poly_3mm,wasm,14,45.969781,1,
poly_3mm,native,15,35.807159,1,
poly_3mm,wasm,15,50.347095,1,
poly_3mm,native,16,34.548791,1,
poly_3mm,wasm,16,45.611904,1,
poly_3mm,native,17,34.11061,1,
poly_3mm,wasm,17,42.735928,1,
poly_3mm,native,18,33.558764,1,
poly_3mm,wasm,18,39.700344,1,
poly_3mm,native,19,35.689374,1,
poly_3mm,wasm,19,48.287378,1,
poly_3mm,native,20,43.155698,1,
poly_3mm,wasm,20,54.608712,1,
poly_3mm,native,21,42.684136,1,
poly_3mm,wasm,21,45.290134,1,
poly_3mm,native,22,36.745317,1,
poly_3mm,wasm,22,42.646695,1,
poly_3mm,native,23,38.134054,1,
poly_3mm,wasm,23,45.978254,1,
poly_3mm,native,24,35.250005,1,
poly_3mm,wasm,24,43.855506,1,
poly_3mm,native,25,35.370428,1,
poly_3mm,wasm,25,45.93251,1,
poly_3mm,native,26,35.261877,1,
poly_3mm,wasm,26,40.611214,1,
poly_3mm,native,27,33.073824,1,
poly_3mm,wasm,27,46.110795,1,
poly_3mm,native,28,33.481688,1,
poly_3mm,wasm,28,41.853538,1,
poly_3mm,native,29,35.730924,1,
poly_3mm,wasm,29,39.014085,1,
poly_3mm,native,30,31.542237,1,
poly_3mm,wasm,30,38.814403,1,
poly_adi,native,1,85.980482,1,
poly_adi,wasm,1,90.329888,1,
poly_adi,native,2,78.52284,1,
poly_adi,wasm,2,89.796279,1,
poly_adi,native,3,78.023248,1,
poly_adi,wasm,3,135.828673,1,
poly_adi,native,4,103.78271,1,
poly_adi,wasm,4,140.925018,1,
poly_adi,native,5,113.654209,1,
poly_adi,wasm,5,137.047587,1,
poly_adi,native,6,98.406311,1,
poly_adi,wasm,6,109.026605,1,
poly_adi,native,7,86.116197,1,
poly_adi,wasm,7,100.905502,1,
poly_adi,native,8,86.370439,1,
poly_adi,wasm,8,93.011002,1,
poly_adi,native,9,77.719948,1,
poly_adi,wasm,9,91.014015,1,
poly_adi,native,10,74.979733,1,
poly_adi,wasm,10,85.218075,1,
poly_adi,native,11,75.668654,1,
poly_adi,wasm,11,86.471346,1,
poly_adi,native,12,76.712516,1,
poly_adi,wasm,12,83.708356,1,
poly_adi,native,13,78.630118,1,
poly_adi,wasm,13,89.020438,1,
poly_adi,native,14,79.388432,1,
poly_adi,wasm,14,87.586278,1,
poly_adi,native,15,73.955387,1,
poly_adi,wasm,15,85.978356,1,
poly_adi,native,16,76.29118,1,
poly_adi,wasm,16,83.182969,1,
poly_adi,native,17,75.199646,1,
poly_adi,wasm,17,84.318534,1,
poly_adi,native,18,71.179544,1,
poly_adi,wasm,18,82.862878,1,
poly_adi,native,19,73.572241,1,
poly_adi,wasm,19,88.306503,1,
poly_adi,native,20,81.037125,1,
poly_adi,wasm,20,427.881489,1,
poly_adi,native,21,93.791782,1,
poly_adi,wasm,21,100.733414,1,
poly_adi,native,22,82.028461,1,
poly_adi,wasm,22,84.045587,1,
poly_adi,native,23,71.949639,1,
poly_adi,wasm,23,85.455964,1,
poly_adi,native,24,75.790488,1,
poly_adi,wasm,24,84.365306,1,
poly_adi,native,25,75.42027,1,
poly_adi,wasm,25,83.244459,1,
poly_adi,native,26,76.459003,1,
poly_adi,wasm,26,90.409103,1,
poly_adi,native,27,80.11982,1,
poly_adi,wasm,27,89.840464,1,
poly_adi,native,28,76.666329,1,
poly_adi,wasm,28,83.864957,1,
poly_adi,native,29,77.590982,1,
poly_adi,wasm,29,86.013069,1,
poly_adi,native,30,77.087629,1,
poly_adi,wasm,30,84.51769,1,
poly_atax,native,1,6.157966,1,
poly_atax,wasm,1,11.089316,1,
poly_atax,native,2,5.902051,1,
poly_atax,wasm,2,11.096369,1,
poly_atax,native,3,6.583232,1,
poly_atax,wasm,3,11.802291,1,
poly_atax,native,4,5.778536,1,
poly_atax,wasm,4,10.443722,1,
poly_atax,native,5,6.435785,1,
poly_atax,wasm,5,10.534836,1,
poly_atax,native,6,5.678866,1,
poly_atax,wasm,6,10.76836,1,
poly_atax,native,7,6.658038,1,
poly_atax,wasm,7,10.678652,1,
poly_atax,native,8,6.010316,1,
poly_atax,wasm,8,10.36346,1,
poly_atax,native,9,6.693223,1,
poly_atax,wasm,9,10.256131,1,
poly_atax,native,10,6.21938,1,
poly_atax,wasm,10,10.245505,1,
poly_atax,native,11,7.163582,1,
poly_atax,wasm,11,11.421462,1,
poly_atax,native,12,6.527133,1,
poly_atax,wasm,12,19.380956,1,
poly_atax,native,13,10.586451,1,
poly_atax,wasm,13,16.894806,1,
poly_atax,native,14,7.881842,1,
poly_atax,wasm,14,27.777445,1,
poly_atax,native,15,7.915421,1,
poly_atax,wasm,15,17.3599,1,
poly_atax,native,16,13.385792,1,
poly_atax,wasm,16,18.23936,1,
poly_atax,native,17,11.664672,1,
poly_atax,wasm,17,19.665594,1,
poly_atax,native,18,13.855919,1,
poly_atax,wasm,18,19.817284,1,
poly_atax,native,19,11.350685,1,
poly_atax,wasm,19,18.897943,1,
poly_atax,native,20,6.655562,1,
poly_atax,wasm,20,17.108563,1,
poly_atax,native,21,8.853947,1,
poly_atax,wasm,21,18.313362,1,
poly_atax,native,22,8.099096,1,
poly_atax,wasm,22,18.870735,1,
poly_atax,native,23,7.042007,1,
poly_atax,wasm,23,18.55068,1,
poly_atax,native,24,28.392257,1,
poly_atax,wasm,24,24.505184,1,
poly_atax,native,25,7.96142,1,
poly_atax,wasm,25,34.565357,1,
poly_atax,native,26,17.324266,1,
poly_atax,wasm,26,18.718583,1,
poly_atax,native,27,8.245097,1,
poly_atax,wasm,27,20.586528,1,
poly_atax,native,28,6.241496,1,
poly_atax,wasm,28,17.338384,1,
poly_atax,native,29,9.160715,1,
poly_atax,wasm,29,16.073844,1,
poly_atax,native,30,6.456168,1,
poly_atax,wasm,30,16.272293,1,
poly_bicg,native,1,5.960888,1,
poly_bicg,wasm,1,15.807689,1,
poly_bicg,native,2,7.750594,1,
poly_bicg,wasm,2,15.576685,1,
poly_bicg,native,3,6.588373,1,
poly_bicg,wasm,3,13.820322,1,
poly_bicg,native,4,5.750933,1,
poly_bicg,wasm,4,14.781843,1,
poly_bicg,native,5,8.895861,1,
poly_bicg,wasm,5,19.890739,1,
poly_bicg,native,6,8.48363,1,
poly_bicg,wasm,6,19.534861,1,
poly_bicg,native,7,7.728597,1,
poly_bicg,wasm,7,17.685741,1,
poly_bicg,native,8,9.011672,1,
poly_bicg,wasm,8,19.165375,1,
poly_bicg,native,9,8.235921,1,
poly_bicg,wasm,9,16.906535,1,
poly_bicg,native,10,7.713973,1,
poly_bicg,wasm,10,14.008808,1,
poly_bicg,native,11,7.519195,1,
poly_bicg,wasm,11,14.924027,1,
poly_bicg,native,12,5.987072,1,
poly_bicg,wasm,12,14.364626,1,
poly_bicg,native,13,6.039278,1,
poly_bicg,wasm,13,12.323013,1,
poly_bicg,native,14,6.922514,1,
poly_bicg,wasm,14,11.355943,1,
poly_bicg,native,15,7.134638,1,
poly_bicg,wasm,15,17.644254,1,
poly_bicg,native,16,7.392579,1,
poly_bicg,wasm,16,20.493375,1,
poly_bicg,native,17,7.796303,1,
poly_bicg,wasm,17,85.19869,1,
poly_bicg,native,18,7.131383,1,
poly_bicg,wasm,18,12.480885,1,
poly_bicg,native,19,7.047652,1,
poly_bicg,wasm,19,11.883532,1,
poly_bicg,native,20,7.202435,1,
poly_bicg,wasm,20,14.874329,1,
poly_bicg,native,21,7.215274,1,
poly_bicg,wasm,21,17.080758,1,
poly_bicg,native,22,8.109176,1,
poly_bicg,wasm,22,18.013918,1,
poly_bicg,native,23,6.417723,1,
poly_bicg,wasm,23,17.009916,1,
poly_bicg,native,24,8.839823,1,
poly_bicg,wasm,24,15.685022,1,
poly_bicg,native,25,6.800715,1,
poly_bicg,wasm,25,13.683819,1,
poly_bicg,native,26,6.062194,1,
poly_bicg,wasm,26,17.751096,1,
poly_bicg,native,27,8.678096,1,
poly_bicg,wasm,27,15.949731,1,
poly_bicg,native,28,6.312179,1,
poly_bicg,wasm,28,16.182803,1,
poly_bicg,native,29,10.533223,1,
poly_bicg,wasm,29,17.181999,1,
poly_bicg,native,30,9.151277,1,
poly_bicg,wasm,30,20.169717,1,
poly_cholesky,native,1,67.416377,1,
poly_cholesky,wasm,1,95.172937,1,
poly_cholesky,native,2,64.830779,1,
poly_cholesky,wasm,2,93.666603,1,
poly_cholesky,native,3,67.812765,1,
poly_cholesky,wasm,3,97.683523,1,
poly_cholesky,native,4,62.406106,1,
poly_cholesky,wasm,4,89.306595,1,
poly_cholesky,native,5,63.885744,1,
poly_cholesky,wasm,5,91.174825,1,
poly_cholesky,native,6,74.079959,1,
poly_cholesky,wasm,6,106.368566,1,
poly_cholesky,native,7,69.176733,1,
poly_cholesky,wasm,7,106.03744,1,
poly_cholesky,native,8,70.601404,1,
poly_cholesky,wasm,8,93.744678,1,
poly_cholesky,native,9,64.937057,1,
poly_cholesky,wasm,9,88.494781,1,
poly_cholesky,native,10,61.313292,1,
poly_cholesky,wasm,10,84.297077,1,
poly_cholesky,native,11,60.674629,1,
poly_cholesky,wasm,11,84.231886,1,
poly_cholesky,native,12,56.856737,1,
poly_cholesky,wasm,12,82.026702,1,
poly_cholesky,native,13,61.990247,1,
poly_cholesky,wasm,13,101.64911,1,
poly_cholesky,native,14,71.879682,1,
poly_cholesky,wasm,14,93.984627,1,
poly_cholesky,native,15,120.39858,1,
poly_cholesky,wasm,15,96.04878,1,
poly_cholesky,native,16,64.833811,1,
poly_cholesky,wasm,16,90.779844,1,
poly_cholesky,native,17,63.148538,1,
poly_cholesky,wasm,17,86.865262,1,
poly_cholesky,native,18,57.860985,1,
poly_cholesky,wasm,18,84.505961,1,
poly_cholesky,native,19,61.277389,1,
poly_cholesky,wasm,19,85.357836,1,
poly_cholesky,native,20,61.50779,1,
poly_cholesky,wasm,20,104.650431,1,
poly_cholesky,native,21,76.236105,1,
poly_cholesky,wasm,21,119.108001,1,
poly_cholesky,native,22,65.597265,1,
poly_cholesky,wasm,22,105.829637,1,
poly_cholesky,native,23,77.56872,1,
poly_cholesky,wasm,23,117.357965,1,
poly_cholesky,native,24,94.748875,1,
poly_cholesky,wasm,24,144.836519,1,
poly_cholesky,native,25,71.371184,1,
poly_cholesky,wasm,25,96.009372,1,
poly_cholesky,native,26,66.502895,1,
poly_cholesky,wasm,26,90.715068,1,
poly_cholesky,native,27,76.359899,1,
poly_cholesky,wasm,27,103.747066,1,
poly_cholesky,native,28,72.027823,1,
poly_cholesky,wasm,28,97.211943,1,
poly_cholesky,native,29,63.083809,1,
poly_cholesky,wasm,29,91.092468,1,
poly_cholesky,native,30,63.322101,1,
poly_cholesky,wasm,30,88.037066,1,
poly_correlation,native,1,15.723341,1,
poly_correlation,wasm,1,22.118246,1,
poly_correlation,native,2,16.643329,1,
poly_correlation,wasm,2,23.748251,1,
poly_correlation,native,3,14.297779,1,
poly_correlation,wasm,3,23.642357,1,
poly_correlation,native,4,17.041857,1,
poly_correlation,wasm,4,23.776771,1,
poly_correlation,native,5,17.524703,1,
poly_correlation,wasm,5,24.143175,1,
poly_correlation,native,6,15.219652,1,
poly_correlation,wasm,6,68.841079,1,
poly_correlation,native,7,19.217663,1,
poly_correlation,wasm,7,25.086073,1,
poly_correlation,native,8,19.936693,1,
poly_correlation,wasm,8,25.052053,1,
poly_correlation,native,9,16.335056,1,
poly_correlation,wasm,9,24.610188,1,
poly_correlation,native,10,15.366113,1,
poly_correlation,wasm,10,25.930912,1,
poly_correlation,native,11,17.193168,1,
poly_correlation,wasm,11,25.92109,1,
poly_correlation,native,12,18.622935,1,
poly_correlation,wasm,12,28.313256,1,
poly_correlation,native,13,16.17751,1,
poly_correlation,wasm,13,30.757336,1,
poly_correlation,native,14,16.723182,1,
poly_correlation,wasm,14,24.061214,1,
poly_correlation,native,15,16.195328,1,
poly_correlation,wasm,15,23.981886,1,
poly_correlation,native,16,16.40091,1,
poly_correlation,wasm,16,22.478533,1,
poly_correlation,native,17,15.154867,1,
poly_correlation,wasm,17,21.306177,1,
poly_correlation,native,18,14.593037,1,
poly_correlation,wasm,18,23.173633,1,
poly_correlation,native,19,15.683632,1,
poly_correlation,wasm,19,24.400236,1,
poly_correlation,native,20,14.028066,1,
poly_correlation,wasm,20,22.694784,1,
poly_correlation,native,21,14.586076,1,
poly_correlation,wasm,21,23.913538,1,
poly_correlation,native,22,18.422596,1,
poly_correlation,wasm,22,26.77088,1,
poly_correlation,native,23,17.694767,1,
poly_correlation,wasm,23,25.821878,1,
poly_correlation,native,24,17.893912,1,
poly_correlation,wasm,24,25.885394,1,
poly_correlation,native,25,15.675579,1,
poly_correlation,wasm,25,24.426521,1,
poly_correlation,native,26,17.73575,1,
poly_correlation,wasm,26,26.545406,1,
poly_correlation,native,27,17.505984,1,
poly_correlation,wasm,27,27.335845,1,
poly_correlation,native,28,18.114653,1,
poly_correlation,wasm,28,24.696223,1,
poly_correlation,native,29,15.267627,1,
poly_correlation,wasm,29,25.957191,1,
poly_correlation,native,30,16.723639,1,
poly_correlation,wasm,30,24.749057,1,
poly_covariance,native,1,16.408329,1,
poly_covariance,wasm,1,27.168021,1,
poly_covariance,native,2,16.302911,1,
poly_covariance,wasm,2,21.02305,1,
poly_covariance,native,3,17.138875,1,
poly_covariance,wasm,3,25.932058,1,
poly_covariance,native,4,18.645793,1,
poly_covariance,wasm,4,22.521203,1,
poly_covariance,native,5,15.069414,1,
poly_covariance,wasm,5,22.597607,1,
poly_covariance,native,6,19.182952,1,
poly_covariance,wasm,6,26.874181,1,
poly_covariance,native,7,17.44115,1,
poly_covariance,wasm,7,25.206471,1,
poly_covariance,native,8,17.056199,1,
poly_covariance,wasm,8,27.83947,1,
poly_covariance,native,9,17.062704,1,
poly_covariance,wasm,9,26.359544,1,
poly_covariance,native,10,16.074583,1,
poly_covariance,wasm,10,24.188032,1,
poly_covariance,native,11,15.915426,1,
poly_covariance,wasm,11,24.495145,1,
poly_covariance,native,12,16.948482,1,
poly_covariance,wasm,12,22.415436,1,
poly_covariance,native,13,15.988624,1,
poly_covariance,wasm,13,24.738327,1,
poly_covariance,native,14,17.489373,1,
poly_covariance,wasm,14,30.186699,1,
poly_covariance,native,15,21.818129,1,
poly_covariance,wasm,15,28.683606,1,
poly_covariance,native,16,21.381075,1,
poly_covariance,wasm,16,25.717705,1,
poly_covariance,native,17,16.533193,1,
poly_covariance,wasm,17,23.373556,1,
poly_covariance,native,18,14.248554,1,
poly_covariance,wasm,18,22.432023,1,
poly_covariance,native,19,15.385592,1,
poly_covariance,wasm,19,20.682088,1,
poly_covariance,native,20,14.128068,1,
poly_covariance,wasm,20,23.247476,1,
poly_covariance,native,21,17.597434,1,
poly_covariance,wasm,21,23.449432,1,
poly_covariance,native,22,14.182766,1,
poly_covariance,wasm,22,24.329629,1,
poly_covariance,native,23,14.70907,1,
poly_covariance,wasm,23,23.521655,1,
poly_covariance,native,24,14.736785,1,
poly_covariance,wasm,24,23.239214,1,
poly_covariance,native,25,14.902354,1,
poly_covariance,wasm,25,20.533014,1,
poly_covariance,native,26,16.318877,1,
poly_covariance,wasm,26,21.009071,1,
poly_covariance,native,27,13.255767,1,
poly_covariance,wasm,27,25.756561,1,
poly_covariance,native,28,19.403413,1,
poly_covariance,wasm,28,27.229555,1,
poly_covariance,native,29,18.411491,1,
poly_covariance,wasm,29,23.509723,1,
poly_covariance,native,30,14.240954,1,
poly_covariance,wasm,30,22.084255,1,
poly_deriche,native,1,16.354942,1,
poly_deriche,wasm,1,22.154039,1,
poly_deriche,native,2,16.078841,1,
poly_deriche,wasm,2,26.586123,1,
poly_deriche,native,3,16.211952,1,
poly_deriche,wasm,3,25.72911,1,
poly_deriche,native,4,17.811689,1,
poly_deriche,wasm,4,27.538163,1,
poly_deriche,native,5,16.752422,1,
poly_deriche,wasm,5,22.242809,1,
poly_deriche,native,6,15.425082,1,
poly_deriche,wasm,6,23.962593,1,
poly_deriche,native,7,15.691085,1,
poly_deriche,wasm,7,21.292251,1,
poly_deriche,native,8,13.547068,1,
poly_deriche,wasm,8,22.747094,1,
poly_deriche,native,9,15.841789,1,
poly_deriche,wasm,9,23.519593,1,
poly_deriche,native,10,13.716029,1,
poly_deriche,wasm,10,24.662321,1,
poly_deriche,native,11,16.017274,1,
poly_deriche,wasm,11,20.339667,1,
poly_deriche,native,12,13.228704,1,
poly_deriche,wasm,12,22.488691,1,
poly_deriche,native,13,17.206425,1,
poly_deriche,wasm,13,27.062804,1,
poly_deriche,native,14,30.623108,1,
poly_deriche,wasm,14,56.943272,1,
poly_deriche,native,15,15.572496,1,
poly_deriche,wasm,15,27.536747,1,
poly_deriche,native,16,15.511102,1,
poly_deriche,wasm,16,23.770063,1,
poly_deriche,native,17,14.576676,1,
poly_deriche,wasm,17,21.357638,1,
poly_deriche,native,18,16.246411,1,
poly_deriche,wasm,18,27.200604,1,
poly_deriche,native,19,16.450413,1,
poly_deriche,wasm,19,24.238344,1,
poly_deriche,native,20,16.773064,1,
poly_deriche,wasm,20,21.923007,1,
poly_deriche,native,21,12.286911,1,
poly_deriche,wasm,21,22.432258,1,
poly_deriche,native,22,17.421735,1,
poly_deriche,wasm,22,29.666837,1,
poly_deriche,native,23,22.201541,1,
poly_deriche,wasm,23,29.842272,1,
poly_deriche,native,24,18.700467,1,
poly_deriche,wasm,24,26.829695,1,
poly_deriche,native,25,15.929573,1,
poly_deriche,wasm,25,26.0114,1,
poly_deriche,native,26,15.802378,1,
poly_deriche,wasm,26,22.908321,1,
poly_deriche,native,27,15.109842,1,
poly_deriche,wasm,27,26.271031,1,
poly_deriche,native,28,16.804525,1,
poly_deriche,wasm,28,26.600463,1,
poly_deriche,native,29,24.110099,1,
poly_deriche,wasm,29,39.385117,1,
poly_deriche,native,30,52.054939,1,
poly_deriche,wasm,30,82.247425,1,
poly_doitgen,native,1,12.119468,1,
poly_doitgen,wasm,1,20.732987,1,
poly_doitgen,native,2,11.94042,1,
poly_doitgen,wasm,2,21.230022,1,
poly_doitgen,native,3,11.190372,1,
poly_doitgen,wasm,3,21.0271,1,
poly_doitgen,native,4,11.701763,1,
poly_doitgen,wasm,4,21.27605,1,
poly_doitgen,native,5,13.287132,1,
poly_doitgen,wasm,5,24.039843,1,
poly_doitgen,native,6,14.785622,1,
poly_doitgen,wasm,6,26.376179,1,
poly_doitgen,native,7,12.873327,1,
poly_doitgen,wasm,7,22.608879,1,
poly_doitgen,native,8,13.015583,1,
poly_doitgen,wasm,8,21.263041,1,
poly_doitgen,native,9,12.121397,1,
poly_doitgen,wasm,9,24.62867,1,
poly_doitgen,native,10,11.02345,1,
poly_doitgen,wasm,10,20.6271,1,
poly_doitgen,native,11,10.316024,1,
poly_doitgen,wasm,11,22.785742,1,
poly_doitgen,native,12,14.184098,1,
poly_doitgen,wasm,12,20.632312,1,
poly_doitgen,native,13,12.707703,1,
poly_doitgen,wasm,13,23.598049,1,
poly_doitgen,native,14,13.042431,1,
poly_doitgen,wasm,14,20.867196,1,
poly_doitgen,native,15,14.320209,1,
poly_doitgen,wasm,15,21.344392,1,
poly_doitgen,native,16,11.648879,1,
poly_doitgen,wasm,16,23.903117,1,
poly_doitgen,native,17,15.154073,1,
poly_doitgen,wasm,17,22.475025,1,
poly_doitgen,native,18,11.87804,1,
poly_doitgen,wasm,18,23.132084,1,
poly_doitgen,native,19,14.879918,1,
poly_doitgen,wasm,19,18.598736,1,
poly_doitgen,native,20,10.557106,1,
poly_doitgen,wasm,20,20.008978,1,
poly_doitgen,native,21,10.170073,1,
poly_doitgen,wasm,21,21.148318,1,
poly_doitgen,native,22,11.133885,1,
poly_doitgen,wasm,22,18.824872,1,
poly_doitgen,native,23,11.366934,1,
poly_doitgen,wasm,23,19.998178,1,
poly_doitgen,native,24,12.787231,1,
poly_doitgen,wasm,24,20.39423,1,
poly_doitgen,native,25,14.272933,1,
poly_doitgen,wasm,25,21.122941,1,
poly_doitgen,native,26,13.599765,1,
poly_doitgen,wasm,26,21.004912,1,
poly_doitgen,native,27,14.675912,1,
poly_doitgen,wasm,27,22.83522,1,
poly_doitgen,native,28,10.627909,1,
poly_doitgen,wasm,28,20.705447,1,
poly_doitgen,native,29,10.68246,1,
poly_doitgen,wasm,29,22.638132,1,
poly_doitgen,native,30,12.258684,1,
poly_doitgen,wasm,30,26.418936,1,
poly_durbin,native,1,7.035443,1,
poly_durbin,wasm,1,13.820954,1,
poly_durbin,native,2,4.891172,1,
poly_durbin,wasm,2,14.743314,1,
poly_durbin,native,3,5.299764,1,
poly_durbin,wasm,3,13.401042,1,
poly_durbin,native,4,5.0082,1,
poly_durbin,wasm,4,12.655631,1,
poly_durbin,native,5,4.304966,1,
poly_durbin,wasm,5,12.361362,1,
poly_durbin,native,6,4.551812,1,
poly_durbin,wasm,6,12.93382,1,
poly_durbin,native,7,4.585327,1,
poly_durbin,wasm,7,13.11113,1,
poly_durbin,native,8,4.509739,1,
poly_durbin,wasm,8,11.682218,1,
poly_durbin,native,9,4.327725,1,
poly_durbin,wasm,9,11.639059,1,
poly_durbin,native,10,3.783425,1,
poly_durbin,wasm,10,12.133719,1,
poly_durbin,native,11,4.240235,1,
poly_durbin,wasm,11,12.240813,1,
poly_durbin,native,12,4.147905,1,
poly_durbin,wasm,12,11.686117,1,
poly_durbin,native,13,4.335514,1,
poly_durbin,wasm,13,11.687902,1,
poly_durbin,native,14,4.463121,1,
poly_durbin,wasm,14,11.994543,1,
poly_durbin,native,15,4.457965,1,
poly_durbin,wasm,15,12.023585,1,
poly_durbin,native,16,4.728067,1,
poly_durbin,wasm,16,11.934523,1,
poly_durbin,native,17,4.754276,1,
poly_durbin,wasm,17,11.758571,1,
poly_durbin,native,18,4.292289,1,
poly_durbin,wasm,18,12.430716,1,
poly_durbin,native,19,4.295205,1,
poly_durbin,wasm,19,11.244782,1,
poly_durbin,native,20,4.05174,1,
poly_durbin,wasm,20,12.230468,1,
poly_durbin,native,21,3.99742,1,
poly_durbin,wasm,21,11.569829,1,
poly_durbin,native,22,4.175185,1,
poly_durbin,wasm,22,12.560536,1,
poly_durbin,native,23,4.173647,1,
poly_durbin,wasm,23,11.263586,1,
poly_durbin,native,24,4.218893,1,
poly_durbin,wasm,24,11.821305,1,
poly_durbin,native,25,4.149931,1,
poly_durbin,wasm,25,11.022538,1,
poly_durbin,native,26,4.362978,1,
poly_durbin,wasm,26,11.170292,1,
poly_durbin,native,27,5.071668,1,
poly_durbin,wasm,27,10.175358,1,
poly_durbin,native,28,8.343677,1,
poly_durbin,wasm,28,16.552405,1,
poly_durbin,native,29,6.490447,1,
poly_durbin,wasm,29,13.749559,1,
poly_durbin,native,30,6.573522,1,
poly_durbin,wasm,30,33.277135,1,
poly_fdtd_2d,native,1,16.8775,1,
poly_fdtd_2d,wasm,1,28.540955,1,
poly_fdtd_2d,native,2,15.287891,1,
poly_fdtd_2d,wasm,2,29.501357,1,
poly_fdtd_2d,native,3,16.141038,1,
poly_fdtd_2d,wasm,3,29.980834,1,
poly_fdtd_2d,native,4,17.109811,1,
poly_fdtd_2d,wasm,4,32.166227,1,
poly_fdtd_2d,native,5,16.558777,1,
poly_fdtd_2d,wasm,5,63.505909,1,
poly_fdtd_2d,native,6,40.819157,1,
poly_fdtd_2d,wasm,6,41.621773,1,
poly_fdtd_2d,native,7,17.960644,1,
poly_fdtd_2d,wasm,7,31.601044,1,
poly_fdtd_2d,native,8,19.871633,1,
poly_fdtd_2d,wasm,8,33.235904,1,
poly_fdtd_2d,native,9,16.668105,1,
poly_fdtd_2d,wasm,9,34.77754,1,
poly_fdtd_2d,native,10,16.551059,1,
poly_fdtd_2d,wasm,10,39.268354,1,
poly_fdtd_2d,native,11,14.615439,1,
poly_fdtd_2d,wasm,11,100.379702,1,
poly_fdtd_2d,native,12,67.267598,1,
poly_fdtd_2d,wasm,12,51.224829,1,
poly_fdtd_2d,native,13,13.656748,1,
poly_fdtd_2d,wasm,13,30.752473,1,
poly_fdtd_2d,native,14,14.126977,1,
poly_fdtd_2d,wasm,14,32.128212,1,
poly_fdtd_2d,native,15,13.677276,1,
poly_fdtd_2d,wasm,15,31.897761,1,
poly_fdtd_2d,native,16,18.485449,1,
poly_fdtd_2d,wasm,16,33.906046,1,
poly_fdtd_2d,native,17,18.538711,1,
poly_fdtd_2d,wasm,17,31.366976,1,
poly_fdtd_2d,native,18,18.403513,1,
poly_fdtd_2d,wasm,18,29.988162,1,
poly_fdtd_2d,native,19,14.087501,1,
poly_fdtd_2d,wasm,19,26.974387,1,
poly_fdtd_2d,native,20,14.273889,1,
poly_fdtd_2d,wasm,20,31.247224,1,
poly_fdtd_2d,native,21,13.871453,1,
poly_fdtd_2d,wasm,21,28.707137,1,
poly_fdtd_2d,native,22,18.900949,1,
poly_fdtd_2d,wasm,22,31.752669,1,
poly_fdtd_2d,native,23,19.159918,1,
poly_fdtd_2d,wasm,23,32.909018,1,
poly_fdtd_2d,native,24,15.014476,1,
poly_fdtd_2d,wasm,24,27.478417,1,
poly_fdtd_2d,native,25,17.255829,1,
poly_fdtd_2d,wasm,25,31.413294,1,
poly_fdtd_2d,native,26,15.389436,1,
poly_fdtd_2d,wasm,26,29.661612,1,
poly_fdtd_2d,native,27,14.09607,1,
poly_fdtd_2d,wasm,27,27.460168,1,
poly_fdtd_2d,native,28,17.044486,1,
poly_fdtd_2d,wasm,28,29.845221,1,
poly_fdtd_2d,native,29,15.457755,1,
poly_fdtd_2d,wasm,29,27.035485,1,
poly_fdtd_2d,native,30,13.900724,1,
poly_fdtd_2d,wasm,30,25.379163,1,
poly_floyd_warshall,native,1,86.185448,1,
poly_floyd_warshall,wasm,1,136.406525,1,
poly_floyd_warshall,native,2,83.816806,1,
poly_floyd_warshall,wasm,2,124.343035,1,
poly_floyd_warshall,native,3,81.476783,1,
poly_floyd_warshall,wasm,3,121.017556,1,
poly_floyd_warshall,native,4,76.763355,1,
poly_floyd_warshall,wasm,4,180.548525,1,
poly_floyd_warshall,native,5,113.031418,1,
poly_floyd_warshall,wasm,5,230.845485,1,
poly_floyd_warshall,native,6,112.462465,1,
poly_floyd_warshall,wasm,6,135.959514,1,
poly_floyd_warshall,native,7,92.209621,1,
poly_floyd_warshall,wasm,7,131.066958,1,
poly_floyd_warshall,native,8,81.691076,1,
poly_floyd_warshall,wasm,8,120.454624,1,
poly_floyd_warshall,native,9,79.618912,1,
poly_floyd_warshall,wasm,9,137.86841,1,
poly_floyd_warshall,native,10,87.664156,1,
poly_floyd_warshall,wasm,10,128.416257,1,
poly_floyd_warshall,native,11,82.148706,1,
poly_floyd_warshall,wasm,11,116.448017,1,
poly_floyd_warshall,native,12,74.457116,1,
poly_floyd_warshall,wasm,12,118.791941,1,
poly_floyd_warshall,native,13,72.948406,1,
poly_floyd_warshall,wasm,13,117.811966,1,
poly_floyd_warshall,native,14,73.748352,1,
poly_floyd_warshall,wasm,14,117.375258,1,
poly_floyd_warshall,native,15,84.219731,1,
poly_floyd_warshall,wasm,15,134.899637,1,
poly_floyd_warshall,native,16,85.482674,1,
poly_floyd_warshall,wasm,16,126.46742,1,
poly_floyd_warshall,native,17,77.986622,1,
poly_floyd_warshall,wasm,17,124.131112,1,
poly_floyd_warshall,native,18,80.087149,1,
poly_floyd_warshall,wasm,18,117.771141,1,
poly_floyd_warshall,native,19,75.652956,1,
poly_floyd_warshall,wasm,19,115.839794,1,
poly_floyd_warshall,native,20,74.313358,1,
poly_floyd_warshall,wasm,20,158.287013,1,
poly_floyd_warshall,native,21,87.91975,1,
poly_floyd_warshall,wasm,21,135.981313,1,
poly_floyd_warshall,native,22,79.965498,1,
poly_floyd_warshall,wasm,22,123.780946,1,
poly_floyd_warshall,native,23,81.433319,1,
poly_floyd_warshall,wasm,23,123.115082,1,
poly_floyd_warshall,native,24,73.34181,1,
poly_floyd_warshall,wasm,24,117.467553,1,
poly_floyd_warshall,native,25,78.343729,1,
poly_floyd_warshall,wasm,25,118.447514,1,
poly_floyd_warshall,native,26,71.267522,1,
poly_floyd_warshall,wasm,26,119.108328,1,
poly_floyd_warshall,native,27,84.08851,1,
poly_floyd_warshall,wasm,27,129.6011,1,
poly_floyd_warshall,native,28,81.752545,1,
poly_floyd_warshall,wasm,28,128.349784,1,
poly_floyd_warshall,native,29,84.044077,1,
poly_floyd_warshall,wasm,29,129.751978,1,
poly_floyd_warshall,native,30,80.784064,1,
poly_floyd_warshall,wasm,30,122.702994,1,
poly_gemm,native,1,12.906721,1,
poly_gemm,wasm,1,26.758811,1,
poly_gemm,native,2,9.323544,1,
poly_gemm,wasm,2,20.773329,1,
poly_gemm,native,3,7.781655,1,
poly_gemm,wasm,3,23.154969,1,
poly_gemm,native,4,8.456497,1,
poly_gemm,wasm,4,22.198054,1,
poly_gemm,native,5,9.165404,1,
poly_gemm,wasm,5,23.875445,1,
poly_gemm,native,6,10.743141,1,
poly_gemm,wasm,6,27.403248,1,
poly_gemm,native,7,11.145083,1,
poly_gemm,wasm,7,28.253452,1,
poly_gemm,native,8,11.857811,1,
poly_gemm,wasm,8,27.38564,1,
poly_gemm,native,9,11.19944,1,
poly_gemm,wasm,9,29.195797,1,
poly_gemm,native,10,10.697967,1,
poly_gemm,wasm,10,26.261551,1,
poly_gemm,native,11,9.540292,1,
poly_gemm,wasm,11,24.287266,1,
poly_gemm,native,12,8.969632,1,
poly_gemm,wasm,12,21.339515,1,
poly_gemm,native,13,8.486663,1,
poly_gemm,wasm,13,23.819816,1,
poly_gemm,native,14,9.176924,1,
poly_gemm,wasm,14,25.0176,1,
poly_gemm,native,15,12.595428,1,
poly_gemm,wasm,15,27.703045,1,
poly_gemm,native,16,13.166156,1,
poly_gemm,wasm,16,27.474985,1,
poly_gemm,native,17,10.365239,1,
poly_gemm,wasm,17,27.288619,1,
poly_gemm,native,18,9.643808,1,
poly_gemm,wasm,18,23.529378,1,
poly_gemm,native,19,10.213029,1,
poly_gemm,wasm,19,21.703777,1,
poly_gemm,native,20,10.94364,1,
poly_gemm,wasm,20,29.520017,1,
poly_gemm,native,21,9.850077,1,
poly_gemm,wasm,21,22.720637,1,
poly_gemm,native,22,10.428299,1,
poly_gemm,wasm,22,70.431742,1,
poly_gemm,native,23,14.945358,1,
poly_gemm,wasm,23,28.317027,1,
poly_gemm,native,24,9.870979,1,
poly_gemm,wasm,24,25.116245,1,
poly_gemm,native,25,10.473314,1,
poly_gemm,wasm,25,24.699598,1,
poly_gemm,native,26,10.54978,1,
poly_gemm,wasm,26,24.330933,1,
poly_gemm,native,27,10.958325,1,
poly_gemm,wasm,27,22.8073,1,
poly_gemm,native,28,11.972448,1,
poly_gemm,wasm,28,29.214679,1,
poly_gemm,native,29,10.964462,1,
poly_gemm,wasm,29,29.912237,1,
poly_gemm,native,30,11.367089,1,
poly_gemm,wasm,30,34.006404,1,
poly_gemver,native,1,10.667598,1,
poly_gemver,wasm,1,16.427614,1,
poly_gemver,native,2,5.764991,1,
poly_gemver,wasm,2,14.771764,1,
poly_gemver,native,3,6.9265,1,
poly_gemver,wasm,3,15.83029,1,
poly_gemver,native,4,7.947758,1,
poly_gemver,wasm,4,18.592761,1,
poly_gemver,native,5,12.617939,1,
poly_gemver,wasm,5,23.079221,1,
poly_gemver,native,6,38.106044,1,
poly_gemver,wasm,6,126.088138,1,
poly_gemver,native,7,8.118415,1,
poly_gemver,wasm,7,22.109258,1,
poly_gemver,native,8,8.111597,1,
poly_gemver,wasm,8,19.561812,1,
poly_gemver,native,9,7.676345,1,
poly_gemver,wasm,9,18.410579,1,
poly_gemver,native,10,11.73419,1,
poly_gemver,wasm,10,16.9265,1,
poly_gemver,native,11,6.940889,1,
poly_gemver,wasm,11,15.306345,1,
poly_gemver,native,12,7.714928,1,
poly_gemver,wasm,12,15.549867,1,
poly_gemver,native,13,7.201712,1,
poly_gemver,wasm,13,14.351908,1,
poly_gemver,native,14,5.804472,1,
poly_gemver,wasm,14,14.618411,1,
poly_gemver,native,15,5.519333,1,
poly_gemver,wasm,15,13.976432,1,
poly_gemver,native,16,8.440181,1,
poly_gemver,wasm,16,18.018944,1,
poly_gemver,native,17,6.777269,1,
poly_gemver,wasm,17,15.823626,1,
poly_gemver,native,18,7.38469,1,
poly_gemver,wasm,18,13.684914,1,
poly_gemver,native,19,7.00644,1,
poly_gemver,wasm,19,15.456256,1,
poly_gemver,native,20,7.336995,1,
poly_gemver,wasm,20,20.241402,1,
poly_gemver,native,21,7.077338,1,
poly_gemver,wasm,21,16.971014,1,
poly_gemver,native,22,7.404188,1,
poly_gemver,wasm,22,15.081995,1,
poly_gemver,native,23,10.398425,1,
poly_gemver,wasm,23,15.398498,1,
poly_gemver,native,24,6.338864,1,
poly_gemver,wasm,24,15.097,1,
poly_gemver,native,25,7.379247,1,
poly_gemver,wasm,25,12.461026,1,
poly_gemver,native,26,7.402555,1,
poly_gemver,wasm,26,13.127653,1,
poly_gemver,native,27,5.564581,1,
poly_gemver,wasm,27,13.131967,1,
poly_gemver,native,28,5.616702,1,
poly_gemver,wasm,28,13.105696,1,
poly_gemver,native,29,6.463861,1,
poly_gemver,wasm,29,14.72233,1,
poly_gemver,native,30,6.111281,1,
poly_gemver,wasm,30,13.560212,1,
poly_gesummv,native,1,4.72546,1,
poly_gesummv,wasm,1,13.574932,1,
poly_gesummv,native,2,4.703228,1,
poly_gesummv,wasm,2,13.461149,1,
poly_gesummv,native,3,7.042049,1,
poly_gesummv,wasm,3,13.603094,1,
poly_gesummv,native,4,6.112628,1,
poly_gesummv,wasm,4,11.014344,1,
poly_gesummv,native,5,5.687974,1,
poly_gesummv,wasm,5,11.470454,1,
poly_gesummv,native,6,6.415705,1,
poly_gesummv,wasm,6,11.145947,1,
poly_gesummv,native,7,6.598387,1,
poly_gesummv,wasm,7,12.238029,1,
poly_gesummv,native,8,5.428206,1,
poly_gesummv,wasm,8,11.867233,1,
poly_gesummv,native,9,6.676633,1,
poly_gesummv,wasm,9,11.830784,1,
poly_gesummv,native,10,5.428496,1,
poly_gesummv,wasm,10,11.942835,1,
poly_gesummv,native,11,5.7411,1,
poly_gesummv,wasm,11,13.317321,1,
poly_gesummv,native,12,5.324425,1,
poly_gesummv,wasm,12,15.270402,1,
poly_gesummv,native,13,4.764132,1,
poly_gesummv,wasm,13,13.193415,1,
poly_gesummv,native,14,5.450641,1,
poly_gesummv,wasm,14,10.917201,1,
poly_gesummv,native,15,5.565188,1,
poly_gesummv,wasm,15,10.838619,1,
poly_gesummv,native,16,5.514504,1,
poly_gesummv,wasm,16,10.841596,1,
poly_gesummv,native,17,4.821698,1,
poly_gesummv,wasm,17,12.832877,1,
poly_gesummv,native,18,5.074604,1,
poly_gesummv,wasm,18,10.92869,1,
poly_gesummv,native,19,5.369566,1,
poly_gesummv,wasm,19,11.30027,1,
poly_gesummv,native,20,5.123022,1,
poly_gesummv,wasm,20,11.88338,1,
poly_gesummv,native,21,4.979454,1,
poly_gesummv,wasm,21,12.035918,1,
poly_gesummv,native,22,4.721377,1,
poly_gesummv,wasm,22,11.88772,1,
poly_gesummv,native,23,5.41265,1,
poly_gesummv,wasm,23,11.439134,1,
poly_gesummv,native,24,6.442118,1,
poly_gesummv,wasm,24,10.714453,1,
poly_gesummv,native,25,6.1428,1,
poly_gesummv,wasm,25,10.322827,1,
poly_gesummv,native,26,6.286445,1,
poly_gesummv,wasm,26,10.698836,1,
poly_gesummv,native,27,5.833302,1,
poly_gesummv,wasm,27,12.182218,1,
poly_gesummv,native,28,7.154702,1,
poly_gesummv,wasm,28,17.882371,1,
poly_gesummv,native,29,9.194313,1,
poly_gesummv,wasm,29,18.370153,1,
poly_gesummv,native,30,7.926601,1,
poly_gesummv,wasm,30,17.902459,1,
poly_gramschmidt,native,1,19.409069,1,
poly_gramschmidt,wasm,1,27.518389,1,
poly_gramschmidt,native,2,18.405441,1,
poly_gramschmidt,wasm,2,26.075419,1,
poly_gramschmidt,native,3,18.326904,1,
poly_gramschmidt,wasm,3,27.802557,1,
poly_gramschmidt,native,4,21.301156,1,
poly_gramschmidt,wasm,4,30.099653,1,
poly_gramschmidt,native,5,18.311419,1,
poly_gramschmidt,wasm,5,31.510439,1,
poly_gramschmidt,native,6,20.238968,1,
poly_gramschmidt,wasm,6,34.182721,1,
poly_gramschmidt,native,7,21.390968,1,
poly_gramschmidt,wasm,7,26.623995,1,
poly_gramschmidt,native,8,20.577198,1,
poly_gramschmidt,wasm,8,27.855565,1,
poly_gramschmidt,native,9,22.152137,1,
poly_gramschmidt,wasm,9,27.701912,1,
poly_gramschmidt,native,10,21.761062,1,
poly_gramschmidt,wasm,10,28.198757,1,
poly_gramschmidt,native,11,20.708512,1,
poly_gramschmidt,wasm,11,30.125477,1,
poly_gramschmidt,native,12,26.298033,1,
poly_gramschmidt,wasm,12,32.039478,1,
poly_gramschmidt,native,13,19.920351,1,
poly_gramschmidt,wasm,13,32.480576,1,
poly_gramschmidt,native,14,20.832537,1,
poly_gramschmidt,wasm,14,30.265215,1,
poly_gramschmidt,native,15,23.123619,1,
poly_gramschmidt,wasm,15,30.308588,1,
poly_gramschmidt,native,16,21.051765,1,
poly_gramschmidt,wasm,16,30.313301,1,
poly_gramschmidt,native,17,20.913369,1,
poly_gramschmidt,wasm,17,28.392781,1,
poly_gramschmidt,native,18,21.066066,1,
poly_gramschmidt,wasm,18,30.001748,1,
poly_gramschmidt,native,19,83.460619,1,
poly_gramschmidt,wasm,19,33.642268,1,
poly_gramschmidt,native,20,21.357567,1,
poly_gramschmidt,wasm,20,32.707125,1,
poly_gramschmidt,native,21,20.287913,1,
poly_gramschmidt,wasm,21,32.716628,1,
poly_gramschmidt,native,22,21.348195,1,
poly_gramschmidt,wasm,22,34.013799,1,
poly_gramschmidt,native,23,20.564681,1,
poly_gramschmidt,wasm,23,28.402861,1,
poly_gramschmidt,native,24,18.623351,1,
poly_gramschmidt,wasm,24,29.441637,1,
poly_gramschmidt,native,25,20.27816,1,
poly_gramschmidt,wasm,25,29.083379,1,
poly_gramschmidt,native,26,22.027515,1,
poly_gramschmidt,wasm,26,31.018104,1,
poly_gramschmidt,native,27,22.59185,1,
poly_gramschmidt,wasm,27,30.774819,1,
poly_gramschmidt,native,28,20.195269,1,
poly_gramschmidt,wasm,28,27.448244,1,
poly_gramschmidt,native,29,17.779722,1,
poly_gramschmidt,wasm,29,30.114182,1,
poly_gramschmidt,native,30,22.47399,1,
poly_gramschmidt,wasm,30,29.156506,1,
poly_heat_3d,native,1,25.015564,1,
poly_heat_3d,wasm,1,44.409555,1,
poly_heat_3d,native,2,21.892734,1,
poly_heat_3d,wasm,2,45.601998,1,
poly_heat_3d,native,3,20.181995,1,
poly_heat_3d,wasm,3,42.390041,1,
poly_heat_3d,native,4,20.812642,1,
poly_heat_3d,wasm,4,43.462977,1,
poly_heat_3d,native,5,23.871185,1,
poly_heat_3d,wasm,5,44.74387,1,
poly_heat_3d,native,6,23.201464,1,
poly_heat_3d,wasm,6,40.385871,1,
poly_heat_3d,native,7,22.320008,1,
poly_heat_3d,wasm,7,51.333428,1,
poly_heat_3d,native,8,23.542805,1,
poly_heat_3d,wasm,8,59.163059,1,
poly_heat_3d,native,9,19.990014,1,
poly_heat_3d,wasm,9,52.047687,1,
poly_heat_3d,native,10,19.858711,1,
poly_heat_3d,wasm,10,49.526305,1,
poly_heat_3d,native,11,18.807859,1,
poly_heat_3d,wasm,11,48.06884,1,
poly_heat_3d,native,12,23.591069,1,
poly_heat_3d,wasm,12,46.156712,1,
poly_heat_3d,native,13,23.308046,1,
poly_heat_3d,wasm,13,47.464812,1,
poly_heat_3d,native,14,23.546836,1,
poly_heat_3d,wasm,14,49.94395,1,
poly_heat_3d,native,15,22.839539,1,
poly_heat_3d,wasm,15,55.001086,1,
poly_heat_3d,native,16,23.756864,1,
poly_heat_3d,wasm,16,43.927048,1,
poly_heat_3d,native,17,20.577568,1,
poly_heat_3d,wasm,17,43.084303,1,
poly_heat_3d,native,18,23.622,1,
poly_heat_3d,wasm,18,46.83149,1,
poly_heat_3d,native,19,22.534486,1,
poly_heat_3d,wasm,19,43.578354,1,
poly_heat_3d,native,20,20.755101,1,
poly_heat_3d,wasm,20,41.325894,1,
poly_heat_3d,native,21,20.594629,1,
poly_heat_3d,wasm,21,42.508968,1,
poly_heat_3d,native,22,22.141631,1,
poly_heat_3d,wasm,22,45.312574,1,
poly_heat_3d,native,23,21.334625,1,
poly_heat_3d,wasm,23,42.540849,1,
poly_heat_3d,native,24,19.346138,1,
poly_heat_3d,wasm,24,55.988664,1,
poly_heat_3d,native,25,33.868706,1,
poly_heat_3d,wasm,25,68.953543,1,
poly_heat_3d,native,26,31.067064,1,
poly_heat_3d,wasm,26,73.946317,1,
poly_heat_3d,native,27,29.441104,1,
poly_heat_3d,wasm,27,63.300291,1,
poly_heat_3d,native,28,33.999578,1,
poly_heat_3d,wasm,28,89.913319,1,
poly_heat_3d,native,29,30.644465,1,
poly_heat_3d,wasm,29,53.665468,1,
poly_heat_3d,native,30,25.462433,1,
poly_heat_3d,wasm,30,98.964345,1,
poly_jacobi_1d,native,1,4.24622,1,
poly_jacobi_1d,wasm,1,12.716503,1,
poly_jacobi_1d,native,2,4.301404,1,
poly_jacobi_1d,wasm,2,12.678261,1,
poly_jacobi_1d,native,3,4.090785,1,
poly_jacobi_1d,wasm,3,13.970664,1,
poly_jacobi_1d,native,4,4.78085,1,
poly_jacobi_1d,wasm,4,11.911908,1,
poly_jacobi_1d,native,5,4.26261,1,
poly_jacobi_1d,wasm,5,11.546301,1,
poly_jacobi_1d,native,6,3.9328,1,
poly_jacobi_1d,wasm,6,12.799176,1,
poly_jacobi_1d,native,7,4.580381,1,
poly_jacobi_1d,wasm,7,14.410065,1,
poly_jacobi_1d,native,8,5.27108,1,
poly_jacobi_1d,wasm,8,15.800063,1,
poly_jacobi_1d,native,9,5.960406,1,
poly_jacobi_1d,wasm,9,12.632862,1,
poly_jacobi_1d,native,10,5.501158,1,
poly_jacobi_1d,wasm,10,13.243201,1,
poly_jacobi_1d,native,11,4.481331,1,
poly_jacobi_1d,wasm,11,12.627318,1,
poly_jacobi_1d,native,12,4.339448,1,
poly_jacobi_1d,wasm,12,12.986296,1,
poly_jacobi_1d,native,13,4.61606,1,
poly_jacobi_1d,wasm,13,11.305254,1,
poly_jacobi_1d,native,14,4.223597,1,
poly_jacobi_1d,wasm,14,11.55373,1,
poly_jacobi_1d,native,15,4.232746,1,
poly_jacobi_1d,wasm,15,11.012256,1,
poly_jacobi_1d,native,16,4.443733,1,
poly_jacobi_1d,wasm,16,11.461159,1,
poly_jacobi_1d,native,17,4.936726,1,
poly_jacobi_1d,wasm,17,10.032186,1,
poly_jacobi_1d,native,18,5.534381,1,
poly_jacobi_1d,wasm,18,9.612473,1,
poly_jacobi_1d,native,19,5.745994,1,
poly_jacobi_1d,wasm,19,11.103979,1,
poly_jacobi_1d,native,20,5.741193,1,
poly_jacobi_1d,wasm,20,9.993467,1,
poly_jacobi_1d,native,21,5.438287,1,
poly_jacobi_1d,wasm,21,9.765062,1,
poly_jacobi_1d,native,22,4.767385,1,
poly_jacobi_1d,wasm,22,10.962129,1,
poly_jacobi_1d,native,23,3.953208,1,
poly_jacobi_1d,wasm,23,11.407424,1,
poly_jacobi_1d,native,24,4.703478,1,
poly_jacobi_1d,wasm,24,11.323958,1,
poly_jacobi_1d,native,25,3.891498,1,
poly_jacobi_1d,wasm,25,11.022184,1,
poly_jacobi_1d,native,26,4.13821,1,
poly_jacobi_1d,wasm,26,11.072625,1,
poly_jacobi_1d,native,27,4.049846,1,
poly_jacobi_1d,wasm,27,26.014203,1,
poly_jacobi_1d,native,28,4.337137,1,
poly_jacobi_1d,wasm,28,10.569946,1,
poly_jacobi_1d,native,29,4.038359,1,
poly_jacobi_1d,wasm,29,9.962857,1,
poly_jacobi_1d,native,30,5.124272,1,
poly_jacobi_1d,wasm,30,9.745747,1,
poly_jacobi_2d,native,1,14.955229,1,
poly_jacobi_2d,wasm,1,39.182821,1,
poly_jacobi_2d,native,2,15.81469,1,
poly_jacobi_2d,wasm,2,34.450625,1,
poly_jacobi_2d,native,3,14.521584,1,
poly_jacobi_2d,wasm,3,32.178727,1,
poly_jacobi_2d,native,4,12.604898,1,
poly_jacobi_2d,wasm,4,35.01137,1,
poly_jacobi_2d,native,5,14.189855,1,
poly_jacobi_2d,wasm,5,35.006946,1,
poly_jacobi_2d,native,6,17.871247,1,
poly_jacobi_2d,wasm,6,33.81296,1,
poly_jacobi_2d,native,7,12.342505,1,
poly_jacobi_2d,wasm,7,35.562059,1,
poly_jacobi_2d,native,8,16.71859,1,
poly_jacobi_2d,wasm,8,35.669099,1,
poly_jacobi_2d,native,9,16.992853,1,
poly_jacobi_2d,wasm,9,34.710247,1,
poly_jacobi_2d,native,10,16.708396,1,
poly_jacobi_2d,wasm,10,33.9504,1,
poly_jacobi_2d,native,11,16.686571,1,
poly_jacobi_2d,wasm,11,30.761598,1,
poly_jacobi_2d,native,12,16.94358,1,
poly_jacobi_2d,wasm,12,32.768707,1,
poly_jacobi_2d,native,13,12.001423,1,
poly_jacobi_2d,wasm,13,31.186028,1,
poly_jacobi_2d,native,14,18.245805,1,
poly_jacobi_2d,wasm,14,33.755148,1,
poly_jacobi_2d,native,15,14.474371,1,
poly_jacobi_2d,wasm,15,31.05539,1,
poly_jacobi_2d,native,16,14.454019,1,
poly_jacobi_2d,wasm,16,32.340956,1,
poly_jacobi_2d,native,17,15.366648,1,
poly_jacobi_2d,wasm,17,30.986003,1,
poly_jacobi_2d,native,18,13.12077,1,
poly_jacobi_2d,wasm,18,28.567977,1,
poly_jacobi_2d,native,19,14.442481,1,
poly_jacobi_2d,wasm,19,35.780828,1,
poly_jacobi_2d,native,20,15.456257,1,
poly_jacobi_2d,wasm,20,31.010765,1,
poly_jacobi_2d,native,21,13.277786,1,
poly_jacobi_2d,wasm,21,31.413899,1,
poly_jacobi_2d,native,22,12.329856,1,
poly_jacobi_2d,wasm,22,29.613001,1,
poly_jacobi_2d,native,23,13.943179,1,
poly_jacobi_2d,wasm,23,39.820945,1,
poly_jacobi_2d,native,24,19.368009,1,
poly_jacobi_2d,wasm,24,35.811572,1,
poly_jacobi_2d,native,25,19.126483,1,
poly_jacobi_2d,wasm,25,37.920853,1,
poly_jacobi_2d,native,26,13.966338,1,
poly_jacobi_2d,wasm,26,36.549673,1,
poly_jacobi_2d,native,27,12.353028,1,
poly_jacobi_2d,wasm,27,32.239079,1,
poly_jacobi_2d,native,28,14.190343,1,
poly_jacobi_2d,wasm,28,32.418143,1,
poly_jacobi_2d,native,29,13.373901,1,
poly_jacobi_2d,wasm,29,32.340756,1,
poly_jacobi_2d,native,30,16.86168,1,
poly_jacobi_2d,wasm,30,31.552561,1,
poly_lu,native,1,70.038866,1,
poly_lu,wasm,1,101.859873,1,
poly_lu,native,2,71.668759,1,
poly_lu,wasm,2,111.140954,1,
poly_lu,native,3,119.720982,1,
poly_lu,wasm,3,122.820212,1,
poly_lu,native,4,87.360796,1,
poly_lu,wasm,4,111.608882,1,
poly_lu,native,5,81.003727,1,
poly_lu,wasm,5,105.309296,1,
poly_lu,native,6,74.800027,1,
poly_lu,wasm,6,105.870232,1,
poly_lu,native,7,71.200205,1,
poly_lu,wasm,7,99.368737,1,
poly_lu,native,8,74.091964,1,
poly_lu,wasm,8,93.70264,1,
poly_lu,native,9,75.058361,1,
poly_lu,wasm,9,105.501404,1,
poly_lu,native,10,78.32666,1,
poly_lu,wasm,10,121.30034,1,
poly_lu,native,11,78.420747,1,
poly_lu,wasm,11,107.965431,1,
poly_lu,native,12,88.655988,1,
poly_lu,wasm,12,147.914322,1,
poly_lu,native,13,94.077103,1,
poly_lu,wasm,13,173.975665,1,
poly_lu,native,14,86.134651,1,
poly_lu,wasm,14,115.175677,1,
poly_lu,native,15,76.05818,1,
poly_lu,wasm,15,116.451137,1,
poly_lu,native,16,82.987463,1,
poly_lu,wasm,16,120.987265,1,
poly_lu,native,17,81.659317,1,
poly_lu,wasm,17,103.154788,1,
poly_lu,native,18,77.44383,1,
poly_lu,wasm,18,145.994614,1,
poly_lu,native,19,75.670775,1,
poly_lu,wasm,19,101.691559,1,
poly_lu,native,20,72.936724,1,
poly_lu,wasm,20,104.710917,1,
poly_lu,native,21,71.333171,1,
poly_lu,wasm,21,96.966866,1,
poly_lu,native,22,84.776642,1,
poly_lu,wasm,22,139.366457,1,
poly_lu,native,23,82.804559,1,
poly_lu,wasm,23,104.744315,1,
poly_lu,native,24,75.695069,1,
poly_lu,wasm,24,102.565199,1,
poly_lu,native,25,73.563663,1,
poly_lu,wasm,25,99.252027,1,
poly_lu,native,26,145.845975,1,
poly_lu,wasm,26,123.799264,1,
poly_lu,native,27,79.396969,1,
poly_lu,wasm,27,102.904008,1,
poly_lu,native,28,78.881614,1,
poly_lu,wasm,28,121.917303,1,
poly_lu,native,29,78.417045,1,
poly_lu,wasm,29,105.117509,1,
poly_lu,native,30,73.729658,1,
poly_lu,wasm,30,102.286321,1,
poly_ludcmp,native,1,69.505122,1,
poly_ludcmp,wasm,1,97.218431,1,
poly_ludcmp,native,2,66.706899,1,
poly_ludcmp,wasm,2,167.962791,1,
poly_ludcmp,native,3,88.832935,1,
poly_ludcmp,wasm,3,113.275018,1,
poly_ludcmp,native,4,74.319643,1,
poly_ludcmp,wasm,4,110.159745,1,
poly_ludcmp,native,5,76.670282,1,
poly_ludcmp,wasm,5,109.053724,1,
poly_ludcmp,native,6,74.001071,1,
poly_ludcmp,wasm,6,113.599661,1,
poly_ludcmp,native,7,85.039091,1,
poly_ludcmp,wasm,7,131.441571,1,
poly_ludcmp,native,8,118.708547,1,
poly_ludcmp,wasm,8,163.964466,1,
poly_ludcmp,native,9,89.335,1,
poly_ludcmp,wasm,9,113.984106,1,
poly_ludcmp,native,10,79.125343,1,
poly_ludcmp,wasm,10,111.364512,1,
poly_ludcmp,native,11,76.522705,1,
poly_ludcmp,wasm,11,105.63797,1,
poly_ludcmp,native,12,73.486616,1,
poly_ludcmp,wasm,12,97.027557,1,
poly_ludcmp,native,13,67.85845,1,
poly_ludcmp,wasm,13,100.257396,1,
poly_ludcmp,native,14,69.576393,1,
poly_ludcmp,wasm,14,96.984341,1,
poly_ludcmp,native,15,73.609195,1,
poly_ludcmp,wasm,15,112.396083,1,
poly_ludcmp,native,16,88.789769,1,
poly_ludcmp,wasm,16,109.229376,1,
poly_ludcmp,native,17,73.052884,1,
poly_ludcmp,wasm,17,107.070553,1,
poly_ludcmp,native,18,108.124283,1,
poly_ludcmp,wasm,18,114.538286,1,
poly_ludcmp,native,19,70.004989,1,
poly_ludcmp,wasm,19,104.587747,1,
poly_ludcmp,native,20,70.206214,1,
poly_ludcmp,wasm,20,99.392809,1,
poly_ludcmp,native,21,74.614035,1,
poly_ludcmp,wasm,21,111.939839,1,
poly_ludcmp,native,22,86.163935,1,
poly_ludcmp,wasm,22,111.315158,1,
poly_ludcmp,native,23,76.51875,1,
poly_ludcmp,wasm,23,115.738871,1,
poly_ludcmp,native,24,73.756524,1,
poly_ludcmp,wasm,24,134.681504,1,
poly_ludcmp,native,25,75.058534,1,
poly_ludcmp,wasm,25,115.416432,1,
poly_ludcmp,native,26,80.037958,1,
poly_ludcmp,wasm,26,117.083192,1,
poly_ludcmp,native,27,84.880357,1,
poly_ludcmp,wasm,27,129.750726,1,
poly_ludcmp,native,28,204.758769,1,
poly_ludcmp,wasm,28,201.328691,1,
poly_ludcmp,native,29,98.159238,1,
poly_ludcmp,wasm,29,127.613267,1,
poly_ludcmp,native,30,84.309172,1,
poly_ludcmp,wasm,30,117.995052,1,
poly_mvt,native,1,9.956117,1,
poly_mvt,wasm,1,15.747358,1,
poly_mvt,native,2,8.134896,1,
poly_mvt,wasm,2,18.639417,1,
poly_mvt,native,3,8.73922,1,
poly_mvt,wasm,3,15.61809,1,
poly_mvt,native,4,5.827554,1,
poly_mvt,wasm,4,14.079596,1,
poly_mvt,native,5,6.26802,1,
poly_mvt,wasm,5,13.390469,1,
poly_mvt,native,6,6.426947,1,
poly_mvt,wasm,6,12.9363,1,
poly_mvt,native,7,6.488691,1,
poly_mvt,wasm,7,12.716275,1,
poly_mvt,native,8,6.167044,1,
poly_mvt,wasm,8,11.989644,1,
poly_mvt,native,9,5.922349,1,
poly_mvt,wasm,9,13.091807,1,
poly_mvt,native,10,6.235815,1,
poly_mvt,wasm,10,12.303166,1,
poly_mvt,native,11,5.584392,1,
poly_mvt,wasm,11,13.584245,1,
poly_mvt,native,12,5.897793,1,
poly_mvt,wasm,12,80.163256,1,
poly_mvt,native,13,9.951401,1,
poly_mvt,wasm,13,18.365045,1,
poly_mvt,native,14,11.074409,1,
poly_mvt,wasm,14,16.127388,1,
poly_mvt,native,15,7.394731,1,
poly_mvt,wasm,15,16.472567,1,
poly_mvt,native,16,6.21603,1,
poly_mvt,wasm,16,15.978372,1,
poly_mvt,native,17,7.915476,1,
poly_mvt,wasm,17,15.51636,1,
poly_mvt,native,18,7.573815,1,
poly_mvt,wasm,18,21.086077,1,
poly_mvt,native,19,8.512266,1,
poly_mvt,wasm,19,15.077438,1,
poly_mvt,native,20,6.312248,1,
poly_mvt,wasm,20,13.385016,1,
poly_mvt,native,21,5.635639,1,
poly_mvt,wasm,21,14.180778,1,
poly_mvt,native,22,7.158459,1,
poly_mvt,wasm,22,14.201444,1,
poly_mvt,native,23,6.18326,1,
poly_mvt,wasm,23,14.017945,1,
poly_mvt,native,24,5.9191,1,
poly_mvt,wasm,24,12.569618,1,
poly_mvt,native,25,5.843266,1,
poly_mvt,wasm,25,14.896869,1,
poly_mvt,native,26,5.633301,1,
poly_mvt,wasm,26,13.525083,1,
poly_mvt,native,27,8.794072,1,
poly_mvt,wasm,27,15.194583,1,
poly_mvt,native,28,7.288967,1,
poly_mvt,wasm,28,16.515852,1,
poly_mvt,native,29,6.645288,1,
poly_mvt,wasm,29,14.512567,1,
poly_mvt,native,30,7.425572,1,
poly_mvt,wasm,30,13.961636,1,
poly_nussinov,native,1,23.561212,1,
poly_nussinov,wasm,1,31.337862,1,
poly_nussinov,native,2,24.206625,1,
poly_nussinov,wasm,2,32.789639,1,
poly_nussinov,native,3,24.259845,1,
poly_nussinov,wasm,3,33.724846,1,
poly_nussinov,native,4,24.563511,1,
poly_nussinov,wasm,4,32.326918,1,
poly_nussinov,native,5,19.449752,1,
poly_nussinov,wasm,5,33.279603,1,
poly_nussinov,native,6,23.836688,1,
poly_nussinov,wasm,6,30.694059,1,
poly_nussinov,native,7,24.533118,1,
poly_nussinov,wasm,7,32.437538,1,
poly_nussinov,native,8,21.828803,1,
poly_nussinov,wasm,8,32.599924,1,
poly_nussinov,native,9,21.448944,1,
poly_nussinov,wasm,9,36.850181,1,
poly_nussinov,native,10,20.119908,1,
poly_nussinov,wasm,10,34.72125,1,
poly_nussinov,native,11,20.489077,1,
poly_nussinov,wasm,11,34.103878,1,
poly_nussinov,native,12,20.710149,1,
poly_nussinov,wasm,12,40.340269,1,
poly_nussinov,native,13,21.585178,1,
poly_nussinov,wasm,13,41.028533,1,
poly_nussinov,native,14,23.029108,1,
poly_nussinov,wasm,14,38.080883,1,
poly_nussinov,native,15,23.112935,1,
poly_nussinov,wasm,15,32.251896,1,
poly_nussinov,native,16,24.787194,1,
poly_nussinov,wasm,16,34.204806,1,
poly_nussinov,native,17,25.969773,1,
poly_nussinov,wasm,17,40.194545,1,
poly_nussinov,native,18,23.570335,1,
poly_nussinov,wasm,18,34.946348,1,
poly_nussinov,native,19,22.837114,1,
poly_nussinov,wasm,19,50.356402,1,
poly_nussinov,native,20,30.08436,1,
poly_nussinov,wasm,20,50.617665,1,
poly_nussinov,native,21,32.143231,1,
poly_nussinov,wasm,21,63.780352,1,
poly_nussinov,native,22,27.037278,1,
poly_nussinov,wasm,22,39.251329,1,
poly_nussinov,native,23,24.905068,1,
poly_nussinov,wasm,23,49.386168,1,
poly_nussinov,native,24,46.820384,1,
poly_nussinov,wasm,24,72.657609,1,
poly_nussinov,native,25,30.742092,1,
poly_nussinov,wasm,25,36.993367,1,
poly_nussinov,native,26,27.446244,1,
poly_nussinov,wasm,26,36.005633,1,
poly_nussinov,native,27,24.088856,1,
poly_nussinov,wasm,27,33.967852,1,
poly_nussinov,native,28,23.701152,1,
poly_nussinov,wasm,28,36.734428,1,
poly_nussinov,native,29,25.038664,1,
poly_nussinov,wasm,29,38.321755,1,
poly_nussinov,native,30,30.203454,1,
poly_nussinov,wasm,30,46.746371,1,
poly_seidel_2d,native,1,168.669753,1,
poly_seidel_2d,wasm,1,188.465848,1,
poly_seidel_2d,native,2,195.249556,1,
poly_seidel_2d,wasm,2,228.856211,1,
poly_seidel_2d,native,3,183.59742,1,
poly_seidel_2d,wasm,3,181.935429,1,
poly_seidel_2d,native,4,172.804648,1,
poly_seidel_2d,wasm,4,178.462818,1,
poly_seidel_2d,native,5,187.16027,1,
poly_seidel_2d,wasm,5,182.299212,1,
poly_seidel_2d,native,6,171.063196,1,
poly_seidel_2d,wasm,6,174.903223,1,
poly_seidel_2d,native,7,165.648817,1,
poly_seidel_2d,wasm,7,171.230649,1,
poly_seidel_2d,native,8,206.920044,1,
poly_seidel_2d,wasm,8,187.113029,1,
poly_seidel_2d,native,9,173.514862,1,
poly_seidel_2d,wasm,9,173.330494,1,
poly_seidel_2d,native,10,167.150638,1,
poly_seidel_2d,wasm,10,173.28222,1,
poly_seidel_2d,native,11,178.111676,1,
poly_seidel_2d,wasm,11,254.342986,1,
poly_seidel_2d,native,12,207.374203,1,
poly_seidel_2d,wasm,12,197.217863,1,
poly_seidel_2d,native,13,175.905835,1,
poly_seidel_2d,wasm,13,179.398344,1,
poly_seidel_2d,native,14,171.757966,1,
poly_seidel_2d,wasm,14,172.860144,1,
poly_seidel_2d,native,15,177.414321,1,
poly_seidel_2d,wasm,15,190.215191,1,
poly_seidel_2d,native,16,172.274044,1,
poly_seidel_2d,wasm,16,210.103509,1,
poly_seidel_2d,native,17,172.695536,1,
poly_seidel_2d,wasm,17,175.950698,1,
poly_seidel_2d,native,18,169.222491,1,
poly_seidel_2d,wasm,18,189.807901,1,
poly_seidel_2d,native,19,171.54454,1,
poly_seidel_2d,wasm,19,174.583985,1,
poly_seidel_2d,native,20,169.330401,1,
poly_seidel_2d,wasm,20,170.453714,1,
poly_seidel_2d,native,21,163.76743,1,
poly_seidel_2d,wasm,21,177.433656,1,
poly_seidel_2d,native,22,169.949489,1,
poly_seidel_2d,wasm,22,177.062326,1,
poly_seidel_2d,native,23,160.223131,1,
poly_seidel_2d,wasm,23,171.86943,1,
poly_seidel_2d,native,24,171.378493,1,
poly_seidel_2d,wasm,24,180.409371,1,
poly_seidel_2d,native,25,221.418774,1,
poly_seidel_2d,wasm,25,197.176158,1,
poly_seidel_2d,native,26,172.830131,1,
poly_seidel_2d,wasm,26,175.860318,1,
poly_seidel_2d,native,27,169.479355,1,
poly_seidel_2d,wasm,27,175.001303,1,
poly_seidel_2d,native,28,163.742831,1,
poly_seidel_2d,wasm,28,185.321902,1,
poly_seidel_2d,native,29,172.689824,1,
poly_seidel_2d,wasm,29,177.843179,1,
poly_seidel_2d,native,30,171.287871,1,
poly_seidel_2d,wasm,30,174.567562,1,
poly_symm,native,1,15.026462,1,
poly_symm,wasm,1,20.640132,1,
poly_symm,native,2,13.078707,1,
poly_symm,wasm,2,20.089369,1,
poly_symm,native,3,12.124435,1,
poly_symm,wasm,3,22.315355,1,
poly_symm,native,4,14.400871,1,
poly_symm,wasm,4,23.186694,1,
poly_symm,native,5,15.085772,1,
poly_symm,wasm,5,23.247959,1,
poly_symm,native,6,16.811721,1,
poly_symm,wasm,6,24.27837,1,
poly_symm,native,7,17.104105,1,
poly_symm,wasm,7,27.206273,1,
poly_symm,native,8,14.952996,1,
poly_symm,wasm,8,25.603061,1,
poly_symm,native,9,13.814484,1,
poly_symm,wasm,9,25.744821,1,
poly_symm,native,10,14.430127,1,
poly_symm,wasm,10,24.166776,1,
poly_symm,native,11,14.396298,1,
poly_symm,wasm,11,21.068659,1,
poly_symm,native,12,13.362865,1,
poly_symm,wasm,12,19.938034,1,
poly_symm,native,13,12.929879,1,
poly_symm,wasm,13,20.571631,1,
poly_symm,native,14,13.733947,1,
poly_symm,wasm,14,23.250322,1,
poly_symm,native,15,12.800837,1,
poly_symm,wasm,15,23.228167,1,
poly_symm,native,16,16.559335,1,
poly_symm,wasm,16,26.027706,1,
poly_symm,native,17,14.545633,1,
poly_symm,wasm,17,21.825697,1,
poly_symm,native,18,12.881914,1,
poly_symm,wasm,18,20.971029,1,
poly_symm,native,19,12.681507,1,
poly_symm,wasm,19,23.719184,1,
poly_symm,native,20,14.363474,1,
poly_symm,wasm,20,19.25106,1,
poly_symm,native,21,11.928111,1,
poly_symm,wasm,21,21.11143,1,
poly_symm,native,22,13.799069,1,
poly_symm,wasm,22,22.649058,1,
poly_symm,native,23,17.067624,1,
poly_symm,wasm,23,25.079364,1,
poly_symm,native,24,13.738663,1,
poly_symm,wasm,24,21.00347,1,
poly_symm,native,25,15.754082,1,
poly_symm,wasm,25,20.680848,1,
poly_symm,native,26,14.762947,1,
poly_symm,wasm,26,23.478925,1,
poly_symm,native,27,74.217785,1,
poly_symm,wasm,27,31.685428,1,
poly_symm,native,28,19.029726,1,
poly_symm,wasm,28,27.123253,1,
poly_symm,native,29,14.51966,1,
poly_symm,wasm,29,31.327048,1,
poly_symm,native,30,15.573529,1,
poly_symm,wasm,30,28.398779,1,
poly_syr2k,native,1,30.900409,1,
poly_syr2k,wasm,1,70.458908,1,
poly_syr2k,native,2,81.973389,1,
poly_syr2k,wasm,2,48.40005,1,
poly_syr2k,native,3,30.093531,1,
poly_syr2k,wasm,3,37.168852,1,
poly_syr2k,native,4,14.824418,1,
poly_syr2k,wasm,4,33.451825,1,
poly_syr2k,native,5,12.374376,1,
poly_syr2k,wasm,5,24.93074,1,
poly_syr2k,native,6,10.978119,1,
poly_syr2k,wasm,6,24.566658,1,
poly_syr2k,native,7,11.894026,1,
poly_syr2k,wasm,7,24.893549,1,
poly_syr2k,native,8,12.297025,1,
poly_syr2k,wasm,8,29.941591,1,
poly_syr2k,native,9,14.470023,1,
poly_syr2k,wasm,9,32.512491,1,
poly_syr2k,native,10,12.49654,1,
poly_syr2k,wasm,10,26.362572,1,
poly_syr2k,native,11,90.450219,1,
poly_syr2k,wasm,11,69.810843,1,
poly_syr2k,native,12,17.682859,1,
poly_syr2k,wasm,12,34.190262,1,
poly_syr2k,native,13,11.572046,1,
poly_syr2k,wasm,13,25.306511,1,
poly_syr2k,native,14,11.355202,1,
poly_syr2k,wasm,14,27.905271,1,
poly_syr2k,native,15,13.047443,1,
poly_syr2k,wasm,15,28.427452,1,
poly_syr2k,native,16,16.002366,1,
poly_syr2k,wasm,16,27.453931,1,
poly_syr2k,native,17,15.643813,1,
poly_syr2k,wasm,17,26.466338,1,
poly_syr2k,native,18,11.027686,1,
poly_syr2k,wasm,18,24.667272,1,
poly_syr2k,native,19,14.506316,1,
poly_syr2k,wasm,19,25.621755,1,
poly_syr2k,native,20,12.315419,1,
poly_syr2k,wasm,20,24.025738,1,
poly_syr2k,native,21,14.065456,1,
poly_syr2k,wasm,21,22.284259,1,
poly_syr2k,native,22,13.326568,1,
poly_syr2k,wasm,22,26.148347,1,
poly_syr2k,native,23,13.881949,1,
poly_syr2k,wasm,23,26.265492,1,
poly_syr2k,native,24,13.456293,1,
poly_syr2k,wasm,24,24.907123,1,
poly_syr2k,native,25,13.332192,1,
poly_syr2k,wasm,25,23.779934,1,
poly_syr2k,native,26,13.653795,1,
poly_syr2k,wasm,26,26.19544,1,
poly_syr2k,native,27,15.592102,1,
poly_syr2k,wasm,27,30.122559,1,
poly_syr2k,native,28,14.59281,1,
poly_syr2k,wasm,28,31.067708,1,
poly_syr2k,native,29,14.026342,1,
poly_syr2k,wasm,29,27.750208,1,
poly_syr2k,native,30,12.645051,1,
poly_syr2k,wasm,30,30.653013,1,
poly_syrk,native,1,7.978391,1,
poly_syrk,wasm,1,19.389255,1,
poly_syrk,native,2,8.213343,1,
poly_syrk,wasm,2,21.082622,1,
poly_syrk,native,3,8.478118,1,
poly_syrk,wasm,3,20.308,1,
poly_syrk,native,4,10.075223,1,
poly_syrk,wasm,4,19.197028,1,
poly_syrk,native,5,10.552574,1,
poly_syrk,wasm,5,18.946593,1,
poly_syrk,native,6,7.544445,1,
poly_syrk,wasm,6,19.510038,1,
poly_syrk,native,7,8.641588,1,
poly_syrk,wasm,7,20.859025,1,
poly_syrk,native,8,12.039655,1,
poly_syrk,wasm,8,17.541801,1,
poly_syrk,native,9,6.720064,1,
poly_syrk,wasm,9,19.90551,1,
poly_syrk,native,10,9.437101,1,
poly_syrk,wasm,10,20.786471,1,
poly_syrk,native,11,9.574015,1,
poly_syrk,wasm,11,18.874115,1,
poly_syrk,native,12,7.669363,1,
poly_syrk,wasm,12,18.225706,1,
poly_syrk,native,13,7.907381,1,
poly_syrk,wasm,13,18.726146,1,
poly_syrk,native,14,12.200507,1,
poly_syrk,wasm,14,20.324764,1,
poly_syrk,native,15,11.774555,1,
poly_syrk,wasm,15,19.930195,1,
poly_syrk,native,16,8.589363,1,
poly_syrk,wasm,16,16.599559,1,
poly_syrk,native,17,7.858557,1,
poly_syrk,wasm,17,16.723711,1,
poly_syrk,native,18,7.852155,1,
poly_syrk,wasm,18,17.167246,1,
poly_syrk,native,19,7.120266,1,
poly_syrk,wasm,19,18.300581,1,
poly_syrk,native,20,8.019159,1,
poly_syrk,wasm,20,31.992224,1,
poly_syrk,native,21,12.439749,1,
poly_syrk,wasm,21,23.976013,1,
poly_syrk,native,22,9.162093,1,
poly_syrk,wasm,22,20.682229,1,
poly_syrk,native,23,8.043705,1,
poly_syrk,wasm,23,17.688307,1,
poly_syrk,native,24,7.297118,1,
poly_syrk,wasm,24,22.411464,1,
poly_syrk,native,25,8.150513,1,
poly_syrk,wasm,25,23.861469,1,
poly_syrk,native,26,9.621706,1,
poly_syrk,wasm,26,21.058071,1,
poly_syrk,native,27,6.83012,1,
poly_syrk,wasm,27,19.583561,1,
poly_syrk,native,28,9.060261,1,
poly_syrk,wasm,28,19.953794,1,
poly_syrk,native,29,11.506902,1,
poly_syrk,wasm,29,18.462433,1,
poly_syrk,native,30,7.311376,1,
poly_syrk,wasm,30,17.653153,1,
poly_trisolv,native,1,6.869461,1,
poly_trisolv,wasm,1,16.416002,1,
poly_trisolv,native,2,8.906314,1,
poly_trisolv,wasm,2,18.862291,1,
poly_trisolv,native,3,6.889449,1,
poly_trisolv,wasm,3,15.972203,1,
poly_trisolv,native,4,7.871381,1,
poly_trisolv,wasm,4,14.95334,1,
poly_trisolv,native,5,9.533758,1,
poly_trisolv,wasm,5,84.823688,1,
poly_trisolv,native,6,8.785735,1,
poly_trisolv,wasm,6,14.783422,1,
poly_trisolv,native,7,5.589361,1,
poly_trisolv,wasm,7,15.284075,1,
poly_trisolv,native,8,5.797626,1,
poly_trisolv,wasm,8,12.868902,1,
poly_trisolv,native,9,5.073452,1,
poly_trisolv,wasm,9,12.577276,1,
poly_trisolv,native,10,4.928254,1,
poly_trisolv,wasm,10,12.993671,1,
poly_trisolv,native,11,6.446466,1,
poly_trisolv,wasm,11,11.155658,1,
poly_trisolv,native,12,7.085542,1,
poly_trisolv,wasm,12,12.200188,1,
poly_trisolv,native,13,6.377378,1,
poly_trisolv,wasm,13,12.541359,1,
poly_trisolv,native,14,5.699218,1,
poly_trisolv,wasm,14,13.943275,1,
poly_trisolv,native,15,5.484256,1,
poly_trisolv,wasm,15,14.628871,1,
poly_trisolv,native,16,4.999103,1,
poly_trisolv,wasm,16,13.057809,1,
poly_trisolv,native,17,5.078512,1,
poly_trisolv,wasm,17,13.092337,1,
poly_trisolv,native,18,5.983635,1,
poly_trisolv,wasm,18,11.833162,1,
poly_trisolv,native,19,6.033718,1,
poly_trisolv,wasm,19,11.458223,1,
poly_trisolv,native,20,6.182308,1,
poly_trisolv,wasm,20,11.380464,1,
poly_trisolv,native,21,6.702057,1,
poly_trisolv,wasm,21,10.30312,1,
poly_trisolv,native,22,7.088543,1,
poly_trisolv,wasm,22,15.953683,1,
poly_trisolv,native,23,7.101302,1,
poly_trisolv,wasm,23,16.588712,1,
poly_trisolv,native,24,9.763868,1,
poly_trisolv,wasm,24,17.538681,1,
poly_trisolv,native,25,9.676706,1,
poly_trisolv,wasm,25,20.02985,1,
poly_trisolv,native,26,6.378337,1,
poly_trisolv,wasm,26,16.29064,1,
poly_trisolv,native,27,6.100064,1,
poly_trisolv,wasm,27,16.742561,1,
poly_trisolv,native,28,7.776778,1,
poly_trisolv,wasm,28,13.877478,1,
poly_trisolv,native,29,5.871866,1,
poly_trisolv,wasm,29,14.665286,1,
poly_trisolv,native,30,5.873681,1,
poly_trisolv,wasm,30,14.189764,1,
poly_trmm,native,1,9.663625,1,
poly_trmm,wasm,1,20.254814,1,
poly_trmm,native,2,11.587526,1,
poly_trmm,wasm,2,20.839997,1,
poly_trmm,native,3,12.132408,1,
poly_trmm,wasm,3,20.530135,1,
poly_trmm,native,4,13.155819,1,
poly_trmm,wasm,4,20.572882,1,
poly_trmm,native,5,12.497197,1,
poly_trmm,wasm,5,28.934699,1,
poly_trmm,native,6,11.097511,1,
poly_trmm,wasm,6,19.237703,1,
poly_trmm,native,7,12.739887,1,
poly_trmm,wasm,7,20.548587,1,
poly_trmm,native,8,12.889342,1,
poly_trmm,wasm,8,19.462434,1,
poly_trmm,native,9,12.528144,1,
poly_trmm,wasm,9,20.048607,1,
poly_trmm,native,10,12.070057,1,
poly_trmm,wasm,10,19.812145,1,
poly_trmm,native,11,10.854053,1,
poly_trmm,wasm,11,17.078706,1,
poly_trmm,native,12,14.026675,1,
poly_trmm,wasm,12,21.44906,1,
poly_trmm,native,13,14.976356,1,
poly_trmm,wasm,13,23.13209,1,
poly_trmm,native,14,15.874659,1,
poly_trmm,wasm,14,22.792081,1,
poly_trmm,native,15,16.343185,1,
poly_trmm,wasm,15,22.428677,1,
poly_trmm,native,16,13.453193,1,
poly_trmm,wasm,16,25.283215,1,
poly_trmm,native,17,13.750577,1,
poly_trmm,wasm,17,22.760437,1,
poly_trmm,native,18,12.349423,1,
poly_trmm,wasm,18,22.203957,1,
poly_trmm,native,19,14.06794,1,
poly_trmm,wasm,19,17.499762,1,
poly_trmm,native,20,10.701629,1,
poly_trmm,wasm,20,18.31009,1,
poly_trmm,native,21,9.599735,1,
poly_trmm,wasm,21,18.961683,1,
poly_trmm,native,22,10.912326,1,
poly_trmm,wasm,22,18.877018,1,
poly_trmm,native,23,10.209825,1,
poly_trmm,wasm,23,16.084127,1,
poly_trmm,native,24,9.304614,1,
poly_trmm,wasm,24,20.489647,1,
poly_trmm,native,25,10.065748,1,
poly_trmm,wasm,25,19.199344,1,
poly_trmm,native,26,13.214163,1,
poly_trmm,wasm,26,21.898912,1,
poly_trmm,native,27,12.30886,1,
poly_trmm,wasm,27,22.569008,1,
poly_trmm,native,28,10.761754,1,
poly_trmm,wasm,28,21.717488,1,
poly_trmm,native,29,14.729314,1,
poly_trmm,wasm,29,21.557995,1,
poly_trmm,native,30,9.505579,1,
poly_trmm,wasm,30,21.907287,1,
