program,runtime,run_index,elapsed_ms,ok,error
alloc_bulk_buffer,native,1,37.527727,1,
alloc_bulk_buffer,wasm,1,46.709094,1,
alloc_bulk_buffer,native,2,42.491987,1,
alloc_bulk_buffer,wasm,2,40.639553,1,
alloc_bulk_buffer,native,3,27.719986,1,
alloc_bulk_buffer,wasm,3,39.012485,1,
alloc_bulk_buffer,native,4,36.737559,1,
alloc_bulk_buffer,wasm,4,41.187169,1,
alloc_bulk_buffer,native,5,29.232967,1,
alloc_bulk_buffer,wasm,5,41.868715,1,
alloc_bulk_buffer,native,6,22.806879,1,
alloc_bulk_buffer,wasm,6,36.508872,1,
alloc_bulk_buffer,native,7,28.790797,1,
alloc_bulk_buffer,wasm,7,35.626947,1,
alloc_bulk_buffer,native,8,26.777543,1,
alloc_bulk_buffer,wasm,8,31.186018,1,
alloc_bulk_buffer,native,9,28.256355,1,
alloc_bulk_buffer,wasm,9,34.740745,1,
alloc_bulk_buffer,native,10,29.753202,1,
alloc_bulk_buffer,wasm,10,32.610899,1,
alloc_bulk_buffer,native,11,26.051372,1,
alloc_bulk_buffer,wasm,11,34.446617,1,
alloc_bulk_buffer,native,12,25.004213,1,
alloc_bulk_buffer,wasm,12,34.5566,1,
alloc_bulk_buffer,native,13,25.337328,1,
alloc_bulk_buffer,wasm,13,31.976212,1,
alloc_bulk_buffer,native,14,26.053578,1,
alloc_bulk_buffer,wasm,14,37.452455,1,
alloc_bulk_buffer,native,15,26.35505,1,
alloc_bulk_buffer,wasm,15,32.805601,1,
alloc_bulk_buffer,native,16,28.532009,1,
alloc_bulk_buffer,wasm,16,33.879895,1,
alloc_bulk_buffer,native,17,30.861843,1,
alloc_bulk_buffer,wasm,17,42.810038,1,
alloc_bulk_buffer,native,18,31.73485,1,
alloc_bulk_buffer,wasm,18,41.039265,1,
alloc_bulk_buffer,native,19,29.902451,1,
alloc_bulk_buffer,wasm,19,43.379971,1,
alloc_bulk_buffer,native,20,28.331003,1,
alloc_bulk_buffer,wasm,20,42.964755,1,
alloc_bulk_buffer,native,21,38.158425,1,
alloc_bulk_buffer,wasm,21,53.451954,1,
alloc_bulk_buffer,native,22,30.462916,1,
alloc_bulk_buffer,wasm,22,74.681432,1,
alloc_bulk_buffer,native,23,60.9518,1,
alloc_bulk_buffer,wasm,23,49.972525,1,
alloc_bulk_buffer,native,24,44.141185,1,
alloc_bulk_buffer,wasm,24,53.070803,1,
alloc_bulk_buffer,native,25,35.900408,1,
alloc_bulk_buffer,wasm,25,40.531272,1,
alloc_bulk_buffer,native,26,26.203096,1,
alloc_bulk_buffer,wasm,26,36.876679,1,
alloc_bulk_buffer,native,27,26.673293,1,
alloc_bulk_buffer,wasm,27,36.850589,1,
alloc_bulk_buffer,native,28,29.877919,1,
alloc_bulk_buffer,wasm,28,35.058853,1,
alloc_bulk_buffer,native,29,32.422138,1,
alloc_bulk_buffer,wasm,29,46.335727,1,
alloc_bulk_buffer,native,30,28.295268,1,
alloc_bulk_buffer,wasm,30,33.282985,1,
alloc_fragmented_pattern,native,1,12.673852,1,
alloc_fragmented_pattern,wasm,1,25.525631,1,
alloc_fragmented_pattern,native,2,12.132155,1,
alloc_fragmented_pattern,wasm,2,28.529591,1,
alloc_fragmented_pattern,native,3,14.17782,1,
alloc_fragmented_pattern,wasm,3,25.740646,1,
alloc_fragmented_pattern,native,4,13.879423,1,
alloc_fragmented_pattern,wasm,4,22.343126,1,
alloc_fragmented_pattern,native,5,13.671231,1,
alloc_fragmented_pattern,wasm,5,28.596414,1,
alloc_fragmented_pattern,native,6,13.39649,1,
alloc_fragmented_pattern,wasm,6,34.175476,1,
alloc_fragmented_pattern,native,7,16.530531,1,
alloc_fragmented_pattern,wasm,7,33.253037,1,
alloc_fragmented_pattern,native,8,14.246957,1,
alloc_fragmented_pattern,wasm,8,30.614058,1,
alloc_fragmented_pattern,native,9,15.435315,1,
alloc_fragmented_pattern,wasm,9,31.577674,1,
alloc_fragmented_pattern,native,10,13.618835,1,
alloc_fragmented_pattern,wasm,10,28.422503,1,
alloc_fragmented_pattern,native,11,12.190483,1,
alloc_fragmented_pattern,wasm,11,28.543194,1,
alloc_fragmented_pattern,native,12,10.979022,1,
alloc_fragmented_pattern,wasm,12,40.239754,1,
alloc_fragmented_pattern,native,13,17.258246,1,
alloc_fragmented_pattern,wasm,13,32.499464,1,
alloc_fragmented_pattern,native,14,15.151399,1,
alloc_fragmented_pattern,wasm,14,29.95619,1,
alloc_fragmented_pattern,native,15,14.115732,1,
alloc_fragmented_pattern,wasm,15,32.485185,1,
alloc_fragmented_pattern,native,16,13.558008,1,
alloc_fragmented_pattern,wasm,16,27.542952,1,
alloc_fragmented_pattern,native,17,13.269567,1,
alloc_fragmented_pattern,wasm,17,27.855505,1,
alloc_fragmented_pattern,native,18,13.23038,1,
alloc_fragmented_pattern,wasm,18,30.430417,1,
alloc_fragmented_pattern,native,19,16.061751,1,
alloc_fragmented_pattern,wasm,19,28.638805,1,
alloc_fragmented_pattern,native,20,14.289006,1,
alloc_fragmented_pattern,wasm,20,30.937316,1,
alloc_fragmented_pattern,native,21,13.310585,1,
alloc_fragmented_pattern,wasm,21,37.924134,1,
alloc_fragmented_pattern,native,22,14.83072,1,
alloc_fragmented_pattern,wasm,22,27.349643,1,
alloc_fragmented_pattern,native,23,13.71898,1,
alloc_fragmented_pattern,wasm,23,26.202999,1,
alloc_fragmented_pattern,native,24,12.704829,1,
alloc_fragmented_pattern,wasm,24,27.347229,1,
alloc_fragmented_pattern,native,25,12.744613,1,
alloc_fragmented_pattern,wasm,25,28.64799,1,
alloc_fragmented_pattern,native,26,12.418491,1,
alloc_fragmented_pattern,wasm,26,27.498336,1,
alloc_fragmented_pattern,native,27,17.350426,1,
alloc_fragmented_pattern,wasm,27,29.805771,1,
alloc_fragmented_pattern,native,28,11.645776,1,
alloc_fragmented_pattern,wasm,28,27.414718,1,
alloc_fragmented_pattern,native,29,12.434043,1,
alloc_fragmented_pattern,wasm,29,30.281092,1,
alloc_fragmented_pattern,native,30,10.270973,1,
alloc_fragmented_pattern,wasm,30,24.994602,1,
alloc_medium_objects,native,1,37.037921,1,
alloc_medium_objects,wasm,1,86.383081,1,
alloc_medium_objects,native,2,37.028286,1,
alloc_medium_objects,wasm,2,68.28094,1,
alloc_medium_objects,native,3,38.437828,1,
alloc_medium_objects,wasm,3,82.66836,1,
alloc_medium_objects,native,4,32.32705,1,
alloc_medium_objects,wasm,4,79.946663,1,
alloc_medium_objects,native,5,36.133376,1,
alloc_medium_objects,wasm,5,68.348311,1,
alloc_medium_objects,native,6,30.145176,1,
alloc_medium_objects,wasm,6,80.673002,1,
alloc_medium_objects,native,7,37.808093,1,
alloc_medium_objects,wasm,7,75.763913,1,
alloc_medium_objects,native,8,34.713497,1,
alloc_medium_objects,wasm,8,135.442077,1,
alloc_medium_objects,native,9,32.550578,1,
alloc_medium_objects,wasm,9,79.410737,1,
alloc_medium_objects,native,10,35.590546,1,
alloc_medium_objects,wasm,10,85.036424,1,
alloc_medium_objects,native,11,33.277196,1,
alloc_medium_objects,wasm,11,74.160523,1,
alloc_medium_objects,native,12,38.521326,1,
alloc_medium_objects,wasm,12,73.60394,1,
alloc_medium_objects,native,13,37.81698,1,
alloc_medium_objects,wasm,13,78.014368,1,
alloc_medium_objects,native,14,38.854075,1,
alloc_medium_objects,wasm,14,82.311963,1,
alloc_medium_objects,native,15,37.88566,1,
alloc_medium_objects,wasm,15,85.610246,1,
alloc_medium_objects,native,16,39.857508,1,
alloc_medium_objects,wasm,16,91.912655,1,
alloc_medium_objects,native,17,37.672499,1,
alloc_medium_objects,wasm,17,93.986599,1,
alloc_medium_objects,native,18,40.704733,1,
alloc_medium_objects,wasm,18,81.273547,1,
alloc_medium_objects,native,19,35.139896,1,
alloc_medium_objects,wasm,19,73.929509,1,
alloc_medium_objects,native,20,36.672764,1,
alloc_medium_objects,wasm,20,75.460742,1,
alloc_medium_objects,native,21,38.105611,1,
alloc_medium_objects,wasm,21,80.42193,1,
alloc_medium_objects,native,22,33.558086,1,
alloc_medium_objects,wasm,22,72.055884,1,
alloc_medium_objects,native,23,34.700675,1,
alloc_medium_objects,wasm,23,82.839226,1,
alloc_medium_objects,native,24,36.647319,1,
alloc_medium_objects,wasm,24,81.763445,1,
alloc_medium_objects,native,25,36.837752,1,
alloc_medium_objects,wasm,25,75.501715,1,
alloc_medium_objects,native,26,38.932344,1,
alloc_medium_objects,wasm,26,72.10495,1,
alloc_medium_objects,native,27,39.92091,1,
alloc_medium_objects,wasm,27,82.369434,1,
alloc_medium_objects,native,28,39.84813,1,
alloc_medium_objects,wasm,28,94.433386,1,
alloc_medium_objects,native,29,46.066963,1,
alloc_medium_objects,wasm,29,143.845047,1,
alloc_medium_objects,native,30,107.347461,1,
alloc_medium_objects,wasm,30,107.86516,1,
alloc_pool_style,native,1,14.191013,1,
alloc_pool_style,wasm,1,27.188195,1,
alloc_pool_style,native,2,13.502612,1,
alloc_pool_style,wasm,2,23.858372,1,
alloc_pool_style,native,3,15.896264,1,
alloc_pool_style,wasm,3,26.15878,1,
alloc_pool_style,native,4,13.177834,1,
alloc_pool_style,wasm,4,45.847083,1,
alloc_pool_style,native,5,55.803343,1,
alloc_pool_style,wasm,5,24.53422,1,
alloc_pool_style,native,6,14.266354,1,
alloc_pool_style,wasm,6,27.598412,1,
alloc_pool_style,native,7,16.676849,1,
alloc_pool_style,wasm,7,31.108252,1,
alloc_pool_style,native,8,15.639912,1,
alloc_pool_style,wasm,8,28.428216,1,
alloc_pool_style,native,9,13.313442,1,
alloc_pool_style,wasm,9,24.827258,1,
alloc_pool_style,native,10,14.681909,1,
alloc_pool_style,wasm,10,25.290576,1,
alloc_pool_style,native,11,12.918523,1,
alloc_pool_style,wasm,11,26.790972,1,
alloc_pool_style,native,12,13.242456,1,
alloc_pool_style,wasm,12,26.594781,1,
alloc_pool_style,native,13,14.463266,1,
alloc_pool_style,wasm,13,31.18728,1,
alloc_pool_style,native,14,17.366909,1,
alloc_pool_style,wasm,14,32.141703,1,
alloc_pool_style,native,15,16.52706,1,
alloc_pool_style,wasm,15,34.495742,1,
alloc_pool_style,native,16,15.991012,1,
alloc_pool_style,wasm,16,28.020565,1,
alloc_pool_style,native,17,12.970567,1,
alloc_pool_style,wasm,17,24.450071,1,
alloc_pool_style,native,18,13.836844,1,
alloc_pool_style,wasm,18,25.102602,1,
alloc_pool_style,native,19,12.992361,1,
alloc_pool_style,wasm,19,25.264106,1,
alloc_pool_style,native,20,14.76381,1,
alloc_pool_style,wasm,20,24.332661,1,
alloc_pool_style,native,21,13.40812,1,
alloc_pool_style,wasm,21,23.352477,1,
alloc_pool_style,native,22,13.762239,1,
alloc_pool_style,wasm,22,24.682748,1,
alloc_pool_style,native,23,11.783328,1,
alloc_pool_style,wasm,23,24.772084,1,
alloc_pool_style,native,24,12.837038,1,
alloc_pool_style,wasm,24,23.330223,1,
alloc_pool_style,native,25,12.908409,1,
alloc_pool_style,wasm,25,23.444824,1,
alloc_pool_style,native,26,12.575914,1,
alloc_pool_style,wasm,26,22.121299,1,
alloc_pool_style,native,27,13.820535,1,
alloc_pool_style,wasm,27,27.495076,1,
alloc_pool_style,native,28,12.239801,1,
alloc_pool_style,wasm,28,22.529893,1,
alloc_pool_style,native,29,12.814996,1,
alloc_pool_style,wasm,29,23.371977,1,
alloc_pool_style,native,30,13.49773,1,
alloc_pool_style,wasm,30,25.507206,1,
alloc_realloc_loop,native,1,7.995729,1,
alloc_realloc_loop,wasm,1,18.342526,1,
alloc_realloc_loop,native,2,9.048653,1,
alloc_realloc_loop,wasm,2,16.384284,1,
alloc_realloc_loop,native,3,7.661404,1,
alloc_realloc_loop,wasm,3,15.928385,1,
alloc_realloc_loop,native,4,9.732495,1,
alloc_realloc_loop,wasm,4,16.044449,1,
alloc_realloc_loop,native,5,8.834152,1,
alloc_realloc_loop,wasm,5,17.014507,1,
alloc_realloc_loop,native,6,9.585938,1,
alloc_realloc_loop,wasm,6,17.602424,1,
alloc_realloc_loop,native,7,8.041076,1,
alloc_realloc_loop,wasm,7,17.362094,1,
alloc_realloc_loop,native,8,9.308537,1,
alloc_realloc_loop,wasm,8,17.559525,1,
alloc_realloc_loop,native,9,9.464933,1,
alloc_realloc_loop,wasm,9,17.193972,1,
alloc_realloc_loop,native,10,8.20606,1,
alloc_realloc_loop,wasm,10,16.861474,1,
alloc_realloc_loop,native,11,8.966675,1,
alloc_realloc_loop,wasm,11,17.46036,1,
alloc_realloc_loop,native,12,10.30252,1,
alloc_realloc_loop,wasm,12,18.276204,1,
alloc_realloc_loop,native,13,9.44061,1,
alloc_realloc_loop,wasm,13,17.101208,1,
alloc_realloc_loop,native,14,8.970443,1,
alloc_realloc_loop,wasm,14,17.006467,1,
alloc_realloc_loop,native,15,8.187672,1,
alloc_realloc_loop,wasm,15,17.714319,1,
alloc_realloc_loop,native,16,8.997914,1,
alloc_realloc_loop,wasm,16,17.04674,1,
alloc_realloc_loop,native,17,8.891619,1,
alloc_realloc_loop,wasm,17,19.257149,1,
alloc_realloc_loop,native,18,12.186449,1,
alloc_realloc_loop,wasm,18,21.344523,1,
alloc_realloc_loop,native,19,11.180578,1,
alloc_realloc_loop,wasm,19,25.183172,1,
alloc_realloc_loop,native,20,11.170192,1,
alloc_realloc_loop,wasm,20,24.386044,1,
alloc_realloc_loop,native,21,12.139801,1,
alloc_realloc_loop,wasm,21,28.810274,1,
alloc_realloc_loop,native,22,13.239664,1,
alloc_realloc_loop,wasm,22,28.323801,1,
alloc_realloc_loop,native,23,13.373084,1,
alloc_realloc_loop,wasm,23,21.689591,1,
alloc_realloc_loop,native,24,14.951093,1,
alloc_realloc_loop,wasm,24,26.714593,1,
alloc_realloc_loop,native,25,13.437683,1,
alloc_realloc_loop,wasm,25,23.111098,1,
alloc_realloc_loop,native,26,10.25902,1,
alloc_realloc_loop,wasm,26,25.703489,1,
alloc_realloc_loop,native,27,9.709413,1,
alloc_realloc_loop,wasm,27,23.145093,1,
alloc_realloc_loop,native,28,9.998424,1,
alloc_realloc_loop,wasm,28,22.087198,1,
alloc_realloc_loop,native,29,10.286621,1,
alloc_realloc_loop,wasm,29,22.411455,1,
alloc_realloc_loop,native,30,11.520332,1,
alloc_realloc_loop,wasm,30,24.356247,1,
alloc_small_objects,native,1,11.821255,1,
alloc_small_objects,wasm,1,27.013523,1,
alloc_small_objects,native,2,8.67761,1,
alloc_small_objects,wasm,2,18.99505,1,
alloc_small_objects,native,3,9.830803,1,
alloc_small_objects,wasm,3,20.09527,1,
alloc_small_objects,native,4,8.640104,1,
alloc_small_objects,wasm,4,19.481276,1,
alloc_small_objects,native,5,7.439275,1,
alloc_small_objects,wasm,5,23.295673,1,
alloc_small_objects,native,6,8.917193,1,
alloc_small_objects,wasm,6,23.789368,1,
alloc_small_objects,native,7,9.303248,1,
alloc_small_objects,wasm,7,23.398238,1,
alloc_small_objects,native,8,9.211152,1,
alloc_small_objects,wasm,8,23.922441,1,
alloc_small_objects,native,9,9.707465,1,
alloc_small_objects,wasm,9,23.353403,1,
alloc_small_objects,native,10,7.919254,1,
alloc_small_objects,wasm,10,21.889622,1,
alloc_small_objects,native,11,9.357065,1,
alloc_small_objects,wasm,11,22.796955,1,
alloc_small_objects,native,12,8.672452,1,
alloc_small_objects,wasm,12,17.638963,1,
alloc_small_objects,native,13,7.893908,1,
alloc_small_objects,wasm,13,21.534092,1,
alloc_small_objects,native,14,7.958653,1,
alloc_small_objects,wasm,14,18.372004,1,
alloc_small_objects,native,15,7.915082,1,
alloc_small_objects,wasm,15,19.072551,1,
alloc_small_objects,native,16,7.89225,1,
alloc_small_objects,wasm,16,23.821955,1,
alloc_small_objects,native,17,7.76681,1,
alloc_small_objects,wasm,17,18.957863,1,
alloc_small_objects,native,18,9.556808,1,
alloc_small_objects,wasm,18,19.117192,1,
alloc_small_objects,native,19,8.202483,1,
alloc_small_objects,wasm,19,20.260985,1,
alloc_small_objects,native,20,8.400568,1,
alloc_small_objects,wasm,20,21.743498,1,
alloc_small_objects,native,21,8.351972,1,
alloc_small_objects,wasm,21,21.714742,1,
alloc_small_objects,native,22,8.786589,1,
alloc_small_objects,wasm,22,20.138269,1,
alloc_small_objects,native,23,8.483978,1,
alloc_small_objects,wasm,23,20.447871,1,
alloc_small_objects,native,24,8.544262,1,
alloc_small_objects,wasm,24,21.939777,1,
alloc_small_objects,native,25,7.758241,1,
alloc_small_objects,wasm,25,19.52622,1,
alloc_small_objects,native,26,8.827978,1,
alloc_small_objects,wasm,26,18.303644,1,
alloc_small_objects,native,27,8.742396,1,
alloc_small_objects,wasm,27,18.880539,1,
alloc_small_objects,native,28,7.474555,1,
alloc_small_objects,wasm,28,18.400537,1,
alloc_small_objects,native,29,7.774416,1,
alloc_small_objects,wasm,29,16.92261,1,
alloc_small_objects,native,30,7.65932,1,
alloc_small_objects,wasm,30,18.147737,1,
branch_nested,native,1,53.157219,1,
branch_nested,wasm,1,99.528678,1,
branch_nested,native,2,46.119574,1,
branch_nested,wasm,2,105.609123,1,
branch_nested,native,3,52.051229,1,
branch_nested,wasm,3,100.474329,1,
branch_nested,native,4,44.682312,1,
branch_nested,wasm,4,99.215965,1,
branch_nested,native,5,46.854999,1,
branch_nested,wasm,5,100.808604,1,
branch_nested,native,6,50.47064,1,
branch_nested,wasm,6,97.874303,1,
branch_nested,native,7,49.406899,1,
branch_nested,wasm,7,91.610145,1,
branch_nested,native,8,47.230255,1,
branch_nested,wasm,8,101.038923,1,
branch_nested,native,9,46.671171,1,
branch_nested,wasm,9,101.449431,1,
branch_nested,native,10,46.989888,1,
branch_nested,wasm,10,95.476846,1,
branch_nested,native,11,46.719286,1,
branch_nested,wasm,11,99.735654,1,
branch_nested,native,12,48.798069,1,
branch_nested,wasm,12,97.659454,1,
branch_nested,native,13,51.954861,1,
branch_nested,wasm,13,112.023928,1,
branch_nested,native,14,49.483323,1,
branch_nested,wasm,14,96.767845,1,
branch_nested,native,15,51.736822,1,
branch_nested,wasm,15,111.285973,1,
branch_nested,native,16,54.484251,1,
branch_nested,wasm,16,108.403902,1,
branch_nested,native,17,49.851071,1,
branch_nested,wasm,17,117.003152,1,
branch_nested,native,18,63.820009,1,
branch_nested,wasm,18,115.333962,1,
branch_nested,native,19,112.208709,1,
branch_nested,wasm,19,111.154767,1,
branch_nested,native,20,52.666927,1,
branch_nested,wasm,20,119.597685,1,
branch_nested,native,21,59.997097,1,
branch_nested,wasm,21,136.214846,1,
branch_nested,native,22,67.314782,1,
branch_nested,wasm,22,123.665046,1,
branch_nested,native,23,60.879296,1,
branch_nested,wasm,23,114.320614,1,
branch_nested,native,24,58.958487,1,
branch_nested,wasm,24,127.691517,1,
branch_nested,native,25,55.698929,1,
branch_nested,wasm,25,120.72349,1,
branch_nested,native,26,60.38466,1,
branch_nested,wasm,26,124.983896,1,
branch_nested,native,27,61.222629,1,
branch_nested,wasm,27,144.780047,1,
branch_nested,native,28,68.094211,1,
branch_nested,wasm,28,129.675613,1,
branch_nested,native,29,60.075131,1,
branch_nested,wasm,29,132.182418,1,
branch_nested,native,30,68.39211,1,
branch_nested,wasm,30,137.004677,1,
branch_predictable,native,1,45.267907,1,
branch_predictable,wasm,1,68.998181,1,
branch_predictable,native,2,46.409774,1,
branch_predictable,wasm,2,63.298445,1,
branch_predictable,native,3,46.798756,1,
branch_predictable,wasm,3,56.669995,1,
branch_predictable,native,4,43.442624,1,
branch_predictable,wasm,4,75.220692,1,
branch_predictable,native,5,68.856222,1,
branch_predictable,wasm,5,52.244451,1,
branch_predictable,native,6,39.803477,1,
branch_predictable,wasm,6,50.713327,1,
branch_predictable,native,7,40.637931,1,
branch_predictable,wasm,7,51.99028,1,
branch_predictable,native,8,40.793649,1,
branch_predictable,wasm,8,58.368163,1,
branch_predictable,native,9,40.7599,1,
branch_predictable,wasm,9,55.087137,1,
branch_predictable,native,10,42.649181,1,
branch_predictable,wasm,10,67.838409,1,
branch_predictable,native,11,41.324668,1,
branch_predictable,wasm,11,50.037688,1,
branch_predictable,native,12,37.96739,1,
branch_predictable,wasm,12,64.021935,1,
branch_predictable,native,13,42.300651,1,
branch_predictable,wasm,13,69.032912,1,
branch_predictable,native,14,38.225884,1,
branch_predictable,wasm,14,59.466536,1,
branch_predictable,native,15,44.462595,1,
branch_predictable,wasm,15,57.034376,1,
branch_predictable,native,16,45.844946,1,
branch_predictable,wasm,16,60.479676,1,
branch_predictable,native,17,48.20696,1,
branch_predictable,wasm,17,52.875083,1,
branch_predictable,native,18,39.786053,1,
branch_predictable,wasm,18,51.905024,1,
branch_predictable,native,19,41.869419,1,
branch_predictable,wasm,19,52.279409,1,
branch_predictable,native,20,36.051118,1,
branch_predictable,wasm,20,47.372571,1,
branch_predictable,native,21,32.75925,1,
branch_predictable,wasm,21,48.973556,1,
branch_predictable,native,22,33.679277,1,
branch_predictable,wasm,22,42.873023,1,
branch_predictable,native,23,31.300937,1,
branch_predictable,wasm,23,44.659086,1,
branch_predictable,native,24,35.805368,1,
branch_predictable,wasm,24,42.352548,1,
branch_predictable,native,25,32.738426,1,
branch_predictable,wasm,25,46.485133,1,
branch_predictable,native,26,34.151752,1,
branch_predictable,wasm,26,43.501083,1,
branch_predictable,native,27,33.286871,1,
branch_predictable,wasm,27,45.226369,1,
branch_predictable,native,28,34.477718,1,
branch_predictable,wasm,28,43.622353,1,
branch_predictable,native,29,32.68581,1,
branch_predictable,wasm,29,46.97428,1,
branch_predictable,native,30,37.327926,1,
branch_predictable,wasm,30,51.903819,1,
branch_switch_dense,native,1,59.816598,1,
branch_switch_dense,wasm,1,69.900974,1,
branch_switch_dense,native,2,76.047997,1,
branch_switch_dense,wasm,2,72.404742,1,
branch_switch_dense,native,3,92.897617,1,
branch_switch_dense,wasm,3,60.319139,1,
branch_switch_dense,native,4,101.239882,1,
branch_switch_dense,wasm,4,90.476222,1,
branch_switch_dense,native,5,53.025797,1,
branch_switch_dense,wasm,5,52.282677,1,
branch_switch_dense,native,6,55.066157,1,
branch_switch_dense,wasm,6,48.652824,1,
branch_switch_dense,native,7,57.938526,1,
branch_switch_dense,wasm,7,43.632184,1,
branch_switch_dense,native,8,67.923957,1,
branch_switch_dense,wasm,8,75.110047,1,
branch_switch_dense,native,9,59.31539,1,
branch_switch_dense,wasm,9,49.8559,1,
branch_switch_dense,native,10,51.007004,1,
branch_switch_dense,wasm,10,45.14844,1,
branch_switch_dense,native,11,56.92882,1,
branch_switch_dense,wasm,11,45.409557,1,
branch_switch_dense,native,12,61.392446,1,
branch_switch_dense,wasm,12,55.758527,1,
branch_switch_dense,native,13,54.19173,1,
branch_switch_dense,wasm,13,50.498278,1,
branch_switch_dense,native,14,48.332746,1,
branch_switch_dense,wasm,14,42.146638,1,
branch_switch_dense,native,15,52.960112,1,
branch_switch_dense,wasm,15,45.767293,1,
branch_switch_dense,native,16,49.928876,1,
branch_switch_dense,wasm,16,47.772554,1,
branch_switch_dense,native,17,55.118585,1,
branch_switch_dense,wasm,17,55.760855,1,
branch_switch_dense,native,18,54.458725,1,
branch_switch_dense,wasm,18,47.824334,1,
branch_switch_dense,native,19,47.516893,1,
branch_switch_dense,wasm,19,44.652823,1,
branch_switch_dense,native,20,51.628886,1,
branch_switch_dense,wasm,20,50.350683,1,
branch_switch_dense,native,21,52.403107,1,
branch_switch_dense,wasm,21,56.426426,1,
branch_switch_dense,native,22,50.860545,1,
branch_switch_dense,wasm,22,42.922315,1,
branch_switch_dense,native,23,49.754727,1,
branch_switch_dense,wasm,23,45.065156,1,
branch_switch_dense,native,24,55.398221,1,
branch_switch_dense,wasm,24,43.776624,1,
branch_switch_dense,native,25,52.580998,1,
branch_switch_dense,wasm,25,55.301038,1,
branch_switch_dense,native,26,55.320569,1,
branch_switch_dense,wasm,26,44.521858,1,
branch_switch_dense,native,27,49.411461,1,
branch_switch_dense,wasm,27,41.974806,1,
branch_switch_dense,native,28,54.491347,1,
branch_switch_dense,wasm,28,51.211921,1,
branch_switch_dense,native,29,59.799958,1,
branch_switch_dense,wasm,29,44.85628,1,
branch_switch_dense,native,30,52.091104,1,
branch_switch_dense,wasm,30,46.422417,1,
branch_switch_sparse,native,1,575.192854,1,
branch_switch_sparse,wasm,1,496.56313,1,
branch_switch_sparse,native,2,649.079162,1,
branch_switch_sparse,wasm,2,456.37409,1,
branch_switch_sparse,native,3,528.479738,1,
branch_switch_sparse,wasm,3,386.645474,1,
branch_switch_sparse,native,4,549.175076,1,
branch_switch_sparse,wasm,4,408.192033,1,
branch_switch_sparse,native,5,604.494572,1,
branch_switch_sparse,wasm,5,420.472596,1,
branch_switch_sparse,native,6,559.233532,1,
branch_switch_sparse,wasm,6,484.352918,1,
branch_switch_sparse,native,7,872.939137,1,
branch_switch_sparse,wasm,7,484.456543,1,
branch_switch_sparse,native,8,827.849666,1,
branch_switch_sparse,wasm,8,365.966305,1,
branch_switch_sparse,native,9,524.349056,1,
branch_switch_sparse,wasm,9,390.124302,1,
branch_switch_sparse,native,10,599.979845,1,
branch_switch_sparse,wasm,10,387.34336,1,
branch_switch_sparse,native,11,525.491141,1,
branch_switch_sparse,wasm,11,376.438472,1,
branch_switch_sparse,native,12,539.467216,1,
branch_switch_sparse,wasm,12,391.891141,1,
branch_switch_sparse,native,13,514.091203,1,
branch_switch_sparse,wasm,13,374.823079,1,
branch_switch_sparse,native,14,471.84525,1,
branch_switch_sparse,wasm,14,402.38046,1,
branch_switch_sparse,native,15,486.584634,1,
branch_switch_sparse,wasm,15,364.039543,1,
branch_switch_sparse,native,16,509.892426,1,
branch_switch_sparse,wasm,16,369.072748,1,
branch_switch_sparse,native,17,479.885855,1,
branch_switch_sparse,wasm,17,346.201786,1,
branch_switch_sparse,native,18,519.340448,1,
branch_switch_sparse,wasm,18,359.980416,1,
branch_switch_sparse,native,19,512.469516,1,
branch_switch_sparse,wasm,19,348.58322,1,
branch_switch_sparse,native,20,467.034691,1,
branch_switch_sparse,wasm,20,369.496248,1,
branch_switch_sparse,native,21,496.729516,1,
branch_switch_sparse,wasm,21,368.014124,1,
branch_switch_sparse,native,22,477.16964,1,
branch_switch_sparse,wasm,22,353.696383,1,
branch_switch_sparse,native,23,476.745829,1,
branch_switch_sparse,wasm,23,347.8673,1,
branch_switch_sparse,native,24,511.81322,1,
branch_switch_sparse,wasm,24,340.205944,1,
branch_switch_sparse,native,25,524.345883,1,
branch_switch_sparse,wasm,25,363.861409,1,
branch_switch_sparse,native,26,509.646952,1,
branch_switch_sparse,wasm,26,361.566469,1,
branch_switch_sparse,native,27,466.880054,1,
branch_switch_sparse,wasm,27,345.820838,1,
branch_switch_sparse,native,28,533.625155,1,
branch_switch_sparse,wasm,28,352.79594,1,
branch_switch_sparse,native,29,533.015955,1,
branch_switch_sparse,wasm,29,395.563497,1,
branch_switch_sparse,native,30,569.569505,1,
branch_switch_sparse,wasm,30,355.098068,1,
branch_unpredictable,native,1,162.339282,1,
branch_unpredictable,wasm,1,342.932422,1,
branch_unpredictable,native,2,178.695105,1,
branch_unpredictable,wasm,2,578.223439,1,
branch_unpredictable,native,3,194.05302,1,
branch_unpredictable,wasm,3,347.650106,1,
branch_unpredictable,native,4,161.833893,1,
branch_unpredictable,wasm,4,388.040529,1,
branch_unpredictable,native,5,288.392664,1,
branch_unpredictable,wasm,5,394.325829,1,
branch_unpredictable,native,6,178.076268,1,
branch_unpredictable,wasm,6,412.971801,1,
branch_unpredictable,native,7,192.893067,1,
branch_unpredictable,wasm,7,385.740671,1,
branch_unpredictable,native,8,225.42903,1,
branch_unpredictable,wasm,8,401.053688,1,
branch_unpredictable,native,9,177.599624,1,
branch_unpredictable,wasm,9,347.88883,1,
branch_unpredictable,native,10,173.170607,1,
branch_unpredictable,wasm,10,321.983891,1,
branch_unpredictable,native,11,181.110503,1,
branch_unpredictable,wasm,11,335.369477,1,
branch_unpredictable,native,12,174.706519,1,
branch_unpredictable,wasm,12,365.192849,1,
branch_unpredictable,native,13,172.891926,1,
branch_unpredictable,wasm,13,307.655008,1,
branch_unpredictable,native,14,156.755738,1,
branch_unpredictable,wasm,14,324.66958,1,
branch_unpredictable,native,15,185.179029,1,
branch_unpredictable,wasm,15,409.421523,1,
branch_unpredictable,native,16,279.020909,1,
branch_unpredictable,wasm,16,349.085381,1,
branch_unpredictable,native,17,161.911158,1,
branch_unpredictable,wasm,17,343.236754,1,
branch_unpredictable,native,18,254.831505,1,
branch_unpredictable,wasm,18,425.737331,1,
branch_unpredictable,native,19,305.15986,1,
branch_unpredictable,wasm,19,427.659551,1,
branch_unpredictable,native,20,167.799259,1,
branch_unpredictable,wasm,20,326.707175,1,
branch_unpredictable,native,21,183.53105,1,
branch_unpredictable,wasm,21,336.148504,1,
branch_unpredictable,native,22,164.88907,1,
branch_unpredictable,wasm,22,314.227922,1,
branch_unpredictable,native,23,153.359919,1,
branch_unpredictable,wasm,23,342.845008,1,
branch_unpredictable,native,24,163.397439,1,
branch_unpredictable,wasm,24,337.760499,1,
branch_unpredictable,native,25,166.102132,1,
branch_unpredictable,wasm,25,309.383974,1,
branch_unpredictable,native,26,196.651946,1,
branch_unpredictable,wasm,26,407.566869,1,
branch_unpredictable,native,27,180.303331,1,
branch_unpredictable,wasm,27,344.936972,1,
branch_unpredictable,native,28,162.441119,1,
branch_unpredictable,wasm,28,319.093905,1,
branch_unpredictable,native,29,162.378456,1,
branch_unpredictable,wasm,29,380.094561,1,
branch_unpredictable,native,30,178.87605,1,
branch_unpredictable,wasm,30,470.214349,1,
call_chain,native,1,29.538039,1,
call_chain,wasm,1,46.895118,1,
call_chain,native,2,32.472297,1,
call_chain,wasm,2,58.028768,1,
call_chain,native,3,40.552359,1,
call_chain,wasm,3,68.698417,1,
call_chain,native,4,35.87327,1,
call_chain,wasm,4,58.720383,1,
call_chain,native,5,32.922508,1,
call_chain,wasm,5,40.221751,1,
call_chain,native,6,24.324633,1,
call_chain,wasm,6,41.500718,1,
call_chain,native,7,27.331173,1,
call_chain,wasm,7,47.67821,1,
call_chain,native,8,27.138779,1,
call_chain,wasm,8,42.823522,1,
call_chain,native,9,29.735695,1,
call_chain,wasm,9,55.513158,1,
call_chain,native,10,31.39882,1,
call_chain,wasm,10,70.119423,1,
call_chain,native,11,38.777009,1,
call_chain,wasm,11,50.827813,1,
call_chain,native,12,36.721804,1,
call_chain,wasm,12,51.436796,1,
call_chain,native,13,37.023164,1,
call_chain,wasm,13,54.466296,1,
call_chain,native,14,28.96772,1,
call_chain,wasm,14,42.882842,1,
call_chain,native,15,27.762614,1,
call_chain,wasm,15,43.448911,1,
call_chain,native,16,28.365999,1,
call_chain,wasm,16,40.792756,1,
call_chain,native,17,26.717094,1,
call_chain,wasm,17,41.954881,1,
call_chain,native,18,29.23881,1,
call_chain,wasm,18,48.952971,1,
call_chain,native,19,28.550415,1,
call_chain,wasm,19,43.114624,1,
call_chain,native,20,25.969001,1,
call_chain,wasm,20,49.586423,1,
call_chain,native,21,29.06418,1,
call_chain,wasm,21,44.559146,1,
call_chain,native,22,32.681153,1,
call_chain,wasm,22,45.025764,1,
call_chain,native,23,26.570878,1,
call_chain,wasm,23,43.440708,1,
call_chain,native,24,26.576614,1,
call_chain,wasm,24,40.01688,1,
call_chain,native,25,26.173395,1,
call_chain,wasm,25,79.310145,1,
call_chain,native,26,34.604866,1,
call_chain,wasm,26,41.291837,1,
call_chain,native,27,25.839621,1,
call_chain,wasm,27,38.935421,1,
call_chain,native,28,24.232914,1,
call_chain,wasm,28,40.633049,1,
call_chain,native,29,23.856732,1,
call_chain,wasm,29,37.866982,1,
call_chain,native,30,23.745102,1,
call_chain,wasm,30,36.511818,1,
call_indirect,native,1,68.821275,1,
call_indirect,wasm,1,146.383171,1,
call_indirect,native,2,70.622918,1,
call_indirect,wasm,2,205.377377,1,
call_indirect,native,3,90.875216,1,
call_indirect,wasm,3,152.280526,1,
call_indirect,native,4,72.080534,1,
call_indirect,wasm,4,143.10333,1,
call_indirect,native,5,74.535689,1,
call_indirect,wasm,5,149.360204,1,
call_indirect,native,6,73.907434,1,
call_indirect,wasm,6,200.118439,1,
call_indirect,native,7,88.100757,1,
call_indirect,wasm,7,197.664868,1,
call_indirect,native,8,84.435014,1,
call_indirect,wasm,8,162.368886,1,
call_indirect,native,9,69.762111,1,
call_indirect,wasm,9,138.873747,1,
call_indirect,native,10,72.243788,1,
call_indirect,wasm,10,252.424878,1,
call_indirect,native,11,83.305732,1,
call_indirect,wasm,11,184.880326,1,
call_indirect,native,12,87.118091,1,
call_indirect,wasm,12,192.241564,1,
call_indirect,native,13,78.109908,1,
call_indirect,wasm,13,245.001136,1,
call_indirect,native,14,184.812523,1,
call_indirect,wasm,14,165.708777,1,
call_indirect,native,15,77.726083,1,
call_indirect,wasm,15,168.726718,1,
call_indirect,native,16,84.139676,1,
call_indirect,wasm,16,151.743018,1,
call_indirect,native,17,73.204034,1,
call_indirect,wasm,17,162.308587,1,
call_indirect,native,18,74.902478,1,
call_indirect,wasm,18,206.632162,1,
call_indirect,native,19,71.578742,1,
call_indirect,wasm,19,165.175026,1,
call_indirect,native,20,74.40708,1,
call_indirect,wasm,20,184.97324,1,
call_indirect,native,21,102.972716,1,
call_indirect,wasm,21,213.924936,1,
call_indirect,native,22,76.067196,1,
call_indirect,wasm,22,174.094069,1,
call_indirect,native,23,68.848417,1,
call_indirect,wasm,23,153.69719,1,
call_indirect,native,24,66.949398,1,
call_indirect,wasm,24,156.012115,1,
call_indirect,native,25,83.703851,1,
call_indirect,wasm,25,202.492256,1,
call_indirect,native,26,102.054438,1,
call_indirect,wasm,26,206.243342,1,
call_indirect,native,27,78.591518,1,
call_indirect,wasm,27,193.199625,1,
call_indirect,native,28,85.72163,1,
call_indirect,wasm,28,153.533426,1,
call_indirect,native,29,69.691963,1,
call_indirect,wasm,29,149.968497,1,
call_indirect,native,30,78.66936,1,
call_indirect,wasm,30,202.629104,1,
call_many_small_funcs,native,1,176.343171,1,
call_many_small_funcs,wasm,1,137.363626,1,
call_many_small_funcs,native,2,96.735307,1,
call_many_small_funcs,wasm,2,118.175977,1,
call_many_small_funcs,native,3,94.58463,1,
call_many_small_funcs,wasm,3,122.871831,1,
call_many_small_funcs,native,4,92.085634,1,
call_many_small_funcs,wasm,4,111.527912,1,
call_many_small_funcs,native,5,90.996678,1,
call_many_small_funcs,wasm,5,114.160203,1,
call_many_small_funcs,native,6,101.883205,1,
call_many_small_funcs,wasm,6,124.849778,1,
call_many_small_funcs,native,7,93.565644,1,
call_many_small_funcs,wasm,7,121.714767,1,
call_many_small_funcs,native,8,109.942731,1,
call_many_small_funcs,wasm,8,155.296448,1,
call_many_small_funcs,native,9,102.173341,1,
call_many_small_funcs,wasm,9,132.309657,1,
call_many_small_funcs,native,10,92.275775,1,
call_many_small_funcs,wasm,10,118.061055,1,
call_many_small_funcs,native,11,100.13719,1,
call_many_small_funcs,wasm,11,135.030572,1,
call_many_small_funcs,native,12,115.664627,1,
call_many_small_funcs,wasm,12,166.538653,1,
call_many_small_funcs,native,13,118.683431,1,
call_many_small_funcs,wasm,13,134.00548,1,
call_many_small_funcs,native,14,169.359923,1,
call_many_small_funcs,wasm,14,139.805947,1,
call_many_small_funcs,native,15,100.684626,1,
call_many_small_funcs,wasm,15,162.043882,1,
call_many_small_funcs,native,16,131.269339,1,
call_many_small_funcs,wasm,16,168.119017,1,
call_many_small_funcs,native,17,101.254595,1,
call_many_small_funcs,wasm,17,131.252062,1,
call_many_small_funcs,native,18,96.340815,1,
call_many_small_funcs,wasm,18,120.072944,1,
call_many_small_funcs,native,19,104.257637,1,
call_many_small_funcs,wasm,19,143.983733,1,
call_many_small_funcs,native,20,101.504631,1,
call_many_small_funcs,wasm,20,119.428559,1,
call_many_small_funcs,native,21,90.124848,1,
call_many_small_funcs,wasm,21,117.975732,1,
call_many_small_funcs,native,22,95.788802,1,
call_many_small_funcs,wasm,22,131.106495,1,
call_many_small_funcs,native,23,110.432486,1,
call_many_small_funcs,wasm,23,124.633018,1,
call_many_small_funcs,native,24,101.803595,1,
call_many_small_funcs,wasm,24,120.861131,1,
call_many_small_funcs,native,25,92.612233,1,
call_many_small_funcs,wasm,25,119.797033,1,
call_many_small_funcs,native,26,97.666801,1,
call_many_small_funcs,wasm,26,182.04295,1,
call_many_small_funcs,native,27,128.128987,1,
call_many_small_funcs,wasm,27,133.121135,1,
call_many_small_funcs,native,28,104.746597,1,
call_many_small_funcs,wasm,28,124.04036,1,
call_many_small_funcs,native,29,98.403957,1,
call_many_small_funcs,wasm,29,125.761916,1,
call_many_small_funcs,native,30,94.671756,1,
call_many_small_funcs,wasm,30,123.420764,1,
call_recursive,native,1,10.240418,1,
call_recursive,wasm,1,20.817381,1,
call_recursive,native,2,6.679163,1,
call_recursive,wasm,2,16.301217,1,
call_recursive,native,3,6.139351,1,
call_recursive,wasm,3,17.210181,1,
call_recursive,native,4,7.615799,1,
call_recursive,wasm,4,18.679783,1,
call_recursive,native,5,7.137422,1,
call_recursive,wasm,5,16.731129,1,
call_recursive,native,6,6.723394,1,
call_recursive,wasm,6,18.271413,1,
call_recursive,native,7,8.290145,1,
call_recursive,wasm,7,19.012466,1,
call_recursive,native,8,6.579763,1,
call_recursive,wasm,8,17.793127,1,
call_recursive,native,9,6.875716,1,
call_recursive,wasm,9,16.430237,1,
call_recursive,native,10,6.874895,1,
call_recursive,wasm,10,18.735924,1,
call_recursive,native,11,7.605672,1,
call_recursive,wasm,11,20.023379,1,
call_recursive,native,12,6.768735,1,
call_recursive,wasm,12,19.385269,1,
call_recursive,native,13,7.597226,1,
call_recursive,wasm,13,17.933681,1,
call_recursive,native,14,6.522658,1,
call_recursive,wasm,14,18.229344,1,
call_recursive,native,15,7.07637,1,
call_recursive,wasm,15,17.118456,1,
call_recursive,native,16,6.954681,1,
call_recursive,wasm,16,19.385061,1,
call_recursive,native,17,6.605998,1,
call_recursive,wasm,17,18.021062,1,
call_recursive,native,18,7.826462,1,
call_recursive,wasm,18,18.374957,1,
call_recursive,native,19,6.145042,1,
call_recursive,wasm,19,16.130132,1,
call_recursive,native,20,6.687693,1,
call_recursive,wasm,20,16.596724,1,
call_recursive,native,21,6.667242,1,
call_recursive,wasm,21,17.333346,1,
call_recursive,native,22,6.248745,1,
call_recursive,wasm,22,16.510871,1,
call_recursive,native,23,7.277494,1,
call_recursive,wasm,23,16.581864,1,
call_recursive,native,24,6.535495,1,
call_recursive,wasm,24,17.330359,1,
call_recursive,native,25,6.718761,1,
call_recursive,wasm,25,17.379833,1,
call_recursive,native,26,7.024441,1,
call_recursive,wasm,26,18.802066,1,
call_recursive,native,27,14.832847,1,
call_recursive,wasm,27,19.511172,1,
call_recursive,native,28,8.492144,1,
call_recursive,wasm,28,17.276231,1,
call_recursive,native,29,7.233965,1,
call_recursive,wasm,29,17.507515,1,
call_recursive,native,30,7.079561,1,
call_recursive,wasm,30,18.986623,1,
compute_fp_mix,native,1,98.602404,1,
compute_fp_mix,wasm,1,104.646771,1,
compute_fp_mix,native,2,89.130264,1,
compute_fp_mix,wasm,2,101.129162,1,
compute_fp_mix,native,3,85.832383,1,
compute_fp_mix,wasm,3,91.824475,1,
compute_fp_mix,native,4,80.28429,1,
compute_fp_mix,wasm,4,99.440847,1,
compute_fp_mix,native,5,102.643413,1,
compute_fp_mix,wasm,5,133.335127,1,
compute_fp_mix,native,6,80.754599,1,
compute_fp_mix,wasm,6,90.923257,1,
compute_fp_mix,native,7,99.834655,1,
compute_fp_mix,wasm,7,116.448759,1,
compute_fp_mix,native,8,89.318083,1,
compute_fp_mix,wasm,8,113.996233,1,
compute_fp_mix,native,9,195.905328,1,
compute_fp_mix,wasm,9,92.211705,1,
compute_fp_mix,native,10,93.237086,1,
compute_fp_mix,wasm,10,111.535521,1,
compute_fp_mix,native,11,90.001567,1,
compute_fp_mix,wasm,11,97.422791,1,
compute_fp_mix,native,12,82.068713,1,
compute_fp_mix,wasm,12,91.285669,1,
compute_fp_mix,native,13,77.200193,1,
compute_fp_mix,wasm,13,95.521647,1,
compute_fp_mix,native,14,81.586606,1,
compute_fp_mix,wasm,14,109.086208,1,
compute_fp_mix,native,15,84.820843,1,
compute_fp_mix,wasm,15,122.131171,1,
compute_fp_mix,native,16,96.309835,1,
compute_fp_mix,wasm,16,108.483797,1,
compute_fp_mix,native,17,87.165959,1,
compute_fp_mix,wasm,17,102.88212,1,
compute_fp_mix,native,18,89.563462,1,
compute_fp_mix,wasm,18,107.241754,1,
compute_fp_mix,native,19,88.319516,1,
compute_fp_mix,wasm,19,127.702274,1,
compute_fp_mix,native,20,222.007926,1,
compute_fp_mix,wasm,20,125.750505,1,
compute_fp_mix,native,21,89.994259,1,
compute_fp_mix,wasm,21,117.171538,1,
compute_fp_mix,native,22,97.341804,1,
compute_fp_mix,wasm,22,103.693061,1,
compute_fp_mix,native,23,88.958091,1,
compute_fp_mix,wasm,23,108.21492,1,
compute_fp_mix,native,24,86.250359,1,
compute_fp_mix,wasm,24,94.166957,1,
compute_fp_mix,native,25,78.541417,1,
compute_fp_mix,wasm,25,86.967358,1,
compute_fp_mix,native,26,77.876115,1,
compute_fp_mix,wasm,26,83.420573,1,
compute_fp_mix,native,27,75.071932,1,
compute_fp_mix,wasm,27,91.168391,1,
compute_fp_mix,native,28,79.300898,1,
compute_fp_mix,wasm,28,88.116906,1,
compute_fp_mix,native,29,74.320181,1,
compute_fp_mix,wasm,29,88.478002,1,
compute_fp_mix,native,30,77.342308,1,
compute_fp_mix,wasm,30,86.522263,1,
compute_fp_muladd,native,1,89.269061,1,
compute_fp_muladd,wasm,1,110.978575,1,
compute_fp_muladd,native,2,94.045254,1,
compute_fp_muladd,wasm,2,103.855762,1,
compute_fp_muladd,native,3,92.028112,1,
compute_fp_muladd,wasm,3,100.024141,1,
compute_fp_muladd,native,4,93.741292,1,
compute_fp_muladd,wasm,4,155.479614,1,
compute_fp_muladd,native,5,97.872643,1,
compute_fp_muladd,wasm,5,106.634925,1,
compute_fp_muladd,native,6,95.629501,1,
compute_fp_muladd,wasm,6,113.798809,1,
compute_fp_muladd,native,7,93.015572,1,
compute_fp_muladd,wasm,7,107.23835,1,
compute_fp_muladd,native,8,97.254635,1,
compute_fp_muladd,wasm,8,122.219049,1,
compute_fp_muladd,native,9,97.41733,1,
compute_fp_muladd,wasm,9,102.845281,1,
compute_fp_muladd,native,10,91.915999,1,
compute_fp_muladd,wasm,10,107.044465,1,
compute_fp_muladd,native,11,108.504939,1,
compute_fp_muladd,wasm,11,126.505466,1,
compute_fp_muladd,native,12,95.849033,1,
compute_fp_muladd,wasm,12,115.644387,1,
compute_fp_muladd,native,13,96.01732,1,
compute_fp_muladd,wasm,13,102.564678,1,
compute_fp_muladd,native,14,87.426952,1,
compute_fp_muladd,wasm,14,110.253018,1,
compute_fp_muladd,native,15,88.360443,1,
compute_fp_muladd,wasm,15,97.066025,1,
compute_fp_muladd,native,16,91.865519,1,
compute_fp_muladd,wasm,16,120.805207,1,
compute_fp_muladd,native,17,99.486818,1,
compute_fp_muladd,wasm,17,106.57,1,
compute_fp_muladd,native,18,94.252338,1,
compute_fp_muladd,wasm,18,103.700375,1,
compute_fp_muladd,native,19,123.352113,1,
compute_fp_muladd,wasm,19,137.996101,1,
compute_fp_muladd,native,20,96.487336,1,
compute_fp_muladd,wasm,20,106.524755,1,
compute_fp_muladd,native,21,93.85072,1,
compute_fp_muladd,wasm,21,99.133371,1,
compute_fp_muladd,native,22,89.950846,1,
compute_fp_muladd,wasm,22,102.567148,1,
compute_fp_muladd,native,23,121.526858,1,
compute_fp_muladd,wasm,23,162.187945,1,
compute_fp_muladd,native,24,160.110641,1,
compute_fp_muladd,wasm,24,145.530062,1,
compute_fp_muladd,native,25,99.460551,1,
compute_fp_muladd,wasm,25,137.522276,1,
compute_fp_muladd,native,26,100.368873,1,
compute_fp_muladd,wasm,26,113.337888,1,
compute_fp_muladd,native,27,99.094057,1,
compute_fp_muladd,wasm,27,117.653639,1,
compute_fp_muladd,native,28,96.257202,1,
compute_fp_muladd,wasm,28,103.937864,1,
compute_fp_muladd,native,29,105.25176,1,
compute_fp_muladd,wasm,29,124.006477,1,
compute_fp_muladd,native,30,111.039189,1,
compute_fp_muladd,wasm,30,109.075559,1,
compute_int_add,native,1,120.103385,1,
compute_int_add,wasm,1,146.348317,1,
compute_int_add,native,2,192.899652,1,
compute_int_add,wasm,2,171.945462,1,
compute_int_add,native,3,135.119778,1,
compute_int_add,wasm,3,124.471373,1,
compute_int_add,native,4,125.769253,1,
compute_int_add,wasm,4,128.734768,1,
compute_int_add,native,5,131.263464,1,
compute_int_add,wasm,5,125.212751,1,
compute_int_add,native,6,128.166585,1,
compute_int_add,wasm,6,120.59411,1,
compute_int_add,native,7,119.662687,1,
compute_int_add,wasm,7,139.614468,1,
compute_int_add,native,8,130.336437,1,
compute_int_add,wasm,8,118.099791,1,
compute_int_add,native,9,126.359019,1,
compute_int_add,wasm,9,127.034979,1,
compute_int_add,native,10,129.580018,1,
compute_int_add,wasm,10,114.669708,1,
compute_int_add,native,11,111.231161,1,
compute_int_add,wasm,11,113.532502,1,
compute_int_add,native,12,160.153254,1,
compute_int_add,wasm,12,116.969088,1,
compute_int_add,native,13,121.359743,1,
compute_int_add,wasm,13,114.649909,1,
compute_int_add,native,14,122.616033,1,
compute_int_add,wasm,14,121.293195,1,
compute_int_add,native,15,147.401337,1,
compute_int_add,wasm,15,144.583138,1,
compute_int_add,native,16,128.861931,1,
compute_int_add,wasm,16,124.418213,1,
compute_int_add,native,17,134.015684,1,
compute_int_add,wasm,17,130.76195,1,
compute_int_add,native,18,123.354388,1,
compute_int_add,wasm,18,122.489697,1,
compute_int_add,native,19,114.316943,1,
compute_int_add,wasm,19,130.772459,1,
compute_int_add,native,20,129.76914,1,
compute_int_add,wasm,20,125.088304,1,
compute_int_add,native,21,116.550403,1,
compute_int_add,wasm,21,117.421367,1,
compute_int_add,native,22,118.214685,1,
compute_int_add,wasm,22,113.432621,1,
compute_int_add,native,23,110.921812,1,
compute_int_add,wasm,23,112.478353,1,
compute_int_add,native,24,118.541529,1,
compute_int_add,wasm,24,163.619686,1,
compute_int_add,native,25,120.931722,1,
compute_int_add,wasm,25,143.989215,1,
compute_int_add,native,26,133.291652,1,
compute_int_add,wasm,26,122.496579,1,
compute_int_add,native,27,121.836023,1,
compute_int_add,wasm,27,118.144508,1,
compute_int_add,native,28,111.174092,1,
compute_int_add,wasm,28,111.165006,1,
compute_int_add,native,29,131.841037,1,
compute_int_add,wasm,29,129.8384,1,
compute_int_add,native,30,132.942418,1,
compute_int_add,wasm,30,146.868058,1,
compute_int_divmod,native,1,381.329452,1,
compute_int_divmod,wasm,1,390.764184,1,
compute_int_divmod,native,2,408.979306,1,
compute_int_divmod,wasm,2,446.573436,1,
compute_int_divmod,native,3,365.139557,1,
compute_int_divmod,wasm,3,386.939946,1,
compute_int_divmod,native,4,455.727791,1,
compute_int_divmod,wasm,4,423.633858,1,
compute_int_divmod,native,5,474.255615,1,
compute_int_divmod,wasm,5,375.856097,1,
compute_int_divmod,native,6,384.6255,1,
compute_int_divmod,wasm,6,406.915084,1,
compute_int_divmod,native,7,488.619392,1,
compute_int_divmod,wasm,7,531.964555,1,
compute_int_divmod,native,8,582.396457,1,
compute_int_divmod,wasm,8,540.821145,1,
compute_int_divmod,native,9,456.537981,1,
compute_int_divmod,wasm,9,518.792287,1,
compute_int_divmod,native,10,682.803595,1,
compute_int_divmod,wasm,10,714.23023,1,
compute_int_divmod,native,11,618.893662,1,
compute_int_divmod,wasm,11,688.604079,1,
compute_int_divmod,native,12,750.146986,1,
compute_int_divmod,wasm,12,632.022655,1,
compute_int_divmod,native,13,474.921599,1,
compute_int_divmod,wasm,13,521.994609,1,
compute_int_divmod,native,14,635.112299,1,
compute_int_divmod,wasm,14,599.189356,1,
compute_int_divmod,native,15,613.350892,1,
compute_int_divmod,wasm,15,592.739148,1,
compute_int_divmod,native,16,671.103976,1,
compute_int_divmod,wasm,16,597.197387,1,
compute_int_divmod,native,17,554.50333,1,
compute_int_divmod,wasm,17,756.298293,1,
compute_int_divmod,native,18,551.7507,1,
compute_int_divmod,wasm,18,483.063724,1,
compute_int_divmod,native,19,512.608128,1,
compute_int_divmod,wasm,19,718.98299,1,
compute_int_divmod,native,20,559.025121,1,
compute_int_divmod,wasm,20,527.056902,1,
compute_int_divmod,native,21,562.445732,1,
compute_int_divmod,wasm,21,950.000462,1,
compute_int_divmod,native,22,848.758654,1,
compute_int_divmod,wasm,22,661.785492,1,
compute_int_divmod,native,23,509.562674,1,
compute_int_divmod,wasm,23,522.512315,1,
compute_int_divmod,native,24,527.062783,1,
compute_int_divmod,wasm,24,633.811193,1,
compute_int_divmod,native,25,544.462119,1,
compute_int_divmod,wasm,25,591.567219,1,
compute_int_divmod,native,26,592.652961,1,
compute_int_divmod,wasm,26,607.547623,1,
compute_int_divmod,native,27,704.199977,1,
compute_int_divmod,wasm,27,695.601437,1,
compute_int_divmod,native,28,539.870789,1,
compute_int_divmod,wasm,28,534.813022,1,
compute_int_divmod,native,29,768.58985,1,
compute_int_divmod,wasm,29,614.544114,1,
compute_int_divmod,native,30,668.607306,1,
compute_int_divmod,wasm,30,670.45082,1,
compute_int_mul,native,1,201.583833,1,
compute_int_mul,wasm,1,211.949089,1,
compute_int_mul,native,2,190.406287,1,
compute_int_mul,wasm,2,203.831793,1,
compute_int_mul,native,3,216.750143,1,
compute_int_mul,wasm,3,288.64861,1,
compute_int_mul,native,4,289.381236,1,
compute_int_mul,wasm,4,249.146903,1,
compute_int_mul,native,5,212.429656,1,
compute_int_mul,wasm,5,222.109534,1,
compute_int_mul,native,6,190.520548,1,
compute_int_mul,wasm,6,200.683741,1,
compute_int_mul,native,7,199.32079,1,
compute_int_mul,wasm,7,197.182335,1,
compute_int_mul,native,8,188.297064,1,
compute_int_mul,wasm,8,208.480954,1,
compute_int_mul,native,9,190.377325,1,
compute_int_mul,wasm,9,187.881393,1,
compute_int_mul,native,10,238.36216,1,
compute_int_mul,wasm,10,190.791365,1,
compute_int_mul,native,11,154.270122,1,
compute_int_mul,wasm,11,240.421787,1,
compute_int_mul,native,12,177.603384,1,
compute_int_mul,wasm,12,185.462655,1,
compute_int_mul,native,13,188.411772,1,
compute_int_mul,wasm,13,190.71854,1,
compute_int_mul,native,14,173.023342,1,
compute_int_mul,wasm,14,188.29027,1,
compute_int_mul,native,15,183.20303,1,
compute_int_mul,wasm,15,186.408704,1,
compute_int_mul,native,16,170.804228,1,
compute_int_mul,wasm,16,197.839792,1,
compute_int_mul,native,17,247.710496,1,
compute_int_mul,wasm,17,227.065844,1,
compute_int_mul,native,18,220.950971,1,
compute_int_mul,wasm,18,223.208623,1,
compute_int_mul,native,19,177.428886,1,
compute_int_mul,wasm,19,268.688198,1,
compute_int_mul,native,20,267.864467,1,
compute_int_mul,wasm,20,247.593979,1,
compute_int_mul,native,21,214.817906,1,
compute_int_mul,wasm,21,190.678539,1,
compute_int_mul,native,22,228.450284,1,
compute_int_mul,wasm,22,219.252539,1,
compute_int_mul,native,23,305.219472,1,
compute_int_mul,wasm,23,202.797704,1,
compute_int_mul,native,24,228.908758,1,
compute_int_mul,wasm,24,237.854908,1,
compute_int_mul,native,25,213.440143,1,
compute_int_mul,wasm,25,251.503692,1,
compute_int_mul,native,26,229.277046,1,
compute_int_mul,wasm,26,231.589126,1,
compute_int_mul,native,27,175.858902,1,
compute_int_mul,wasm,27,204.276346,1,
compute_int_mul,native,28,183.436978,1,
compute_int_mul,wasm,28,170.464349,1,
compute_int_mul,native,29,222.794377,1,
compute_int_mul,wasm,29,213.489962,1,
compute_int_mul,native,30,296.827292,1,
compute_int_mul,wasm,30,222.570345,1,
host_env_query,native,1,16.696874,1,
host_env_query,wasm,1,26.505488,1,
host_env_query,native,2,14.912179,1,
host_env_query,wasm,2,25.309613,1,
host_env_query,native,3,14.523081,1,
host_env_query,wasm,3,22.682271,1,
host_env_query,native,4,18.351551,1,
host_env_query,wasm,4,23.154512,1,
host_env_query,native,5,19.727888,1,
host_env_query,wasm,5,18.658717,1,
host_env_query,native,6,18.413846,1,
host_env_query,wasm,6,23.085571,1,
host_env_query,native,7,5.472378,1,
host_env_query,wasm,7,23.324088,1,
host_env_query,native,8,5.586219,1,
host_env_query,wasm,8,18.939172,1,
host_env_query,native,9,6.453282,1,
host_env_query,wasm,9,16.468149,1,
host_env_query,native,10,5.532264,1,
host_env_query,wasm,10,15.438858,1,
host_env_query,native,11,5.807094,1,
host_env_query,wasm,11,16.223717,1,
host_env_query,native,12,5.317845,1,
host_env_query,wasm,12,24.494337,1,
host_env_query,native,13,6.033599,1,
host_env_query,wasm,13,22.952043,1,
host_env_query,native,14,7.88316,1,
host_env_query,wasm,14,21.916585,1,
host_env_query,native,15,7.799474,1,
host_env_query,wasm,15,26.706323,1,
host_env_query,native,16,14.600216,1,
host_env_query,wasm,16,18.009173,1,
host_env_query,native,17,10.759194,1,
host_env_query,wasm,17,35.612212,1,
host_env_query,native,18,17.983964,1,
host_env_query,wasm,18,53.621578,1,
host_env_query,native,19,26.064038,1,
host_env_query,wasm,19,32.550053,1,
host_env_query,native,20,52.762467,1,
host_env_query,wasm,20,37.231499,1,
host_env_query,native,21,12.980681,1,
host_env_query,wasm,21,28.001463,1,
host_env_query,native,22,6.666414,1,
host_env_query,wasm,22,27.763054,1,
host_env_query,native,23,8.204768,1,
host_env_query,wasm,23,30.167152,1,
host_env_query,native,24,79.480665,1,
host_env_query,wasm,24,27.296311,1,
host_env_query,native,25,5.601562,1,
host_env_query,wasm,25,17.281736,1,
host_env_query,native,26,5.767109,1,
host_env_query,wasm,26,22.11885,1,
host_env_query,native,27,8.063695,1,
host_env_query,wasm,27,40.143434,1,
host_env_query,native,28,16.81378,1,
host_env_query,wasm,28,22.072523,1,
host_env_query,native,29,8.591508,1,
host_env_query,wasm,29,35.210444,1,
host_env_query,native,30,9.85588,1,
host_env_query,wasm,30,26.91936,1,
host_getcwd_loop,native,1,11.839548,1,
host_getcwd_loop,wasm,1,19.380712,1,
host_getcwd_loop,native,2,8.307479,1,
host_getcwd_loop,wasm,2,21.478792,1,
host_getcwd_loop,native,3,8.22807,1,
host_getcwd_loop,wasm,3,20.069699,1,
host_getcwd_loop,native,4,10.491644,1,
host_getcwd_loop,wasm,4,53.351041,1,
host_getcwd_loop,native,5,20.93625,1,
host_getcwd_loop,wasm,5,30.640729,1,
host_getcwd_loop,native,6,40.029605,1,
host_getcwd_loop,wasm,6,34.171407,1,
host_getcwd_loop,native,7,17.01147,1,
host_getcwd_loop,wasm,7,26.096756,1,
host_getcwd_loop,native,8,13.219315,1,
host_getcwd_loop,wasm,8,27.54774,1,
host_getcwd_loop,native,9,17.319705,1,
host_getcwd_loop,wasm,9,26.339141,1,
host_getcwd_loop,native,10,31.896015,1,
host_getcwd_loop,wasm,10,26.663716,1,
host_getcwd_loop,native,11,44.904193,1,
host_getcwd_loop,wasm,11,46.198004,1,
host_getcwd_loop,native,12,17.849289,1,
host_getcwd_loop,wasm,12,25.47153,1,
host_getcwd_loop,native,13,8.795044,1,
host_getcwd_loop,wasm,13,20.186825,1,
host_getcwd_loop,native,14,14.694394,1,
host_getcwd_loop,wasm,14,23.770781,1,
host_getcwd_loop,native,15,8.741919,1,
host_getcwd_loop,wasm,15,18.841019,1,
host_getcwd_loop,native,16,9.976712,1,
host_getcwd_loop,wasm,16,20.194711,1,
host_getcwd_loop,native,17,7.337161,1,
host_getcwd_loop,wasm,17,16.827559,1,
host_getcwd_loop,native,18,8.312357,1,
host_getcwd_loop,wasm,18,20.800156,1,
host_getcwd_loop,native,19,12.29688,1,
host_getcwd_loop,wasm,19,19.595268,1,
host_getcwd_loop,native,20,12.404814,1,
host_getcwd_loop,wasm,20,17.684287,1,
host_getcwd_loop,native,21,7.307988,1,
host_getcwd_loop,wasm,21,18.505274,1,
host_getcwd_loop,native,22,7.211338,1,
host_getcwd_loop,wasm,22,18.792441,1,
host_getcwd_loop,native,23,9.374763,1,
host_getcwd_loop,wasm,23,15.954352,1,
host_getcwd_loop,native,24,9.532989,1,
host_getcwd_loop,wasm,24,20.413995,1,
host_getcwd_loop,native,25,10.372416,1,
host_getcwd_loop,wasm,25,20.388549,1,
host_getcwd_loop,native,26,29.263625,1,
host_getcwd_loop,wasm,26,26.708841,1,
host_getcwd_loop,native,27,17.779966,1,
host_getcwd_loop,wasm,27,36.85016,1,
host_getcwd_loop,native,28,23.469028,1,
host_getcwd_loop,wasm,28,22.569538,1,
host_getcwd_loop,native,29,14.032525,1,
host_getcwd_loop,wasm,29,24.376927,1,
host_getcwd_loop,native,30,13.415654,1,
host_getcwd_loop,wasm,30,24.096177,1,
host_open_close_loop,native,1,1589.846512,1,
host_open_close_loop,wasm,1,2316.837439,1,
host_open_close_loop,native,2,2103.553671,1,
host_open_close_loop,wasm,2,2379.894195,1,
host_open_close_loop,native,3,1232.077119,1,
host_open_close_loop,wasm,3,2900.8389,1,
host_open_close_loop,native,4,1324.470267,1,
host_open_close_loop,wasm,4,2009.346461,1,
host_open_close_loop,native,5,1927.041089,1,
host_open_close_loop,wasm,5,1994.191641,1,
host_open_close_loop,native,6,1668.359808,1,
host_open_close_loop,wasm,6,2581.631296,1,
host_open_close_loop,native,7,1457.717643,1,
host_open_close_loop,wasm,7,1603.661002,1,
host_open_close_loop,native,8,1317.751958,1,
host_open_close_loop,wasm,8,1506.660472,1,
host_open_close_loop,native,9,1363.699281,1,
host_open_close_loop,wasm,9,1745.61193,1,
host_open_close_loop,native,10,1323.388762,1,
host_open_close_loop,wasm,10,1638.407316,1,
host_open_close_loop,native,11,1492.059496,1,
host_open_close_loop,wasm,11,1600.995124,1,
host_open_close_loop,native,12,1356.64146,1,
host_open_close_loop,wasm,12,1597.680424,1,
host_open_close_loop,native,13,2102.469926,1,
host_open_close_loop,wasm,13,1566.857378,1,
host_open_close_loop,native,14,1782.516659,1,
host_open_close_loop,wasm,14,2048.556277,1,
host_open_close_loop,native,15,1512.23833,1,
host_open_close_loop,wasm,15,2210.597591,1,
host_open_close_loop,native,16,1517.990661,1,
host_open_close_loop,wasm,16,1707.418109,1,
host_open_close_loop,native,17,1466.280436,1,
host_open_close_loop,wasm,17,1672.499132,1,
host_open_close_loop,native,18,1190.246817,1,
host_open_close_loop,wasm,18,1492.995985,1,
host_open_close_loop,native,19,1448.592292,1,
host_open_close_loop,wasm,19,1687.406184,1,
host_open_close_loop,native,20,1215.354759,1,
host_open_close_loop,wasm,20,1686.946909,1,
host_open_close_loop,native,21,1053.402083,1,
host_open_close_loop,wasm,21,1905.75947,1,
host_open_close_loop,native,22,1233.414067,1,
host_open_close_loop,wasm,22,2258.025822,1,
host_open_close_loop,native,23,1215.672217,1,
host_open_close_loop,wasm,23,1755.494417,1,
host_open_close_loop,native,24,1408.66333,1,
host_open_close_loop,wasm,24,1641.497433,1,
host_open_close_loop,native,25,1192.653744,1,
host_open_close_loop,wasm,25,1710.752884,1,
host_open_close_loop,native,26,1483.902511,1,
host_open_close_loop,wasm,26,1776.374245,1,
host_open_close_loop,native,27,1304.603975,1,
host_open_close_loop,wasm,27,1754.31473,1,
host_open_close_loop,native,28,1091.505209,1,
host_open_close_loop,wasm,28,1752.064527,1,
host_open_close_loop,native,29,1184.668687,1,
host_open_close_loop,wasm,29,1811.281714,1,
host_open_close_loop,native,30,1409.091062,1,
host_open_close_loop,wasm,30,1640.550831,1,
host_read_small,native,1,1491.499493,1,
host_read_small,wasm,1,2246.983088,1,
host_read_small,native,2,2502.92877,1,
host_read_small,wasm,2,2941.749307,1,
host_read_small,native,3,2982.637512,1,
host_read_small,wasm,3,2987.474074,1,
host_read_small,native,4,2611.968076,1,
host_read_small,wasm,4,3559.916492,1,
host_read_small,native,5,2725.016207,1,
host_read_small,wasm,5,2872.846355,1,
host_read_small,native,6,2255.554373,1,
host_read_small,wasm,6,2942.305493,1,
host_read_small,native,7,2338.170617,1,
host_read_small,wasm,7,2739.464471,1,
host_read_small,native,8,2360.758694,1,
host_read_small,wasm,8,2965.52377,1,
host_read_small,native,9,2366.454707,1,
host_read_small,wasm,9,2949.916171,1,
host_read_small,native,10,2274.328499,1,
host_read_small,wasm,10,3423.356737,1,
host_read_small,native,11,2778.421193,1,
host_read_small,wasm,11,3210.251123,1,
host_read_small,native,12,2775.933094,1,
host_read_small,wasm,12,3224.315292,1,
host_read_small,native,13,2527.911315,1,
host_read_small,wasm,13,3168.332987,1,
host_read_small,native,14,2555.291378,1,
host_read_small,wasm,14,3149.447112,1,
host_read_small,native,15,2724.842515,1,
host_read_small,wasm,15,3160.40912,1,
host_read_small,native,16,2513.113105,1,
host_read_small,wasm,16,3168.244396,1,
host_read_small,native,17,2617.932,1,
host_read_small,wasm,17,3164.87245,1,
host_read_small,native,18,2654.818683,1,
host_read_small,wasm,18,2569.019327,1,
host_read_small,native,19,1857.58037,1,
host_read_small,wasm,19,2252.538417,1,
host_read_small,native,20,1826.141938,1,
host_read_small,wasm,20,2455.080602,1,
host_read_small,native,21,1835.300825,1,
host_read_small,wasm,21,2208.353348,1,
host_read_small,native,22,1888.410592,1,
host_read_small,wasm,22,2353.440743,1,
host_read_small,native,23,1859.661858,1,
host_read_small,wasm,23,2197.239206,1,
host_read_small,native,24,2236.461825,1,
host_read_small,wasm,24,2288.473817,1,
host_read_small,native,25,1834.971698,1,
host_read_small,wasm,25,2302.683963,1,
host_read_small,native,26,1898.963126,1,
host_read_small,wasm,26,2841.691565,1,
host_read_small,native,27,2683.13742,1,
host_read_small,wasm,27,2491.258006,1,
host_read_small,native,28,2711.12586,1,
host_read_small,wasm,28,2604.999272,1,
host_read_small,native,29,2749.863454,1,
host_read_small,wasm,29,2520.271221,1,
host_read_small,native,30,2589.655451,1,
host_read_small,wasm,30,2608.858577,1,
host_stat_loop,native,1,198.935621,1,
host_stat_loop,wasm,1,574.923641,1,
host_stat_loop,native,2,179.48775,1,
host_stat_loop,wasm,2,340.787233,1,
host_stat_loop,native,3,218.341108,1,
host_stat_loop,wasm,3,355.086932,1,
host_stat_loop,native,4,196.658513,1,
host_stat_loop,wasm,4,368.305924,1,
host_stat_loop,native,5,203.693799,1,
host_stat_loop,wasm,5,394.372913,1,
host_stat_loop,native,6,179.859141,1,
host_stat_loop,wasm,6,436.734014,1,
host_stat_loop,native,7,365.585113,1,
host_stat_loop,wasm,7,527.650982,1,
host_stat_loop,native,8,179.302743,1,
host_stat_loop,wasm,8,542.945459,1,
host_stat_loop,native,9,164.225222,1,
host_stat_loop,wasm,9,363.685156,1,
host_stat_loop,native,10,181.68528,1,
host_stat_loop,wasm,10,362.14983,1,
host_stat_loop,native,11,168.216569,1,
host_stat_loop,wasm,11,356.177246,1,
host_stat_loop,native,12,162.601904,1,
host_stat_loop,wasm,12,402.604692,1,
host_stat_loop,native,13,255.359041,1,
host_stat_loop,wasm,13,472.389368,1,
host_stat_loop,native,14,179.79552,1,
host_stat_loop,wasm,14,682.26608,1,
host_stat_loop,native,15,208.557972,1,
host_stat_loop,wasm,15,422.735053,1,
host_stat_loop,native,16,154.471984,1,
host_stat_loop,wasm,16,321.203182,1,
host_stat_loop,native,17,176.366591,1,
host_stat_loop,wasm,17,496.480237,1,
host_stat_loop,native,18,223.152413,1,
host_stat_loop,wasm,18,363.61019,1,
host_stat_loop,native,19,155.549243,1,
host_stat_loop,wasm,19,331.911595,1,
host_stat_loop,native,20,147.540544,1,
host_stat_loop,wasm,20,347.59095,1,
host_stat_loop,native,21,194.10324,1,
host_stat_loop,wasm,21,382.489344,1,
host_stat_loop,native,22,156.444562,1,
host_stat_loop,wasm,22,325.064922,1,
host_stat_loop,native,23,162.758992,1,
host_stat_loop,wasm,23,410.059188,1,
host_stat_loop,native,24,143.689148,1,
host_stat_loop,wasm,24,313.157397,1,
host_stat_loop,native,25,142.42819,1,
host_stat_loop,wasm,25,557.240634,1,
host_stat_loop,native,26,176.535927,1,
host_stat_loop,wasm,26,340.450526,1,
host_stat_loop,native,27,138.383645,1,
host_stat_loop,wasm,27,342.374639,1,
host_stat_loop,native,28,154.133983,1,
host_stat_loop,wasm,28,321.373899,1,
host_stat_loop,native,29,151.299331,1,
host_stat_loop,wasm,29,423.265121,1,
host_stat_loop,native,30,182.991518,1,
host_stat_loop,wasm,30,346.986139,1,
host_time_loop,native,1,5.239981,1,
host_time_loop,wasm,1,14.413334,1,
host_time_loop,native,2,4.955143,1,
host_time_loop,wasm,2,16.024961,1,
host_time_loop,native,3,5.154981,1,
host_time_loop,wasm,3,14.974697,1,
host_time_loop,native,4,9.805602,1,
host_time_loop,wasm,4,15.175598,1,
host_time_loop,native,5,5.209241,1,
host_time_loop,wasm,5,15.92119,1,
host_time_loop,native,6,5.118723,1,
host_time_loop,wasm,6,15.092913,1,
host_time_loop,native,7,5.051717,1,
host_time_loop,wasm,7,16.604494,1,
host_time_loop,native,8,4.836221,1,
host_time_loop,wasm,8,21.645255,1,
host_time_loop,native,9,7.351972,1,
host_time_loop,wasm,9,14.213837,1,
host_time_loop,native,10,4.894766,1,
host_time_loop,wasm,10,14.550251,1,
host_time_loop,native,11,5.773162,1,
host_time_loop,wasm,11,13.559553,1,
host_time_loop,native,12,6.021867,1,
host_time_loop,wasm,12,14.887796,1,
host_time_loop,native,13,4.448007,1,
host_time_loop,wasm,13,14.001419,1,
host_time_loop,native,14,4.963725,1,
host_time_loop,wasm,14,13.347565,1,
host_time_loop,native,15,6.305749,1,
host_time_loop,wasm,15,15.855382,1,
host_time_loop,native,16,5.214731,1,
host_time_loop,wasm,16,14.756799,1,
host_time_loop,native,17,5.550954,1,
host_time_loop,wasm,17,14.40335,1,
host_time_loop,native,18,5.808575,1,
host_time_loop,wasm,18,15.823485,1,
host_time_loop,native,19,5.127944,1,
host_time_loop,wasm,19,14.504916,1,
host_time_loop,native,20,5.136204,1,
host_time_loop,wasm,20,14.671325,1,
host_time_loop,native,21,4.938852,1,
host_time_loop,wasm,21,13.939529,1,
host_time_loop,native,22,5.341738,1,
host_time_loop,wasm,22,14.612934,1,
host_time_loop,native,23,4.844093,1,
host_time_loop,wasm,23,16.482929,1,
host_time_loop,native,24,5.295419,1,
host_time_loop,wasm,24,14.611893,1,
host_time_loop,native,25,5.004713,1,
host_time_loop,wasm,25,16.065792,1,
host_time_loop,native,26,5.022335,1,
host_time_loop,wasm,26,15.544543,1,
host_time_loop,native,27,5.276394,1,
host_time_loop,wasm,27,15.555114,1,
host_time_loop,native,28,6.085085,1,
host_time_loop,wasm,28,16.237132,1,
host_time_loop,native,29,5.48371,1,
host_time_loop,wasm,29,18.313947,1,
host_time_loop,native,30,5.01503,1,
host_time_loop,wasm,30,17.727123,1,
host_write_small,native,1,2810.223797,1,
host_write_small,wasm,1,3475.323298,1,
host_write_small,native,2,2829.83607,1,
host_write_small,wasm,2,3312.353558,1,
host_write_small,native,3,2934.169278,1,
host_write_small,wasm,3,3485.112597,1,
host_write_small,native,4,2763.519449,1,
host_write_small,wasm,4,3291.185057,1,
host_write_small,native,5,1843.005631,1,
host_write_small,wasm,5,2213.832324,1,
host_write_small,native,6,1862.382302,1,
host_write_small,wasm,6,1959.711904,1,
host_write_small,native,7,1817.850792,1,
host_write_small,wasm,7,1987.756713,1,
host_write_small,native,8,1821.881882,1,
host_write_small,wasm,8,2021.862125,1,
host_write_small,native,9,1843.666617,1,
host_write_small,wasm,9,1992.035517,1,
host_write_small,native,10,1712.658006,1,
host_write_small,wasm,10,2173.176603,1,
host_write_small,native,11,1956.255682,1,
host_write_small,wasm,11,2049.976679,1,
host_write_small,native,12,1837.738921,1,
host_write_small,wasm,12,1883.365311,1,
host_write_small,native,13,1803.986677,1,
host_write_small,wasm,13,2249.995398,1,
host_write_small,native,14,1749.941187,1,
host_write_small,wasm,14,2007.795775,1,
host_write_small,native,15,1795.155377,1,
host_write_small,wasm,15,2036.835657,1,
host_write_small,native,16,1773.854669,1,
host_write_small,wasm,16,2045.39165,1,
host_write_small,native,17,1791.25336,1,
host_write_small,wasm,17,2030.359457,1,
host_write_small,native,18,1721.773366,1,
host_write_small,wasm,18,2010.378171,1,
host_write_small,native,19,1821.754952,1,
host_write_small,wasm,19,1962.534322,1,
host_write_small,native,20,1827.584717,1,
host_write_small,wasm,20,1936.0558,1,
host_write_small,native,21,1833.910927,1,
host_write_small,wasm,21,1989.268218,1,
host_write_small,native,22,1879.182556,1,
host_write_small,wasm,22,2155.245281,1,
host_write_small,native,23,1722.162528,1,
host_write_small,wasm,23,2092.813937,1,
host_write_small,native,24,1857.42811,1,
host_write_small,wasm,24,2015.196573,1,
host_write_small,native,25,1819.685269,1,
host_write_small,wasm,25,2201.402114,1,
host_write_small,native,26,1724.936874,1,
host_write_small,wasm,26,2003.945842,1,
host_write_small,native,27,1818.618848,1,
host_write_small,wasm,27,2014.403297,1,
host_write_small,native,28,1811.937179,1,
host_write_small,wasm,28,1918.75555,1,
host_write_small,native,29,1847.997066,1,
host_write_small,wasm,29,2012.357187,1,
host_write_small,native,30,1789.877804,1,
host_write_small,wasm,30,2065.430635,1,
memory_copy_loop,native,1,10.213035,1,
memory_copy_loop,wasm,1,20.08622,1,
memory_copy_loop,native,2,9.624225,1,
memory_copy_loop,wasm,2,24.962137,1,
memory_copy_loop,native,3,10.311933,1,
memory_copy_loop,wasm,3,22.980513,1,
memory_copy_loop,native,4,10.66141,1,
memory_copy_loop,wasm,4,20.751707,1,
memory_copy_loop,native,5,11.100997,1,
memory_copy_loop,wasm,5,20.66125,1,
memory_copy_loop,native,6,9.655957,1,
memory_copy_loop,wasm,6,19.693353,1,
memory_copy_loop,native,7,9.237389,1,
memory_copy_loop,wasm,7,20.531638,1,
memory_copy_loop,native,8,9.463692,1,
memory_copy_loop,wasm,8,21.016609,1,
memory_copy_loop,native,9,10.719399,1,
memory_copy_loop,wasm,9,27.883319,1,
memory_copy_loop,native,10,12.616015,1,
memory_copy_loop,wasm,10,24.234887,1,
memory_copy_loop,native,11,10.969831,1,
memory_copy_loop,wasm,11,25.786912,1,
memory_copy_loop,native,12,11.619525,1,
memory_copy_loop,wasm,12,21.506048,1,
memory_copy_loop,native,13,11.859615,1,
memory_copy_loop,wasm,13,22.930236,1,
memory_copy_loop,native,14,10.457573,1,
memory_copy_loop,wasm,14,23.235941,1,
memory_copy_loop,native,15,13.95665,1,
memory_copy_loop,wasm,15,35.354197,1,
memory_copy_loop,native,16,14.063545,1,
memory_copy_loop,wasm,16,24.569269,1,
memory_copy_loop,native,17,11.479031,1,
memory_copy_loop,wasm,17,20.953858,1,
memory_copy_loop,native,18,8.903408,1,
memory_copy_loop,wasm,18,20.162465,1,
memory_copy_loop,native,19,9.502642,1,
memory_copy_loop,wasm,19,24.578666,1,
memory_copy_loop,native,20,9.660653,1,
memory_copy_loop,wasm,20,22.570539,1,
memory_copy_loop,native,21,8.401602,1,
memory_copy_loop,wasm,21,19.232395,1,
memory_copy_loop,native,22,8.15433,1,
memory_copy_loop,wasm,22,19.405501,1,
memory_copy_loop,native,23,10.26374,1,
memory_copy_loop,wasm,23,22.170301,1,
memory_copy_loop,native,24,8.865013,1,
memory_copy_loop,wasm,24,19.714227,1,
memory_copy_loop,native,25,9.682998,1,
memory_copy_loop,wasm,25,20.250985,1,
memory_copy_loop,native,26,9.626458,1,
memory_copy_loop,wasm,26,22.873448,1,
memory_copy_loop,native,27,10.950865,1,
memory_copy_loop,wasm,27,23.848709,1,
memory_copy_loop,native,28,11.793844,1,
memory_copy_loop,wasm,28,23.594728,1,
memory_copy_loop,native,29,9.060267,1,
memory_copy_loop,wasm,29,22.863461,1,
memory_copy_loop,native,30,9.211986,1,
memory_copy_loop,wasm,30,21.849319,1,
memory_random_read,native,1,1868.422503,1,
memory_random_read,wasm,1,2450.954825,1,
memory_random_read,native,2,1680.587383,1,
memory_random_read,wasm,2,2006.213367,1,
memory_random_read,native,3,1834.892631,1,
memory_random_read,wasm,3,2693.923654,1,
memory_random_read,native,4,2376.271109,1,
memory_random_read,wasm,4,3365.833149,1,
memory_random_read,native,5,2227.083545,1,
memory_random_read,wasm,5,2045.090062,1,
memory_random_read,native,6,1794.610088,1,
memory_random_read,wasm,6,1970.18394,1,
memory_random_read,native,7,1961.576869,1,
memory_random_read,wasm,7,2378.568269,1,
memory_random_read,native,8,2122.355554,1,
memory_random_read,wasm,8,2267.483502,1,
memory_random_read,native,9,1684.141959,1,
memory_random_read,wasm,9,2149.644284,1,
memory_random_read,native,10,2335.026936,1,
memory_random_read,wasm,10,1984.530495,1,
memory_random_read,native,11,1703.091939,1,
memory_random_read,wasm,11,1971.311602,1,
memory_random_read,native,12,1530.748926,1,
memory_random_read,wasm,12,1972.4322,1,
memory_random_read,native,13,2169.652437,1,
memory_random_read,wasm,13,2710.435648,1,
memory_random_read,native,14,2203.951159,1,
memory_random_read,wasm,14,2061.347395,1,
memory_random_read,native,15,1350.928887,1,
memory_random_read,wasm,15,1627.080028,1,
memory_random_read,native,16,1316.077895,1,
memory_random_read,wasm,16,1581.783949,1,
memory_random_read,native,17,1293.995435,1,
memory_random_read,wasm,17,1697.520973,1,
memory_random_read,native,18,1673.55939,1,
memory_random_read,wasm,18,2328.161795,1,
memory_random_read,native,19,1249.50124,1,
memory_random_read,wasm,19,1567.81051,1,
memory_random_read,native,20,1408.141605,1,
memory_random_read,wasm,20,1728.578521,1,
memory_random_read,native,21,1333.761409,1,
memory_random_read,wasm,21,1739.276204,1,
memory_random_read,native,22,1233.475486,1,
memory_random_read,wasm,22,1705.58404,1,
memory_random_read,native,23,1308.300732,1,
memory_random_read,wasm,23,1675.975683,1,
memory_random_read,native,24,1247.163773,1,
memory_random_read,wasm,24,1544.34816,1,
memory_random_read,native,25,1242.550685,1,
memory_random_read,wasm,25,1553.766958,1,
memory_random_read,native,26,1158.92903,1,
memory_random_read,wasm,26,1538.618278,1,
memory_random_read,native,27,1486.610547,1,
memory_random_read,wasm,27,1666.936534,1,
memory_random_read,native,28,1268.92292,1,
memory_random_read,wasm,28,1558.96901,1,
memory_random_read,native,29,1330.985426,1,
memory_random_read,wasm,29,1561.230225,1,
memory_random_read,native,30,1259.025905,1,
memory_random_read,wasm,30,1533.534463,1,
memory_random_write,native,1,978.027659,1,
memory_random_write,wasm,1,1318.893571,1,
memory_random_write,native,2,979.928284,1,
memory_random_write,wasm,2,1073.00974,1,
memory_random_write,native,3,817.59969,1,
memory_random_write,wasm,3,1101.110048,1,
memory_random_write,native,4,944.62796,1,
memory_random_write,wasm,4,1264.411884,1,
memory_random_write,native,5,1029.273092,1,
memory_random_write,wasm,5,1142.932591,1,
memory_random_write,native,6,907.199529,1,
memory_random_write,wasm,6,1001.306418,1,
memory_random_write,native,7,756.559875,1,
memory_random_write,wasm,7,1056.22363,1,
memory_random_write,native,8,828.736487,1,
memory_random_write,wasm,8,1108.86634,1,
memory_random_write,native,9,1214.776507,1,
memory_random_write,wasm,9,1456.252906,1,
memory_random_write,native,10,1318.601295,1,
memory_random_write,wasm,10,1328.316621,1,
memory_random_write,native,11,691.750301,1,
memory_random_write,wasm,11,941.756548,1,
memory_random_write,native,12,804.110138,1,
memory_random_write,wasm,12,910.593013,1,
memory_random_write,native,13,724.512593,1,
memory_random_write,wasm,13,981.678411,1,
memory_random_write,native,14,761.934005,1,
memory_random_write,wasm,14,910.707005,1,
memory_random_write,native,15,590.188807,1,
memory_random_write,wasm,15,982.761085,1,
memory_random_write,native,16,640.807747,1,
memory_random_write,wasm,16,795.749204,1,
memory_random_write,native,17,589.037702,1,
memory_random_write,wasm,17,855.547405,1,
memory_random_write,native,18,697.093051,1,
memory_random_write,wasm,18,751.501752,1,
memory_random_write,native,19,600.386346,1,
memory_random_write,wasm,19,829.491912,1,
memory_random_write,native,20,704.205429,1,
memory_random_write,wasm,20,784.044737,1,
memory_random_write,native,21,665.791712,1,
memory_random_write,wasm,21,833.142686,1,
memory_random_write,native,22,617.826062,1,
memory_random_write,wasm,22,836.681127,1,
memory_random_write,native,23,634.227454,1,
memory_random_write,wasm,23,877.506779,1,
memory_random_write,native,24,686.152634,1,
memory_random_write,wasm,24,807.233232,1,
memory_random_write,native,25,659.201488,1,
memory_random_write,wasm,25,872.554146,1,
memory_random_write,native,26,629.783075,1,
memory_random_write,wasm,26,783.031114,1,
memory_random_write,native,27,602.582329,1,
memory_random_write,wasm,27,883.478369,1,
memory_random_write,native,28,610.05758,1,
memory_random_write,wasm,28,779.410605,1,
memory_random_write,native,29,596.931173,1,
memory_random_write,wasm,29,911.855028,1,
memory_random_write,native,30,661.798782,1,
memory_random_write,wasm,30,1105.055483,1,
memory_seq_read,native,1,16.27584,1,
memory_seq_read,wasm,1,29.743016,1,
memory_seq_read,native,2,19.937649,1,
memory_seq_read,wasm,2,31.8077,1,
memory_seq_read,native,3,15.653208,1,
memory_seq_read,wasm,3,27.311132,1,
memory_seq_read,native,4,17.816379,1,
memory_seq_read,wasm,4,27.172685,1,
memory_seq_read,native,5,16.311322,1,
memory_seq_read,wasm,5,23.123818,1,
memory_seq_read,native,6,14.188716,1,
memory_seq_read,wasm,6,20.371624,1,
memory_seq_read,native,7,14.032989,1,
memory_seq_read,wasm,7,20.53175,1,
memory_seq_read,native,8,13.313792,1,
memory_seq_read,wasm,8,21.775726,1,
memory_seq_read,native,9,17.500869,1,
memory_seq_read,wasm,9,22.040196,1,
memory_seq_read,native,10,14.950267,1,
memory_seq_read,wasm,10,24.00952,1,
memory_seq_read,native,11,16.677008,1,
memory_seq_read,wasm,11,21.301016,1,
memory_seq_read,native,12,14.629186,1,
memory_seq_read,wasm,12,21.166084,1,
memory_seq_read,native,13,16.364874,1,
memory_seq_read,wasm,13,22.115351,1,
memory_seq_read,native,14,12.596643,1,
memory_seq_read,wasm,14,21.482618,1,
memory_seq_read,native,15,17.456284,1,
memory_seq_read,wasm,15,22.01983,1,
memory_seq_read,native,16,15.582069,1,
memory_seq_read,wasm,16,21.507626,1,
memory_seq_read,native,17,14.904182,1,
memory_seq_read,wasm,17,22.275575,1,
memory_seq_read,native,18,17.187689,1,
memory_seq_read,wasm,18,27.400555,1,
memory_seq_read,native,19,17.418734,1,
memory_seq_read,wasm,19,24.411416,1,
memory_seq_read,native,20,14.014046,1,
memory_seq_read,wasm,20,23.870362,1,
memory_seq_read,native,21,15.926431,1,
memory_seq_read,wasm,21,22.076975,1,
memory_seq_read,native,22,12.777379,1,
memory_seq_read,wasm,22,23.152569,1,
memory_seq_read,native,23,14.449939,1,
memory_seq_read,wasm,23,21.482809,1,
memory_seq_read,native,24,13.994084,1,
memory_seq_read,wasm,24,24.934953,1,
memory_seq_read,native,25,16.252288,1,
memory_seq_read,wasm,25,24.130412,1,
memory_seq_read,native,26,15.481956,1,
memory_seq_read,wasm,26,23.440887,1,
memory_seq_read,native,27,16.712101,1,
memory_seq_read,wasm,27,20.940773,1,
memory_seq_read,native,28,15.63654,1,
memory_seq_read,wasm,28,23.716068,1,
memory_seq_read,native,29,15.867432,1,
memory_seq_read,wasm,29,88.156381,1,
memory_seq_read,native,30,14.004839,1,
memory_seq_read,wasm,30,21.637108,1,
memory_seq_write,native,1,56.447413,1,
memory_seq_write,wasm,1,83.443718,1,
memory_seq_write,native,2,57.694876,1,
memory_seq_write,wasm,2,86.076605,1,
memory_seq_write,native,3,58.471696,1,
memory_seq_write,wasm,3,83.660802,1,
memory_seq_write,native,4,60.866656,1,
memory_seq_write,wasm,4,87.124328,1,
memory_seq_write,native,5,61.819562,1,
memory_seq_write,wasm,5,93.793735,1,
memory_seq_write,native,6,66.097899,1,
memory_seq_write,wasm,6,93.719473,1,
memory_seq_write,native,7,65.57607,1,
memory_seq_write,wasm,7,88.446534,1,
memory_seq_write,native,8,62.521773,1,
memory_seq_write,wasm,8,87.719362,1,
memory_seq_write,native,9,61.952822,1,
memory_seq_write,wasm,9,88.212774,1,
memory_seq_write,native,10,60.496548,1,
memory_seq_write,wasm,10,84.872664,1,
memory_seq_write,native,11,61.579245,1,
memory_seq_write,wasm,11,78.968073,1,
memory_seq_write,native,12,59.642228,1,
memory_seq_write,wasm,12,86.063475,1,
memory_seq_write,native,13,66.459068,1,
memory_seq_write,wasm,13,84.246029,1,
memory_seq_write,native,14,62.810644,1,
memory_seq_write,wasm,14,87.099894,1,
memory_seq_write,native,15,60.732318,1,
memory_seq_write,wasm,15,86.31871,1,
memory_seq_write,native,16,60.711244,1,
memory_seq_write,wasm,16,89.656763,1,
memory_seq_write,native,17,60.018521,1,
memory_seq_write,wasm,17,89.350979,1,
memory_seq_write,native,18,61.671468,1,
memory_seq_write,wasm,18,83.615309,1,
memory_seq_write,native,19,94.420602,1,
memory_seq_write,wasm,19,93.740306,1,
memory_seq_write,native,20,66.215115,1,
memory_seq_write,wasm,20,90.189402,1,
memory_seq_write,native,21,58.655076,1,
memory_seq_write,wasm,21,88.73746,1,
memory_seq_write,native,22,56.735468,1,
memory_seq_write,wasm,22,85.1372,1,
memory_seq_write,native,23,63.587324,1,
memory_seq_write,wasm,23,85.213734,1,
memory_seq_write,native,24,65.367173,1,
memory_seq_write,wasm,24,85.079116,1,
memory_seq_write,native,25,63.400025,1,
memory_seq_write,wasm,25,102.291584,1,
memory_seq_write,native,26,67.711261,1,
memory_seq_write,wasm,26,90.633148,1,
memory_seq_write,native,27,62.196811,1,
memory_seq_write,wasm,27,99.345218,1,
memory_seq_write,native,28,62.103807,1,
memory_seq_write,wasm,28,93.825806,1,
memory_seq_write,native,29,65.900858,1,
memory_seq_write,wasm,29,85.716447,1,
memory_seq_write,native,30,61.436903,1,
memory_seq_write,wasm,30,82.648085,1,
memory_stride_read,native,1,58.083858,1,
memory_stride_read,wasm,1,56.493005,1,
memory_stride_read,native,2,51.994153,1,
memory_stride_read,wasm,2,55.993021,1,
memory_stride_read,native,3,52.183318,1,
memory_stride_read,wasm,3,59.389229,1,
memory_stride_read,native,4,53.714206,1,
memory_stride_read,wasm,4,69.682937,1,
memory_stride_read,native,5,53.241698,1,
memory_stride_read,wasm,5,67.622433,1,
memory_stride_read,native,6,56.776987,1,
memory_stride_read,wasm,6,67.382187,1,
memory_stride_read,native,7,57.64165,1,
memory_stride_read,wasm,7,66.458616,1,
memory_stride_read,native,8,54.109416,1,
memory_stride_read,wasm,8,60.805721,1,
memory_stride_read,native,9,53.104228,1,
memory_stride_read,wasm,9,91.91466,1,
memory_stride_read,native,10,55.362069,1,
memory_stride_read,wasm,10,64.024512,1,
memory_stride_read,native,11,53.363001,1,
memory_stride_read,wasm,11,59.874603,1,
memory_stride_read,native,12,50.795682,1,
memory_stride_read,wasm,12,60.084385,1,
memory_stride_read,native,13,57.971446,1,
memory_stride_read,wasm,13,59.340002,1,
memory_stride_read,native,14,55.259012,1,
memory_stride_read,wasm,14,60.145674,1,
memory_stride_read,native,15,51.096569,1,
memory_stride_read,wasm,15,56.400238,1,
memory_stride_read,native,16,50.449966,1,
memory_stride_read,wasm,16,66.882307,1,
memory_stride_read,native,17,69.602558,1,
memory_stride_read,wasm,17,83.269695,1,
memory_stride_read,native,18,68.132643,1,
memory_stride_read,wasm,18,66.769097,1,
memory_stride_read,native,19,53.765097,1,
memory_stride_read,wasm,19,61.898195,1,
memory_stride_read,native,20,56.800472,1,
memory_stride_read,wasm,20,60.103688,1,
memory_stride_read,native,21,60.731483,1,
memory_stride_read,wasm,21,63.036434,1,
memory_stride_read,native,22,52.352076,1,
memory_stride_read,wasm,22,58.70134,1,
memory_stride_read,native,23,56.315439,1,
memory_stride_read,wasm,23,59.857124,1,
memory_stride_read,native,24,56.240089,1,
memory_stride_read,wasm,24,58.689958,1,
memory_stride_read,native,25,54.464805,1,
memory_stride_read,wasm,25,57.505426,1,
memory_stride_read,native,26,61.687053,1,
memory_stride_read,wasm,26,71.894798,1,
memory_stride_read,native,27,66.291735,1,
memory_stride_read,wasm,27,64.625048,1,
memory_stride_read,native,28,61.658357,1,
memory_stride_read,wasm,28,68.646989,1,
memory_stride_read,native,29,57.972203,1,
memory_stride_read,wasm,29,61.586016,1,
memory_stride_read,native,30,50.656745,1,
memory_stride_read,wasm,30,61.318109,1,
memory_stride_write,native,1,80.505454,1,
memory_stride_write,wasm,1,68.345518,1,
memory_stride_write,native,2,104.713541,1,
memory_stride_write,wasm,2,94.994346,1,
memory_stride_write,native,3,65.330485,1,
memory_stride_write,wasm,3,67.413272,1,
memory_stride_write,native,4,71.185958,1,
memory_stride_write,wasm,4,73.865194,1,
memory_stride_write,native,5,62.147516,1,
memory_stride_write,wasm,5,70.545799,1,
memory_stride_write,native,6,66.735728,1,
memory_stride_write,wasm,6,67.912023,1,
memory_stride_write,native,7,66.203876,1,
memory_stride_write,wasm,7,67.915089,1,
memory_stride_write,native,8,64.60831,1,
memory_stride_write,wasm,8,68.312307,1,
memory_stride_write,native,9,72.062457,1,
memory_stride_write,wasm,9,71.146223,1,
memory_stride_write,native,10,75.321198,1,
memory_stride_write,wasm,10,69.977625,1,
memory_stride_write,native,11,68.14152,1,
memory_stride_write,wasm,11,65.688735,1,
memory_stride_write,native,12,68.158489,1,
memory_stride_write,wasm,12,68.973454,1,
memory_stride_write,native,13,68.77315,1,
memory_stride_write,wasm,13,69.536153,1,
memory_stride_write,native,14,68.444092,1,
memory_stride_write,wasm,14,65.820061,1,
memory_stride_write,native,15,65.312662,1,
memory_stride_write,wasm,15,65.492207,1,
memory_stride_write,native,16,71.629857,1,
memory_stride_write,wasm,16,67.119214,1,
memory_stride_write,native,17,67.835728,1,
memory_stride_write,wasm,17,69.434378,1,
memory_stride_write,native,18,62.247254,1,
memory_stride_write,wasm,18,67.268772,1,
memory_stride_write,native,19,64.971109,1,
memory_stride_write,wasm,19,64.155949,1,
memory_stride_write,native,20,71.039814,1,
memory_stride_write,wasm,20,69.979817,1,
memory_stride_write,native,21,64.40509,1,
memory_stride_write,wasm,21,63.526657,1,
memory_stride_write,native,22,64.74332,1,
memory_stride_write,wasm,22,65.700102,1,
memory_stride_write,native,23,65.345989,1,
memory_stride_write,wasm,23,71.808554,1,
memory_stride_write,native,24,72.366603,1,
memory_stride_write,wasm,24,116.492311,1,
memory_stride_write,native,25,71.485062,1,
memory_stride_write,wasm,25,69.563143,1,
memory_stride_write,native,26,68.3018,1,
memory_stride_write,wasm,26,83.236729,1,
memory_stride_write,native,27,69.557315,1,
memory_stride_write,wasm,27,69.636677,1,
memory_stride_write,native,28,64.752223,1,
memory_stride_write,wasm,28,71.75185,1,
memory_stride_write,native,29,67.341106,1,
memory_stride_write,wasm,29,66.907814,1,
memory_stride_write,native,30,66.074674,1,
memory_stride_write,wasm,30,64.184919,1,
poly_2mm,native,1,28.342229,1,
poly_2mm,wasm,1,30.348145,1,
poly_2mm,native,2,24.819096,1,
poly_2mm,wasm,2,33.621282,1,
poly_2mm,native,3,25.552286,1,
poly_2mm,wasm,3,34.94915,1,
poly_2mm,native,4,25.721258,1,
poly_2mm,wasm,4,32.972741,1,
poly_2mm,native,5,24.403781,1,
poly_2mm,wasm,5,30.667371,1,
poly_2mm,native,6,22.92854,1,
poly_2mm,wasm,6,30.077535,1,
poly_2mm,native,7,24.324721,1,
poly_2mm,wasm,7,32.155531,1,
poly_2mm,native,8,25.375434,1,
poly_2mm,wasm,8,28.296831,1,
poly_2mm,native,9,23.511772,1,
poly_2mm,wasm,9,31.491286,1,
poly_2mm,native,10,26.828189,1,
poly_2mm,wasm,10,32.695211,1,
poly_2mm,native,11,26.891935,1,
poly_2mm,wasm,11,32.0466,1,
poly_2mm,native,12,22.861497,1,
poly_2mm,wasm,12,31.627175,1,
poly_2mm,native,13,27.028929,1,
poly_2mm,wasm,13,33.967641,1,
poly_2mm,native,14,26.273957,1,
poly_2mm,wasm,14,40.128408,1,
poly_2mm,native,15,27.715482,1,
poly_2mm,wasm,15,31.669486,1,
poly_2mm,native,16,26.995806,1,
poly_2mm,wasm,16,30.604663,1,
poly_2mm,native,17,29.740569,1,
poly_2mm,wasm,17,34.423161,1,
poly_2mm,native,18,25.560778,1,
poly_2mm,wasm,18,32.67486,1,
poly_2mm,native,19,24.274231,1,
poly_2mm,wasm,19,32.277912,1,
poly_2mm,native,20,26.601878,1,
poly_2mm,wasm,20,35.2753,1,
poly_2mm,native,21,25.252004,1,
poly_2mm,wasm,21,29.946565,1,
poly_2mm,native,22,24.599555,1,
poly_2mm,wasm,22,32.00032,1,
poly_2mm,native,23,28.852791,1,
poly_2mm,wasm,23,32.259823,1,
poly_2mm,native,24,30.90333,1,
poly_2mm,wasm,24,30.866671,1,
poly_2mm,native,25,24.910107,1,
poly_2mm,wasm,25,32.571247,1,
poly_2mm,native,26,25.084423,1,
poly_2mm,wasm,26,31.67108,1,
poly_2mm,native,27,27.111802,1,
poly_2mm,wasm,27,34.772991,1,
poly_2mm,native,28,27.755346,1,
poly_2mm,wasm,28,39.679625,1,
poly_2mm,native,29,24.332446,1,
poly_2mm,wasm,29,37.884958,1,
poly_2mm,native,30,25.742147,1,
poly_2mm,wasm,30,32.682585,1,
poly_3mm,native,1,31.641413,1,
poly_3mm,wasm,1,40.26542,1,
poly_3mm,native,2,78.496113,1,
poly_3mm,wasm,2,58.544936,1,
poly_3mm,native,3,41.598245,1,
poly_3mm,wasm,3,46.051544,1,
poly_3mm,native,4,46.003268,1,
poly_3mm,wasm,4,45.128246,1,
poly_3mm,native,5,39.286085,1,
poly_3mm,wasm,5,52.77858,1,
poly_3mm,native,6,36.201942,1,
poly_3mm,wasm,6,44.472905,1,
poly_3mm,native,7,36.574076,1,
poly_3mm,wasm,7,40.46673,1,
poly_3mm,native,8,36.275475,1,
poly_3mm,wasm,8,39.035257,1,
poly_3mm,native,9,35.43716,1,
poly_3mm,wasm,9,40.009784,1,
poly_3mm,native,10,40.089082,1,
poly_3mm,wasm,10,38.55302,1,
poly_3mm,native,11,33.421673,1,
poly_3mm,wasm,11,40.452542,1,
poly_3mm,native,12,33.028822,1,
poly_3mm,wasm,12,38.603388,1,
poly_3mm,native,13,32.514037,1,
poly_3mm,wasm,13,42.180506,1,
poly_3mm,native,14,35.275551,1,
poly_3mm,wasm,14,41.427489,1,
poly_3mm,native,15,34.313026,1,
poly_3mm,wasm,15,42.5283,1,
poly_3mm,native,16,36.701478,1,
poly_3mm,wasm,16,43.132881,1,
poly_3mm,native,17,31.533467,1,
poly_3mm,wasm,17,40.910261,1,
poly_3mm,native,18,34.833953,1,
poly_3mm,wasm,18,41.109771,1,
poly_3mm,native,19,33.81753,1,
poly_3mm,wasm,19,42.320881,1,
poly_3mm,native,20,32.590784,1,
poly_3mm,wasm,20,48.79189,1,
poly_3mm,native,21,41.714629,1,
poly_3mm,wasm,21,56.839555,1,
poly_3mm,native,22,34.894475,1,
poly_3mm,wasm,22,43.341062,1,
poly_3mm,native,23,36.657375,1,
poly_3mm,wasm,23,41.11443,1,
poly_3mm,native,24,34.253704,1,
poly_3mm,wasm,24,41.670854,1,
poly_3mm,native,25,33.953631,1,
poly_3mm,wasm,25,43.601732,1,
poly_3mm,native,26,33.983641,1,
poly_3mm,wasm,26,46.146373,1,
poly_3mm,native,27,38.205131,1,
poly_3mm,wasm,27,41.485468,1,
poly_3mm,native,28,33.779911,1,
poly_3mm,wasm,28,48.75984,1,
poly_3mm,native,29,34.958125,1,
poly_3mm,wasm,29,42.7643,1,
poly_3mm,native,30,37.989496,1,
poly_3mm,wasm,30,41.240941,1,
poly_adi,native,1,84.876123,1,
poly_adi,wasm,1,91.945315,1,
poly_adi,native,2,76.104096,1,
poly_adi,wasm,2,89.901036,1,
poly_adi,native,3,119.175197,1,
poly_adi,wasm,3,91.056654,1,
poly_adi,native,4,82.597473,1,
poly_adi,wasm,4,93.212265,1,
poly_adi,native,5,81.435474,1,
poly_adi,wasm,5,89.901415,1,
poly_adi,native,6,77.885781,1,
poly_adi,wasm,6,92.684513,1,
poly_adi,native,7,86.081149,1,
poly_adi,wasm,7,87.965193,1,
poly_adi,native,8,81.424475,1,
poly_adi,wasm,8,91.103724,1,
poly_adi,native,9,86.897601,1,
poly_adi,wasm,9,91.920225,1,
poly_adi,native,10,84.899277,1,
poly_adi,wasm,10,89.565472,1,
poly_adi,native,11,77.907035,1,
poly_adi,wasm,11,88.904593,1,
poly_adi,native,12,77.714284,1,
poly_adi,wasm,12,88.605164,1,
poly_adi,native,13,76.932862,1,
poly_adi,wasm,13,88.021966,1,
poly_adi,native,14,77.018119,1,
poly_adi,wasm,14,87.314815,1,
poly_adi,native,15,79.828684,1,
poly_adi,wasm,15,87.086709,1,
poly_adi,native,16,74.984966,1,
poly_adi,wasm,16,97.074344,1,
poly_adi,native,17,89.596426,1,
poly_adi,wasm,17,92.448883,1,
poly_adi,native,18,77.661286,1,
poly_adi,wasm,18,86.368167,1,
poly_adi,native,19,71.653773,1,
poly_adi,wasm,19,82.020647,1,
poly_adi,native,20,73.394525,1,
poly_adi,wasm,20,82.455676,1,
poly_adi,native,21,96.503131,1,
poly_adi,wasm,21,91.64171,1,
poly_adi,native,22,78.462156,1,
poly_adi,wasm,22,87.334549,1,
poly_adi,native,23,78.129327,1,
poly_adi,wasm,23,84.295312,1,
poly_adi,native,24,75.664167,1,
poly_adi,wasm,24,87.06551,1,
poly_adi,native,25,78.966805,1,
poly_adi,wasm,25,85.621211,1,
poly_adi,native,26,76.887933,1,
poly_adi,wasm,26,83.436148,1,
poly_adi,native,27,75.203718,1,
poly_adi,wasm,27,82.086831,1,
poly_adi,native,28,72.972548,1,
poly_adi,wasm,28,80.239296,1,
poly_adi,native,29,71.086095,1,
poly_adi,wasm,29,80.653916,1,
poly_adi,native,30,74.767955,1,
poly_adi,wasm,30,84.736959,1,
poly_atax,native,1,6.516425,1,
poly_atax,wasm,1,11.425065,1,
poly_atax,native,2,4.897432,1,
poly_atax,wasm,2,10.56803,1,
poly_atax,native,3,4.521378,1,
poly_atax,wasm,3,10.017281,1,
poly_atax,native,4,4.728627,1,
poly_atax,wasm,4,9.828431,1,
poly_atax,native,5,4.472019,1,
poly_atax,wasm,5,11.66876,1,
poly_atax,native,6,4.75575,1,
poly_atax,wasm,6,10.613056,1,
poly_atax,native,7,4.698082,1,
poly_atax,wasm,7,10.416601,1,
poly_atax,native,8,4.702887,1,
poly_atax,wasm,8,11.086335,1,
poly_atax,native,9,4.901042,1,
poly_atax,wasm,9,10.821575,1,
poly_atax,native,10,4.870195,1,
poly_atax,wasm,10,10.200275,1,
poly_atax,native,11,5.033244,1,
poly_atax,wasm,11,10.058119,1,
poly_atax,native,12,5.095847,1,
poly_atax,wasm,12,11.182274,1,
poly_atax,native,13,5.327123,1,
poly_atax,wasm,13,10.915856,1,
poly_atax,native,14,5.122039,1,
poly_atax,wasm,14,11.351768,1,
poly_atax,native,15,5.264096,1,
poly_atax,wasm,15,12.044538,1,
poly_atax,native,16,5.806072,1,
poly_atax,wasm,16,11.802733,1,
poly_atax,native,17,4.799849,1,
poly_atax,wasm,17,11.88512,1,
poly_atax,native,18,5.57512,1,
poly_atax,wasm,18,10.693378,1,
poly_atax,native,19,4.999975,1,
poly_atax,wasm,19,11.530582,1,
poly_atax,native,20,5.802677,1,
poly_atax,wasm,20,10.626069,1,
poly_atax,native,21,6.019701,1,
poly_atax,wasm,21,11.425442,1,
poly_atax,native,22,5.089325,1,
poly_atax,wasm,22,9.752245,1,
poly_atax,native,23,4.529515,1,
poly_atax,wasm,23,10.691411,1,
poly_atax,native,24,5.506751,1,
poly_atax,wasm,24,10.650986,1,
poly_atax,native,25,4.868716,1,
poly_atax,wasm,25,10.051534,1,
poly_atax,native,26,5.217524,1,
poly_atax,wasm,26,10.231701,1,
poly_atax,native,27,4.593408,1,
poly_atax,wasm,27,11.661917,1,
poly_atax,native,28,4.980331,1,
poly_atax,wasm,28,11.053338,1,
poly_atax,native,29,5.048191,1,
poly_atax,wasm,29,11.259196,1,
poly_atax,native,30,6.096423,1,
poly_atax,wasm,30,12.718478,1,
poly_bicg,native,1,6.323544,1,
poly_bicg,wasm,1,10.95543,1,
poly_bicg,native,2,6.426172,1,
poly_bicg,wasm,2,11.719292,1,
poly_bicg,native,3,6.980892,1,
poly_bicg,wasm,3,13.747981,1,
poly_bicg,native,4,7.030936,1,
poly_bicg,wasm,4,13.773018,1,
poly_bicg,native,5,6.274259,1,
poly_bicg,wasm,5,13.484951,1,
poly_bicg,native,6,7.375031,1,
poly_bicg,wasm,6,12.269376,1,
poly_bicg,native,7,6.358348,1,
poly_bicg,wasm,7,12.887914,1,
poly_bicg,native,8,5.859024,1,
poly_bicg,wasm,8,15.160246,1,
poly_bicg,native,9,7.421342,1,
poly_bicg,wasm,9,15.166155,1,
poly_bicg,native,10,7.077119,1,
poly_bicg,wasm,10,13.420444,1,
poly_bicg,native,11,5.097521,1,
poly_bicg,wasm,11,11.193991,1,
poly_bicg,native,12,5.552774,1,
poly_bicg,wasm,12,11.494587,1,
poly_bicg,native,13,6.412655,1,
poly_bicg,wasm,13,13.376804,1,
poly_bicg,native,14,5.185293,1,
poly_bicg,wasm,14,10.639489,1,
poly_bicg,native,15,5.373233,1,
poly_bicg,wasm,15,10.763881,1,
poly_bicg,native,16,4.640499,1,
poly_bicg,wasm,16,11.569766,1,
poly_bicg,native,17,5.967736,1,
poly_bicg,wasm,17,10.489094,1,
poly_bicg,native,18,5.572506,1,
poly_bicg,wasm,18,11.014957,1,
poly_bicg,native,19,5.911692,1,
poly_bicg,wasm,19,10.771276,1,
poly_bicg,native,20,5.634676,1,
poly_bicg,wasm,20,10.721357,1,
poly_bicg,native,21,5.334734,1,
poly_bicg,wasm,21,10.711234,1,
poly_bicg,native,22,5.244935,1,
poly_bicg,wasm,22,10.519221,1,
poly_bicg,native,23,5.579757,1,
poly_bicg,wasm,23,11.412998,1,
poly_bicg,native,24,6.522197,1,
poly_bicg,wasm,24,14.36061,1,
poly_bicg,native,25,6.994377,1,
poly_bicg,wasm,25,12.730991,1,
poly_bicg,native,26,6.030526,1,
poly_bicg,wasm,26,15.970735,1,
poly_bicg,native,27,7.457497,1,
poly_bicg,wasm,27,14.169277,1,
poly_bicg,native,28,6.842807,1,
poly_bicg,wasm,28,13.506024,1,
poly_bicg,native,29,5.863444,1,
poly_bicg,wasm,29,10.833908,1,
poly_bicg,native,30,5.014742,1,
poly_bicg,wasm,30,11.191475,1,
poly_cholesky,native,1,53.954265,1,
poly_cholesky,wasm,1,119.474439,1,
poly_cholesky,native,2,67.900832,1,
poly_cholesky,wasm,2,87.887223,1,
poly_cholesky,native,3,58.004163,1,
poly_cholesky,wasm,3,80.735115,1,
poly_cholesky,native,4,65.84892,1,
poly_cholesky,wasm,4,84.257795,1,
poly_cholesky,native,5,58.770477,1,
poly_cholesky,wasm,5,87.421832,1,
poly_cholesky,native,6,58.134527,1,
poly_cholesky,wasm,6,86.512232,1,
poly_cholesky,native,7,55.642089,1,
poly_cholesky,wasm,7,84.83612,1,
poly_cholesky,native,8,55.980973,1,
poly_cholesky,wasm,8,92.038753,1,
poly_cholesky,native,9,59.874355,1,
poly_cholesky,wasm,9,88.575361,1,
poly_cholesky,native,10,58.151576,1,
poly_cholesky,wasm,10,86.688109,1,
poly_cholesky,native,11,56.276499,1,
poly_cholesky,wasm,11,80.194424,1,
poly_cholesky,native,12,55.836078,1,
poly_cholesky,wasm,12,91.560064,1,
poly_cholesky,native,13,59.33053,1,
poly_cholesky,wasm,13,85.537852,1,
poly_cholesky,native,14,69.410382,1,
poly_cholesky,wasm,14,81.198706,1,
poly_cholesky,native,15,56.145205,1,
poly_cholesky,wasm,15,91.784797,1,
poly_cholesky,native,16,61.136463,1,
poly_cholesky,wasm,16,79.657342,1,
poly_cholesky,native,17,54.748316,1,
poly_cholesky,wasm,17,85.791611,1,
poly_cholesky,native,18,61.254678,1,
poly_cholesky,wasm,18,91.472633,1,
poly_cholesky,native,19,72.632099,1,
poly_cholesky,wasm,19,88.841251,1,
poly_cholesky,native,20,61.038806,1,
poly_cholesky,wasm,20,89.033201,1,
poly_cholesky,native,21,63.40802,1,
poly_cholesky,wasm,21,112.956509,1,
poly_cholesky,native,22,99.343846,1,
poly_cholesky,wasm,22,88.907664,1,
poly_cholesky,native,23,63.51811,1,
poly_cholesky,wasm,23,88.298407,1,
poly_cholesky,native,24,58.228843,1,
poly_cholesky,wasm,24,98.250777,1,
poly_cholesky,native,25,60.160657,1,
poly_cholesky,wasm,25,89.408055,1,
poly_cholesky,native,26,56.758826,1,
poly_cholesky,wasm,26,94.23831,1,
poly_cholesky,native,27,56.871438,1,
poly_cholesky,wasm,27,84.080721,1,
poly_cholesky,native,28,57.05117,1,
poly_cholesky,wasm,28,90.01129,1,
poly_cholesky,native,29,68.431998,1,
poly_cholesky,wasm,29,91.879056,1,
poly_cholesky,native,30,62.183853,1,
poly_cholesky,wasm,30,85.58676,1,
poly_correlation,native,1,15.555462,1,
poly_correlation,wasm,1,22.292502,1,
poly_correlation,native,2,16.140441,1,
poly_correlation,wasm,2,21.932001,1,
poly_correlation,native,3,17.697707,1,
poly_correlation,wasm,3,24.022599,1,
poly_correlation,native,4,16.326669,1,
poly_correlation,wasm,4,22.988519,1,
poly_correlation,native,5,18.597708,1,
poly_correlation,wasm,5,24.204076,1,
poly_correlation,native,6,19.766719,1,
poly_correlation,wasm,6,22.518161,1,
poly_correlation,native,7,18.474172,1,
poly_correlation,wasm,7,22.562227,1,
poly_correlation,native,8,16.618918,1,
poly_correlation,wasm,8,24.359878,1,
poly_correlation,native,9,15.95237,1,
poly_correlation,wasm,9,20.595049,1,
poly_correlation,native,10,14.393377,1,
poly_correlation,wasm,10,20.674926,1,
poly_correlation,native,11,14.398207,1,
poly_correlation,wasm,11,20.806018,1,
poly_correlation,native,12,15.069831,1,
poly_correlation,wasm,12,19.326343,1,
poly_correlation,native,13,14.3511,1,
poly_correlation,wasm,13,20.941969,1,
poly_correlation,native,14,13.698261,1,
poly_correlation,wasm,14,17.945569,1,
poly_correlation,native,15,13.541935,1,
poly_correlation,wasm,15,22.801306,1,
poly_correlation,native,16,15.961516,1,
poly_correlation,wasm,16,20.86683,1,
poly_correlation,native,17,13.715082,1,
poly_correlation,wasm,17,19.793629,1,
poly_correlation,native,18,13.572081,1,
poly_correlation,wasm,18,20.029804,1,
poly_correlation,native,19,14.465432,1,
poly_correlation,wasm,19,18.448063,1,
poly_correlation,native,20,15.433698,1,
poly_correlation,wasm,20,18.458478,1,
poly_correlation,native,21,13.165454,1,
poly_correlation,wasm,21,18.415141,1,
poly_correlation,native,22,14.854477,1,
poly_correlation,wasm,22,22.009576,1,
poly_correlation,native,23,12.911322,1,
poly_correlation,wasm,23,19.28494,1,
poly_correlation,native,24,17.144915,1,
poly_correlation,wasm,24,19.603938,1,
poly_correlation,native,25,17.128048,1,
poly_correlation,wasm,25,20.899218,1,
poly_correlation,native,26,14.760925,1,
poly_correlation,wasm,26,19.01303,1,
poly_correlation,native,27,17.880766,1,
poly_correlation,wasm,27,20.892985,1,
poly_correlation,native,28,15.848137,1,
poly_correlation,wasm,28,19.549362,1,
poly_correlation,native,29,12.781285,1,
poly_correlation,wasm,29,20.052053,1,
poly_correlation,native,30,16.342732,1,
poly_correlation,wasm,30,19.223076,1,
poly_covariance,native,1,14.031317,1,
poly_covariance,wasm,1,21.318205,1,
poly_covariance,native,2,14.177563,1,
poly_covariance,wasm,2,21.868192,1,
poly_covariance,native,3,15.638395,1,
poly_covariance,wasm,3,19.367426,1,
poly_covariance,native,4,18.073287,1,
poly_covariance,wasm,4,23.784639,1,
poly_covariance,native,5,18.075118,1,
poly_covariance,wasm,5,21.738177,1,
poly_covariance,native,6,15.066925,1,
poly_covariance,wasm,6,18.407975,1,
poly_covariance,native,7,14.124967,1,
poly_covariance,wasm,7,20.579588,1,
poly_covariance,native,8,14.031088,1,
poly_covariance,wasm,8,19.845591,1,
poly_covariance,native,9,15.231177,1,
poly_covariance,wasm,9,18.659143,1,
poly_covariance,native,10,14.55253,1,
poly_covariance,wasm,10,19.809902,1,
poly_covariance,native,11,14.224168,1,
poly_covariance,wasm,11,20.900684,1,
poly_covariance,native,12,70.524393,1,
poly_covariance,wasm,12,20.690641,1,
poly_covariance,native,13,14.74908,1,
poly_covariance,wasm,13,24.252773,1,
poly_covariance,native,14,19.022131,1,
poly_covariance,wasm,14,24.078536,1,
poly_covariance,native,15,17.564958,1,
poly_covariance,wasm,15,22.382744,1,
poly_covariance,native,16,17.252077,1,
poly_covariance,wasm,16,23.695781,1,
poly_covariance,native,17,16.227206,1,
poly_covariance,wasm,17,23.753003,1,
poly_covariance,native,18,16.012965,1,
poly_covariance,wasm,18,20.829442,1,
poly_covariance,native,19,14.572891,1,
poly_covariance,wasm,19,20.459557,1,
poly_covariance,native,20,16.448327,1,
poly_covariance,wasm,20,21.393829,1,
poly_covariance,native,21,19.165045,1,
poly_covariance,wasm,21,20.229835,1,
poly_covariance,native,22,18.134739,1,
poly_covariance,wasm,22,20.060421,1,
poly_covariance,native,23,15.243989,1,
poly_covariance,wasm,23,20.81373,1,
poly_covariance,native,24,15.325763,1,
poly_covariance,wasm,24,21.895005,1,
poly_covariance,native,25,18.429475,1,
poly_covariance,wasm,25,23.176165,1,
poly_covariance,native,26,13.783119,1,
poly_covariance,wasm,26,18.640287,1,
poly_covariance,native,27,14.430035,1,
poly_covariance,wasm,27,21.220568,1,
poly_covariance,native,28,14.787457,1,
poly_covariance,wasm,28,18.998383,1,
poly_covariance,native,29,12.824803,1,
poly_covariance,wasm,29,19.424815,1,
poly_covariance,native,30,14.142819,1,
poly_covariance,wasm,30,19.950414,1,
poly_deriche,native,1,16.380256,1,
poly_deriche,wasm,1,19.614671,1,
poly_deriche,native,2,16.368331,1,
poly_deriche,wasm,2,18.364515,1,
poly_deriche,native,3,15.245727,1,
poly_deriche,wasm,3,21.022202,1,
poly_deriche,native,4,16.920945,1,
poly_deriche,wasm,4,18.976173,1,
poly_deriche,native,5,12.897033,1,
poly_deriche,wasm,5,18.785186,1,
poly_deriche,native,6,12.447793,1,
poly_deriche,wasm,6,19.958955,1,
poly_deriche,native,7,12.438555,1,
poly_deriche,wasm,7,18.963385,1,
poly_deriche,native,8,14.000759,1,
poly_deriche,wasm,8,20.273982,1,
poly_deriche,native,9,14.034401,1,
poly_deriche,wasm,9,17.850637,1,
poly_deriche,native,10,14.230809,1,
poly_deriche,wasm,10,20.628991,1,
poly_deriche,native,11,14.827195,1,
poly_deriche,wasm,11,20.38757,1,
poly_deriche,native,12,16.256094,1,
poly_deriche,wasm,12,19.323933,1,
poly_deriche,native,13,16.343571,1,
poly_deriche,wasm,13,19.55577,1,
poly_deriche,native,14,13.007292,1,
poly_deriche,wasm,14,17.762497,1,
poly_deriche,native,15,11.558377,1,
poly_deriche,wasm,15,17.85425,1,
poly_deriche,native,16,12.632647,1,
poly_deriche,wasm,16,18.282192,1,
poly_deriche,native,17,12.230402,1,
poly_deriche,wasm,17,18.170949,1,
poly_deriche,native,18,13.282808,1,
poly_deriche,wasm,18,19.15118,1,
poly_deriche,native,19,12.175923,1,
poly_deriche,wasm,19,18.657998,1,
poly_deriche,native,20,13.774296,1,
poly_deriche,wasm,20,21.254453,1,
poly_deriche,native,21,14.845127,1,
poly_deriche,wasm,21,19.651932,1,
poly_deriche,native,22,14.063637,1,
poly_deriche,wasm,22,16.722387,1,
poly_deriche,native,23,11.793103,1,
poly_deriche,wasm,23,20.065788,1,
poly_deriche,native,24,12.14331,1,
poly_deriche,wasm,24,19.689643,1,
poly_deriche,native,25,13.292223,1,
poly_deriche,wasm,25,18.70852,1,
poly_deriche,native,26,13.002418,1,
poly_deriche,wasm,26,18.724355,1,
poly_deriche,native,27,13.02481,1,
poly_deriche,wasm,27,18.785885,1,
poly_deriche,native,28,12.012905,1,
poly_deriche,wasm,28,19.190505,1,
poly_deriche,native,29,12.44533,1,
poly_deriche,wasm,29,18.851426,1,
poly_deriche,native,30,12.070083,1,
poly_deriche,wasm,30,19.3964,1,
poly_doitgen,native,1,10.88483,1,
poly_doitgen,wasm,1,20.81501,1,
poly_doitgen,native,2,10.90851,1,
poly_doitgen,wasm,2,18.288161,1,
poly_doitgen,native,3,11.560086,1,
poly_doitgen,wasm,3,20.231337,1,
poly_doitgen,native,4,11.137169,1,
poly_doitgen,wasm,4,16.911568,1,
poly_doitgen,native,5,10.633695,1,
poly_doitgen,wasm,5,17.722539,1,
poly_doitgen,native,6,10.820324,1,
poly_doitgen,wasm,6,18.007042,1,
poly_doitgen,native,7,10.64186,1,
poly_doitgen,wasm,7,17.429825,1,
poly_doitgen,native,8,10.850355,1,
poly_doitgen,wasm,8,17.888118,1,
poly_doitgen,native,9,10.761177,1,
poly_doitgen,wasm,9,18.0981,1,
poly_doitgen,native,10,10.965267,1,
poly_doitgen,wasm,10,20.274877,1,
poly_doitgen,native,11,10.960231,1,
poly_doitgen,wasm,11,19.821306,1,
poly_doitgen,native,12,14.26552,1,
poly_doitgen,wasm,12,19.865737,1,
poly_doitgen,native,13,11.455005,1,
poly_doitgen,wasm,13,19.67289,1,
poly_doitgen,native,14,14.767085,1,
poly_doitgen,wasm,14,19.068955,1,
poly_doitgen,native,15,14.00413,1,
poly_doitgen,wasm,15,17.372344,1,
poly_doitgen,native,16,10.545068,1,
poly_doitgen,wasm,16,17.709483,1,
poly_doitgen,native,17,9.821935,1,
poly_doitgen,wasm,17,17.36777,1,
poly_doitgen,native,18,11.256319,1,
poly_doitgen,wasm,18,19.154966,1,
poly_doitgen,native,19,11.354191,1,
poly_doitgen,wasm,19,19.074531,1,
poly_doitgen,native,20,11.290666,1,
poly_doitgen,wasm,20,18.738625,1,
poly_doitgen,native,21,10.958005,1,
poly_doitgen,wasm,21,17.438923,1,
poly_doitgen,native,22,10.406868,1,
poly_doitgen,wasm,22,16.90827,1,
poly_doitgen,native,23,11.622865,1,
poly_doitgen,wasm,23,19.002111,1,
poly_doitgen,native,24,10.767003,1,
poly_doitgen,wasm,24,18.406397,1,
poly_doitgen,native,25,11.724162,1,
poly_doitgen,wasm,25,18.846997,1,
poly_doitgen,native,26,13.768853,1,
poly_doitgen,wasm,26,18.434332,1,
poly_doitgen,native,27,11.688405,1,
poly_doitgen,wasm,27,18.697037,1,
poly_doitgen,native,28,11.1959,1,
poly_doitgen,wasm,28,17.321183,1,
poly_doitgen,native,29,11.658761,1,
poly_doitgen,wasm,29,16.949264,1,
poly_doitgen,native,30,10.483772,1,
poly_doitgen,wasm,30,19.156092,1,
poly_durbin,native,1,4.852722,1,
poly_durbin,wasm,1,9.494065,1,
poly_durbin,native,2,3.79253,1,
poly_durbin,wasm,2,9.596503,1,
poly_durbin,native,3,4.333288,1,
poly_durbin,wasm,3,8.835181,1,
poly_durbin,native,4,3.526829,1,
poly_durbin,wasm,4,9.427128,1,
poly_durbin,native,5,4.654906,1,
poly_durbin,wasm,5,9.901471,1,
poly_durbin,native,6,3.985712,1,
poly_durbin,wasm,6,10.807017,1,
poly_durbin,native,7,4.456794,1,
poly_durbin,wasm,7,9.836401,1,
poly_durbin,native,8,5.124898,1,
poly_durbin,wasm,8,9.986662,1,
poly_durbin,native,9,4.623964,1,
poly_durbin,wasm,9,10.620485,1,
poly_durbin,native,10,4.370431,1,
poly_durbin,wasm,10,10.585426,1,
poly_durbin,native,11,4.724524,1,
poly_durbin,wasm,11,10.250649,1,
poly_durbin,native,12,5.61215,1,
poly_durbin,wasm,12,10.817823,1,
poly_durbin,native,13,5.428317,1,
poly_durbin,wasm,13,9.486428,1,
poly_durbin,native,14,4.779932,1,
poly_durbin,wasm,14,9.693482,1,
poly_durbin,native,15,4.692294,1,
poly_durbin,wasm,15,14.717411,1,
poly_durbin,native,16,46.70549,1,
poly_durbin,wasm,16,12.621461,1,
poly_durbin,native,17,5.830981,1,
poly_durbin,wasm,17,11.400482,1,
poly_durbin,native,18,4.93245,1,
poly_durbin,wasm,18,10.929315,1,
poly_durbin,native,19,5.311573,1,
poly_durbin,wasm,19,10.949684,1,
poly_durbin,native,20,4.211825,1,
poly_durbin,wasm,20,11.036506,1,
poly_durbin,native,21,4.363288,1,
poly_durbin,wasm,21,10.747961,1,
poly_durbin,native,22,3.767352,1,
poly_durbin,wasm,22,10.449768,1,
poly_durbin,native,23,3.697315,1,
poly_durbin,wasm,23,10.004908,1,
poly_durbin,native,24,4.639869,1,
poly_durbin,wasm,24,10.065834,1,
poly_durbin,native,25,4.04232,1,
poly_durbin,wasm,25,10.452969,1,
poly_durbin,native,26,4.449782,1,
poly_durbin,wasm,26,10.750844,1,
poly_durbin,native,27,3.613754,1,
poly_durbin,wasm,27,10.541911,1,
poly_durbin,native,28,4.560262,1,
poly_durbin,wasm,28,13.031377,1,
poly_durbin,native,29,5.339503,1,
poly_durbin,wasm,29,10.715124,1,
poly_durbin,native,30,5.281479,1,
poly_durbin,wasm,30,11.015953,1,
poly_fdtd_2d,native,1,16.177337,1,
poly_fdtd_2d,wasm,1,27.669889,1,
poly_fdtd_2d,native,2,14.549784,1,
poly_fdtd_2d,wasm,2,31.77609,1,
poly_fdtd_2d,native,3,12.018027,1,
poly_fdtd_2d,wasm,3,27.878321,1,
poly_fdtd_2d,native,4,14.618678,1,
poly_fdtd_2d,wasm,4,26.308232,1,
poly_fdtd_2d,native,5,15.315477,1,
poly_fdtd_2d,wasm,5,24.842593,1,
poly_fdtd_2d,native,6,11.496333,1,
poly_fdtd_2d,wasm,6,26.795844,1,
poly_fdtd_2d,native,7,18.059492,1,
poly_fdtd_2d,wasm,7,27.901572,1,
poly_fdtd_2d,native,8,14.487794,1,
poly_fdtd_2d,wasm,8,28.636768,1,
poly_fdtd_2d,native,9,15.329457,1,
poly_fdtd_2d,wasm,9,27.777556,1,
poly_fdtd_2d,native,10,16.89972,1,
poly_fdtd_2d,wasm,10,28.681144,1,
poly_fdtd_2d,native,11,12.028981,1,
poly_fdtd_2d,wasm,11,27.783884,1,
poly_fdtd_2d,native,12,13.425998,1,
poly_fdtd_2d,wasm,12,24.041154,1,
poly_fdtd_2d,native,13,13.475064,1,
poly_fdtd_2d,wasm,13,25.925365,1,
poly_fdtd_2d,native,14,13.424795,1,
poly_fdtd_2d,wasm,14,28.331803,1,
poly_fdtd_2d,native,15,11.939125,1,
poly_fdtd_2d,wasm,15,26.856437,1,
poly_fdtd_2d,native,16,13.148306,1,
poly_fdtd_2d,wasm,16,27.526123,1,
poly_fdtd_2d,native,17,15.813991,1,
poly_fdtd_2d,wasm,17,28.002148,1,
poly_fdtd_2d,native,18,17.775468,1,
poly_fdtd_2d,wasm,18,26.419336,1,
poly_fdtd_2d,native,19,16.971385,1,
poly_fdtd_2d,wasm,19,26.653428,1,
poly_fdtd_2d,native,20,13.327605,1,
poly_fdtd_2d,wasm,20,25.645708,1,
poly_fdtd_2d,native,21,13.722066,1,
poly_fdtd_2d,wasm,21,32.095015,1,
poly_fdtd_2d,native,22,17.843199,1,
poly_fdtd_2d,wasm,22,32.904982,1,
poly_fdtd_2d,native,23,17.821025,1,
poly_fdtd_2d,wasm,23,35.915218,1,
poly_fdtd_2d,native,24,15.097074,1,
poly_fdtd_2d,wasm,24,32.760217,1,
poly_fdtd_2d,native,25,16.715503,1,
poly_fdtd_2d,wasm,25,29.075908,1,
poly_fdtd_2d,native,26,13.616695,1,
poly_fdtd_2d,wasm,26,36.084302,1,
poly_fdtd_2d,native,27,13.848734,1,
poly_fdtd_2d,wasm,27,31.175119,1,
poly_fdtd_2d,native,28,16.156652,1,
poly_fdtd_2d,wasm,28,27.833322,1,
poly_fdtd_2d,native,29,14.495237,1,
poly_fdtd_2d,wasm,29,29.196375,1,
poly_fdtd_2d,native,30,13.00073,1,
poly_fdtd_2d,wasm,30,26.50535,1,
poly_floyd_warshall,native,1,83.765547,1,
poly_floyd_warshall,wasm,1,141.556624,1,
poly_floyd_warshall,native,2,89.242404,1,
poly_floyd_warshall,wasm,2,130.36702,1,
poly_floyd_warshall,native,3,83.381738,1,
poly_floyd_warshall,wasm,3,132.395972,1,
poly_floyd_warshall,native,4,85.653587,1,
poly_floyd_warshall,wasm,4,126.792841,1,
poly_floyd_warshall,native,5,83.944942,1,
poly_floyd_warshall,wasm,5,159.13254,1,
poly_floyd_warshall,native,6,84.116145,1,
poly_floyd_warshall,wasm,6,130.415694,1,
poly_floyd_warshall,native,7,80.458594,1,
poly_floyd_warshall,wasm,7,125.665928,1,
poly_floyd_warshall,native,8,87.33017,1,
poly_floyd_warshall,wasm,8,126.241417,1,
poly_floyd_warshall,native,9,90.496259,1,
poly_floyd_warshall,wasm,9,187.292752,1,
poly_floyd_warshall,native,10,91.794896,1,
poly_floyd_warshall,wasm,10,133.466415,1,
poly_floyd_warshall,native,11,83.773985,1,
poly_floyd_warshall,wasm,11,142.937839,1,
poly_floyd_warshall,native,12,92.898303,1,
poly_floyd_warshall,wasm,12,131.160674,1,
poly_floyd_warshall,native,13,88.831777,1,
poly_floyd_warshall,wasm,13,117.539538,1,
poly_floyd_warshall,native,14,77.154078,1,
poly_floyd_warshall,wasm,14,118.594128,1,
poly_floyd_warshall,native,15,83.676517,1,
poly_floyd_warshall,wasm,15,125.909059,1,
poly_floyd_warshall,native,16,79.695647,1,
poly_floyd_warshall,wasm,16,117.65494,1,
poly_floyd_warshall,native,17,71.114158,1,
poly_floyd_warshall,wasm,17,111.882124,1,
poly_floyd_warshall,native,18,74.621808,1,
poly_floyd_warshall,wasm,18,104.948153,1,
poly_floyd_warshall,native,19,69.793446,1,
poly_floyd_warshall,wasm,19,109.451382,1,
poly_floyd_warshall,native,20,120.979945,1,
poly_floyd_warshall,wasm,20,119.472123,1,
poly_floyd_warshall,native,21,93.316828,1,
poly_floyd_warshall,wasm,21,141.252204,1,
poly_floyd_warshall,native,22,80.344008,1,
poly_floyd_warshall,wasm,22,114.537509,1,
poly_floyd_warshall,native,23,74.711527,1,
poly_floyd_warshall,wasm,23,112.853602,1,
poly_floyd_warshall,native,24,68.069113,1,
poly_floyd_warshall,wasm,24,108.527611,1,
poly_floyd_warshall,native,25,72.482854,1,
poly_floyd_warshall,wasm,25,103.813695,1,
poly_floyd_warshall,native,26,71.777465,1,
poly_floyd_warshall,wasm,26,106.853651,1,
poly_floyd_warshall,native,27,70.368348,1,
poly_floyd_warshall,wasm,27,105.891743,1,
poly_floyd_warshall,native,28,68.430101,1,
poly_floyd_warshall,wasm,28,105.498785,1,
poly_floyd_warshall,native,29,72.133999,1,
poly_floyd_warshall,wasm,29,109.528188,1,
poly_floyd_warshall,native,30,72.933836,1,
poly_floyd_warshall,wasm,30,106.329092,1,
poly_gemm,native,1,9.283693,1,
poly_gemm,wasm,1,19.75636,1,
poly_gemm,native,2,9.59644,1,
poly_gemm,wasm,2,18.879246,1,
poly_gemm,native,3,9.766106,1,
poly_gemm,wasm,3,19.891561,1,
poly_gemm,native,4,9.207533,1,
poly_gemm,wasm,4,20.165765,1,
poly_gemm,native,5,8.631093,1,
poly_gemm,wasm,5,18.579113,1,
poly_gemm,native,6,8.696365,1,
poly_gemm,wasm,6,19.10563,1,
poly_gemm,native,7,8.493825,1,
poly_gemm,wasm,7,19.718922,1,
poly_gemm,native,8,11.523184,1,
poly_gemm,wasm,8,19.871196,1,
poly_gemm,native,9,9.622386,1,
poly_gemm,wasm,9,20.482476,1,
poly_gemm,native,10,9.536138,1,
poly_gemm,wasm,10,18.001087,1,
poly_gemm,native,11,7.962609,1,
poly_gemm,wasm,11,19.25857,1,
poly_gemm,native,12,8.17632,1,
poly_gemm,wasm,12,18.153091,1,
poly_gemm,native,13,12.314929,1,
poly_gemm,wasm,13,19.417222,1,
poly_gemm,native,14,11.340892,1,
poly_gemm,wasm,14,20.340779,1,
poly_gemm,native,15,10.766619,1,
poly_gemm,wasm,15,22.132486,1,
poly_gemm,native,16,9.973479,1,
poly_gemm,wasm,16,21.177418,1,
poly_gemm,native,17,7.03487,1,
poly_gemm,wasm,17,19.994663,1,
poly_gemm,native,18,11.063671,1,
poly_gemm,wasm,18,20.522621,1,
poly_gemm,native,19,9.509985,1,
poly_gemm,wasm,19,20.575061,1,
poly_gemm,native,20,11.870097,1,
poly_gemm,wasm,20,19.556266,1,
poly_gemm,native,21,9.500583,1,
poly_gemm,wasm,21,21.250827,1,
poly_gemm,native,22,12.518703,1,
poly_gemm,wasm,22,20.343306,1,
poly_gemm,native,23,8.604765,1,
poly_gemm,wasm,23,19.194404,1,
poly_gemm,native,24,8.111547,1,
poly_gemm,wasm,24,18.041332,1,
poly_gemm,native,25,7.877298,1,
poly_gemm,wasm,25,19.174147,1,
poly_gemm,native,26,7.937339,1,
poly_gemm,wasm,26,19.543031,1,
poly_gemm,native,27,9.010653,1,
poly_gemm,wasm,27,18.843606,1,
poly_gemm,native,28,9.408522,1,
poly_gemm,wasm,28,18.413928,1,
poly_gemm,native,29,10.228545,1,
poly_gemm,wasm,29,19.178866,1,
poly_gemm,native,30,10.908018,1,
poly_gemm,wasm,30,22.699896,1,
poly_gemver,native,1,5.919385,1,
poly_gemver,wasm,1,10.92682,1,
poly_gemver,native,2,4.994921,1,
poly_gemver,wasm,2,10.486176,1,
poly_gemver,native,3,4.495816,1,
poly_gemver,wasm,3,9.739898,1,
poly_gemver,native,4,4.859235,1,
poly_gemver,wasm,4,10.399302,1,
poly_gemver,native,5,4.82708,1,
poly_gemver,wasm,5,9.994032,1,
poly_gemver,native,6,4.726726,1,
poly_gemver,wasm,6,10.539463,1,
poly_gemver,native,7,4.691498,1,
poly_gemver,wasm,7,10.151121,1,
poly_gemver,native,8,5.925293,1,
poly_gemver,wasm,8,12.338082,1,
poly_gemver,native,9,6.688242,1,
poly_gemver,wasm,9,10.619347,1,
poly_gemver,native,10,4.908103,1,
poly_gemver,wasm,10,10.948316,1,
poly_gemver,native,11,5.346365,1,
poly_gemver,wasm,11,9.697731,1,
poly_gemver,native,12,4.960233,1,
poly_gemver,wasm,12,10.484662,1,
poly_gemver,native,13,4.868553,1,
poly_gemver,wasm,13,9.884213,1,
poly_gemver,native,14,4.988207,1,
poly_gemver,wasm,14,10.344018,1,
poly_gemver,native,15,4.684881,1,
poly_gemver,wasm,15,9.782835,1,
poly_gemver,native,16,4.458067,1,
poly_gemver,wasm,16,10.157532,1,
poly_gemver,native,17,5.264956,1,
poly_gemver,wasm,17,10.193389,1,
poly_gemver,native,18,5.265898,1,
poly_gemver,wasm,18,10.346573,1,
poly_gemver,native,19,5.07526,1,
poly_gemver,wasm,19,10.069216,1,
poly_gemver,native,20,5.117354,1,
poly_gemver,wasm,20,9.797492,1,
poly_gemver,native,21,4.879451,1,
poly_gemver,wasm,21,11.220289,1,
poly_gemver,native,22,5.224356,1,
poly_gemver,wasm,22,10.447532,1,
poly_gemver,native,23,5.279609,1,
poly_gemver,wasm,23,10.467159,1,
poly_gemver,native,24,5.037586,1,
poly_gemver,wasm,24,9.753446,1,
poly_gemver,native,25,5.017326,1,
poly_gemver,wasm,25,10.319339,1,
poly_gemver,native,26,4.934883,1,
poly_gemver,wasm,26,10.149745,1,
poly_gemver,native,27,4.949702,1,
poly_gemver,wasm,27,9.969037,1,
poly_gemver,native,28,4.870376,1,
poly_gemver,wasm,28,10.129556,1,
poly_gemver,native,29,5.620041,1,
poly_gemver,wasm,29,14.470251,1,
poly_gemver,native,30,9.03799,1,
poly_gemver,wasm,30,13.782916,1,
poly_gesummv,native,1,4.828647,1,
poly_gesummv,wasm,1,10.969802,1,
poly_gesummv,native,2,4.113712,1,
poly_gesummv,wasm,2,10.57235,1,
poly_gesummv,native,3,5.001758,1,
poly_gesummv,wasm,3,11.828417,1,
poly_gesummv,native,4,5.284761,1,
poly_gesummv,wasm,4,12.114016,1,
poly_gesummv,native,5,5.437846,1,
poly_gesummv,wasm,5,11.411273,1,
poly_gesummv,native,6,5.414088,1,
poly_gesummv,wasm,6,12.466637,1,
poly_gesummv,native,7,5.229598,1,
poly_gesummv,wasm,7,11.059403,1,
poly_gesummv,native,8,5.138299,1,
poly_gesummv,wasm,8,11.287651,1,
poly_gesummv,native,9,5.373399,1,
poly_gesummv,wasm,9,10.793294,1,
poly_gesummv,native,10,5.109171,1,
poly_gesummv,wasm,10,11.490536,1,
poly_gesummv,native,11,5.128121,1,
poly_gesummv,wasm,11,11.595256,1,
poly_gesummv,native,12,4.861971,1,
poly_gesummv,wasm,12,11.18004,1,
poly_gesummv,native,13,5.128204,1,
poly_gesummv,wasm,13,10.895391,1,
poly_gesummv,native,14,5.12307,1,
poly_gesummv,wasm,14,10.457167,1,
poly_gesummv,native,15,4.850099,1,
poly_gesummv,wasm,15,10.953156,1,
poly_gesummv,native,16,4.835207,1,
poly_gesummv,wasm,16,10.41591,1,
poly_gesummv,native,17,5.20966,1,
poly_gesummv,wasm,17,11.049966,1,
poly_gesummv,native,18,5.077716,1,
poly_gesummv,wasm,18,10.87761,1,
poly_gesummv,native,19,4.675471,1,
poly_gesummv,wasm,19,10.709599,1,
poly_gesummv,native,20,4.652382,1,
poly_gesummv,wasm,20,10.438819,1,
poly_gesummv,native,21,5.091696,1,
poly_gesummv,wasm,21,10.375956,1,
poly_gesummv,native,22,5.050132,1,
poly_gesummv,wasm,22,10.829043,1,
poly_gesummv,native,23,5.437615,1,
poly_gesummv,wasm,23,10.366402,1,
poly_gesummv,native,24,4.768145,1,
poly_gesummv,wasm,24,10.125875,1,
poly_gesummv,native,25,4.871944,1,
poly_gesummv,wasm,25,10.756735,1,
poly_gesummv,native,26,4.964673,1,
poly_gesummv,wasm,26,10.026221,1,
poly_gesummv,native,27,4.628886,1,
poly_gesummv,wasm,27,10.165743,1,
poly_gesummv,native,28,4.731858,1,
poly_gesummv,wasm,28,10.18321,1,
poly_gesummv,native,29,4.9129,1,
poly_gesummv,wasm,29,10.401051,1,
poly_gesummv,native,30,4.614275,1,
poly_gesummv,wasm,30,9.713363,1,
poly_gramschmidt,native,1,19.379541,1,
poly_gramschmidt,wasm,1,24.668617,1,
poly_gramschmidt,native,2,16.925084,1,
poly_gramschmidt,wasm,2,22.63029,1,
poly_gramschmidt,native,3,17.023539,1,
poly_gramschmidt,wasm,3,21.175274,1,
poly_gramschmidt,native,4,15.827964,1,
poly_gramschmidt,wasm,4,23.314452,1,
poly_gramschmidt,native,5,19.920473,1,
poly_gramschmidt,wasm,5,25.005387,1,
poly_gramschmidt,native,6,20.117637,1,
poly_gramschmidt,wasm,6,22.446802,1,
poly_gramschmidt,native,7,19.974253,1,
poly_gramschmidt,wasm,7,23.510649,1,
poly_gramschmidt,native,8,17.838356,1,
poly_gramschmidt,wasm,8,21.838133,1,
poly_gramschmidt,native,9,16.745832,1,
poly_gramschmidt,wasm,9,22.165542,1,
poly_gramschmidt,native,10,20.474644,1,
poly_gramschmidt,wasm,10,23.132597,1,
poly_gramschmidt,native,11,18.230293,1,
poly_gramschmidt,wasm,11,21.881105,1,
poly_gramschmidt,native,12,19.724538,1,
poly_gramschmidt,wasm,12,25.132511,1,
poly_gramschmidt,native,13,18.394678,1,
poly_gramschmidt,wasm,13,22.766039,1,
poly_gramschmidt,native,14,18.185691,1,
poly_gramschmidt,wasm,14,23.817042,1,
poly_gramschmidt,native,15,16.529014,1,
poly_gramschmidt,wasm,15,22.037953,1,
poly_gramschmidt,native,16,20.863967,1,
poly_gramschmidt,wasm,16,25.237254,1,
poly_gramschmidt,native,17,19.660158,1,
poly_gramschmidt,wasm,17,23.512638,1,
poly_gramschmidt,native,18,19.409171,1,
poly_gramschmidt,wasm,18,23.722757,1,
poly_gramschmidt,native,19,19.531854,1,
poly_gramschmidt,wasm,19,24.103097,1,
poly_gramschmidt,native,20,20.072011,1,
poly_gramschmidt,wasm,20,22.570175,1,
poly_gramschmidt,native,21,20.021693,1,
poly_gramschmidt,wasm,21,22.679299,1,
poly_gramschmidt,native,22,16.288296,1,
poly_gramschmidt,wasm,22,22.223723,1,
poly_gramschmidt,native,23,20.524996,1,
poly_gramschmidt,wasm,23,26.460535,1,
poly_gramschmidt,native,24,18.880615,1,
poly_gramschmidt,wasm,24,21.775663,1,
poly_gramschmidt,native,25,21.049828,1,
poly_gramschmidt,wasm,25,25.352836,1,
poly_gramschmidt,native,26,21.704778,1,
poly_gramschmidt,wasm,26,23.793122,1,
poly_gramschmidt,native,27,17.649807,1,
poly_gramschmidt,wasm,27,22.055853,1,
poly_gramschmidt,native,28,19.217052,1,
poly_gramschmidt,wasm,28,24.759561,1,
poly_gramschmidt,native,29,18.374904,1,
poly_gramschmidt,wasm,29,22.363797,1,
poly_gramschmidt,native,30,19.782718,1,
poly_gramschmidt,wasm,30,21.991066,1,
poly_heat_3d,native,1,18.101282,1,
poly_heat_3d,wasm,1,35.446143,1,
poly_heat_3d,native,2,19.51817,1,
poly_heat_3d,wasm,2,37.68079,1,
poly_heat_3d,native,3,18.593056,1,
poly_heat_3d,wasm,3,35.303016,1,
poly_heat_3d,native,4,19.849516,1,
poly_heat_3d,wasm,4,37.061651,1,
poly_heat_3d,native,5,21.609053,1,
poly_heat_3d,wasm,5,36.001438,1,
poly_heat_3d,native,6,21.083486,1,
poly_heat_3d,wasm,6,36.127375,1,
poly_heat_3d,native,7,16.569418,1,
poly_heat_3d,wasm,7,38.379749,1,
poly_heat_3d,native,8,19.416071,1,
poly_heat_3d,wasm,8,36.220328,1,
poly_heat_3d,native,9,17.261149,1,
poly_heat_3d,wasm,9,40.045346,1,
poly_heat_3d,native,10,62.06763,1,
poly_heat_3d,wasm,10,36.168379,1,
poly_heat_3d,native,11,19.425787,1,
poly_heat_3d,wasm,11,38.231615,1,
poly_heat_3d,native,12,22.04213,1,
poly_heat_3d,wasm,12,36.124971,1,
poly_heat_3d,native,13,22.107334,1,
poly_heat_3d,wasm,13,34.981668,1,
poly_heat_3d,native,14,18.548591,1,
poly_heat_3d,wasm,14,35.137647,1,
poly_heat_3d,native,15,21.179861,1,
poly_heat_3d,wasm,15,36.372548,1,
poly_heat_3d,native,16,16.213934,1,
poly_heat_3d,wasm,16,36.666291,1,
poly_heat_3d,native,17,20.663052,1,
poly_heat_3d,wasm,17,39.192336,1,
poly_heat_3d,native,18,20.849494,1,
poly_heat_3d,wasm,18,37.306835,1,
poly_heat_3d,native,19,21.458558,1,
poly_heat_3d,wasm,19,37.751343,1,
poly_heat_3d,native,20,21.211805,1,
poly_heat_3d,wasm,20,38.121223,1,
poly_heat_3d,native,21,19.503368,1,
poly_heat_3d,wasm,21,38.378778,1,
poly_heat_3d,native,22,19.870696,1,
poly_heat_3d,wasm,22,39.013733,1,
poly_heat_3d,native,23,18.289666,1,
poly_heat_3d,wasm,23,38.843967,1,
poly_heat_3d,native,24,19.125689,1,
poly_heat_3d,wasm,24,37.468152,1,
poly_heat_3d,native,25,20.417356,1,
poly_heat_3d,wasm,25,35.711681,1,
poly_heat_3d,native,26,16.613179,1,
poly_heat_3d,wasm,26,35.33824,1,
poly_heat_3d,native,27,21.706873,1,
poly_heat_3d,wasm,27,37.105994,1,
poly_heat_3d,native,28,17.813643,1,
poly_heat_3d,wasm,28,37.228667,1,
poly_heat_3d,native,29,18.538743,1,
poly_heat_3d,wasm,29,34.645602,1,
poly_heat_3d,native,30,17.366672,1,
poly_heat_3d,wasm,30,34.29173,1,
poly_jacobi_1d,native,1,4.444411,1,
poly_jacobi_1d,wasm,1,8.752684,1,
poly_jacobi_1d,native,2,3.759079,1,
poly_jacobi_1d,wasm,2,8.63952,1,
poly_jacobi_1d,native,3,3.483059,1,
poly_jacobi_1d,wasm,3,8.896444,1,
poly_jacobi_1d,native,4,3.573166,1,
poly_jacobi_1d,wasm,4,9.349872,1,
poly_jacobi_1d,native,5,3.973553,1,
poly_jacobi_1d,wasm,5,8.64584,1,
poly_jacobi_1d,native,6,4.281602,1,
poly_jacobi_1d,wasm,6,8.840519,1,
poly_jacobi_1d,native,7,3.748226,1,
poly_jacobi_1d,wasm,7,8.905133,1,
poly_jacobi_1d,native,8,3.632358,1,
poly_jacobi_1d,wasm,8,9.502483,1,
poly_jacobi_1d,native,9,3.806273,1,
poly_jacobi_1d,wasm,9,8.508257,1,
poly_jacobi_1d,native,10,3.966585,1,
poly_jacobi_1d,wasm,10,8.324004,1,
poly_jacobi_1d,native,11,4.376744,1,
poly_jacobi_1d,wasm,11,8.422569,1,
poly_jacobi_1d,native,12,3.582948,1,
poly_jacobi_1d,wasm,12,8.76905,1,
poly_jacobi_1d,native,13,3.628572,1,
poly_jacobi_1d,wasm,13,8.968528,1,
poly_jacobi_1d,native,14,3.695843,1,
poly_jacobi_1d,wasm,14,8.581556,1,
poly_jacobi_1d,native,15,4.246459,1,
poly_jacobi_1d,wasm,15,8.538261,1,
poly_jacobi_1d,native,16,4.203054,1,
poly_jacobi_1d,wasm,16,9.479843,1,
poly_jacobi_1d,native,17,4.53784,1,
poly_jacobi_1d,wasm,17,9.803858,1,
poly_jacobi_1d,native,18,3.867444,1,
poly_jacobi_1d,wasm,18,9.497311,1,
poly_jacobi_1d,native,19,3.628293,1,
poly_jacobi_1d,wasm,19,8.902111,1,
poly_jacobi_1d,native,20,4.029019,1,
poly_jacobi_1d,wasm,20,8.707276,1,
poly_jacobi_1d,native,21,4.29412,1,
poly_jacobi_1d,wasm,21,8.860435,1,
poly_jacobi_1d,native,22,3.692474,1,
poly_jacobi_1d,wasm,22,8.683612,1,
poly_jacobi_1d,native,23,3.693208,1,
poly_jacobi_1d,wasm,23,8.719572,1,
poly_jacobi_1d,native,24,3.937477,1,
poly_jacobi_1d,wasm,24,8.643757,1,
poly_jacobi_1d,native,25,3.577947,1,
poly_jacobi_1d,wasm,25,8.257299,1,
poly_jacobi_1d,native,26,4.18281,1,
poly_jacobi_1d,wasm,26,8.984052,1,
poly_jacobi_1d,native,27,5.136647,1,
poly_jacobi_1d,wasm,27,8.60995,1,
poly_jacobi_1d,native,28,4.070474,1,
poly_jacobi_1d,wasm,28,9.073728,1,
poly_jacobi_1d,native,29,3.678228,1,
poly_jacobi_1d,wasm,29,9.894815,1,
poly_jacobi_1d,native,30,3.957796,1,
poly_jacobi_1d,wasm,30,9.726339,1,
poly_jacobi_2d,native,1,16.813018,1,
poly_jacobi_2d,wasm,1,27.925409,1,
poly_jacobi_2d,native,2,13.859201,1,
poly_jacobi_2d,wasm,2,30.389875,1,
poly_jacobi_2d,native,3,16.580206,1,
poly_jacobi_2d,wasm,3,31.019347,1,
poly_jacobi_2d,native,4,17.181503,1,
poly_jacobi_2d,wasm,4,33.153363,1,
poly_jacobi_2d,native,5,18.195608,1,
poly_jacobi_2d,wasm,5,33.853875,1,
poly_jacobi_2d,native,6,14.484283,1,
poly_jacobi_2d,wasm,6,33.441723,1,
poly_jacobi_2d,native,7,14.210773,1,
poly_jacobi_2d,wasm,7,31.929984,1,
poly_jacobi_2d,native,8,13.763113,1,
poly_jacobi_2d,wasm,8,30.09563,1,
poly_jacobi_2d,native,9,14.61226,1,
poly_jacobi_2d,wasm,9,31.792304,1,
poly_jacobi_2d,native,10,17.419648,1,
poly_jacobi_2d,wasm,10,30.41394,1,
poly_jacobi_2d,native,11,16.640129,1,
poly_jacobi_2d,wasm,11,28.214312,1,
poly_jacobi_2d,native,12,13.440834,1,
poly_jacobi_2d,wasm,12,28.714857,1,
poly_jacobi_2d,native,13,16.292951,1,
poly_jacobi_2d,wasm,13,29.735775,1,
poly_jacobi_2d,native,14,14.74563,1,
poly_jacobi_2d,wasm,14,27.057352,1,
poly_jacobi_2d,native,15,16.461818,1,
poly_jacobi_2d,wasm,15,29.223216,1,
poly_jacobi_2d,native,16,14.799318,1,
poly_jacobi_2d,wasm,16,28.303052,1,
poly_jacobi_2d,native,17,11.877414,1,
poly_jacobi_2d,wasm,17,25.52898,1,
poly_jacobi_2d,native,18,14.299357,1,
poly_jacobi_2d,wasm,18,25.490502,1,
poly_jacobi_2d,native,19,11.949951,1,
poly_jacobi_2d,wasm,19,26.514287,1,
poly_jacobi_2d,native,20,14.226728,1,
poly_jacobi_2d,wasm,20,25.456191,1,
poly_jacobi_2d,native,21,15.52318,1,
poly_jacobi_2d,wasm,21,28.623405,1,
poly_jacobi_2d,native,22,14.074107,1,
poly_jacobi_2d,wasm,22,25.673969,1,
poly_jacobi_2d,native,23,15.647869,1,
poly_jacobi_2d,wasm,23,27.726932,1,
poly_jacobi_2d,native,24,15.303323,1,
poly_jacobi_2d,wasm,24,26.8776,1,
poly_jacobi_2d,native,25,12.144535,1,
poly_jacobi_2d,wasm,25,24.758946,1,
poly_jacobi_2d,native,26,15.68957,1,
poly_jacobi_2d,wasm,26,25.691248,1,
poly_jacobi_2d,native,27,16.270607,1,
poly_jacobi_2d,wasm,27,27.339538,1,
poly_jacobi_2d,native,28,13.003777,1,
poly_jacobi_2d,wasm,28,25.929848,1,
poly_jacobi_2d,native,29,15.271145,1,
poly_jacobi_2d,wasm,29,27.744922,1,
poly_jacobi_2d,native,30,13.09183,1,
poly_jacobi_2d,wasm,30,25.666377,1,
poly_lu,native,1,68.500724,1,
poly_lu,wasm,1,88.509314,1,
poly_lu,native,2,69.711803,1,
poly_lu,wasm,2,89.343267,1,
poly_lu,native,3,72.257432,1,
poly_lu,wasm,3,98.896218,1,
poly_lu,native,4,71.161862,1,
poly_lu,wasm,4,90.091688,1,
poly_lu,native,5,67.886534,1,
poly_lu,wasm,5,86.934255,1,
poly_lu,native,6,65.950955,1,
poly_lu,wasm,6,88.145242,1,
poly_lu,native,7,64.498012,1,
poly_lu,wasm,7,86.42302,1,
poly_lu,native,8,64.04242,1,
poly_lu,wasm,8,85.804693,1,
poly_lu,native,9,62.93647,1,
poly_lu,wasm,9,85.820821,1,
poly_lu,native,10,66.690059,1,
poly_lu,wasm,10,85.293771,1,
poly_lu,native,11,67.573949,1,
poly_lu,wasm,11,91.635282,1,
poly_lu,native,12,69.868736,1,
poly_lu,wasm,12,92.309521,1,
poly_lu,native,13,68.380075,1,
poly_lu,wasm,13,88.834094,1,
poly_lu,native,14,67.121281,1,
poly_lu,wasm,14,87.708072,1,
poly_lu,native,15,67.285394,1,
poly_lu,wasm,15,88.717849,1,
poly_lu,native,16,68.662814,1,
poly_lu,wasm,16,88.429144,1,
poly_lu,native,17,67.80984,1,
poly_lu,wasm,17,91.849767,1,
poly_lu,native,18,97.673494,1,
poly_lu,wasm,18,109.567136,1,
poly_lu,native,19,72.488637,1,
poly_lu,wasm,19,92.45122,1,
poly_lu,native,20,65.222187,1,
poly_lu,wasm,20,87.556056,1,
poly_lu,native,21,66.501226,1,
poly_lu,wasm,21,89.133069,1,
poly_lu,native,22,68.231435,1,
poly_lu,wasm,22,86.771135,1,
poly_lu,native,23,65.388053,1,
poly_lu,wasm,23,87.476056,1,
poly_lu,native,24,66.168402,1,
poly_lu,wasm,24,89.268869,1,
poly_lu,native,25,62.805069,1,
poly_lu,wasm,25,87.809924,1,
poly_lu,native,26,68.531368,1,
poly_lu,wasm,26,88.318004,1,
poly_lu,native,27,67.730358,1,
poly_lu,wasm,27,90.337032,1,
poly_lu,native,28,67.269963,1,
poly_lu,wasm,28,88.167272,1,
poly_lu,native,29,68.155538,1,
poly_lu,wasm,29,90.339239,1,
poly_lu,native,30,65.491985,1,
poly_lu,wasm,30,88.372198,1,
poly_ludcmp,native,1,66.830933,1,
poly_ludcmp,wasm,1,87.750854,1,
poly_ludcmp,native,2,62.32279,1,
poly_ludcmp,wasm,2,88.455167,1,
poly_ludcmp,native,3,65.436085,1,
poly_ludcmp,wasm,3,87.294272,1,
poly_ludcmp,native,4,64.248428,1,
poly_ludcmp,wasm,4,89.084057,1,
poly_ludcmp,native,5,64.683566,1,
poly_ludcmp,wasm,5,108.170753,1,
poly_ludcmp,native,6,80.884023,1,
poly_ludcmp,wasm,6,91.831491,1,
poly_ludcmp,native,7,65.920969,1,
poly_ludcmp,wasm,7,87.992418,1,
poly_ludcmp,native,8,64.914508,1,
poly_ludcmp,wasm,8,89.595372,1,
poly_ludcmp,native,9,66.563054,1,
poly_ludcmp,wasm,9,89.689197,1,
poly_ludcmp,native,10,66.528293,1,
poly_ludcmp,wasm,10,85.92288,1,
poly_ludcmp,native,11,61.38306,1,
poly_ludcmp,wasm,11,86.112731,1,
poly_ludcmp,native,12,60.737688,1,
poly_ludcmp,wasm,12,86.090493,1,
poly_ludcmp,native,13,62.574901,1,
poly_ludcmp,wasm,13,90.677307,1,
poly_ludcmp,native,14,62.906794,1,
poly_ludcmp,wasm,14,88.786052,1,
poly_ludcmp,native,15,64.435467,1,
poly_ludcmp,wasm,15,87.085764,1,
poly_ludcmp,native,16,62.38957,1,
poly_ludcmp,wasm,16,86.85302,1,
poly_ludcmp,native,17,63.37795,1,
poly_ludcmp,wasm,17,83.916174,1,
poly_ludcmp,native,18,64.148707,1,
poly_ludcmp,wasm,18,84.76212,1,
poly_ludcmp,native,19,63.634387,1,
poly_ludcmp,wasm,19,87.200977,1,
poly_ludcmp,native,20,64.253384,1,
poly_ludcmp,wasm,20,88.983714,1,
poly_ludcmp,native,21,62.968695,1,
poly_ludcmp,wasm,21,87.397798,1,
poly_ludcmp,native,22,63.052665,1,
poly_ludcmp,wasm,22,84.983786,1,
poly_ludcmp,native,23,63.010455,1,
poly_ludcmp,wasm,23,87.142589,1,
poly_ludcmp,native,24,64.471701,1,
poly_ludcmp,wasm,24,88.586519,1,
poly_ludcmp,native,25,70.5274,1,
poly_ludcmp,wasm,25,165.390627,1,
poly_ludcmp,native,26,74.767201,1,
poly_ludcmp,wasm,26,98.619731,1,
poly_ludcmp,native,27,72.004098,1,
poly_ludcmp,wasm,27,96.021889,1,
poly_ludcmp,native,28,65.955097,1,
poly_ludcmp,wasm,28,88.127979,1,
poly_ludcmp,native,29,61.604891,1,
poly_ludcmp,wasm,29,87.499135,1,
poly_ludcmp,native,30,61.666462,1,
poly_ludcmp,wasm,30,86.040383,1,
poly_mvt,native,1,5.221645,1,
poly_mvt,wasm,1,10.045711,1,
poly_mvt,native,2,5.496428,1,
poly_mvt,wasm,2,9.82687,1,
poly_mvt,native,3,4.955593,1,
poly_mvt,wasm,3,9.457821,1,
poly_mvt,native,4,4.997252,1,
poly_mvt,wasm,4,10.021553,1,
poly_mvt,native,5,4.862619,1,
poly_mvt,wasm,5,10.073331,1,
poly_mvt,native,6,4.666229,1,
poly_mvt,wasm,6,9.722073,1,
poly_mvt,native,7,4.719726,1,
poly_mvt,wasm,7,10.367381,1,
poly_mvt,native,8,4.783071,1,
poly_mvt,wasm,8,9.726092,1,
poly_mvt,native,9,5.427881,1,
poly_mvt,wasm,9,10.605257,1,
poly_mvt,native,10,4.772306,1,
poly_mvt,wasm,10,10.666811,1,
poly_mvt,native,11,5.269055,1,
poly_mvt,wasm,11,10.26735,1,
poly_mvt,native,12,4.62726,1,
poly_mvt,wasm,12,9.519797,1,
poly_mvt,native,13,4.70616,1,
poly_mvt,wasm,13,10.269644,1,
poly_mvt,native,14,4.44906,1,
poly_mvt,wasm,14,9.770653,1,
poly_mvt,native,15,5.385977,1,
poly_mvt,wasm,15,10.223277,1,
poly_mvt,native,16,4.832202,1,
poly_mvt,wasm,16,9.768628,1,
poly_mvt,native,17,4.763662,1,
poly_mvt,wasm,17,9.794037,1,
poly_mvt,native,18,4.769134,1,
poly_mvt,wasm,18,9.101174,1,
poly_mvt,native,19,4.762705,1,
poly_mvt,wasm,19,11.408542,1,
poly_mvt,native,20,5.331452,1,
poly_mvt,wasm,20,10.186295,1,
poly_mvt,native,21,5.178409,1,
poly_mvt,wasm,21,10.57313,1,
poly_mvt,native,22,5.243578,1,
poly_mvt,wasm,22,10.621675,1,
poly_mvt,native,23,4.610504,1,
poly_mvt,wasm,23,10.1293,1,
poly_mvt,native,24,5.259313,1,
poly_mvt,wasm,24,9.691155,1,
poly_mvt,native,25,4.711058,1,
poly_mvt,wasm,25,9.599662,1,
poly_mvt,native,26,4.831396,1,
poly_mvt,wasm,26,9.221957,1,
poly_mvt,native,27,4.881099,1,
poly_mvt,wasm,27,9.171064,1,
poly_mvt,native,28,5.30641,1,
poly_mvt,wasm,28,9.625694,1,
poly_mvt,native,29,4.742352,1,
poly_mvt,wasm,29,9.625849,1,
poly_mvt,native,30,5.609616,1,
poly_mvt,wasm,30,10.997996,1,
poly_nussinov,native,1,17.980922,1,
poly_nussinov,wasm,1,25.47683,1,
poly_nussinov,native,2,21.76048,1,
poly_nussinov,wasm,2,30.635868,1,
poly_nussinov,native,3,20.625843,1,
poly_nussinov,wasm,3,27.766147,1,
poly_nussinov,native,4,19.458954,1,
poly_nussinov,wasm,4,27.824513,1,
poly_nussinov,native,5,22.170697,1,
poly_nussinov,wasm,5,28.173764,1,
poly_nussinov,native,6,19.776265,1,
poly_nussinov,wasm,6,30.026964,1,
poly_nussinov,native,7,21.273878,1,
poly_nussinov,wasm,7,26.083675,1,
poly_nussinov,native,8,21.350536,1,
poly_nussinov,wasm,8,27.156142,1,
poly_nussinov,native,9,21.937169,1,
poly_nussinov,wasm,9,29.633373,1,
poly_nussinov,native,10,18.604045,1,
poly_nussinov,wasm,10,24.940108,1,
poly_nussinov,native,11,22.048379,1,
poly_nussinov,wasm,11,26.848131,1,
poly_nussinov,native,12,20.987233,1,
poly_nussinov,wasm,12,25.466486,1,
poly_nussinov,native,13,21.238935,1,
poly_nussinov,wasm,13,29.947679,1,
poly_nussinov,native,14,20.991106,1,
poly_nussinov,wasm,14,27.820634,1,
poly_nussinov,native,15,18.697578,1,
poly_nussinov,wasm,15,29.136106,1,
poly_nussinov,native,16,20.396755,1,
poly_nussinov,wasm,16,25.953456,1,
poly_nussinov,native,17,22.555646,1,
poly_nussinov,wasm,17,28.323572,1,
poly_nussinov,native,18,19.979677,1,
poly_nussinov,wasm,18,26.252303,1,
poly_nussinov,native,19,21.352787,1,
poly_nussinov,wasm,19,28.371843,1,
poly_nussinov,native,20,21.868617,1,
poly_nussinov,wasm,20,27.012271,1,
poly_nussinov,native,21,20.194069,1,
poly_nussinov,wasm,21,28.356157,1,
poly_nussinov,native,22,19.359114,1,
poly_nussinov,wasm,22,27.351065,1,
poly_nussinov,native,23,20.283013,1,
poly_nussinov,wasm,23,25.754889,1,
poly_nussinov,native,24,21.021034,1,
poly_nussinov,wasm,24,26.893807,1,
poly_nussinov,native,25,21.571297,1,
poly_nussinov,wasm,25,28.066364,1,
poly_nussinov,native,26,22.784568,1,
poly_nussinov,wasm,26,26.600081,1,
poly_nussinov,native,27,21.294217,1,
poly_nussinov,wasm,27,33.530595,1,
poly_nussinov,native,28,21.495313,1,
poly_nussinov,wasm,28,28.269417,1,
poly_nussinov,native,29,21.287479,1,
poly_nussinov,wasm,29,28.424902,1,
poly_nussinov,native,30,17.617754,1,
poly_nussinov,wasm,30,25.854903,1,
poly_seidel_2d,native,1,159.62837,1,
poly_seidel_2d,wasm,1,165.133772,1,
poly_seidel_2d,native,2,159.172576,1,
poly_seidel_2d,wasm,2,164.315618,1,
poly_seidel_2d,native,3,158.568675,1,
poly_seidel_2d,wasm,3,162.018614,1,
poly_seidel_2d,native,4,159.894363,1,
poly_seidel_2d,wasm,4,161.563591,1,
poly_seidel_2d,native,5,160.516093,1,
poly_seidel_2d,wasm,5,163.443667,1,
poly_seidel_2d,native,6,155.684705,1,
poly_seidel_2d,wasm,6,164.028572,1,
poly_seidel_2d,native,7,157.685879,1,
poly_seidel_2d,wasm,7,161.906499,1,
poly_seidel_2d,native,8,164.999608,1,
poly_seidel_2d,wasm,8,182.900076,1,
poly_seidel_2d,native,9,155.986497,1,
poly_seidel_2d,wasm,9,164.452017,1,
poly_seidel_2d,native,10,155.73199,1,
poly_seidel_2d,wasm,10,165.149317,1,
poly_seidel_2d,native,11,158.223153,1,
poly_seidel_2d,wasm,11,165.676836,1,
poly_seidel_2d,native,12,159.241384,1,
poly_seidel_2d,wasm,12,164.583236,1,
poly_seidel_2d,native,13,161.135634,1,
poly_seidel_2d,wasm,13,164.316207,1,
poly_seidel_2d,native,14,157.802598,1,
poly_seidel_2d,wasm,14,164.992913,1,
poly_seidel_2d,native,15,157.852136,1,
poly_seidel_2d,wasm,15,165.398568,1,
poly_seidel_2d,native,16,161.278093,1,
poly_seidel_2d,wasm,16,162.126464,1,
poly_seidel_2d,native,17,160.714986,1,
poly_seidel_2d,wasm,17,164.556813,1,
poly_seidel_2d,native,18,177.42413,1,
poly_seidel_2d,wasm,18,163.661073,1,
poly_seidel_2d,native,19,159.181222,1,
poly_seidel_2d,wasm,19,164.717833,1,
poly_seidel_2d,native,20,158.296669,1,
poly_seidel_2d,wasm,20,173.966606,1,
poly_seidel_2d,native,21,160.396991,1,
poly_seidel_2d,wasm,21,163.130443,1,
poly_seidel_2d,native,22,156.852795,1,
poly_seidel_2d,wasm,22,166.365558,1,
poly_seidel_2d,native,23,157.492424,1,
poly_seidel_2d,wasm,23,163.463634,1,
poly_seidel_2d,native,24,160.469706,1,
poly_seidel_2d,wasm,24,164.627931,1,
poly_seidel_2d,native,25,161.24953,1,
poly_seidel_2d,wasm,25,164.338907,1,
poly_seidel_2d,native,26,161.579211,1,
poly_seidel_2d,wasm,26,163.544207,1,
poly_seidel_2d,native,27,156.463459,1,
poly_seidel_2d,wasm,27,192.206294,1,
poly_seidel_2d,native,28,160.196176,1,
poly_seidel_2d,wasm,28,159.806438,1,
poly_seidel_2d,native,29,157.916112,1,
poly_seidel_2d,wasm,29,162.490279,1,
poly_seidel_2d,native,30,157.657296,1,
poly_seidel_2d,wasm,30,163.944755,1,
poly_symm,native,1,13.660456,1,
poly_symm,wasm,1,17.975852,1,
poly_symm,native,2,13.573574,1,
poly_symm,wasm,2,17.184103,1,
poly_symm,native,3,14.487075,1,
poly_symm,wasm,3,17.396856,1,
poly_symm,native,4,14.092727,1,
poly_symm,wasm,4,19.719746,1,
poly_symm,native,5,14.131426,1,
poly_symm,wasm,5,18.572089,1,
poly_symm,native,6,11.077807,1,
poly_symm,wasm,6,17.200293,1,
poly_symm,native,7,13.32786,1,
poly_symm,wasm,7,20.363542,1,
poly_symm,native,8,11.464166,1,
poly_symm,wasm,8,19.067917,1,
poly_symm,native,9,10.545556,1,
poly_symm,wasm,9,16.646852,1,
poly_symm,native,10,11.536866,1,
poly_symm,wasm,10,16.570686,1,
poly_symm,native,11,11.305329,1,
poly_symm,wasm,11,16.863259,1,
poly_symm,native,12,11.152511,1,
poly_symm,wasm,12,17.831387,1,
poly_symm,native,13,12.328995,1,
poly_symm,wasm,13,17.325931,1,
poly_symm,native,14,13.763971,1,
poly_symm,wasm,14,17.797046,1,
poly_symm,native,15,10.919798,1,
poly_symm,wasm,15,16.565179,1,
poly_symm,native,16,11.981737,1,
poly_symm,wasm,16,17.584843,1,
poly_symm,native,17,13.305676,1,
poly_symm,wasm,17,17.645399,1,
poly_symm,native,18,11.844503,1,
poly_symm,wasm,18,16.427797,1,
poly_symm,native,19,11.625628,1,
poly_symm,wasm,19,16.522701,1,
poly_symm,native,20,12.199541,1,
poly_symm,wasm,20,15.666913,1,
poly_symm,native,21,11.853967,1,
poly_symm,wasm,21,19.266808,1,
poly_symm,native,22,10.934843,1,
poly_symm,wasm,22,18.41098,1,
poly_symm,native,23,10.879334,1,
poly_symm,wasm,23,18.02818,1,
poly_symm,native,24,12.31147,1,
poly_symm,wasm,24,17.154094,1,
poly_symm,native,25,11.614764,1,
poly_symm,wasm,25,16.911913,1,
poly_symm,native,26,11.736575,1,
poly_symm,wasm,26,17.480765,1,
poly_symm,native,27,12.961358,1,
poly_symm,wasm,27,16.9432,1,
poly_symm,native,28,11.241735,1,
poly_symm,wasm,28,17.565102,1,
poly_symm,native,29,11.673455,1,
poly_symm,wasm,29,18.951234,1,
poly_symm,native,30,11.116313,1,
poly_symm,wasm,30,17.97511,1,
poly_syr2k,native,1,10.636846,1,
poly_syr2k,wasm,1,19.143422,1,
poly_syr2k,native,2,12.535458,1,
poly_syr2k,wasm,2,22.614283,1,
poly_syr2k,native,3,9.833134,1,
poly_syr2k,wasm,3,22.691683,1,
poly_syr2k,native,4,11.687776,1,
poly_syr2k,wasm,4,21.202393,1,
poly_syr2k,native,5,9.415681,1,
poly_syr2k,wasm,5,19.45356,1,
poly_syr2k,native,6,10.617697,1,
poly_syr2k,wasm,6,19.789796,1,
poly_syr2k,native,7,11.575763,1,
poly_syr2k,wasm,7,20.76425,1,
poly_syr2k,native,8,13.684521,1,
poly_syr2k,wasm,8,19.529013,1,
poly_syr2k,native,9,10.754859,1,
poly_syr2k,wasm,9,18.223864,1,
poly_syr2k,native,10,10.721137,1,
poly_syr2k,wasm,10,19.69902,1,
poly_syr2k,native,11,9.794903,1,
poly_syr2k,wasm,11,19.406355,1,
poly_syr2k,native,12,9.480009,1,
poly_syr2k,wasm,12,20.445644,1,
poly_syr2k,native,13,12.229698,1,
poly_syr2k,wasm,13,20.38092,1,
poly_syr2k,native,14,9.910015,1,
poly_syr2k,wasm,14,20.909446,1,
poly_syr2k,native,15,10.552242,1,
poly_syr2k,wasm,15,20.535027,1,
poly_syr2k,native,16,9.583637,1,
poly_syr2k,wasm,16,22.659729,1,
poly_syr2k,native,17,10.390676,1,
poly_syr2k,wasm,17,23.722624,1,
poly_syr2k,native,18,12.287803,1,
poly_syr2k,wasm,18,21.009615,1,
poly_syr2k,native,19,12.739873,1,
poly_syr2k,wasm,19,22.06714,1,
poly_syr2k,native,20,11.458627,1,
poly_syr2k,wasm,20,18.836011,1,
poly_syr2k,native,21,10.729885,1,
poly_syr2k,wasm,21,19.697348,1,
poly_syr2k,native,22,10.422995,1,
poly_syr2k,wasm,22,19.555706,1,
poly_syr2k,native,23,9.231372,1,
poly_syr2k,wasm,23,20.397409,1,
poly_syr2k,native,24,14.11281,1,
poly_syr2k,wasm,24,21.897258,1,
poly_syr2k,native,25,12.853827,1,
poly_syr2k,wasm,25,20.366347,1,
poly_syr2k,native,26,12.10699,1,
poly_syr2k,wasm,26,22.442848,1,
poly_syr2k,native,27,9.744341,1,
poly_syr2k,wasm,27,19.470518,1,
poly_syr2k,native,28,11.367078,1,
poly_syr2k,wasm,28,25.095284,1,
poly_syr2k,native,29,51.736442,1,
poly_syr2k,wasm,29,19.891709,1,
poly_syr2k,native,30,10.450313,1,
poly_syr2k,wasm,30,20.122971,1,
poly_syrk,native,1,7.962101,1,
poly_syrk,wasm,1,15.590859,1,
poly_syrk,native,2,6.940041,1,
poly_syrk,wasm,2,14.978104,1,
poly_syrk,native,3,6.964313,1,
poly_syrk,wasm,3,15.629501,1,
poly_syrk,native,4,7.238437,1,
poly_syrk,wasm,4,15.313933,1,
poly_syrk,native,5,6.765044,1,
poly_syrk,wasm,5,15.634217,1,
poly_syrk,native,6,7.23898,1,
poly_syrk,wasm,6,15.771242,1,
poly_syrk,native,7,7.397945,1,
poly_syrk,wasm,7,15.882631,1,
poly_syrk,native,8,6.660982,1,
poly_syrk,wasm,8,15.404985,1,
poly_syrk,native,9,6.856875,1,
poly_syrk,wasm,9,15.289623,1,
poly_syrk,native,10,6.254476,1,
poly_syrk,wasm,10,16.481439,1,
poly_syrk,native,11,6.987501,1,
poly_syrk,wasm,11,14.214331,1,
poly_syrk,native,12,7.106208,1,
poly_syrk,wasm,12,14.364059,1,
poly_syrk,native,13,6.454736,1,
poly_syrk,wasm,13,14.957268,1,
poly_syrk,native,14,6.529146,1,
poly_syrk,wasm,14,14.900925,1,
poly_syrk,native,15,7.438331,1,
poly_syrk,wasm,15,15.443419,1,
poly_syrk,native,16,6.973847,1,
poly_syrk,wasm,16,14.939734,1,
poly_syrk,native,17,7.823069,1,
poly_syrk,wasm,17,16.422843,1,
poly_syrk,native,18,7.428987,1,
poly_syrk,wasm,18,14.960211,1,
poly_syrk,native,19,7.030237,1,
poly_syrk,wasm,19,14.853151,1,
poly_syrk,native,20,6.270862,1,
poly_syrk,wasm,20,14.534951,1,
poly_syrk,native,21,7.019521,1,
poly_syrk,wasm,21,16.140555,1,
poly_syrk,native,22,6.771414,1,
poly_syrk,wasm,22,17.155708,1,
poly_syrk,native,23,7.532893,1,
poly_syrk,wasm,23,15.331829,1,
poly_syrk,native,24,7.536731,1,
poly_syrk,wasm,24,20.094173,1,
poly_syrk,native,25,6.929672,1,
poly_syrk,wasm,25,15.387847,1,
poly_syrk,native,26,6.490413,1,
poly_syrk,wasm,26,14.218565,1,
poly_syrk,native,27,6.74962,1,
poly_syrk,wasm,27,15.232549,1,
poly_syrk,native,28,6.576288,1,
poly_syrk,wasm,28,15.257316,1,
poly_syrk,native,29,7.549925,1,
poly_syrk,wasm,29,13.856295,1,
poly_syrk,native,30,6.976378,1,
poly_syrk,wasm,30,15.28061,1,
poly_trisolv,native,1,4.279506,1,
poly_trisolv,wasm,1,9.77326,1,
poly_trisolv,native,2,4.224033,1,
poly_trisolv,wasm,2,9.739867,1,
poly_trisolv,native,3,4.02522,1,
poly_trisolv,wasm,3,8.79798,1,
poly_trisolv,native,4,4.751394,1,
poly_trisolv,wasm,4,9.212001,1,
poly_trisolv,native,5,5.128023,1,
poly_trisolv,wasm,5,9.656965,1,
poly_trisolv,native,6,4.521278,1,
poly_trisolv,wasm,6,8.925612,1,
poly_trisolv,native,7,4.417507,1,
poly_trisolv,wasm,7,9.712577,1,
poly_trisolv,native,8,4.231947,1,
poly_trisolv,wasm,8,9.648254,1,
poly_trisolv,native,9,4.353321,1,
poly_trisolv,wasm,9,9.950423,1,
poly_trisolv,native,10,4.303778,1,
poly_trisolv,wasm,10,9.459777,1,
poly_trisolv,native,11,4.479009,1,
poly_trisolv,wasm,11,9.724943,1,
poly_trisolv,native,12,4.113529,1,
poly_trisolv,wasm,12,9.634152,1,
poly_trisolv,native,13,4.385818,1,
poly_trisolv,wasm,13,9.456964,1,
poly_trisolv,native,14,4.518565,1,
poly_trisolv,wasm,14,9.382484,1,
poly_trisolv,native,15,5.040421,1,
poly_trisolv,wasm,15,9.20759,1,
poly_trisolv,native,16,4.781942,1,
poly_trisolv,wasm,16,8.901582,1,
poly_trisolv,native,17,4.391906,1,
poly_trisolv,wasm,17,9.788083,1,
poly_trisolv,native,18,3.987014,1,
poly_trisolv,wasm,18,9.123244,1,
poly_trisolv,native,19,4.123113,1,
poly_trisolv,wasm,19,10.669117,1,
poly_trisolv,native,20,4.502353,1,
poly_trisolv,wasm,20,10.658816,1,
poly_trisolv,native,21,4.253314,1,
poly_trisolv,wasm,21,10.780971,1,
poly_trisolv,native,22,4.442348,1,
poly_trisolv,wasm,22,9.4627,1,
poly_trisolv,native,23,4.259892,1,
poly_trisolv,wasm,23,9.341244,1,
poly_trisolv,native,24,4.787785,1,
poly_trisolv,wasm,24,9.378748,1,
poly_trisolv,native,25,4.887411,1,
poly_trisolv,wasm,25,9.654607,1,
poly_trisolv,native,26,4.487937,1,
poly_trisolv,wasm,26,9.682184,1,
poly_trisolv,native,27,4.290486,1,
poly_trisolv,wasm,27,9.100142,1,
poly_trisolv,native,28,4.485195,1,
poly_trisolv,wasm,28,9.452905,1,
poly_trisolv,native,29,4.289568,1,
poly_trisolv,wasm,29,8.948039,1,
poly_trisolv,native,30,4.392833,1,
poly_trisolv,wasm,30,10.272495,1,
poly_trmm,native,1,10.639754,1,
poly_trmm,wasm,1,15.561412,1,
poly_trmm,native,2,9.405529,1,
poly_trmm,wasm,2,15.28455,1,
poly_trmm,native,3,9.374346,1,
poly_trmm,wasm,3,16.590184,1,
poly_trmm,native,4,10.946777,1,
poly_trmm,wasm,4,14.645215,1,
poly_trmm,native,5,9.790181,1,
poly_trmm,wasm,5,16.177075,1,
poly_trmm,native,6,9.484588,1,
poly_trmm,wasm,6,16.141352,1,
poly_trmm,native,7,9.6646,1,
poly_trmm,wasm,7,14.342171,1,
poly_trmm,native,8,8.849634,1,
poly_trmm,wasm,8,15.677724,1,
poly_trmm,native,9,11.112436,1,
poly_trmm,wasm,9,16.081105,1,
poly_trmm,native,10,9.788358,1,
poly_trmm,wasm,10,15.148185,1,
poly_trmm,native,11,12.266965,1,
poly_trmm,wasm,11,14.32767,1,
poly_trmm,native,12,9.029262,1,
poly_trmm,wasm,12,16.644829,1,
poly_trmm,native,13,12.22242,1,
poly_trmm,wasm,13,16.025165,1,
poly_trmm,native,14,9.09049,1,
poly_trmm,wasm,14,14.123163,1,
poly_trmm,native,15,8.333538,1,
poly_trmm,wasm,15,15.011367,1,
poly_trmm,native,16,10.782502,1,
poly_trmm,wasm,16,13.756511,1,
poly_trmm,native,17,8.384641,1,
poly_trmm,wasm,17,14.457633,1,
poly_trmm,native,18,8.517566,1,
poly_trmm,wasm,18,15.60221,1,
poly_trmm,native,19,8.885322,1,
poly_trmm,wasm,19,15.452549,1,
poly_trmm,native,20,9.869043,1,
poly_trmm,wasm,20,14.048726,1,
poly_trmm,native,21,9.480387,1,
poly_trmm,wasm,21,14.937182,1,
poly_trmm,native,22,10.04473,1,
poly_trmm,wasm,22,15.937963,1,
poly_trmm,native,23,9.816739,1,
poly_trmm,wasm,23,15.793282,1,
poly_trmm,native,24,9.812931,1,
poly_trmm,wasm,24,14.523091,1,
poly_trmm,native,25,12.436133,1,
poly_trmm,wasm,25,15.947352,1,
poly_trmm,native,26,9.220489,1,
poly_trmm,wasm,26,14.646478,1,
poly_trmm,native,27,8.586994,1,
poly_trmm,wasm,27,15.604384,1,
poly_trmm,native,28,8.991368,1,
poly_trmm,wasm,28,15.701675,1,
poly_trmm,native,29,8.475019,1,
poly_trmm,wasm,29,15.266819,1,
poly_trmm,native,30,10.142459,1,
poly_trmm,wasm,30,13.951761,1,
