program,runtime,run_index,internal_ms,ok,error
alloc_bulk_buffer,native,1,8.524209,1,
alloc_bulk_buffer,wasm-jit,1,9.325464,1,
alloc_bulk_buffer,wasm-aot,1,8.286403,1,
alloc_bulk_buffer,native,2,8.650752,1,
alloc_bulk_buffer,wasm-jit,2,8.389485,1,
alloc_bulk_buffer,wasm-aot,2,9.291759,1,
alloc_bulk_buffer,native,3,8.511958,1,
alloc_bulk_buffer,wasm-jit,3,8.69701,1,
alloc_bulk_buffer,wasm-aot,3,8.917575,1,
alloc_bulk_buffer,native,4,8.734321,1,
alloc_bulk_buffer,wasm-jit,4,8.705524,1,
alloc_bulk_buffer,wasm-aot,4,8.521263,1,
alloc_bulk_buffer,native,5,8.551601,1,
alloc_bulk_buffer,wasm-jit,5,8.630953,1,
alloc_bulk_buffer,wasm-aot,5,8.216094,1,
alloc_bulk_buffer,native,6,8.46125,1,
alloc_bulk_buffer,wasm-jit,6,8.332157,1,
alloc_bulk_buffer,wasm-aot,6,8.256495,1,
alloc_bulk_buffer,native,7,8.515431,1,
alloc_bulk_buffer,wasm-jit,7,9.181202,1,
alloc_bulk_buffer,wasm-aot,7,9.034146,1,
alloc_bulk_buffer,native,8,8.808193,1,
alloc_bulk_buffer,wasm-jit,8,8.918123,1,
alloc_bulk_buffer,wasm-aot,8,8.884884,1,
alloc_bulk_buffer,native,9,8.723008,1,
alloc_bulk_buffer,wasm-jit,9,8.988391,1,
alloc_bulk_buffer,wasm-aot,9,9.370118,1,
alloc_bulk_buffer,native,10,8.708561,1,
alloc_bulk_buffer,wasm-jit,10,8.731237,1,
alloc_bulk_buffer,wasm-aot,10,8.509838,1,
alloc_bulk_buffer,native,11,8.307507,1,
alloc_bulk_buffer,wasm-jit,11,8.2347,1,
alloc_bulk_buffer,wasm-aot,11,8.453269,1,
alloc_bulk_buffer,native,12,8.763212,1,
alloc_bulk_buffer,wasm-jit,12,9.021826,1,
alloc_bulk_buffer,wasm-aot,12,8.615874,1,
alloc_bulk_buffer,native,13,8.771621,1,
alloc_bulk_buffer,wasm-jit,13,8.580624,1,
alloc_bulk_buffer,wasm-aot,13,8.683358,1,
alloc_bulk_buffer,native,14,8.659244,1,
alloc_bulk_buffer,wasm-jit,14,8.937617,1,
alloc_bulk_buffer,wasm-aot,14,8.574929,1,
alloc_bulk_buffer,native,15,8.703919,1,
alloc_bulk_buffer,wasm-jit,15,8.446891,1,
alloc_bulk_buffer,wasm-aot,15,8.327008,1,
alloc_bulk_buffer,native,16,9.06642,1,
alloc_bulk_buffer,wasm-jit,16,8.339211,1,
alloc_bulk_buffer,wasm-aot,16,8.245797,1,
alloc_bulk_buffer,native,17,8.722156,1,
alloc_bulk_buffer,wasm-jit,17,8.615777,1,
alloc_bulk_buffer,wasm-aot,17,8.422468,1,
alloc_bulk_buffer,native,18,8.778579,1,
alloc_bulk_buffer,wasm-jit,18,8.745037,1,
alloc_bulk_buffer,wasm-aot,18,8.510628,1,
alloc_bulk_buffer,native,19,8.449613,1,
alloc_bulk_buffer,wasm-jit,19,8.895063,1,
alloc_bulk_buffer,wasm-aot,19,8.71155,1,
alloc_bulk_buffer,native,20,8.54937,1,
alloc_bulk_buffer,wasm-jit,20,8.477832,1,
alloc_bulk_buffer,wasm-aot,20,8.505776,1,
alloc_bulk_buffer,native,21,8.528586,1,
alloc_bulk_buffer,wasm-jit,21,8.408919,1,
alloc_bulk_buffer,wasm-aot,21,8.538263,1,
alloc_bulk_buffer,native,22,8.557081,1,
alloc_bulk_buffer,wasm-jit,22,8.302903,1,
alloc_bulk_buffer,wasm-aot,22,8.569332,1,
alloc_bulk_buffer,native,23,8.321154,1,
alloc_bulk_buffer,wasm-jit,23,8.288839,1,
alloc_bulk_buffer,wasm-aot,23,8.526826,1,
alloc_bulk_buffer,native,24,9.386198,1,
alloc_bulk_buffer,wasm-jit,24,9.432782,1,
alloc_bulk_buffer,wasm-aot,24,8.958482,1,
alloc_bulk_buffer,native,25,8.880327,1,
alloc_bulk_buffer,wasm-jit,25,8.654945,1,
alloc_bulk_buffer,wasm-aot,25,9.344034,1,
alloc_bulk_buffer,native,26,9.19114,1,
alloc_bulk_buffer,wasm-jit,26,9.007267,1,
alloc_bulk_buffer,wasm-aot,26,8.893857,1,
alloc_bulk_buffer,native,27,8.410974,1,
alloc_bulk_buffer,wasm-jit,27,8.669917,1,
alloc_bulk_buffer,wasm-aot,27,8.68524,1,
alloc_bulk_buffer,native,28,8.622435,1,
alloc_bulk_buffer,wasm-jit,28,8.561628,1,
alloc_bulk_buffer,wasm-aot,28,8.478809,1,
alloc_bulk_buffer,native,29,9.020915,1,
alloc_bulk_buffer,wasm-jit,29,8.464633,1,
alloc_bulk_buffer,wasm-aot,29,8.308512,1,
alloc_bulk_buffer,native,30,8.762026,1,
alloc_bulk_buffer,wasm-jit,30,9.024218,1,
alloc_bulk_buffer,wasm-aot,30,8.75379,1,
alloc_fragmented_pattern,native,1,0.295432,1,
alloc_fragmented_pattern,wasm-jit,1,0.445818,1,
alloc_fragmented_pattern,wasm-aot,1,0.436961,1,
alloc_fragmented_pattern,native,2,0.456383,1,
alloc_fragmented_pattern,wasm-jit,2,0.54779,1,
alloc_fragmented_pattern,wasm-aot,2,0.473613,1,
alloc_fragmented_pattern,native,3,0.274873,1,
alloc_fragmented_pattern,wasm-jit,3,0.443272,1,
alloc_fragmented_pattern,wasm-aot,3,0.41845,1,
alloc_fragmented_pattern,native,4,0.264935,1,
alloc_fragmented_pattern,wasm-jit,4,0.411626,1,
alloc_fragmented_pattern,wasm-aot,4,0.430662,1,
alloc_fragmented_pattern,native,5,0.258889,1,
alloc_fragmented_pattern,wasm-jit,5,0.433389,1,
alloc_fragmented_pattern,wasm-aot,5,0.4675,1,
alloc_fragmented_pattern,native,6,0.259318,1,
alloc_fragmented_pattern,wasm-jit,6,0.443058,1,
alloc_fragmented_pattern,wasm-aot,6,0.429563,1,
alloc_fragmented_pattern,native,7,0.27038,1,
alloc_fragmented_pattern,wasm-jit,7,0.437653,1,
alloc_fragmented_pattern,wasm-aot,7,0.451584,1,
alloc_fragmented_pattern,native,8,0.389142,1,
alloc_fragmented_pattern,wasm-jit,8,0.456465,1,
alloc_fragmented_pattern,wasm-aot,8,0.456554,1,
alloc_fragmented_pattern,native,9,0.276368,1,
alloc_fragmented_pattern,wasm-jit,9,0.431751,1,
alloc_fragmented_pattern,wasm-aot,9,0.415675,1,
alloc_fragmented_pattern,native,10,0.260306,1,
alloc_fragmented_pattern,wasm-jit,10,0.444208,1,
alloc_fragmented_pattern,wasm-aot,10,0.441354,1,
alloc_fragmented_pattern,native,11,0.258195,1,
alloc_fragmented_pattern,wasm-jit,11,0.459826,1,
alloc_fragmented_pattern,wasm-aot,11,0.432254,1,
alloc_fragmented_pattern,native,12,0.262716,1,
alloc_fragmented_pattern,wasm-jit,12,0.430708,1,
alloc_fragmented_pattern,wasm-aot,12,0.426954,1,
alloc_fragmented_pattern,native,13,0.2819,1,
alloc_fragmented_pattern,wasm-jit,13,0.445032,1,
alloc_fragmented_pattern,wasm-aot,13,0.449704,1,
alloc_fragmented_pattern,native,14,0.274879,1,
alloc_fragmented_pattern,wasm-jit,14,0.552914,1,
alloc_fragmented_pattern,wasm-aot,14,0.439038,1,
alloc_fragmented_pattern,native,15,0.258173,1,
alloc_fragmented_pattern,wasm-jit,15,0.532366,1,
alloc_fragmented_pattern,wasm-aot,15,0.446596,1,
alloc_fragmented_pattern,native,16,0.320506,1,
alloc_fragmented_pattern,wasm-jit,16,0.440157,1,
alloc_fragmented_pattern,wasm-aot,16,0.428579,1,
alloc_fragmented_pattern,native,17,0.258376,1,
alloc_fragmented_pattern,wasm-jit,17,0.451618,1,
alloc_fragmented_pattern,wasm-aot,17,0.431289,1,
alloc_fragmented_pattern,native,18,0.320623,1,
alloc_fragmented_pattern,wasm-jit,18,0.424721,1,
alloc_fragmented_pattern,wasm-aot,18,0.444974,1,
alloc_fragmented_pattern,native,19,0.380562,1,
alloc_fragmented_pattern,wasm-jit,19,0.460477,1,
alloc_fragmented_pattern,wasm-aot,19,0.451928,1,
alloc_fragmented_pattern,native,20,0.275923,1,
alloc_fragmented_pattern,wasm-jit,20,0.427718,1,
alloc_fragmented_pattern,wasm-aot,20,0.422467,1,
alloc_fragmented_pattern,native,21,0.275665,1,
alloc_fragmented_pattern,wasm-jit,21,0.45851,1,
alloc_fragmented_pattern,wasm-aot,21,0.412186,1,
alloc_fragmented_pattern,native,22,0.264409,1,
alloc_fragmented_pattern,wasm-jit,22,0.461028,1,
alloc_fragmented_pattern,wasm-aot,22,0.432953,1,
alloc_fragmented_pattern,native,23,0.2658,1,
alloc_fragmented_pattern,wasm-jit,23,0.446351,1,
alloc_fragmented_pattern,wasm-aot,23,0.443473,1,
alloc_fragmented_pattern,native,24,0.274535,1,
alloc_fragmented_pattern,wasm-jit,24,0.715301,1,
alloc_fragmented_pattern,wasm-aot,24,0.419167,1,
alloc_fragmented_pattern,native,25,0.322678,1,
alloc_fragmented_pattern,wasm-jit,25,0.437257,1,
alloc_fragmented_pattern,wasm-aot,25,0.428376,1,
alloc_fragmented_pattern,native,26,0.259852,1,
alloc_fragmented_pattern,wasm-jit,26,0.46594,1,
alloc_fragmented_pattern,wasm-aot,26,0.465617,1,
alloc_fragmented_pattern,native,27,0.257943,1,
alloc_fragmented_pattern,wasm-jit,27,0.426346,1,
alloc_fragmented_pattern,wasm-aot,27,0.448374,1,
alloc_fragmented_pattern,native,28,0.258404,1,
alloc_fragmented_pattern,wasm-jit,28,0.43717,1,
alloc_fragmented_pattern,wasm-aot,28,0.46286,1,
alloc_fragmented_pattern,native,29,0.303333,1,
alloc_fragmented_pattern,wasm-jit,29,0.451187,1,
alloc_fragmented_pattern,wasm-aot,29,0.465685,1,
alloc_fragmented_pattern,native,30,0.274842,1,
alloc_fragmented_pattern,wasm-jit,30,0.433745,1,
alloc_fragmented_pattern,wasm-aot,30,0.413022,1,
alloc_medium_objects,native,1,0.769386,1,
alloc_medium_objects,wasm-jit,1,2.070376,1,
alloc_medium_objects,wasm-aot,1,2.061175,1,
alloc_medium_objects,native,2,0.761463,1,
alloc_medium_objects,wasm-jit,2,1.812418,1,
alloc_medium_objects,wasm-aot,2,1.76001,1,
alloc_medium_objects,native,3,0.727463,1,
alloc_medium_objects,wasm-jit,3,1.752494,1,
alloc_medium_objects,wasm-aot,3,1.758279,1,
alloc_medium_objects,native,4,0.728125,1,
alloc_medium_objects,wasm-jit,4,1.722517,1,
alloc_medium_objects,wasm-aot,4,1.722036,1,
alloc_medium_objects,native,5,0.749297,1,
alloc_medium_objects,wasm-jit,5,1.813546,1,
alloc_medium_objects,wasm-aot,5,1.905502,1,
alloc_medium_objects,native,6,0.739566,1,
alloc_medium_objects,wasm-jit,6,1.889861,1,
alloc_medium_objects,wasm-aot,6,1.834317,1,
alloc_medium_objects,native,7,0.78425,1,
alloc_medium_objects,wasm-jit,7,1.885153,1,
alloc_medium_objects,wasm-aot,7,1.775673,1,
alloc_medium_objects,native,8,1.560857,1,
alloc_medium_objects,wasm-jit,8,1.836194,1,
alloc_medium_objects,wasm-aot,8,1.79915,1,
alloc_medium_objects,native,9,0.837164,1,
alloc_medium_objects,wasm-jit,9,1.818937,1,
alloc_medium_objects,wasm-aot,9,1.722003,1,
alloc_medium_objects,native,10,0.711217,1,
alloc_medium_objects,wasm-jit,10,1.721224,1,
alloc_medium_objects,wasm-aot,10,1.727217,1,
alloc_medium_objects,native,11,0.698969,1,
alloc_medium_objects,wasm-jit,11,1.762746,1,
alloc_medium_objects,wasm-aot,11,1.89982,1,
alloc_medium_objects,native,12,0.719901,1,
alloc_medium_objects,wasm-jit,12,1.801981,1,
alloc_medium_objects,wasm-aot,12,1.852351,1,
alloc_medium_objects,native,13,0.751004,1,
alloc_medium_objects,wasm-jit,13,1.756437,1,
alloc_medium_objects,wasm-aot,13,1.917403,1,
alloc_medium_objects,native,14,0.78293,1,
alloc_medium_objects,wasm-jit,14,1.875632,1,
alloc_medium_objects,wasm-aot,14,1.808226,1,
alloc_medium_objects,native,15,0.731118,1,
alloc_medium_objects,wasm-jit,15,1.740795,1,
alloc_medium_objects,wasm-aot,15,1.747676,1,
alloc_medium_objects,native,16,0.732794,1,
alloc_medium_objects,wasm-jit,16,1.838821,1,
alloc_medium_objects,wasm-aot,16,1.782855,1,
alloc_medium_objects,native,17,0.741905,1,
alloc_medium_objects,wasm-jit,17,1.817857,1,
alloc_medium_objects,wasm-aot,17,1.741735,1,
alloc_medium_objects,native,18,0.735176,1,
alloc_medium_objects,wasm-jit,18,1.74401,1,
alloc_medium_objects,wasm-aot,18,1.805772,1,
alloc_medium_objects,native,19,0.767937,1,
alloc_medium_objects,wasm-jit,19,1.952811,1,
alloc_medium_objects,wasm-aot,19,1.794076,1,
alloc_medium_objects,native,20,0.713359,1,
alloc_medium_objects,wasm-jit,20,1.757457,1,
alloc_medium_objects,wasm-aot,20,1.795837,1,
alloc_medium_objects,native,21,0.763351,1,
alloc_medium_objects,wasm-jit,21,1.823137,1,
alloc_medium_objects,wasm-aot,21,1.751009,1,
alloc_medium_objects,native,22,0.714167,1,
alloc_medium_objects,wasm-jit,22,1.976331,1,
alloc_medium_objects,wasm-aot,22,1.756122,1,
alloc_medium_objects,native,23,0.729754,1,
alloc_medium_objects,wasm-jit,23,1.720297,1,
alloc_medium_objects,wasm-aot,23,2.151551,1,
alloc_medium_objects,native,24,0.7342,1,
alloc_medium_objects,wasm-jit,24,1.773818,1,
alloc_medium_objects,wasm-aot,24,1.593381,1,
alloc_medium_objects,native,25,0.734371,1,
alloc_medium_objects,wasm-jit,25,1.733876,1,
alloc_medium_objects,wasm-aot,25,1.67868,1,
alloc_medium_objects,native,26,0.727791,1,
alloc_medium_objects,wasm-jit,26,1.734039,1,
alloc_medium_objects,wasm-aot,26,1.744319,1,
alloc_medium_objects,native,27,0.717977,1,
alloc_medium_objects,wasm-jit,27,1.767032,1,
alloc_medium_objects,wasm-aot,27,1.753196,1,
alloc_medium_objects,native,28,0.725711,1,
alloc_medium_objects,wasm-jit,28,1.76404,1,
alloc_medium_objects,wasm-aot,28,1.713832,1,
alloc_medium_objects,native,29,0.723484,1,
alloc_medium_objects,wasm-jit,29,1.770497,1,
alloc_medium_objects,wasm-aot,29,1.75759,1,
alloc_medium_objects,native,30,0.755673,1,
alloc_medium_objects,wasm-jit,30,1.771181,1,
alloc_medium_objects,wasm-aot,30,1.793047,1,
alloc_pool_style,native,1,0.296003,1,
alloc_pool_style,wasm-jit,1,0.308369,1,
alloc_pool_style,wasm-aot,1,0.302156,1,
alloc_pool_style,native,2,0.269267,1,
alloc_pool_style,wasm-jit,2,0.305339,1,
alloc_pool_style,wasm-aot,2,0.314757,1,
alloc_pool_style,native,3,0.28639,1,
alloc_pool_style,wasm-jit,3,0.30385,1,
alloc_pool_style,wasm-aot,3,0.487331,1,
alloc_pool_style,native,4,0.297172,1,
alloc_pool_style,wasm-jit,4,0.353508,1,
alloc_pool_style,wasm-aot,4,0.30558,1,
alloc_pool_style,native,5,0.278188,1,
alloc_pool_style,wasm-jit,5,0.301498,1,
alloc_pool_style,wasm-aot,5,0.315573,1,
alloc_pool_style,native,6,0.298766,1,
alloc_pool_style,wasm-jit,6,0.310228,1,
alloc_pool_style,wasm-aot,6,0.318383,1,
alloc_pool_style,native,7,0.282138,1,
alloc_pool_style,wasm-jit,7,0.351963,1,
alloc_pool_style,wasm-aot,7,0.309939,1,
alloc_pool_style,native,8,0.273596,1,
alloc_pool_style,wasm-jit,8,0.316519,1,
alloc_pool_style,wasm-aot,8,0.309143,1,
alloc_pool_style,native,9,0.272465,1,
alloc_pool_style,wasm-jit,9,0.316738,1,
alloc_pool_style,wasm-aot,9,0.324082,1,
alloc_pool_style,native,10,0.273654,1,
alloc_pool_style,wasm-jit,10,0.312903,1,
alloc_pool_style,wasm-aot,10,0.325287,1,
alloc_pool_style,native,11,0.276458,1,
alloc_pool_style,wasm-jit,11,0.299202,1,
alloc_pool_style,wasm-aot,11,0.31061,1,
alloc_pool_style,native,12,0.297089,1,
alloc_pool_style,wasm-jit,12,0.320424,1,
alloc_pool_style,wasm-aot,12,0.307907,1,
alloc_pool_style,native,13,0.275752,1,
alloc_pool_style,wasm-jit,13,0.306636,1,
alloc_pool_style,wasm-aot,13,0.309835,1,
alloc_pool_style,native,14,0.336375,1,
alloc_pool_style,wasm-jit,14,0.366815,1,
alloc_pool_style,wasm-aot,14,0.315936,1,
alloc_pool_style,native,15,0.322112,1,
alloc_pool_style,wasm-jit,15,0.326997,1,
alloc_pool_style,wasm-aot,15,0.323484,1,
alloc_pool_style,native,16,0.303066,1,
alloc_pool_style,wasm-jit,16,0.309937,1,
alloc_pool_style,wasm-aot,16,0.342297,1,
alloc_pool_style,native,17,0.294315,1,
alloc_pool_style,wasm-jit,17,0.334959,1,
alloc_pool_style,wasm-aot,17,0.333339,1,
alloc_pool_style,native,18,0.290015,1,
alloc_pool_style,wasm-jit,18,0.359296,1,
alloc_pool_style,wasm-aot,18,0.312294,1,
alloc_pool_style,native,19,0.275105,1,
alloc_pool_style,wasm-jit,19,0.309162,1,
alloc_pool_style,wasm-aot,19,0.30986,1,
alloc_pool_style,native,20,0.31964,1,
alloc_pool_style,wasm-jit,20,0.310564,1,
alloc_pool_style,wasm-aot,20,0.317836,1,
alloc_pool_style,native,21,0.271457,1,
alloc_pool_style,wasm-jit,21,0.351317,1,
alloc_pool_style,wasm-aot,21,0.317354,1,
alloc_pool_style,native,22,0.288448,1,
alloc_pool_style,wasm-jit,22,0.337345,1,
alloc_pool_style,wasm-aot,22,0.301544,1,
alloc_pool_style,native,23,0.277159,1,
alloc_pool_style,wasm-jit,23,0.335256,1,
alloc_pool_style,wasm-aot,23,0.306127,1,
alloc_pool_style,native,24,0.283034,1,
alloc_pool_style,wasm-jit,24,0.30163,1,
alloc_pool_style,wasm-aot,24,0.309341,1,
alloc_pool_style,native,25,0.302717,1,
alloc_pool_style,wasm-jit,25,0.305971,1,
alloc_pool_style,wasm-aot,25,0.306712,1,
alloc_pool_style,native,26,0.282452,1,
alloc_pool_style,wasm-jit,26,0.303086,1,
alloc_pool_style,wasm-aot,26,0.298527,1,
alloc_pool_style,native,27,0.276012,1,
alloc_pool_style,wasm-jit,27,0.302923,1,
alloc_pool_style,wasm-aot,27,0.307699,1,
alloc_pool_style,native,28,0.274605,1,
alloc_pool_style,wasm-jit,28,0.307063,1,
alloc_pool_style,wasm-aot,28,0.296998,1,
alloc_pool_style,native,29,0.286772,1,
alloc_pool_style,wasm-jit,29,0.308408,1,
alloc_pool_style,wasm-aot,29,0.302666,1,
alloc_pool_style,native,30,0.27393,1,
alloc_pool_style,wasm-jit,30,0.305945,1,
alloc_pool_style,wasm-aot,30,0.308332,1,
alloc_realloc_loop,native,1,0.118379,1,
alloc_realloc_loop,wasm-jit,1,0.139395,1,
alloc_realloc_loop,wasm-aot,1,0.142009,1,
alloc_realloc_loop,native,2,0.116268,1,
alloc_realloc_loop,wasm-jit,2,0.136913,1,
alloc_realloc_loop,wasm-aot,2,0.13436,1,
alloc_realloc_loop,native,3,0.122622,1,
alloc_realloc_loop,wasm-jit,3,0.139349,1,
alloc_realloc_loop,wasm-aot,3,0.149306,1,
alloc_realloc_loop,native,4,0.119835,1,
alloc_realloc_loop,wasm-jit,4,0.143441,1,
alloc_realloc_loop,wasm-aot,4,0.128627,1,
alloc_realloc_loop,native,5,0.118906,1,
alloc_realloc_loop,wasm-jit,5,0.128069,1,
alloc_realloc_loop,wasm-aot,5,0.141044,1,
alloc_realloc_loop,native,6,0.118642,1,
alloc_realloc_loop,wasm-jit,6,0.129059,1,
alloc_realloc_loop,wasm-aot,6,0.129828,1,
alloc_realloc_loop,native,7,0.135731,1,
alloc_realloc_loop,wasm-jit,7,0.136281,1,
alloc_realloc_loop,wasm-aot,7,0.129612,1,
alloc_realloc_loop,native,8,0.117407,1,
alloc_realloc_loop,wasm-jit,8,0.134909,1,
alloc_realloc_loop,wasm-aot,8,0.145288,1,
alloc_realloc_loop,native,9,0.121972,1,
alloc_realloc_loop,wasm-jit,9,0.128594,1,
alloc_realloc_loop,wasm-aot,9,0.12755,1,
alloc_realloc_loop,native,10,0.125393,1,
alloc_realloc_loop,wasm-jit,10,0.132311,1,
alloc_realloc_loop,wasm-aot,10,0.145372,1,
alloc_realloc_loop,native,11,0.118964,1,
alloc_realloc_loop,wasm-jit,11,0.136654,1,
alloc_realloc_loop,wasm-aot,11,0.139177,1,
alloc_realloc_loop,native,12,0.117689,1,
alloc_realloc_loop,wasm-jit,12,0.127842,1,
alloc_realloc_loop,wasm-aot,12,0.134995,1,
alloc_realloc_loop,native,13,0.117462,1,
alloc_realloc_loop,wasm-jit,13,0.141937,1,
alloc_realloc_loop,wasm-aot,13,0.134993,1,
alloc_realloc_loop,native,14,0.117073,1,
alloc_realloc_loop,wasm-jit,14,0.185656,1,
alloc_realloc_loop,wasm-aot,14,0.133581,1,
alloc_realloc_loop,native,15,0.116847,1,
alloc_realloc_loop,wasm-jit,15,0.133773,1,
alloc_realloc_loop,wasm-aot,15,0.134261,1,
alloc_realloc_loop,native,16,0.121063,1,
alloc_realloc_loop,wasm-jit,16,0.130952,1,
alloc_realloc_loop,wasm-aot,16,0.13555,1,
alloc_realloc_loop,native,17,0.11785,1,
alloc_realloc_loop,wasm-jit,17,0.140491,1,
alloc_realloc_loop,wasm-aot,17,0.133127,1,
alloc_realloc_loop,native,18,0.119185,1,
alloc_realloc_loop,wasm-jit,18,0.133063,1,
alloc_realloc_loop,wasm-aot,18,0.148686,1,
alloc_realloc_loop,native,19,0.11795,1,
alloc_realloc_loop,wasm-jit,19,0.134927,1,
alloc_realloc_loop,wasm-aot,19,0.135179,1,
alloc_realloc_loop,native,20,0.117295,1,
alloc_realloc_loop,wasm-jit,20,0.14252,1,
alloc_realloc_loop,wasm-aot,20,0.135245,1,
alloc_realloc_loop,native,21,0.117499,1,
alloc_realloc_loop,wasm-jit,21,0.163081,1,
alloc_realloc_loop,wasm-aot,21,0.13318,1,
alloc_realloc_loop,native,22,0.117888,1,
alloc_realloc_loop,wasm-jit,22,0.130189,1,
alloc_realloc_loop,wasm-aot,22,0.130429,1,
alloc_realloc_loop,native,23,0.118385,1,
alloc_realloc_loop,wasm-jit,23,0.132759,1,
alloc_realloc_loop,wasm-aot,23,0.13926,1,
alloc_realloc_loop,native,24,0.117753,1,
alloc_realloc_loop,wasm-jit,24,0.204455,1,
alloc_realloc_loop,wasm-aot,24,0.13282,1,
alloc_realloc_loop,native,25,0.11822,1,
alloc_realloc_loop,wasm-jit,25,0.134647,1,
alloc_realloc_loop,wasm-aot,25,0.1342,1,
alloc_realloc_loop,native,26,0.117747,1,
alloc_realloc_loop,wasm-jit,26,0.190864,1,
alloc_realloc_loop,wasm-aot,26,0.133212,1,
alloc_realloc_loop,native,27,0.119729,1,
alloc_realloc_loop,wasm-jit,27,0.147021,1,
alloc_realloc_loop,wasm-aot,27,0.131001,1,
alloc_realloc_loop,native,28,0.117516,1,
alloc_realloc_loop,wasm-jit,28,0.134193,1,
alloc_realloc_loop,wasm-aot,28,0.128723,1,
alloc_realloc_loop,native,29,0.118932,1,
alloc_realloc_loop,wasm-jit,29,0.129034,1,
alloc_realloc_loop,wasm-aot,29,0.14134,1,
alloc_realloc_loop,native,30,0.118357,1,
alloc_realloc_loop,wasm-jit,30,0.136228,1,
alloc_realloc_loop,wasm-aot,30,0.143339,1,
alloc_small_objects,native,1,0.136124,1,
alloc_small_objects,wasm-jit,1,0.289627,1,
alloc_small_objects,wasm-aot,1,0.31706,1,
alloc_small_objects,native,2,0.136094,1,
alloc_small_objects,wasm-jit,2,0.286784,1,
alloc_small_objects,wasm-aot,2,0.387163,1,
alloc_small_objects,native,3,0.138795,1,
alloc_small_objects,wasm-jit,3,0.285416,1,
alloc_small_objects,wasm-aot,3,0.285524,1,
alloc_small_objects,native,4,0.145322,1,
alloc_small_objects,wasm-jit,4,0.325285,1,
alloc_small_objects,wasm-aot,4,0.285649,1,
alloc_small_objects,native,5,0.144257,1,
alloc_small_objects,wasm-jit,5,0.286993,1,
alloc_small_objects,wasm-aot,5,0.364045,1,
alloc_small_objects,native,6,0.136106,1,
alloc_small_objects,wasm-jit,6,0.285831,1,
alloc_small_objects,wasm-aot,6,0.28537,1,
alloc_small_objects,native,7,0.136131,1,
alloc_small_objects,wasm-jit,7,0.287323,1,
alloc_small_objects,wasm-aot,7,0.285827,1,
alloc_small_objects,native,8,0.178828,1,
alloc_small_objects,wasm-jit,8,0.285806,1,
alloc_small_objects,wasm-aot,8,0.297499,1,
alloc_small_objects,native,9,0.138721,1,
alloc_small_objects,wasm-jit,9,0.285597,1,
alloc_small_objects,wasm-aot,9,0.285933,1,
alloc_small_objects,native,10,0.13856,1,
alloc_small_objects,wasm-jit,10,0.292235,1,
alloc_small_objects,wasm-aot,10,0.285713,1,
alloc_small_objects,native,11,0.136112,1,
alloc_small_objects,wasm-jit,11,0.292076,1,
alloc_small_objects,wasm-aot,11,0.286638,1,
alloc_small_objects,native,12,0.139906,1,
alloc_small_objects,wasm-jit,12,0.285467,1,
alloc_small_objects,wasm-aot,12,0.286489,1,
alloc_small_objects,native,13,0.136134,1,
alloc_small_objects,wasm-jit,13,0.28559,1,
alloc_small_objects,wasm-aot,13,0.286594,1,
alloc_small_objects,native,14,0.138748,1,
alloc_small_objects,wasm-jit,14,0.289627,1,
alloc_small_objects,wasm-aot,14,0.285594,1,
alloc_small_objects,native,15,0.136142,1,
alloc_small_objects,wasm-jit,15,0.286686,1,
alloc_small_objects,wasm-aot,15,0.286673,1,
alloc_small_objects,native,16,0.14547,1,
alloc_small_objects,wasm-jit,16,0.306111,1,
alloc_small_objects,wasm-aot,16,0.396359,1,
alloc_small_objects,native,17,0.136125,1,
alloc_small_objects,wasm-jit,17,0.29144,1,
alloc_small_objects,wasm-aot,17,0.28691,1,
alloc_small_objects,native,18,0.138723,1,
alloc_small_objects,wasm-jit,18,0.290255,1,
alloc_small_objects,wasm-aot,18,0.28983,1,
alloc_small_objects,native,19,0.154616,1,
alloc_small_objects,wasm-jit,19,0.286559,1,
alloc_small_objects,wasm-aot,19,0.285609,1,
alloc_small_objects,native,20,0.138948,1,
alloc_small_objects,wasm-jit,20,0.296352,1,
alloc_small_objects,wasm-aot,20,0.286622,1,
alloc_small_objects,native,21,0.136128,1,
alloc_small_objects,wasm-jit,21,0.28557,1,
alloc_small_objects,wasm-aot,21,0.289969,1,
alloc_small_objects,native,22,0.136115,1,
alloc_small_objects,wasm-jit,22,0.290755,1,
alloc_small_objects,wasm-aot,22,0.291882,1,
alloc_small_objects,native,23,0.136233,1,
alloc_small_objects,wasm-jit,23,0.396119,1,
alloc_small_objects,wasm-aot,23,0.290528,1,
alloc_small_objects,native,24,0.136135,1,
alloc_small_objects,wasm-jit,24,0.309872,1,
alloc_small_objects,wasm-aot,24,0.298334,1,
alloc_small_objects,native,25,0.136144,1,
alloc_small_objects,wasm-jit,25,0.285809,1,
alloc_small_objects,wasm-aot,25,0.29087,1,
alloc_small_objects,native,26,0.136119,1,
alloc_small_objects,wasm-jit,26,0.298265,1,
alloc_small_objects,wasm-aot,26,0.298752,1,
alloc_small_objects,native,27,0.136153,1,
alloc_small_objects,wasm-jit,27,0.286864,1,
alloc_small_objects,wasm-aot,27,0.347579,1,
alloc_small_objects,native,28,0.138352,1,
alloc_small_objects,wasm-jit,28,0.286598,1,
alloc_small_objects,wasm-aot,28,0.28724,1,
alloc_small_objects,native,29,0.143085,1,
alloc_small_objects,wasm-jit,29,0.285426,1,
alloc_small_objects,wasm-aot,29,0.286913,1,
alloc_small_objects,native,30,0.13613,1,
alloc_small_objects,wasm-jit,30,0.286664,1,
alloc_small_objects,wasm-aot,30,0.31431,1,
branch_nested,native,1,12.322883,1,
branch_nested,wasm-jit,1,12.23542,1,
branch_nested,wasm-aot,1,12.3997,1,
branch_nested,native,2,13.936301,1,
branch_nested,wasm-jit,2,12.175293,1,
branch_nested,wasm-aot,2,12.33556,1,
branch_nested,native,3,12.650158,1,
branch_nested,wasm-jit,3,12.251458,1,
branch_nested,wasm-aot,3,12.076575,1,
branch_nested,native,4,11.831039,1,
branch_nested,wasm-jit,4,11.935331,1,
branch_nested,wasm-aot,4,11.983652,1,
branch_nested,native,5,12.372624,1,
branch_nested,wasm-jit,5,12.955569,1,
branch_nested,wasm-aot,5,12.362064,1,
branch_nested,native,6,11.437043,1,
branch_nested,wasm-jit,6,12.418666,1,
branch_nested,wasm-aot,6,12.364507,1,
branch_nested,native,7,15.569633,1,
branch_nested,wasm-jit,7,12.675756,1,
branch_nested,wasm-aot,7,12.141415,1,
branch_nested,native,8,13.898031,1,
branch_nested,wasm-jit,8,12.112303,1,
branch_nested,wasm-aot,8,12.486732,1,
branch_nested,native,9,12.377847,1,
branch_nested,wasm-jit,9,12.929889,1,
branch_nested,wasm-aot,9,12.298237,1,
branch_nested,native,10,11.446065,1,
branch_nested,wasm-jit,10,12.263141,1,
branch_nested,wasm-aot,10,12.932432,1,
branch_nested,native,11,11.423431,1,
branch_nested,wasm-jit,11,12.054111,1,
branch_nested,wasm-aot,11,12.252902,1,
branch_nested,native,12,11.459488,1,
branch_nested,wasm-jit,12,12.226555,1,
branch_nested,wasm-aot,12,12.238769,1,
branch_nested,native,13,11.651543,1,
branch_nested,wasm-jit,13,12.406058,1,
branch_nested,wasm-aot,13,12.429098,1,
branch_nested,native,14,14.92785,1,
branch_nested,wasm-jit,14,12.567074,1,
branch_nested,wasm-aot,14,12.928548,1,
branch_nested,native,15,12.343993,1,
branch_nested,wasm-jit,15,12.697233,1,
branch_nested,wasm-aot,15,12.680324,1,
branch_nested,native,16,11.130456,1,
branch_nested,wasm-jit,16,12.522031,1,
branch_nested,wasm-aot,16,12.137594,1,
branch_nested,native,17,11.674002,1,
branch_nested,wasm-jit,17,12.404621,1,
branch_nested,wasm-aot,17,12.726595,1,
branch_nested,native,18,12.414165,1,
branch_nested,wasm-jit,18,12.571102,1,
branch_nested,wasm-aot,18,12.217058,1,
branch_nested,native,19,12.854395,1,
branch_nested,wasm-jit,19,13.536066,1,
branch_nested,wasm-aot,19,12.802321,1,
branch_nested,native,20,12.715149,1,
branch_nested,wasm-jit,20,12.432242,1,
branch_nested,wasm-aot,20,12.356386,1,
branch_nested,native,21,14.110567,1,
branch_nested,wasm-jit,21,12.425515,1,
branch_nested,wasm-aot,21,12.534525,1,
branch_nested,native,22,12.46842,1,
branch_nested,wasm-jit,22,12.209331,1,
branch_nested,wasm-aot,22,12.753798,1,
branch_nested,native,23,11.989971,1,
branch_nested,wasm-jit,23,12.816039,1,
branch_nested,wasm-aot,23,12.221124,1,
branch_nested,native,24,11.69461,1,
branch_nested,wasm-jit,24,12.164253,1,
branch_nested,wasm-aot,24,12.611745,1,
branch_nested,native,25,13.926525,1,
branch_nested,wasm-jit,25,12.133635,1,
branch_nested,wasm-aot,25,12.148883,1,
branch_nested,native,26,12.818709,1,
branch_nested,wasm-jit,26,12.622225,1,
branch_nested,wasm-aot,26,12.402069,1,
branch_nested,native,27,14.150284,1,
branch_nested,wasm-jit,27,12.162286,1,
branch_nested,wasm-aot,27,13.638402,1,
branch_nested,native,28,11.106459,1,
branch_nested,wasm-jit,28,12.56312,1,
branch_nested,wasm-aot,28,12.430938,1,
branch_nested,native,29,12.585145,1,
branch_nested,wasm-jit,29,12.381588,1,
branch_nested,wasm-aot,29,12.41758,1,
branch_nested,native,30,13.205323,1,
branch_nested,wasm-jit,30,12.274805,1,
branch_nested,wasm-aot,30,14.176716,1,
branch_predictable,native,1,15.136935,1,
branch_predictable,wasm-jit,1,11.34018,1,
branch_predictable,wasm-aot,1,11.281055,1,
branch_predictable,native,2,15.660586,1,
branch_predictable,wasm-jit,2,11.081962,1,
branch_predictable,wasm-aot,2,10.998514,1,
branch_predictable,native,3,14.825323,1,
branch_predictable,wasm-jit,3,11.27252,1,
branch_predictable,wasm-aot,3,11.29121,1,
branch_predictable,native,4,15.20877,1,
branch_predictable,wasm-jit,4,11.059831,1,
branch_predictable,wasm-aot,4,11.008282,1,
branch_predictable,native,5,14.712985,1,
branch_predictable,wasm-jit,5,10.861961,1,
branch_predictable,wasm-aot,5,11.292729,1,
branch_predictable,native,6,15.272635,1,
branch_predictable,wasm-jit,6,11.34253,1,
branch_predictable,wasm-aot,6,10.948788,1,
branch_predictable,native,7,15.643581,1,
branch_predictable,wasm-jit,7,11.121,1,
branch_predictable,wasm-aot,7,10.89113,1,
branch_predictable,native,8,14.985542,1,
branch_predictable,wasm-jit,8,11.214447,1,
branch_predictable,wasm-aot,8,11.195889,1,
branch_predictable,native,9,15.321078,1,
branch_predictable,wasm-jit,9,10.832796,1,
branch_predictable,wasm-aot,9,11.091456,1,
branch_predictable,native,10,14.921414,1,
branch_predictable,wasm-jit,10,11.191144,1,
branch_predictable,wasm-aot,10,11.087372,1,
branch_predictable,native,11,14.917973,1,
branch_predictable,wasm-jit,11,10.901182,1,
branch_predictable,wasm-aot,11,10.904541,1,
branch_predictable,native,12,14.966043,1,
branch_predictable,wasm-jit,12,11.314844,1,
branch_predictable,wasm-aot,12,11.255394,1,
branch_predictable,native,13,14.769302,1,
branch_predictable,wasm-jit,13,11.019301,1,
branch_predictable,wasm-aot,13,11.22215,1,
branch_predictable,native,14,15.091174,1,
branch_predictable,wasm-jit,14,11.016781,1,
branch_predictable,wasm-aot,14,10.944696,1,
branch_predictable,native,15,14.657489,1,
branch_predictable,wasm-jit,15,10.844325,1,
branch_predictable,wasm-aot,15,11.094527,1,
branch_predictable,native,16,15.224159,1,
branch_predictable,wasm-jit,16,11.046826,1,
branch_predictable,wasm-aot,16,10.942473,1,
branch_predictable,native,17,14.903795,1,
branch_predictable,wasm-jit,17,11.305686,1,
branch_predictable,wasm-aot,17,11.162731,1,
branch_predictable,native,18,14.736204,1,
branch_predictable,wasm-jit,18,11.051741,1,
branch_predictable,wasm-aot,18,10.885023,1,
branch_predictable,native,19,14.731642,1,
branch_predictable,wasm-jit,19,10.939815,1,
branch_predictable,wasm-aot,19,11.034261,1,
branch_predictable,native,20,14.703361,1,
branch_predictable,wasm-jit,20,10.992044,1,
branch_predictable,wasm-aot,20,11.043267,1,
branch_predictable,native,21,14.941467,1,
branch_predictable,wasm-jit,21,11.024496,1,
branch_predictable,wasm-aot,21,10.839929,1,
branch_predictable,native,22,15.034329,1,
branch_predictable,wasm-jit,22,11.123808,1,
branch_predictable,wasm-aot,22,10.966725,1,
branch_predictable,native,23,14.902661,1,
branch_predictable,wasm-jit,23,11.040587,1,
branch_predictable,wasm-aot,23,10.870167,1,
branch_predictable,native,24,15.271616,1,
branch_predictable,wasm-jit,24,11.084115,1,
branch_predictable,wasm-aot,24,11.472531,1,
branch_predictable,native,25,14.915857,1,
branch_predictable,wasm-jit,25,11.183551,1,
branch_predictable,wasm-aot,25,11.617403,1,
branch_predictable,native,26,14.931452,1,
branch_predictable,wasm-jit,26,11.24531,1,
branch_predictable,wasm-aot,26,10.871778,1,
branch_predictable,native,27,14.771764,1,
branch_predictable,wasm-jit,27,11.174858,1,
branch_predictable,wasm-aot,27,10.978723,1,
branch_predictable,native,28,15.063842,1,
branch_predictable,wasm-jit,28,11.370899,1,
branch_predictable,wasm-aot,28,10.988573,1,
branch_predictable,native,29,15.362586,1,
branch_predictable,wasm-jit,29,11.031912,1,
branch_predictable,wasm-aot,29,10.933839,1,
branch_predictable,native,30,15.402535,1,
branch_predictable,wasm-jit,30,10.970996,1,
branch_predictable,wasm-aot,30,10.890455,1,
branch_switch_dense,native,1,13.398538,1,
branch_switch_dense,wasm-jit,1,10.551127,1,
branch_switch_dense,wasm-aot,1,10.221719,1,
branch_switch_dense,native,2,13.228448,1,
branch_switch_dense,wasm-jit,2,10.161406,1,
branch_switch_dense,wasm-aot,2,10.627656,1,
branch_switch_dense,native,3,13.887021,1,
branch_switch_dense,wasm-jit,3,10.628294,1,
branch_switch_dense,wasm-aot,3,10.598685,1,
branch_switch_dense,native,4,13.457248,1,
branch_switch_dense,wasm-jit,4,10.638566,1,
branch_switch_dense,wasm-aot,4,10.205316,1,
branch_switch_dense,native,5,13.487138,1,
branch_switch_dense,wasm-jit,5,10.503526,1,
branch_switch_dense,wasm-aot,5,10.39731,1,
branch_switch_dense,native,6,13.435595,1,
branch_switch_dense,wasm-jit,6,10.637024,1,
branch_switch_dense,wasm-aot,6,10.755727,1,
branch_switch_dense,native,7,13.855496,1,
branch_switch_dense,wasm-jit,7,10.16936,1,
branch_switch_dense,wasm-aot,7,10.195211,1,
branch_switch_dense,native,8,13.578025,1,
branch_switch_dense,wasm-jit,8,10.246565,1,
branch_switch_dense,wasm-aot,8,10.437411,1,
branch_switch_dense,native,9,13.372406,1,
branch_switch_dense,wasm-jit,9,10.163432,1,
branch_switch_dense,wasm-aot,9,10.44658,1,
branch_switch_dense,native,10,13.094538,1,
branch_switch_dense,wasm-jit,10,10.13549,1,
branch_switch_dense,wasm-aot,10,10.202001,1,
branch_switch_dense,native,11,13.327649,1,
branch_switch_dense,wasm-jit,11,10.381637,1,
branch_switch_dense,wasm-aot,11,10.573536,1,
branch_switch_dense,native,12,13.371813,1,
branch_switch_dense,wasm-jit,12,10.638863,1,
branch_switch_dense,wasm-aot,12,10.447616,1,
branch_switch_dense,native,13,13.250597,1,
branch_switch_dense,wasm-jit,13,10.361169,1,
branch_switch_dense,wasm-aot,13,10.313438,1,
branch_switch_dense,native,14,13.42344,1,
branch_switch_dense,wasm-jit,14,10.387738,1,
branch_switch_dense,wasm-aot,14,10.57454,1,
branch_switch_dense,native,15,13.421348,1,
branch_switch_dense,wasm-jit,15,10.349377,1,
branch_switch_dense,wasm-aot,15,10.171577,1,
branch_switch_dense,native,16,13.866848,1,
branch_switch_dense,wasm-jit,16,10.491513,1,
branch_switch_dense,wasm-aot,16,10.540519,1,
branch_switch_dense,native,17,13.269609,1,
branch_switch_dense,wasm-jit,17,10.17365,1,
branch_switch_dense,wasm-aot,17,10.568639,1,
branch_switch_dense,native,18,13.482693,1,
branch_switch_dense,wasm-jit,18,10.171626,1,
branch_switch_dense,wasm-aot,18,10.173843,1,
branch_switch_dense,native,19,13.352373,1,
branch_switch_dense,wasm-jit,19,10.339303,1,
branch_switch_dense,wasm-aot,19,10.502018,1,
branch_switch_dense,native,20,13.433801,1,
branch_switch_dense,wasm-jit,20,10.578319,1,
branch_switch_dense,wasm-aot,20,10.473077,1,
branch_switch_dense,native,21,13.655294,1,
branch_switch_dense,wasm-jit,21,10.504718,1,
branch_switch_dense,wasm-aot,21,10.431038,1,
branch_switch_dense,native,22,13.246603,1,
branch_switch_dense,wasm-jit,22,10.413738,1,
branch_switch_dense,wasm-aot,22,10.558309,1,
branch_switch_dense,native,23,13.512869,1,
branch_switch_dense,wasm-jit,23,10.133997,1,
branch_switch_dense,wasm-aot,23,10.567894,1,
branch_switch_dense,native,24,13.549002,1,
branch_switch_dense,wasm-jit,24,10.470351,1,
branch_switch_dense,wasm-aot,24,10.22161,1,
branch_switch_dense,native,25,13.760953,1,
branch_switch_dense,wasm-jit,25,10.522937,1,
branch_switch_dense,wasm-aot,25,10.385982,1,
branch_switch_dense,native,26,13.434091,1,
branch_switch_dense,wasm-jit,26,10.132308,1,
branch_switch_dense,wasm-aot,26,10.271289,1,
branch_switch_dense,native,27,13.447405,1,
branch_switch_dense,wasm-jit,27,10.522417,1,
branch_switch_dense,wasm-aot,27,10.597764,1,
branch_switch_dense,native,28,13.752853,1,
branch_switch_dense,wasm-jit,28,10.508062,1,
branch_switch_dense,wasm-aot,28,10.401724,1,
branch_switch_dense,native,29,14.217233,1,
branch_switch_dense,wasm-jit,29,10.247076,1,
branch_switch_dense,wasm-aot,29,10.226769,1,
branch_switch_dense,native,30,13.394031,1,
branch_switch_dense,wasm-jit,30,10.196967,1,
branch_switch_dense,wasm-aot,30,10.203158,1,
branch_switch_sparse,native,1,208.206021,1,
branch_switch_sparse,wasm-jit,1,139.672366,1,
branch_switch_sparse,wasm-aot,1,139.018786,1,
branch_switch_sparse,native,2,206.354377,1,
branch_switch_sparse,wasm-jit,2,138.439236,1,
branch_switch_sparse,wasm-aot,2,138.38321,1,
branch_switch_sparse,native,3,206.192601,1,
branch_switch_sparse,wasm-jit,3,139.024176,1,
branch_switch_sparse,wasm-aot,3,139.577348,1,
branch_switch_sparse,native,4,207.265075,1,
branch_switch_sparse,wasm-jit,4,139.557032,1,
branch_switch_sparse,wasm-aot,4,140.364708,1,
branch_switch_sparse,native,5,207.224041,1,
branch_switch_sparse,wasm-jit,5,139.437508,1,
branch_switch_sparse,wasm-aot,5,142.567859,1,
branch_switch_sparse,native,6,204.631152,1,
branch_switch_sparse,wasm-jit,6,140.896392,1,
branch_switch_sparse,wasm-aot,6,139.375925,1,
branch_switch_sparse,native,7,206.983669,1,
branch_switch_sparse,wasm-jit,7,141.842058,1,
branch_switch_sparse,wasm-aot,7,140.185246,1,
branch_switch_sparse,native,8,208.744106,1,
branch_switch_sparse,wasm-jit,8,140.567088,1,
branch_switch_sparse,wasm-aot,8,139.695433,1,
branch_switch_sparse,native,9,206.75321,1,
branch_switch_sparse,wasm-jit,9,140.872075,1,
branch_switch_sparse,wasm-aot,9,138.848217,1,
branch_switch_sparse,native,10,204.131409,1,
branch_switch_sparse,wasm-jit,10,138.759809,1,
branch_switch_sparse,wasm-aot,10,140.214554,1,
branch_switch_sparse,native,11,207.174957,1,
branch_switch_sparse,wasm-jit,11,138.555054,1,
branch_switch_sparse,wasm-aot,11,141.342632,1,
branch_switch_sparse,native,12,207.604582,1,
branch_switch_sparse,wasm-jit,12,139.976509,1,
branch_switch_sparse,wasm-aot,12,141.211605,1,
branch_switch_sparse,native,13,207.101453,1,
branch_switch_sparse,wasm-jit,13,139.853207,1,
branch_switch_sparse,wasm-aot,13,139.882972,1,
branch_switch_sparse,native,14,206.289052,1,
branch_switch_sparse,wasm-jit,14,141.244482,1,
branch_switch_sparse,wasm-aot,14,138.742244,1,
branch_switch_sparse,native,15,206.496845,1,
branch_switch_sparse,wasm-jit,15,142.184172,1,
branch_switch_sparse,wasm-aot,15,137.333426,1,
branch_switch_sparse,native,16,206.841583,1,
branch_switch_sparse,wasm-jit,16,138.405831,1,
branch_switch_sparse,wasm-aot,16,147.201576,1,
branch_switch_sparse,native,17,205.538314,1,
branch_switch_sparse,wasm-jit,17,138.985534,1,
branch_switch_sparse,wasm-aot,17,141.617777,1,
branch_switch_sparse,native,18,208.709396,1,
branch_switch_sparse,wasm-jit,18,140.765076,1,
branch_switch_sparse,wasm-aot,18,141.092718,1,
branch_switch_sparse,native,19,208.474449,1,
branch_switch_sparse,wasm-jit,19,141.355735,1,
branch_switch_sparse,wasm-aot,19,141.288684,1,
branch_switch_sparse,native,20,208.478262,1,
branch_switch_sparse,wasm-jit,20,146.066455,1,
branch_switch_sparse,wasm-aot,20,140.136897,1,
branch_switch_sparse,native,21,213.843055,1,
branch_switch_sparse,wasm-jit,21,139.675752,1,
branch_switch_sparse,wasm-aot,21,142.035976,1,
branch_switch_sparse,native,22,207.277374,1,
branch_switch_sparse,wasm-jit,22,142.178159,1,
branch_switch_sparse,wasm-aot,22,138.773956,1,
branch_switch_sparse,native,23,217.827909,1,
branch_switch_sparse,wasm-jit,23,141.900583,1,
branch_switch_sparse,wasm-aot,23,140.592771,1,
branch_switch_sparse,native,24,206.168127,1,
branch_switch_sparse,wasm-jit,24,141.008281,1,
branch_switch_sparse,wasm-aot,24,140.677412,1,
branch_switch_sparse,native,25,210.187852,1,
branch_switch_sparse,wasm-jit,25,149.799483,1,
branch_switch_sparse,wasm-aot,25,141.496177,1,
branch_switch_sparse,native,26,207.061867,1,
branch_switch_sparse,wasm-jit,26,138.73349,1,
branch_switch_sparse,wasm-aot,26,138.803529,1,
branch_switch_sparse,native,27,206.428042,1,
branch_switch_sparse,wasm-jit,27,139.270241,1,
branch_switch_sparse,wasm-aot,27,139.117086,1,
branch_switch_sparse,native,28,210.093578,1,
branch_switch_sparse,wasm-jit,28,139.068551,1,
branch_switch_sparse,wasm-aot,28,141.029529,1,
branch_switch_sparse,native,29,209.146819,1,
branch_switch_sparse,wasm-jit,29,139.900775,1,
branch_switch_sparse,wasm-aot,29,140.565626,1,
branch_switch_sparse,native,30,209.279616,1,
branch_switch_sparse,wasm-jit,30,140.913485,1,
branch_switch_sparse,wasm-aot,30,141.638583,1,
branch_unpredictable,native,1,50.153947,1,
branch_unpredictable,wasm-jit,1,129.055174,1,
branch_unpredictable,wasm-aot,1,129.602453,1,
branch_unpredictable,native,2,51.532665,1,
branch_unpredictable,wasm-jit,2,129.267831,1,
branch_unpredictable,wasm-aot,2,129.526401,1,
branch_unpredictable,native,3,49.883409,1,
branch_unpredictable,wasm-jit,3,129.020709,1,
branch_unpredictable,wasm-aot,3,129.046539,1,
branch_unpredictable,native,4,49.086692,1,
branch_unpredictable,wasm-jit,4,130.789756,1,
branch_unpredictable,wasm-aot,4,137.429835,1,
branch_unpredictable,native,5,51.773927,1,
branch_unpredictable,wasm-jit,5,130.123203,1,
branch_unpredictable,wasm-aot,5,127.231317,1,
branch_unpredictable,native,6,49.63921,1,
branch_unpredictable,wasm-jit,6,128.012104,1,
branch_unpredictable,wasm-aot,6,129.422689,1,
branch_unpredictable,native,7,49.906379,1,
branch_unpredictable,wasm-jit,7,127.116568,1,
branch_unpredictable,wasm-aot,7,128.98749,1,
branch_unpredictable,native,8,50.88909,1,
branch_unpredictable,wasm-jit,8,128.319474,1,
branch_unpredictable,wasm-aot,8,131.713175,1,
branch_unpredictable,native,9,51.683664,1,
branch_unpredictable,wasm-jit,9,130.010579,1,
branch_unpredictable,wasm-aot,9,130.592524,1,
branch_unpredictable,native,10,49.688396,1,
branch_unpredictable,wasm-jit,10,127.67176,1,
branch_unpredictable,wasm-aot,10,128.506787,1,
branch_unpredictable,native,11,49.454025,1,
branch_unpredictable,wasm-jit,11,130.158668,1,
branch_unpredictable,wasm-aot,11,130.36329,1,
branch_unpredictable,native,12,50.746229,1,
branch_unpredictable,wasm-jit,12,127.438942,1,
branch_unpredictable,wasm-aot,12,129.653764,1,
branch_unpredictable,native,13,50.13266,1,
branch_unpredictable,wasm-jit,13,138.617898,1,
branch_unpredictable,wasm-aot,13,129.541276,1,
branch_unpredictable,native,14,49.81585,1,
branch_unpredictable,wasm-jit,14,129.154015,1,
branch_unpredictable,wasm-aot,14,131.299964,1,
branch_unpredictable,native,15,50.003896,1,
branch_unpredictable,wasm-jit,15,129.595733,1,
branch_unpredictable,wasm-aot,15,128.95329,1,
branch_unpredictable,native,16,51.14394,1,
branch_unpredictable,wasm-jit,16,126.183981,1,
branch_unpredictable,wasm-aot,16,129.687664,1,
branch_unpredictable,native,17,49.642458,1,
branch_unpredictable,wasm-jit,17,128.870385,1,
branch_unpredictable,wasm-aot,17,129.645944,1,
branch_unpredictable,native,18,50.019238,1,
branch_unpredictable,wasm-jit,18,129.268237,1,
branch_unpredictable,wasm-aot,18,130.652895,1,
branch_unpredictable,native,19,50.419489,1,
branch_unpredictable,wasm-jit,19,128.6171,1,
branch_unpredictable,wasm-aot,19,130.169657,1,
branch_unpredictable,native,20,50.152884,1,
branch_unpredictable,wasm-jit,20,128.242947,1,
branch_unpredictable,wasm-aot,20,130.26365,1,
branch_unpredictable,native,21,50.799662,1,
branch_unpredictable,wasm-jit,21,128.40172,1,
branch_unpredictable,wasm-aot,21,129.806345,1,
branch_unpredictable,native,22,50.317312,1,
branch_unpredictable,wasm-jit,22,129.083215,1,
branch_unpredictable,wasm-aot,22,129.236397,1,
branch_unpredictable,native,23,49.686918,1,
branch_unpredictable,wasm-jit,23,129.050325,1,
branch_unpredictable,wasm-aot,23,129.620224,1,
branch_unpredictable,native,24,49.539761,1,
branch_unpredictable,wasm-jit,24,129.812599,1,
branch_unpredictable,wasm-aot,24,129.069999,1,
branch_unpredictable,native,25,49.928298,1,
branch_unpredictable,wasm-jit,25,131.787217,1,
branch_unpredictable,wasm-aot,25,131.525382,1,
branch_unpredictable,native,26,50.572858,1,
branch_unpredictable,wasm-jit,26,128.885096,1,
branch_unpredictable,wasm-aot,26,126.374897,1,
branch_unpredictable,native,27,49.301341,1,
branch_unpredictable,wasm-jit,27,130.676101,1,
branch_unpredictable,wasm-aot,27,128.209718,1,
branch_unpredictable,native,28,50.590497,1,
branch_unpredictable,wasm-jit,28,128.649282,1,
branch_unpredictable,wasm-aot,28,131.745773,1,
branch_unpredictable,native,29,49.855882,1,
branch_unpredictable,wasm-jit,29,129.408598,1,
branch_unpredictable,wasm-aot,29,129.799581,1,
branch_unpredictable,native,30,50.161053,1,
branch_unpredictable,wasm-jit,30,129.547365,1,
branch_unpredictable,wasm-aot,30,129.786999,1,
call_chain,native,1,8.917483,1,
call_chain,wasm-jit,1,8.983865,1,
call_chain,wasm-aot,1,8.8832,1,
call_chain,native,2,8.475851,1,
call_chain,wasm-jit,2,8.537524,1,
call_chain,wasm-aot,2,8.323626,1,
call_chain,native,3,8.43986,1,
call_chain,wasm-jit,3,8.370579,1,
call_chain,wasm-aot,3,8.869468,1,
call_chain,native,4,8.692026,1,
call_chain,wasm-jit,4,8.82786,1,
call_chain,wasm-aot,4,8.342982,1,
call_chain,native,5,8.451084,1,
call_chain,wasm-jit,5,8.77941,1,
call_chain,wasm-aot,5,8.475202,1,
call_chain,native,6,8.900145,1,
call_chain,wasm-jit,6,9.06408,1,
call_chain,wasm-aot,6,9.66734,1,
call_chain,native,7,8.908659,1,
call_chain,wasm-jit,7,8.479279,1,
call_chain,wasm-aot,7,8.512521,1,
call_chain,native,8,8.723702,1,
call_chain,wasm-jit,8,9.012192,1,
call_chain,wasm-aot,8,9.018339,1,
call_chain,native,9,8.575264,1,
call_chain,wasm-jit,9,9.005561,1,
call_chain,wasm-aot,9,8.459262,1,
call_chain,native,10,8.511831,1,
call_chain,wasm-jit,10,8.586399,1,
call_chain,wasm-aot,10,8.923979,1,
call_chain,native,11,8.622745,1,
call_chain,wasm-jit,11,8.924648,1,
call_chain,wasm-aot,11,8.4985,1,
call_chain,native,12,8.678515,1,
call_chain,wasm-jit,12,8.552639,1,
call_chain,wasm-aot,12,9.34037,1,
call_chain,native,13,8.648224,1,
call_chain,wasm-jit,13,8.565603,1,
call_chain,wasm-aot,13,8.800069,1,
call_chain,native,14,8.658042,1,
call_chain,wasm-jit,14,8.628628,1,
call_chain,wasm-aot,14,8.510613,1,
call_chain,native,15,8.825838,1,
call_chain,wasm-jit,15,8.851692,1,
call_chain,wasm-aot,15,9.203847,1,
call_chain,native,16,8.850788,1,
call_chain,wasm-jit,16,8.475836,1,
call_chain,wasm-aot,16,8.779178,1,
call_chain,native,17,8.868684,1,
call_chain,wasm-jit,17,8.496085,1,
call_chain,wasm-aot,17,8.643569,1,
call_chain,native,18,8.389148,1,
call_chain,wasm-jit,18,8.410238,1,
call_chain,wasm-aot,18,8.57214,1,
call_chain,native,19,8.463877,1,
call_chain,wasm-jit,19,8.523968,1,
call_chain,wasm-aot,19,8.533931,1,
call_chain,native,20,8.737789,1,
call_chain,wasm-jit,20,8.800304,1,
call_chain,wasm-aot,20,8.420024,1,
call_chain,native,21,8.883279,1,
call_chain,wasm-jit,21,8.629361,1,
call_chain,wasm-aot,21,8.807335,1,
call_chain,native,22,8.690442,1,
call_chain,wasm-jit,22,8.587049,1,
call_chain,wasm-aot,22,8.555275,1,
call_chain,native,23,9.485108,1,
call_chain,wasm-jit,23,8.462476,1,
call_chain,wasm-aot,23,8.467688,1,
call_chain,native,24,8.509996,1,
call_chain,wasm-jit,24,8.577236,1,
call_chain,wasm-aot,24,8.567398,1,
call_chain,native,25,8.598142,1,
call_chain,wasm-jit,25,8.683621,1,
call_chain,wasm-aot,25,8.810993,1,
call_chain,native,26,8.720866,1,
call_chain,wasm-jit,26,8.754866,1,
call_chain,wasm-aot,26,8.765964,1,
call_chain,native,27,8.794254,1,
call_chain,wasm-jit,27,8.75374,1,
call_chain,wasm-aot,27,8.515886,1,
call_chain,native,28,8.724958,1,
call_chain,wasm-jit,28,8.399975,1,
call_chain,wasm-aot,28,8.753179,1,
call_chain,native,29,8.719958,1,
call_chain,wasm-jit,29,8.722708,1,
call_chain,wasm-aot,29,8.49063,1,
call_chain,native,30,8.433874,1,
call_chain,wasm-jit,30,8.471222,1,
call_chain,wasm-aot,30,8.378558,1,
call_indirect,native,1,27.624383,1,
call_indirect,wasm-jit,1,33.757992,1,
call_indirect,wasm-aot,1,33.916585,1,
call_indirect,native,2,28.631096,1,
call_indirect,wasm-jit,2,33.370826,1,
call_indirect,wasm-aot,2,33.807798,1,
call_indirect,native,3,27.93195,1,
call_indirect,wasm-jit,3,33.330384,1,
call_indirect,wasm-aot,3,33.972755,1,
call_indirect,native,4,27.647822,1,
call_indirect,wasm-jit,4,34.28286,1,
call_indirect,wasm-aot,4,33.954234,1,
call_indirect,native,5,27.679337,1,
call_indirect,wasm-jit,5,33.739,1,
call_indirect,wasm-aot,5,36.256719,1,
call_indirect,native,6,28.118823,1,
call_indirect,wasm-jit,6,35.06256,1,
call_indirect,wasm-aot,6,33.785704,1,
call_indirect,native,7,26.775877,1,
call_indirect,wasm-jit,7,33.847434,1,
call_indirect,wasm-aot,7,34.006268,1,
call_indirect,native,8,27.583772,1,
call_indirect,wasm-jit,8,34.144109,1,
call_indirect,wasm-aot,8,34.399634,1,
call_indirect,native,9,27.960397,1,
call_indirect,wasm-jit,9,33.364506,1,
call_indirect,wasm-aot,9,33.393827,1,
call_indirect,native,10,27.7889,1,
call_indirect,wasm-jit,10,34.404642,1,
call_indirect,wasm-aot,10,33.744173,1,
call_indirect,native,11,27.804968,1,
call_indirect,wasm-jit,11,33.432668,1,
call_indirect,wasm-aot,11,33.424005,1,
call_indirect,native,12,27.756532,1,
call_indirect,wasm-jit,12,33.909529,1,
call_indirect,wasm-aot,12,34.234167,1,
call_indirect,native,13,27.303196,1,
call_indirect,wasm-jit,13,33.95753,1,
call_indirect,wasm-aot,13,34.957904,1,
call_indirect,native,14,28.324207,1,
call_indirect,wasm-jit,14,34.031299,1,
call_indirect,wasm-aot,14,34.115733,1,
call_indirect,native,15,27.434282,1,
call_indirect,wasm-jit,15,33.953633,1,
call_indirect,wasm-aot,15,35.242266,1,
call_indirect,native,16,27.541485,1,
call_indirect,wasm-jit,16,33.592637,1,
call_indirect,wasm-aot,16,33.426398,1,
call_indirect,native,17,27.920509,1,
call_indirect,wasm-jit,17,33.979024,1,
call_indirect,wasm-aot,17,33.942154,1,
call_indirect,native,18,28.072721,1,
call_indirect,wasm-jit,18,33.904348,1,
call_indirect,wasm-aot,18,33.940822,1,
call_indirect,native,19,27.140455,1,
call_indirect,wasm-jit,19,33.928238,1,
call_indirect,wasm-aot,19,33.666053,1,
call_indirect,native,20,27.052807,1,
call_indirect,wasm-jit,20,33.559777,1,
call_indirect,wasm-aot,20,33.507612,1,
call_indirect,native,21,28.320779,1,
call_indirect,wasm-jit,21,34.969665,1,
call_indirect,wasm-aot,21,33.722524,1,
call_indirect,native,22,27.759026,1,
call_indirect,wasm-jit,22,34.76759,1,
call_indirect,wasm-aot,22,34.125569,1,
call_indirect,native,23,27.734107,1,
call_indirect,wasm-jit,23,33.820472,1,
call_indirect,wasm-aot,23,33.862679,1,
call_indirect,native,24,27.966573,1,
call_indirect,wasm-jit,24,34.177707,1,
call_indirect,wasm-aot,24,33.941374,1,
call_indirect,native,25,27.491341,1,
call_indirect,wasm-jit,25,33.645878,1,
call_indirect,wasm-aot,25,33.831791,1,
call_indirect,native,26,26.961729,1,
call_indirect,wasm-jit,26,34.602289,1,
call_indirect,wasm-aot,26,33.325235,1,
call_indirect,native,27,26.980436,1,
call_indirect,wasm-jit,27,33.993512,1,
call_indirect,wasm-aot,27,33.708199,1,
call_indirect,native,28,27.992707,1,
call_indirect,wasm-jit,28,36.617237,1,
call_indirect,wasm-aot,28,33.945793,1,
call_indirect,native,29,28.316387,1,
call_indirect,wasm-jit,29,33.878781,1,
call_indirect,wasm-aot,29,33.729365,1,
call_indirect,native,30,27.432197,1,
call_indirect,wasm-jit,30,33.70254,1,
call_indirect,wasm-aot,30,33.570685,1,
call_many_small_funcs,native,1,36.74905,1,
call_many_small_funcs,wasm-jit,1,42.36966,1,
call_many_small_funcs,wasm-aot,1,42.579484,1,
call_many_small_funcs,native,2,36.772674,1,
call_many_small_funcs,wasm-jit,2,42.013678,1,
call_many_small_funcs,wasm-aot,2,42.360761,1,
call_many_small_funcs,native,3,37.221397,1,
call_many_small_funcs,wasm-jit,3,42.750841,1,
call_many_small_funcs,wasm-aot,3,42.576523,1,
call_many_small_funcs,native,4,36.854111,1,
call_many_small_funcs,wasm-jit,4,42.494518,1,
call_many_small_funcs,wasm-aot,4,42.737348,1,
call_many_small_funcs,native,5,36.832956,1,
call_many_small_funcs,wasm-jit,5,42.531817,1,
call_many_small_funcs,wasm-aot,5,42.556638,1,
call_many_small_funcs,native,6,36.312441,1,
call_many_small_funcs,wasm-jit,6,42.21102,1,
call_many_small_funcs,wasm-aot,6,42.113811,1,
call_many_small_funcs,native,7,37.452823,1,
call_many_small_funcs,wasm-jit,7,42.614409,1,
call_many_small_funcs,wasm-aot,7,42.762578,1,
call_many_small_funcs,native,8,37.383367,1,
call_many_small_funcs,wasm-jit,8,44.0418,1,
call_many_small_funcs,wasm-aot,8,42.187126,1,
call_many_small_funcs,native,9,36.748189,1,
call_many_small_funcs,wasm-jit,9,43.766965,1,
call_many_small_funcs,wasm-aot,9,42.396917,1,
call_many_small_funcs,native,10,37.082206,1,
call_many_small_funcs,wasm-jit,10,42.306573,1,
call_many_small_funcs,wasm-aot,10,42.643782,1,
call_many_small_funcs,native,11,37.242559,1,
call_many_small_funcs,wasm-jit,11,42.892446,1,
call_many_small_funcs,wasm-aot,11,42.637019,1,
call_many_small_funcs,native,12,37.483624,1,
call_many_small_funcs,wasm-jit,12,42.672496,1,
call_many_small_funcs,wasm-aot,12,43.357646,1,
call_many_small_funcs,native,13,37.794177,1,
call_many_small_funcs,wasm-jit,13,43.037851,1,
call_many_small_funcs,wasm-aot,13,43.560742,1,
call_many_small_funcs,native,14,37.829032,1,
call_many_small_funcs,wasm-jit,14,43.132189,1,
call_many_small_funcs,wasm-aot,14,43.296176,1,
call_many_small_funcs,native,15,37.044952,1,
call_many_small_funcs,wasm-jit,15,43.004716,1,
call_many_small_funcs,wasm-aot,15,44.423716,1,
call_many_small_funcs,native,16,37.653879,1,
call_many_small_funcs,wasm-jit,16,43.935199,1,
call_many_small_funcs,wasm-aot,16,42.679228,1,
call_many_small_funcs,native,17,37.955874,1,
call_many_small_funcs,wasm-jit,17,43.736724,1,
call_many_small_funcs,wasm-aot,17,43.915108,1,
call_many_small_funcs,native,18,37.059105,1,
call_many_small_funcs,wasm-jit,18,43.003125,1,
call_many_small_funcs,wasm-aot,18,42.97246,1,
call_many_small_funcs,native,19,38.060491,1,
call_many_small_funcs,wasm-jit,19,42.864636,1,
call_many_small_funcs,wasm-aot,19,42.594337,1,
call_many_small_funcs,native,20,37.399052,1,
call_many_small_funcs,wasm-jit,20,43.446921,1,
call_many_small_funcs,wasm-aot,20,43.088064,1,
call_many_small_funcs,native,21,37.471895,1,
call_many_small_funcs,wasm-jit,21,43.81692,1,
call_many_small_funcs,wasm-aot,21,43.070501,1,
call_many_small_funcs,native,22,37.515156,1,
call_many_small_funcs,wasm-jit,22,43.532376,1,
call_many_small_funcs,wasm-aot,22,42.990627,1,
call_many_small_funcs,native,23,37.410701,1,
call_many_small_funcs,wasm-jit,23,42.586067,1,
call_many_small_funcs,wasm-aot,23,42.919853,1,
call_many_small_funcs,native,24,38.143,1,
call_many_small_funcs,wasm-jit,24,43.644908,1,
call_many_small_funcs,wasm-aot,24,42.533379,1,
call_many_small_funcs,native,25,37.530655,1,
call_many_small_funcs,wasm-jit,25,43.268466,1,
call_many_small_funcs,wasm-aot,25,43.177529,1,
call_many_small_funcs,native,26,37.44078,1,
call_many_small_funcs,wasm-jit,26,43.279892,1,
call_many_small_funcs,wasm-aot,26,43.460478,1,
call_many_small_funcs,native,27,37.35871,1,
call_many_small_funcs,wasm-jit,27,43.565201,1,
call_many_small_funcs,wasm-aot,27,43.177204,1,
call_many_small_funcs,native,28,37.998939,1,
call_many_small_funcs,wasm-jit,28,43.523728,1,
call_many_small_funcs,wasm-aot,28,42.750414,1,
call_many_small_funcs,native,29,37.810577,1,
call_many_small_funcs,wasm-jit,29,42.790857,1,
call_many_small_funcs,wasm-aot,29,43.05777,1,
call_many_small_funcs,native,30,37.402928,1,
call_many_small_funcs,wasm-jit,30,43.593603,1,
call_many_small_funcs,wasm-aot,30,42.882605,1,
call_recursive,native,1,9.676014,1,
call_recursive,wasm-jit,1,13.746251,1,
call_recursive,wasm-aot,1,13.939233,1,
call_recursive,native,2,9.27791,1,
call_recursive,wasm-jit,2,13.891745,1,
call_recursive,wasm-aot,2,14.416379,1,
call_recursive,native,3,9.205709,1,
call_recursive,wasm-jit,3,14.050105,1,
call_recursive,wasm-aot,3,13.738283,1,
call_recursive,native,4,9.635956,1,
call_recursive,wasm-jit,4,13.510882,1,
call_recursive,wasm-aot,4,13.717548,1,
call_recursive,native,5,9.226359,1,
call_recursive,wasm-jit,5,13.992193,1,
call_recursive,wasm-aot,5,13.604002,1,
call_recursive,native,6,9.220755,1,
call_recursive,wasm-jit,6,13.698191,1,
call_recursive,wasm-aot,6,13.563687,1,
call_recursive,native,7,9.489348,1,
call_recursive,wasm-jit,7,13.558975,1,
call_recursive,wasm-aot,7,13.659048,1,
call_recursive,native,8,9.454299,1,
call_recursive,wasm-jit,8,13.646872,1,
call_recursive,wasm-aot,8,13.645888,1,
call_recursive,native,9,9.447123,1,
call_recursive,wasm-jit,9,13.818086,1,
call_recursive,wasm-aot,9,13.839764,1,
call_recursive,native,10,9.357969,1,
call_recursive,wasm-jit,10,13.924707,1,
call_recursive,wasm-aot,10,13.515597,1,
call_recursive,native,11,9.416982,1,
call_recursive,wasm-jit,11,13.786457,1,
call_recursive,wasm-aot,11,14.441402,1,
call_recursive,native,12,9.762361,1,
call_recursive,wasm-jit,12,13.433261,1,
call_recursive,wasm-aot,12,14.540272,1,
call_recursive,native,13,9.442116,1,
call_recursive,wasm-jit,13,13.651385,1,
call_recursive,wasm-aot,13,13.770587,1,
call_recursive,native,14,9.231377,1,
call_recursive,wasm-jit,14,13.834525,1,
call_recursive,wasm-aot,14,13.989615,1,
call_recursive,native,15,9.302626,1,
call_recursive,wasm-jit,15,13.806891,1,
call_recursive,wasm-aot,15,13.828035,1,
call_recursive,native,16,9.385551,1,
call_recursive,wasm-jit,16,13.837551,1,
call_recursive,wasm-aot,16,13.49423,1,
call_recursive,native,17,9.195271,1,
call_recursive,wasm-jit,17,13.568554,1,
call_recursive,wasm-aot,17,13.712657,1,
call_recursive,native,18,9.453691,1,
call_recursive,wasm-jit,18,13.828352,1,
call_recursive,wasm-aot,18,13.804985,1,
call_recursive,native,19,9.30646,1,
call_recursive,wasm-jit,19,13.723813,1,
call_recursive,wasm-aot,19,13.585343,1,
call_recursive,native,20,9.493105,1,
call_recursive,wasm-jit,20,13.587381,1,
call_recursive,wasm-aot,20,13.703426,1,
call_recursive,native,21,9.331474,1,
call_recursive,wasm-jit,21,13.670993,1,
call_recursive,wasm-aot,21,13.797817,1,
call_recursive,native,22,9.571684,1,
call_recursive,wasm-jit,22,13.73639,1,
call_recursive,wasm-aot,22,13.641204,1,
call_recursive,native,23,9.381007,1,
call_recursive,wasm-jit,23,13.676917,1,
call_recursive,wasm-aot,23,13.66607,1,
call_recursive,native,24,9.195247,1,
call_recursive,wasm-jit,24,13.565675,1,
call_recursive,wasm-aot,24,13.655671,1,
call_recursive,native,25,9.590957,1,
call_recursive,wasm-jit,25,13.864824,1,
call_recursive,wasm-aot,25,13.481508,1,
call_recursive,native,26,9.311529,1,
call_recursive,wasm-jit,26,13.582442,1,
call_recursive,wasm-aot,26,13.956338,1,
call_recursive,native,27,9.312091,1,
call_recursive,wasm-jit,27,13.651587,1,
call_recursive,wasm-aot,27,13.862426,1,
call_recursive,native,28,9.238622,1,
call_recursive,wasm-jit,28,13.621162,1,
call_recursive,wasm-aot,28,13.807681,1,
call_recursive,native,29,9.468555,1,
call_recursive,wasm-jit,29,13.768148,1,
call_recursive,wasm-aot,29,13.673128,1,
call_recursive,native,30,9.234035,1,
call_recursive,wasm-jit,30,13.792844,1,
call_recursive,wasm-aot,30,14.053333,1,
compute_fp_mix,native,1,31.132074,1,
compute_fp_mix,wasm-jit,1,31.368614,1,
compute_fp_mix,wasm-aot,1,31.058318,1,
compute_fp_mix,native,2,31.483005,1,
compute_fp_mix,wasm-jit,2,31.207126,1,
compute_fp_mix,wasm-aot,2,30.851668,1,
compute_fp_mix,native,3,31.649471,1,
compute_fp_mix,wasm-jit,3,31.428073,1,
compute_fp_mix,wasm-aot,3,31.349596,1,
compute_fp_mix,native,4,31.450362,1,
compute_fp_mix,wasm-jit,4,31.493494,1,
compute_fp_mix,wasm-aot,4,31.688565,1,
compute_fp_mix,native,5,31.730618,1,
compute_fp_mix,wasm-jit,5,31.329833,1,
compute_fp_mix,wasm-aot,5,31.853337,1,
compute_fp_mix,native,6,31.343787,1,
compute_fp_mix,wasm-jit,6,31.403975,1,
compute_fp_mix,wasm-aot,6,31.415255,1,
compute_fp_mix,native,7,31.167885,1,
compute_fp_mix,wasm-jit,7,31.617017,1,
compute_fp_mix,wasm-aot,7,31.603517,1,
compute_fp_mix,native,8,31.997494,1,
compute_fp_mix,wasm-jit,8,31.916286,1,
compute_fp_mix,wasm-aot,8,31.526563,1,
compute_fp_mix,native,9,31.901084,1,
compute_fp_mix,wasm-jit,9,31.054622,1,
compute_fp_mix,wasm-aot,9,31.412063,1,
compute_fp_mix,native,10,31.434317,1,
compute_fp_mix,wasm-jit,10,31.733462,1,
compute_fp_mix,wasm-aot,10,31.350369,1,
compute_fp_mix,native,11,31.176001,1,
compute_fp_mix,wasm-jit,11,31.461607,1,
compute_fp_mix,wasm-aot,11,31.776372,1,
compute_fp_mix,native,12,31.396373,1,
compute_fp_mix,wasm-jit,12,32.10789,1,
compute_fp_mix,wasm-aot,12,30.991257,1,
compute_fp_mix,native,13,30.894721,1,
compute_fp_mix,wasm-jit,13,31.135549,1,
compute_fp_mix,wasm-aot,13,31.512497,1,
compute_fp_mix,native,14,31.395996,1,
compute_fp_mix,wasm-jit,14,31.582045,1,
compute_fp_mix,wasm-aot,14,31.420414,1,
compute_fp_mix,native,15,31.732067,1,
compute_fp_mix,wasm-jit,15,31.597803,1,
compute_fp_mix,wasm-aot,15,31.165828,1,
compute_fp_mix,native,16,30.995504,1,
compute_fp_mix,wasm-jit,16,31.629878,1,
compute_fp_mix,wasm-aot,16,31.473073,1,
compute_fp_mix,native,17,31.257514,1,
compute_fp_mix,wasm-jit,17,31.902954,1,
compute_fp_mix,wasm-aot,17,31.53457,1,
compute_fp_mix,native,18,31.42593,1,
compute_fp_mix,wasm-jit,18,31.044411,1,
compute_fp_mix,wasm-aot,18,31.189881,1,
compute_fp_mix,native,19,31.134036,1,
compute_fp_mix,wasm-jit,19,31.712592,1,
compute_fp_mix,wasm-aot,19,31.189462,1,
compute_fp_mix,native,20,31.447759,1,
compute_fp_mix,wasm-jit,20,31.937082,1,
compute_fp_mix,wasm-aot,20,31.193928,1,
compute_fp_mix,native,21,31.761144,1,
compute_fp_mix,wasm-jit,21,31.306345,1,
compute_fp_mix,wasm-aot,21,31.971167,1,
compute_fp_mix,native,22,31.681765,1,
compute_fp_mix,wasm-jit,22,31.807164,1,
compute_fp_mix,wasm-aot,22,31.906597,1,
compute_fp_mix,native,23,31.815411,1,
compute_fp_mix,wasm-jit,23,31.259087,1,
compute_fp_mix,wasm-aot,23,31.167458,1,
compute_fp_mix,native,24,31.069577,1,
compute_fp_mix,wasm-jit,24,31.382032,1,
compute_fp_mix,wasm-aot,24,31.822222,1,
compute_fp_mix,native,25,31.801952,1,
compute_fp_mix,wasm-jit,25,31.37322,1,
compute_fp_mix,wasm-aot,25,32.162525,1,
compute_fp_mix,native,26,31.702013,1,
compute_fp_mix,wasm-jit,26,31.541397,1,
compute_fp_mix,wasm-aot,26,31.941414,1,
compute_fp_mix,native,27,31.543367,1,
compute_fp_mix,wasm-jit,27,31.379046,1,
compute_fp_mix,wasm-aot,27,31.649068,1,
compute_fp_mix,native,28,31.324829,1,
compute_fp_mix,wasm-jit,28,31.456505,1,
compute_fp_mix,wasm-aot,28,31.449241,1,
compute_fp_mix,native,29,31.216548,1,
compute_fp_mix,wasm-jit,29,31.612342,1,
compute_fp_mix,wasm-aot,29,31.65294,1,
compute_fp_mix,native,30,30.427054,1,
compute_fp_mix,wasm-jit,30,31.380742,1,
compute_fp_mix,wasm-aot,30,30.731189,1,
compute_fp_muladd,native,1,36.006649,1,
compute_fp_muladd,wasm-jit,1,36.088874,1,
compute_fp_muladd,wasm-aot,1,36.399517,1,
compute_fp_muladd,native,2,36.001967,1,
compute_fp_muladd,wasm-jit,2,36.428248,1,
compute_fp_muladd,wasm-aot,2,35.792132,1,
compute_fp_muladd,native,3,35.692593,1,
compute_fp_muladd,wasm-jit,3,36.073295,1,
compute_fp_muladd,wasm-aot,3,35.900017,1,
compute_fp_muladd,native,4,35.626462,1,
compute_fp_muladd,wasm-jit,4,35.840623,1,
compute_fp_muladd,wasm-aot,4,36.195906,1,
compute_fp_muladd,native,5,35.510421,1,
compute_fp_muladd,wasm-jit,5,36.286313,1,
compute_fp_muladd,wasm-aot,5,36.464785,1,
compute_fp_muladd,native,6,35.820563,1,
compute_fp_muladd,wasm-jit,6,36.199039,1,
compute_fp_muladd,wasm-aot,6,36.052269,1,
compute_fp_muladd,native,7,35.963912,1,
compute_fp_muladd,wasm-jit,7,35.907183,1,
compute_fp_muladd,wasm-aot,7,35.93164,1,
compute_fp_muladd,native,8,36.455063,1,
compute_fp_muladd,wasm-jit,8,36.487677,1,
compute_fp_muladd,wasm-aot,8,36.119305,1,
compute_fp_muladd,native,9,36.205137,1,
compute_fp_muladd,wasm-jit,9,36.674858,1,
compute_fp_muladd,wasm-aot,9,36.296081,1,
compute_fp_muladd,native,10,36.060986,1,
compute_fp_muladd,wasm-jit,10,36.542841,1,
compute_fp_muladd,wasm-aot,10,36.469395,1,
compute_fp_muladd,native,11,36.08512,1,
compute_fp_muladd,wasm-jit,11,36.178039,1,
compute_fp_muladd,wasm-aot,11,36.149742,1,
compute_fp_muladd,native,12,35.877805,1,
compute_fp_muladd,wasm-jit,12,36.094036,1,
compute_fp_muladd,wasm-aot,12,36.338739,1,
compute_fp_muladd,native,13,35.835598,1,
compute_fp_muladd,wasm-jit,13,36.766626,1,
compute_fp_muladd,wasm-aot,13,36.031418,1,
compute_fp_muladd,native,14,35.877276,1,
compute_fp_muladd,wasm-jit,14,35.763279,1,
compute_fp_muladd,wasm-aot,14,35.471146,1,
compute_fp_muladd,native,15,35.584128,1,
compute_fp_muladd,wasm-jit,15,36.23955,1,
compute_fp_muladd,wasm-aot,15,36.131819,1,
compute_fp_muladd,native,16,36.354675,1,
compute_fp_muladd,wasm-jit,16,36.039569,1,
compute_fp_muladd,wasm-aot,16,36.461915,1,
compute_fp_muladd,native,17,35.701331,1,
compute_fp_muladd,wasm-jit,17,35.843204,1,
compute_fp_muladd,wasm-aot,17,36.246609,1,
compute_fp_muladd,native,18,35.802886,1,
compute_fp_muladd,wasm-jit,18,36.469399,1,
compute_fp_muladd,wasm-aot,18,36.126928,1,
compute_fp_muladd,native,19,36.033889,1,
compute_fp_muladd,wasm-jit,19,36.066314,1,
compute_fp_muladd,wasm-aot,19,36.212771,1,
compute_fp_muladd,native,20,36.124121,1,
compute_fp_muladd,wasm-jit,20,36.093315,1,
compute_fp_muladd,wasm-aot,20,36.363179,1,
compute_fp_muladd,native,21,36.201471,1,
compute_fp_muladd,wasm-jit,21,36.448515,1,
compute_fp_muladd,wasm-aot,21,36.247029,1,
compute_fp_muladd,native,22,36.175116,1,
compute_fp_muladd,wasm-jit,22,36.270915,1,
compute_fp_muladd,wasm-aot,22,36.188533,1,
compute_fp_muladd,native,23,36.005872,1,
compute_fp_muladd,wasm-jit,23,36.483407,1,
compute_fp_muladd,wasm-aot,23,36.633274,1,
compute_fp_muladd,native,24,36.262299,1,
compute_fp_muladd,wasm-jit,24,35.940335,1,
compute_fp_muladd,wasm-aot,24,36.129539,1,
compute_fp_muladd,native,25,36.277006,1,
compute_fp_muladd,wasm-jit,25,35.961689,1,
compute_fp_muladd,wasm-aot,25,36.379014,1,
compute_fp_muladd,native,26,36.380159,1,
compute_fp_muladd,wasm-jit,26,36.765708,1,
compute_fp_muladd,wasm-aot,26,36.523032,1,
compute_fp_muladd,native,27,36.356811,1,
compute_fp_muladd,wasm-jit,27,36.059012,1,
compute_fp_muladd,wasm-aot,27,36.754733,1,
compute_fp_muladd,native,28,35.554847,1,
compute_fp_muladd,wasm-jit,28,36.698377,1,
compute_fp_muladd,wasm-aot,28,36.854778,1,
compute_fp_muladd,native,29,36.097734,1,
compute_fp_muladd,wasm-jit,29,36.304733,1,
compute_fp_muladd,wasm-aot,29,36.912375,1,
compute_fp_muladd,native,30,35.712961,1,
compute_fp_muladd,wasm-jit,30,36.516338,1,
compute_fp_muladd,wasm-aot,30,35.91578,1,
compute_int_add,native,1,49.304427,1,
compute_int_add,wasm-jit,1,39.412464,1,
compute_int_add,wasm-aot,1,38.990265,1,
compute_int_add,native,2,49.271756,1,
compute_int_add,wasm-jit,2,38.786392,1,
compute_int_add,wasm-aot,2,39.078645,1,
compute_int_add,native,3,49.512356,1,
compute_int_add,wasm-jit,3,38.597261,1,
compute_int_add,wasm-aot,3,38.99372,1,
compute_int_add,native,4,50.22688,1,
compute_int_add,wasm-jit,4,38.78418,1,
compute_int_add,wasm-aot,4,38.546749,1,
compute_int_add,native,5,49.6637,1,
compute_int_add,wasm-jit,5,38.803309,1,
compute_int_add,wasm-aot,5,38.42527,1,
compute_int_add,native,6,49.315664,1,
compute_int_add,wasm-jit,6,39.246566,1,
compute_int_add,wasm-aot,6,38.655473,1,
compute_int_add,native,7,49.819166,1,
compute_int_add,wasm-jit,7,38.430238,1,
compute_int_add,wasm-aot,7,38.616745,1,
compute_int_add,native,8,49.5708,1,
compute_int_add,wasm-jit,8,38.842604,1,
compute_int_add,wasm-aot,8,38.81759,1,
compute_int_add,native,9,49.900019,1,
compute_int_add,wasm-jit,9,39.110348,1,
compute_int_add,wasm-aot,9,38.091665,1,
compute_int_add,native,10,49.295502,1,
compute_int_add,wasm-jit,10,38.349715,1,
compute_int_add,wasm-aot,10,38.689565,1,
compute_int_add,native,11,49.22132,1,
compute_int_add,wasm-jit,11,38.882925,1,
compute_int_add,wasm-aot,11,39.009505,1,
compute_int_add,native,12,50.921249,1,
compute_int_add,wasm-jit,12,38.730377,1,
compute_int_add,wasm-aot,12,38.416067,1,
compute_int_add,native,13,48.875793,1,
compute_int_add,wasm-jit,13,39.277698,1,
compute_int_add,wasm-aot,13,39.422159,1,
compute_int_add,native,14,49.926353,1,
compute_int_add,wasm-jit,14,38.746742,1,
compute_int_add,wasm-aot,14,38.688016,1,
compute_int_add,native,15,49.667864,1,
compute_int_add,wasm-jit,15,38.554042,1,
compute_int_add,wasm-aot,15,38.777434,1,
compute_int_add,native,16,49.666411,1,
compute_int_add,wasm-jit,16,39.085379,1,
compute_int_add,wasm-aot,16,38.679753,1,
compute_int_add,native,17,49.938656,1,
compute_int_add,wasm-jit,17,38.521615,1,
compute_int_add,wasm-aot,17,39.132015,1,
compute_int_add,native,18,49.749656,1,
compute_int_add,wasm-jit,18,38.922164,1,
compute_int_add,wasm-aot,18,38.975836,1,
compute_int_add,native,19,49.491877,1,
compute_int_add,wasm-jit,19,39.029154,1,
compute_int_add,wasm-aot,19,38.862731,1,
compute_int_add,native,20,49.524826,1,
compute_int_add,wasm-jit,20,38.936377,1,
compute_int_add,wasm-aot,20,38.709308,1,
compute_int_add,native,21,49.404268,1,
compute_int_add,wasm-jit,21,38.681971,1,
compute_int_add,wasm-aot,21,38.729602,1,
compute_int_add,native,22,49.609135,1,
compute_int_add,wasm-jit,22,38.804504,1,
compute_int_add,wasm-aot,22,38.931048,1,
compute_int_add,native,23,49.731378,1,
compute_int_add,wasm-jit,23,38.779704,1,
compute_int_add,wasm-aot,23,38.556854,1,
compute_int_add,native,24,49.535294,1,
compute_int_add,wasm-jit,24,38.854782,1,
compute_int_add,wasm-aot,24,38.814515,1,
compute_int_add,native,25,49.39081,1,
compute_int_add,wasm-jit,25,38.306443,1,
compute_int_add,wasm-aot,25,38.801598,1,
compute_int_add,native,26,49.961903,1,
compute_int_add,wasm-jit,26,38.661814,1,
compute_int_add,wasm-aot,26,38.866946,1,
compute_int_add,native,27,49.657042,1,
compute_int_add,wasm-jit,27,38.502968,1,
compute_int_add,wasm-aot,27,39.161639,1,
compute_int_add,native,28,48.784038,1,
compute_int_add,wasm-jit,28,38.614803,1,
compute_int_add,wasm-aot,28,38.808392,1,
compute_int_add,native,29,48.769006,1,
compute_int_add,wasm-jit,29,38.658942,1,
compute_int_add,wasm-aot,29,38.805658,1,
compute_int_add,native,30,49.752588,1,
compute_int_add,wasm-jit,30,38.728835,1,
compute_int_add,wasm-aot,30,38.606396,1,
compute_int_divmod,native,1,48.355176,1,
compute_int_divmod,wasm-jit,1,49.754157,1,
compute_int_divmod,wasm-aot,1,51.147059,1,
compute_int_divmod,native,2,47.995866,1,
compute_int_divmod,wasm-jit,2,49.031153,1,
compute_int_divmod,wasm-aot,2,49.520447,1,
compute_int_divmod,native,3,48.522113,1,
compute_int_divmod,wasm-jit,3,49.876158,1,
compute_int_divmod,wasm-aot,3,49.706637,1,
compute_int_divmod,native,4,48.339491,1,
compute_int_divmod,wasm-jit,4,49.624872,1,
compute_int_divmod,wasm-aot,4,50.03625,1,
compute_int_divmod,native,5,48.484438,1,
compute_int_divmod,wasm-jit,5,49.795755,1,
compute_int_divmod,wasm-aot,5,49.467821,1,
compute_int_divmod,native,6,48.296686,1,
compute_int_divmod,wasm-jit,6,49.498159,1,
compute_int_divmod,wasm-aot,6,49.967568,1,
compute_int_divmod,native,7,48.639163,1,
compute_int_divmod,wasm-jit,7,49.870105,1,
compute_int_divmod,wasm-aot,7,49.149305,1,
compute_int_divmod,native,8,48.120199,1,
compute_int_divmod,wasm-jit,8,49.389474,1,
compute_int_divmod,wasm-aot,8,49.325599,1,
compute_int_divmod,native,9,49.202211,1,
compute_int_divmod,wasm-jit,9,49.729319,1,
compute_int_divmod,wasm-aot,9,49.610048,1,
compute_int_divmod,native,10,48.249956,1,
compute_int_divmod,wasm-jit,10,49.264419,1,
compute_int_divmod,wasm-aot,10,50.571223,1,
compute_int_divmod,native,11,49.204443,1,
compute_int_divmod,wasm-jit,11,49.767099,1,
compute_int_divmod,wasm-aot,11,49.795232,1,
compute_int_divmod,native,12,48.22403,1,
compute_int_divmod,wasm-jit,12,50.406121,1,
compute_int_divmod,wasm-aot,12,49.209342,1,
compute_int_divmod,native,13,48.105964,1,
compute_int_divmod,wasm-jit,13,49.651037,1,
compute_int_divmod,wasm-aot,13,49.300104,1,
compute_int_divmod,native,14,48.213793,1,
compute_int_divmod,wasm-jit,14,50.579295,1,
compute_int_divmod,wasm-aot,14,50.412147,1,
compute_int_divmod,native,15,48.401701,1,
compute_int_divmod,wasm-jit,15,49.580301,1,
compute_int_divmod,wasm-aot,15,49.918614,1,
compute_int_divmod,native,16,48.500356,1,
compute_int_divmod,wasm-jit,16,49.758045,1,
compute_int_divmod,wasm-aot,16,49.46354,1,
compute_int_divmod,native,17,48.651173,1,
compute_int_divmod,wasm-jit,17,50.056936,1,
compute_int_divmod,wasm-aot,17,50.362676,1,
compute_int_divmod,native,18,48.74595,1,
compute_int_divmod,wasm-jit,18,49.293587,1,
compute_int_divmod,wasm-aot,18,49.596296,1,
compute_int_divmod,native,19,48.141307,1,
compute_int_divmod,wasm-jit,19,50.718449,1,
compute_int_divmod,wasm-aot,19,49.24481,1,
compute_int_divmod,native,20,48.062996,1,
compute_int_divmod,wasm-jit,20,49.612213,1,
compute_int_divmod,wasm-aot,20,49.214327,1,
compute_int_divmod,native,21,48.311353,1,
compute_int_divmod,wasm-jit,21,49.301513,1,
compute_int_divmod,wasm-aot,21,49.323825,1,
compute_int_divmod,native,22,48.311642,1,
compute_int_divmod,wasm-jit,22,49.443663,1,
compute_int_divmod,wasm-aot,22,49.324455,1,
compute_int_divmod,native,23,48.701004,1,
compute_int_divmod,wasm-jit,23,49.630948,1,
compute_int_divmod,wasm-aot,23,49.502176,1,
compute_int_divmod,native,24,48.320583,1,
compute_int_divmod,wasm-jit,24,49.350197,1,
compute_int_divmod,wasm-aot,24,49.503759,1,
compute_int_divmod,native,25,48.947131,1,
compute_int_divmod,wasm-jit,25,49.467663,1,
compute_int_divmod,wasm-aot,25,49.243863,1,
compute_int_divmod,native,26,47.777465,1,
compute_int_divmod,wasm-jit,26,49.13924,1,
compute_int_divmod,wasm-aot,26,48.959505,1,
compute_int_divmod,native,27,48.237724,1,
compute_int_divmod,wasm-jit,27,48.833217,1,
compute_int_divmod,wasm-aot,27,49.200485,1,
compute_int_divmod,native,28,48.477695,1,
compute_int_divmod,wasm-jit,28,49.432754,1,
compute_int_divmod,wasm-aot,28,49.266521,1,
compute_int_divmod,native,29,48.245177,1,
compute_int_divmod,wasm-jit,29,49.218329,1,
compute_int_divmod,wasm-aot,29,49.363751,1,
compute_int_divmod,native,30,48.281441,1,
compute_int_divmod,wasm-jit,30,49.588603,1,
compute_int_divmod,wasm-aot,30,49.845476,1,
compute_int_mul,native,1,52.96909,1,
compute_int_mul,wasm-jit,1,51.696679,1,
compute_int_mul,wasm-aot,1,51.544474,1,
compute_int_mul,native,2,53.466102,1,
compute_int_mul,wasm-jit,2,51.807002,1,
compute_int_mul,wasm-aot,2,50.883828,1,
compute_int_mul,native,3,53.672207,1,
compute_int_mul,wasm-jit,3,51.216947,1,
compute_int_mul,wasm-aot,3,51.942191,1,
compute_int_mul,native,4,53.667295,1,
compute_int_mul,wasm-jit,4,51.800027,1,
compute_int_mul,wasm-aot,4,51.570872,1,
compute_int_mul,native,5,52.573934,1,
compute_int_mul,wasm-jit,5,50.757858,1,
compute_int_mul,wasm-aot,5,51.216566,1,
compute_int_mul,native,6,53.781031,1,
compute_int_mul,wasm-jit,6,51.2665,1,
compute_int_mul,wasm-aot,6,51.383757,1,
compute_int_mul,native,7,52.849559,1,
compute_int_mul,wasm-jit,7,51.909524,1,
compute_int_mul,wasm-aot,7,51.133096,1,
compute_int_mul,native,8,53.577301,1,
compute_int_mul,wasm-jit,8,51.381466,1,
compute_int_mul,wasm-aot,8,51.246991,1,
compute_int_mul,native,9,53.174739,1,
compute_int_mul,wasm-jit,9,52.851237,1,
compute_int_mul,wasm-aot,9,51.527934,1,
compute_int_mul,native,10,54.068579,1,
compute_int_mul,wasm-jit,10,51.736733,1,
compute_int_mul,wasm-aot,10,51.420374,1,
compute_int_mul,native,11,53.914295,1,
compute_int_mul,wasm-jit,11,52.054076,1,
compute_int_mul,wasm-aot,11,52.315506,1,
compute_int_mul,native,12,53.783196,1,
compute_int_mul,wasm-jit,12,52.556986,1,
compute_int_mul,wasm-aot,12,51.679888,1,
compute_int_mul,native,13,54.428158,1,
compute_int_mul,wasm-jit,13,52.162043,1,
compute_int_mul,wasm-aot,13,52.403789,1,
compute_int_mul,native,14,53.424753,1,
compute_int_mul,wasm-jit,14,52.73407,1,
compute_int_mul,wasm-aot,14,52.484234,1,
compute_int_mul,native,15,53.835025,1,
compute_int_mul,wasm-jit,15,52.436794,1,
compute_int_mul,wasm-aot,15,51.706061,1,
compute_int_mul,native,16,53.492629,1,
compute_int_mul,wasm-jit,16,51.674429,1,
compute_int_mul,wasm-aot,16,51.66536,1,
compute_int_mul,native,17,53.646642,1,
compute_int_mul,wasm-jit,17,52.281307,1,
compute_int_mul,wasm-aot,17,52.113415,1,
compute_int_mul,native,18,53.947964,1,
compute_int_mul,wasm-jit,18,51.604677,1,
compute_int_mul,wasm-aot,18,51.768293,1,
compute_int_mul,native,19,53.505384,1,
compute_int_mul,wasm-jit,19,52.051865,1,
compute_int_mul,wasm-aot,19,51.452829,1,
compute_int_mul,native,20,54.48342,1,
compute_int_mul,wasm-jit,20,52.525443,1,
compute_int_mul,wasm-aot,20,52.20788,1,
compute_int_mul,native,21,54.267286,1,
compute_int_mul,wasm-jit,21,52.037319,1,
compute_int_mul,wasm-aot,21,52.14097,1,
compute_int_mul,native,22,53.948241,1,
compute_int_mul,wasm-jit,22,51.686623,1,
compute_int_mul,wasm-aot,22,52.908196,1,
compute_int_mul,native,23,53.042426,1,
compute_int_mul,wasm-jit,23,51.354701,1,
compute_int_mul,wasm-aot,23,51.151067,1,
compute_int_mul,native,24,54.359887,1,
compute_int_mul,wasm-jit,24,52.157564,1,
compute_int_mul,wasm-aot,24,51.97888,1,
compute_int_mul,native,25,53.686054,1,
compute_int_mul,wasm-jit,25,51.699712,1,
compute_int_mul,wasm-aot,25,52.127726,1,
compute_int_mul,native,26,54.792068,1,
compute_int_mul,wasm-jit,26,52.215268,1,
compute_int_mul,wasm-aot,26,51.562887,1,
compute_int_mul,native,27,54.044045,1,
compute_int_mul,wasm-jit,27,51.735584,1,
compute_int_mul,wasm-aot,27,51.628656,1,
compute_int_mul,native,28,53.85624,1,
compute_int_mul,wasm-jit,28,52.005968,1,
compute_int_mul,wasm-aot,28,51.783533,1,
compute_int_mul,native,29,53.727133,1,
compute_int_mul,wasm-jit,29,51.467645,1,
compute_int_mul,wasm-aot,29,52.132373,1,
compute_int_mul,native,30,53.928052,1,
compute_int_mul,wasm-jit,30,51.645953,1,
compute_int_mul,wasm-aot,30,51.916467,1,
host_env_query,native,1,0.001359,1,
host_env_query,wasm-jit,1,0.005155,1,
host_env_query,wasm-aot,1,0.006371,1,
host_env_query,native,2,0.00142,1,
host_env_query,wasm-jit,2,0.006086,1,
host_env_query,wasm-aot,2,0.005411,1,
host_env_query,native,3,0.001358,1,
host_env_query,wasm-jit,3,0.0064,1,
host_env_query,wasm-aot,3,0.006321,1,
host_env_query,native,4,0.001496,1,
host_env_query,wasm-jit,4,0.003983,1,
host_env_query,wasm-aot,4,0.006353,1,
host_env_query,native,5,0.00134,1,
host_env_query,wasm-jit,5,0.006533,1,
host_env_query,wasm-aot,5,0.006513,1,
host_env_query,native,6,0.001347,1,
host_env_query,wasm-jit,6,0.005107,1,
host_env_query,wasm-aot,6,0.006132,1,
host_env_query,native,7,0.001446,1,
host_env_query,wasm-jit,7,0.005277,1,
host_env_query,wasm-aot,7,0.00431,1,
host_env_query,native,8,0.002485,1,
host_env_query,wasm-jit,8,0.005386,1,
host_env_query,wasm-aot,8,0.006425,1,
host_env_query,native,9,0.001423,1,
host_env_query,wasm-jit,9,0.005583,1,
host_env_query,wasm-aot,9,0.006056,1,
host_env_query,native,10,0.001443,1,
host_env_query,wasm-jit,10,0.005311,1,
host_env_query,wasm-aot,10,0.006145,1,
host_env_query,native,11,0.001398,1,
host_env_query,wasm-jit,11,0.006762,1,
host_env_query,wasm-aot,11,0.006236,1,
host_env_query,native,12,0.002535,1,
host_env_query,wasm-jit,12,0.004446,1,
host_env_query,wasm-aot,12,0.005235,1,
host_env_query,native,13,0.001327,1,
host_env_query,wasm-jit,13,0.006692,1,
host_env_query,wasm-aot,13,0.005034,1,
host_env_query,native,14,0.001364,1,
host_env_query,wasm-jit,14,0.006106,1,
host_env_query,wasm-aot,14,0.005828,1,
host_env_query,native,15,0.00135,1,
host_env_query,wasm-jit,15,0.005086,1,
host_env_query,wasm-aot,15,0.007806,1,
host_env_query,native,16,0.001382,1,
host_env_query,wasm-jit,16,0.006872,1,
host_env_query,wasm-aot,16,0.003936,1,
host_env_query,native,17,0.001378,1,
host_env_query,wasm-jit,17,0.0064,1,
host_env_query,wasm-aot,17,0.006225,1,
host_env_query,native,18,0.00135,1,
host_env_query,wasm-jit,18,0.005547,1,
host_env_query,wasm-aot,18,0.006007,1,
host_env_query,native,19,0.001333,1,
host_env_query,wasm-jit,19,0.023978,1,
host_env_query,wasm-aot,19,0.005053,1,
host_env_query,native,20,0.001329,1,
host_env_query,wasm-jit,20,0.00668,1,
host_env_query,wasm-aot,20,0.00594,1,
host_env_query,native,21,0.00135,1,
host_env_query,wasm-jit,21,0.004557,1,
host_env_query,wasm-aot,21,0.00398,1,
host_env_query,native,22,0.001375,1,
host_env_query,wasm-jit,22,0.00457,1,
host_env_query,wasm-aot,22,0.012568,1,
host_env_query,native,23,0.002642,1,
host_env_query,wasm-jit,23,0.006383,1,
host_env_query,wasm-aot,23,0.005249,1,
host_env_query,native,24,0.001408,1,
host_env_query,wasm-jit,24,0.006292,1,
host_env_query,wasm-aot,24,0.003754,1,
host_env_query,native,25,0.001461,1,
host_env_query,wasm-jit,25,0.006597,1,
host_env_query,wasm-aot,25,0.008411,1,
host_env_query,native,26,0.001369,1,
host_env_query,wasm-jit,26,0.003727,1,
host_env_query,wasm-aot,26,0.006782,1,
host_env_query,native,27,0.001411,1,
host_env_query,wasm-jit,27,0.00373,1,
host_env_query,wasm-aot,27,0.006552,1,
host_env_query,native,28,0.001376,1,
host_env_query,wasm-jit,28,0.005289,1,
host_env_query,wasm-aot,28,0.005974,1,
host_env_query,native,29,0.001402,1,
host_env_query,wasm-jit,29,0.005208,1,
host_env_query,wasm-aot,29,0.005843,1,
host_env_query,native,30,0.001439,1,
host_env_query,wasm-jit,30,0.029703,1,
host_env_query,wasm-aot,30,0.003598,1,
host_getcwd_loop,native,1,0.277476,1,
host_getcwd_loop,wasm-jit,1,0.013175,1,
host_getcwd_loop,wasm-aot,1,0.012981,1,
host_getcwd_loop,native,2,0.299525,1,
host_getcwd_loop,wasm-jit,2,0.011454,1,
host_getcwd_loop,wasm-aot,2,0.011493,1,
host_getcwd_loop,native,3,0.283352,1,
host_getcwd_loop,wasm-jit,3,0.011555,1,
host_getcwd_loop,wasm-aot,3,0.012642,1,
host_getcwd_loop,native,4,0.270261,1,
host_getcwd_loop,wasm-jit,4,0.012795,1,
host_getcwd_loop,wasm-aot,4,0.011465,1,
host_getcwd_loop,native,5,0.28379,1,
host_getcwd_loop,wasm-jit,5,0.012895,1,
host_getcwd_loop,wasm-aot,5,0.013174,1,
host_getcwd_loop,native,6,0.257947,1,
host_getcwd_loop,wasm-jit,6,0.012675,1,
host_getcwd_loop,wasm-aot,6,0.012928,1,
host_getcwd_loop,native,7,0.283919,1,
host_getcwd_loop,wasm-jit,7,0.01162,1,
host_getcwd_loop,wasm-aot,7,0.012297,1,
host_getcwd_loop,native,8,0.368333,1,
host_getcwd_loop,wasm-jit,8,0.01331,1,
host_getcwd_loop,wasm-aot,8,0.012044,1,
host_getcwd_loop,native,9,0.276578,1,
host_getcwd_loop,wasm-jit,9,0.01146,1,
host_getcwd_loop,wasm-aot,9,0.012569,1,
host_getcwd_loop,native,10,0.267723,1,
host_getcwd_loop,wasm-jit,10,0.011392,1,
host_getcwd_loop,wasm-aot,10,0.012969,1,
host_getcwd_loop,native,11,0.275992,1,
host_getcwd_loop,wasm-jit,11,0.01603,1,
host_getcwd_loop,wasm-aot,11,0.012835,1,
host_getcwd_loop,native,12,0.262571,1,
host_getcwd_loop,wasm-jit,12,0.011516,1,
host_getcwd_loop,wasm-aot,12,0.0118,1,
host_getcwd_loop,native,13,0.285384,1,
host_getcwd_loop,wasm-jit,13,0.011407,1,
host_getcwd_loop,wasm-aot,13,0.011805,1,
host_getcwd_loop,native,14,0.292201,1,
host_getcwd_loop,wasm-jit,14,0.01306,1,
host_getcwd_loop,wasm-aot,14,0.013008,1,
host_getcwd_loop,native,15,0.265864,1,
host_getcwd_loop,wasm-jit,15,0.011715,1,
host_getcwd_loop,wasm-aot,15,0.011581,1,
host_getcwd_loop,native,16,0.292422,1,
host_getcwd_loop,wasm-jit,16,0.011527,1,
host_getcwd_loop,wasm-aot,16,0.011498,1,
host_getcwd_loop,native,17,0.282989,1,
host_getcwd_loop,wasm-jit,17,0.012026,1,
host_getcwd_loop,wasm-aot,17,0.011505,1,
host_getcwd_loop,native,18,0.262162,1,
host_getcwd_loop,wasm-jit,18,0.01205,1,
host_getcwd_loop,wasm-aot,18,0.011966,1,
host_getcwd_loop,native,19,0.283682,1,
host_getcwd_loop,wasm-jit,19,0.015567,1,
host_getcwd_loop,wasm-aot,19,0.011673,1,
host_getcwd_loop,native,20,0.263526,1,
host_getcwd_loop,wasm-jit,20,0.012049,1,
host_getcwd_loop,wasm-aot,20,0.01143,1,
host_getcwd_loop,native,21,0.284186,1,
host_getcwd_loop,wasm-jit,21,0.01252,1,
host_getcwd_loop,wasm-aot,21,0.011878,1,
host_getcwd_loop,native,22,0.281935,1,
host_getcwd_loop,wasm-jit,22,0.011649,1,
host_getcwd_loop,wasm-aot,22,0.011654,1,
host_getcwd_loop,native,23,0.261234,1,
host_getcwd_loop,wasm-jit,23,0.012896,1,
host_getcwd_loop,wasm-aot,23,0.012652,1,
host_getcwd_loop,native,24,0.280546,1,
host_getcwd_loop,wasm-jit,24,0.011112,1,
host_getcwd_loop,wasm-aot,24,0.011628,1,
host_getcwd_loop,native,25,0.263982,1,
host_getcwd_loop,wasm-jit,25,0.013274,1,
host_getcwd_loop,wasm-aot,25,0.013036,1,
host_getcwd_loop,native,26,0.273325,1,
host_getcwd_loop,wasm-jit,26,0.013337,1,
host_getcwd_loop,wasm-aot,26,0.013818,1,
host_getcwd_loop,native,27,0.28036,1,
host_getcwd_loop,wasm-jit,27,0.011725,1,
host_getcwd_loop,wasm-aot,27,0.011445,1,
host_getcwd_loop,native,28,0.286261,1,
host_getcwd_loop,wasm-jit,28,0.013066,1,
host_getcwd_loop,wasm-aot,28,0.011559,1,
host_getcwd_loop,native,29,0.331588,1,
host_getcwd_loop,wasm-jit,29,0.013131,1,
host_getcwd_loop,wasm-aot,29,0.011581,1,
host_getcwd_loop,native,30,0.265454,1,
host_getcwd_loop,wasm-jit,30,0.011522,1,
host_getcwd_loop,wasm-aot,30,0.011766,1,
host_open_close_loop,native,1,284.271372,1,
host_open_close_loop,wasm-jit,1,332.989921,1,
host_open_close_loop,wasm-aot,1,371.60944,1,
host_open_close_loop,native,2,323.902777,1,
host_open_close_loop,wasm-jit,2,465.856147,1,
host_open_close_loop,wasm-aot,2,335.32048,1,
host_open_close_loop,native,3,288.64667,1,
host_open_close_loop,wasm-jit,3,331.104605,1,
host_open_close_loop,wasm-aot,3,320.826872,1,
host_open_close_loop,native,4,289.340389,1,
host_open_close_loop,wasm-jit,4,373.72965,1,
host_open_close_loop,wasm-aot,4,326.425641,1,
host_open_close_loop,native,5,268.997851,1,
host_open_close_loop,wasm-jit,5,337.181536,1,
host_open_close_loop,wasm-aot,5,363.890485,1,
host_open_close_loop,native,6,280.540853,1,
host_open_close_loop,wasm-jit,6,361.146771,1,
host_open_close_loop,wasm-aot,6,335.766131,1,
host_open_close_loop,native,7,277.770748,1,
host_open_close_loop,wasm-jit,7,333.371776,1,
host_open_close_loop,wasm-aot,7,380.921194,1,
host_open_close_loop,native,8,315.800105,1,
host_open_close_loop,wasm-jit,8,328.472322,1,
host_open_close_loop,wasm-aot,8,334.32399,1,
host_open_close_loop,native,9,318.626078,1,
host_open_close_loop,wasm-jit,9,330.621552,1,
host_open_close_loop,wasm-aot,9,324.539383,1,
host_open_close_loop,native,10,802.967755,1,
host_open_close_loop,wasm-jit,10,1132.804892,1,
host_open_close_loop,wasm-aot,10,716.025853,1,
host_open_close_loop,native,11,334.668007,1,
host_open_close_loop,wasm-jit,11,348.367675,1,
host_open_close_loop,wasm-aot,11,323.754171,1,
host_open_close_loop,native,12,302.401217,1,
host_open_close_loop,wasm-jit,12,319.725424,1,
host_open_close_loop,wasm-aot,12,363.989346,1,
host_open_close_loop,native,13,271.545954,1,
host_open_close_loop,wasm-jit,13,325.014252,1,
host_open_close_loop,wasm-aot,13,365.802356,1,
host_open_close_loop,native,14,276.24549,1,
host_open_close_loop,wasm-jit,14,318.288103,1,
host_open_close_loop,wasm-aot,14,366.489476,1,
host_open_close_loop,native,15,269.241119,1,
host_open_close_loop,wasm-jit,15,310.427479,1,
host_open_close_loop,wasm-aot,15,344.499386,1,
host_open_close_loop,native,16,267.0104,1,
host_open_close_loop,wasm-jit,16,312.672223,1,
host_open_close_loop,wasm-aot,16,359.48047,1,
host_open_close_loop,native,17,285.619873,1,
host_open_close_loop,wasm-jit,17,324.19703,1,
host_open_close_loop,wasm-aot,17,374.399617,1,
host_open_close_loop,native,18,271.779353,1,
host_open_close_loop,wasm-jit,18,393.704831,1,
host_open_close_loop,wasm-aot,18,369.920507,1,
host_open_close_loop,native,19,412.491379,1,
host_open_close_loop,wasm-jit,19,384.416687,1,
host_open_close_loop,wasm-aot,19,365.600009,1,
host_open_close_loop,native,20,265.852668,1,
host_open_close_loop,wasm-jit,20,331.852946,1,
host_open_close_loop,wasm-aot,20,305.203636,1,
host_open_close_loop,native,21,307.089273,1,
host_open_close_loop,wasm-jit,21,321.124107,1,
host_open_close_loop,wasm-aot,21,320.670922,1,
host_open_close_loop,native,22,317.320412,1,
host_open_close_loop,wasm-jit,22,318.339001,1,
host_open_close_loop,wasm-aot,22,309.863519,1,
host_open_close_loop,native,23,301.840146,1,
host_open_close_loop,wasm-jit,23,322.18402,1,
host_open_close_loop,wasm-aot,23,328.680156,1,
host_open_close_loop,native,24,275.835803,1,
host_open_close_loop,wasm-jit,24,317.905143,1,
host_open_close_loop,wasm-aot,24,308.392132,1,
host_open_close_loop,native,25,297.030304,1,
host_open_close_loop,wasm-jit,25,322.058736,1,
host_open_close_loop,wasm-aot,25,316.472529,1,
host_open_close_loop,native,26,263.922666,1,
host_open_close_loop,wasm-jit,26,327.111402,1,
host_open_close_loop,wasm-aot,26,323.234176,1,
host_open_close_loop,native,27,314.461433,1,
host_open_close_loop,wasm-jit,27,320.360699,1,
host_open_close_loop,wasm-aot,27,380.701953,1,
host_open_close_loop,native,28,276.10067,1,
host_open_close_loop,wasm-jit,28,420.056514,1,
host_open_close_loop,wasm-aot,28,349.614894,1,
host_open_close_loop,native,29,284.632145,1,
host_open_close_loop,wasm-jit,29,320.256181,1,
host_open_close_loop,wasm-aot,29,345.331056,1,
host_open_close_loop,native,30,279.607415,1,
host_open_close_loop,wasm-jit,30,314.618338,1,
host_open_close_loop,wasm-aot,30,360.375848,1,
host_read_small,native,1,351.898473,1,
host_read_small,wasm-jit,1,419.336824,1,
host_read_small,wasm-aot,1,449.45278,1,
host_read_small,native,2,354.934137,1,
host_read_small,wasm-jit,2,413.921296,1,
host_read_small,wasm-aot,2,405.010199,1,
host_read_small,native,3,370.800954,1,
host_read_small,wasm-jit,3,435.761733,1,
host_read_small,wasm-aot,3,471.604332,1,
host_read_small,native,4,342.998964,1,
host_read_small,wasm-jit,4,511.009963,1,
host_read_small,wasm-aot,4,432.590068,1,
host_read_small,native,5,352.055017,1,
host_read_small,wasm-jit,5,418.793268,1,
host_read_small,wasm-aot,5,411.404287,1,
host_read_small,native,6,353.910778,1,
host_read_small,wasm-jit,6,439.038879,1,
host_read_small,wasm-aot,6,395.418418,1,
host_read_small,native,7,349.342453,1,
host_read_small,wasm-jit,7,396.853686,1,
host_read_small,wasm-aot,7,398.194525,1,
host_read_small,native,8,385.121408,1,
host_read_small,wasm-jit,8,386.592346,1,
host_read_small,wasm-aot,8,383.889114,1,
host_read_small,native,9,340.839289,1,
host_read_small,wasm-jit,9,440.834245,1,
host_read_small,wasm-aot,9,388.605512,1,
host_read_small,native,10,344.085769,1,
host_read_small,wasm-jit,10,395.093527,1,
host_read_small,wasm-aot,10,421.3968,1,
host_read_small,native,11,386.430351,1,
host_read_small,wasm-jit,11,441.223229,1,
host_read_small,wasm-aot,11,488.008594,1,
host_read_small,native,12,357.969502,1,
host_read_small,wasm-jit,12,428.419275,1,
host_read_small,wasm-aot,12,381.264255,1,
host_read_small,native,13,380.953798,1,
host_read_small,wasm-jit,13,402.006811,1,
host_read_small,wasm-aot,13,386.153522,1,
host_read_small,native,14,384.487164,1,
host_read_small,wasm-jit,14,414.375333,1,
host_read_small,wasm-aot,14,393.803619,1,
host_read_small,native,15,341.371276,1,
host_read_small,wasm-jit,15,447.825005,1,
host_read_small,wasm-aot,15,442.612797,1,
host_read_small,native,16,336.978142,1,
host_read_small,wasm-jit,16,385.272779,1,
host_read_small,wasm-aot,16,390.547472,1,
host_read_small,native,17,380.828147,1,
host_read_small,wasm-jit,17,396.944552,1,
host_read_small,wasm-aot,17,395.101504,1,
host_read_small,native,18,339.611167,1,
host_read_small,wasm-jit,18,397.100928,1,
host_read_small,wasm-aot,18,476.398896,1,
host_read_small,native,19,336.971014,1,
host_read_small,wasm-jit,19,477.165669,1,
host_read_small,wasm-aot,19,507.091654,1,
host_read_small,native,20,390.147801,1,
host_read_small,wasm-jit,20,422.85422,1,
host_read_small,wasm-aot,20,406.255227,1,
host_read_small,native,21,352.212735,1,
host_read_small,wasm-jit,21,396.673651,1,
host_read_small,wasm-aot,21,486.450585,1,
host_read_small,native,22,349.847203,1,
host_read_small,wasm-jit,22,404.344185,1,
host_read_small,wasm-aot,22,405.160652,1,
host_read_small,native,23,391.279046,1,
host_read_small,wasm-jit,23,403.989218,1,
host_read_small,wasm-aot,23,473.983484,1,
host_read_small,native,24,335.749831,1,
host_read_small,wasm-jit,24,416.195383,1,
host_read_small,wasm-aot,24,406.988026,1,
host_read_small,native,25,346.875148,1,
host_read_small,wasm-jit,25,430.826286,1,
host_read_small,wasm-aot,25,399.629695,1,
host_read_small,native,26,451.7344,1,
host_read_small,wasm-jit,26,466.666898,1,
host_read_small,wasm-aot,26,1163.668402,1,
host_read_small,native,27,1738.209686,1,
host_read_small,wasm-jit,27,432.095493,1,
host_read_small,wasm-aot,27,410.747854,1,
host_read_small,native,28,357.331781,1,
host_read_small,wasm-jit,28,451.547495,1,
host_read_small,wasm-aot,28,481.870185,1,
host_read_small,native,29,345.214572,1,
host_read_small,wasm-jit,29,435.719629,1,
host_read_small,wasm-aot,29,416.640863,1,
host_read_small,native,30,396.796176,1,
host_read_small,wasm-jit,30,435.962847,1,
host_read_small,wasm-aot,30,427.58629,1,
host_stat_loop,native,1,66.126222,1,
host_stat_loop,wasm-jit,1,123.214617,1,
host_stat_loop,wasm-aot,1,211.115331,1,
host_stat_loop,native,2,90.447784,1,
host_stat_loop,wasm-jit,2,116.41567,1,
host_stat_loop,wasm-aot,2,115.386165,1,
host_stat_loop,native,3,57.212247,1,
host_stat_loop,wasm-jit,3,116.371791,1,
host_stat_loop,wasm-aot,3,146.912206,1,
host_stat_loop,native,4,101.898863,1,
host_stat_loop,wasm-jit,4,113.807083,1,
host_stat_loop,wasm-aot,4,114.198813,1,
host_stat_loop,native,5,55.605207,1,
host_stat_loop,wasm-jit,5,117.983221,1,
host_stat_loop,wasm-aot,5,110.900135,1,
host_stat_loop,native,6,55.089022,1,
host_stat_loop,wasm-jit,6,130.17441,1,
host_stat_loop,wasm-aot,6,113.539441,1,
host_stat_loop,native,7,64.122123,1,
host_stat_loop,wasm-jit,7,180.123896,1,
host_stat_loop,wasm-aot,7,120.955289,1,
host_stat_loop,native,8,58.614488,1,
host_stat_loop,wasm-jit,8,117.7535,1,
host_stat_loop,wasm-aot,8,130.006162,1,
host_stat_loop,native,9,58.56112,1,
host_stat_loop,wasm-jit,9,122.047059,1,
host_stat_loop,wasm-aot,9,118.602207,1,
host_stat_loop,native,10,55.812449,1,
host_stat_loop,wasm-jit,10,114.865322,1,
host_stat_loop,wasm-aot,10,113.769605,1,
host_stat_loop,native,11,56.28882,1,
host_stat_loop,wasm-jit,11,115.519432,1,
host_stat_loop,wasm-aot,11,149.10332,1,
host_stat_loop,native,12,56.162268,1,
host_stat_loop,wasm-jit,12,113.801977,1,
host_stat_loop,wasm-aot,12,148.890883,1,
host_stat_loop,native,13,57.755096,1,
host_stat_loop,wasm-jit,13,116.951082,1,
host_stat_loop,wasm-aot,13,115.892005,1,
host_stat_loop,native,14,55.577335,1,
host_stat_loop,wasm-jit,14,117.3335,1,
host_stat_loop,wasm-aot,14,120.277232,1,
host_stat_loop,native,15,56.846993,1,
host_stat_loop,wasm-jit,15,116.101968,1,
host_stat_loop,wasm-aot,15,125.379711,1,
host_stat_loop,native,16,56.250331,1,
host_stat_loop,wasm-jit,16,115.065893,1,
host_stat_loop,wasm-aot,16,111.53508,1,
host_stat_loop,native,17,57.230928,1,
host_stat_loop,wasm-jit,17,115.467082,1,
host_stat_loop,wasm-aot,17,114.054466,1,
host_stat_loop,native,18,58.129174,1,
host_stat_loop,wasm-jit,18,112.160558,1,
host_stat_loop,wasm-aot,18,139.332785,1,
host_stat_loop,native,19,59.505223,1,
host_stat_loop,wasm-jit,19,113.653677,1,
host_stat_loop,wasm-aot,19,135.502209,1,
host_stat_loop,native,20,77.7501,1,
host_stat_loop,wasm-jit,20,118.68796,1,
host_stat_loop,wasm-aot,20,111.431831,1,
host_stat_loop,native,21,56.185565,1,
host_stat_loop,wasm-jit,21,124.437946,1,
host_stat_loop,wasm-aot,21,117.31423,1,
host_stat_loop,native,22,55.343955,1,
host_stat_loop,wasm-jit,22,116.968681,1,
host_stat_loop,wasm-aot,22,115.723523,1,
host_stat_loop,native,23,55.070203,1,
host_stat_loop,wasm-jit,23,116.871983,1,
host_stat_loop,wasm-aot,23,115.213769,1,
host_stat_loop,native,24,57.082392,1,
host_stat_loop,wasm-jit,24,152.834026,1,
host_stat_loop,wasm-aot,24,128.708936,1,
host_stat_loop,native,25,55.812851,1,
host_stat_loop,wasm-jit,25,114.597312,1,
host_stat_loop,wasm-aot,25,146.681624,1,
host_stat_loop,native,26,57.41769,1,
host_stat_loop,wasm-jit,26,114.957907,1,
host_stat_loop,wasm-aot,26,130.78164,1,
host_stat_loop,native,27,56.078026,1,
host_stat_loop,wasm-jit,27,120.804154,1,
host_stat_loop,wasm-aot,27,124.471505,1,
host_stat_loop,native,28,58.506003,1,
host_stat_loop,wasm-jit,28,141.584172,1,
host_stat_loop,wasm-aot,28,121.01164,1,
host_stat_loop,native,29,55.502526,1,
host_stat_loop,wasm-jit,29,154.354148,1,
host_stat_loop,wasm-aot,29,160.268358,1,
host_stat_loop,native,30,64.933705,1,
host_stat_loop,wasm-jit,30,123.993247,1,
host_stat_loop,wasm-aot,30,122.674689,1,
host_time_loop,native,1,0.02348,1,
host_time_loop,wasm-jit,1,0.144698,1,
host_time_loop,wasm-aot,1,0.154732,1,
host_time_loop,native,2,0.023423,1,
host_time_loop,wasm-jit,2,0.162208,1,
host_time_loop,wasm-aot,2,0.146192,1,
host_time_loop,native,3,0.023436,1,
host_time_loop,wasm-jit,3,0.141776,1,
host_time_loop,wasm-aot,3,0.161922,1,
host_time_loop,native,4,0.023452,1,
host_time_loop,wasm-jit,4,0.1424,1,
host_time_loop,wasm-aot,4,0.14556,1,
host_time_loop,native,5,0.023426,1,
host_time_loop,wasm-jit,5,0.149135,1,
host_time_loop,wasm-aot,5,0.14636,1,
host_time_loop,native,6,0.023458,1,
host_time_loop,wasm-jit,6,0.147585,1,
host_time_loop,wasm-aot,6,0.144281,1,
host_time_loop,native,7,0.024394,1,
host_time_loop,wasm-jit,7,0.144026,1,
host_time_loop,wasm-aot,7,0.162886,1,
host_time_loop,native,8,0.024571,1,
host_time_loop,wasm-jit,8,0.161149,1,
host_time_loop,wasm-aot,8,0.155379,1,
host_time_loop,native,9,0.023425,1,
host_time_loop,wasm-jit,9,0.150243,1,
host_time_loop,wasm-aot,9,0.266733,1,
host_time_loop,native,10,0.023444,1,
host_time_loop,wasm-jit,10,0.173095,1,
host_time_loop,wasm-aot,10,0.147113,1,
host_time_loop,native,11,0.023426,1,
host_time_loop,wasm-jit,11,0.147554,1,
host_time_loop,wasm-aot,11,0.154255,1,
host_time_loop,native,12,0.023464,1,
host_time_loop,wasm-jit,12,0.144059,1,
host_time_loop,wasm-aot,12,0.158889,1,
host_time_loop,native,13,0.023419,1,
host_time_loop,wasm-jit,13,0.177165,1,
host_time_loop,wasm-aot,13,0.186619,1,
host_time_loop,native,14,0.023906,1,
host_time_loop,wasm-jit,14,0.145823,1,
host_time_loop,wasm-aot,14,0.148272,1,
host_time_loop,native,15,0.023418,1,
host_time_loop,wasm-jit,15,0.15538,1,
host_time_loop,wasm-aot,15,0.147851,1,
host_time_loop,native,16,0.023784,1,
host_time_loop,wasm-jit,16,0.164912,1,
host_time_loop,wasm-aot,16,0.159974,1,
host_time_loop,native,17,0.023432,1,
host_time_loop,wasm-jit,17,0.151457,1,
host_time_loop,wasm-aot,17,0.144769,1,
host_time_loop,native,18,0.023475,1,
host_time_loop,wasm-jit,18,0.164377,1,
host_time_loop,wasm-aot,18,0.147011,1,
host_time_loop,native,19,0.023447,1,
host_time_loop,wasm-jit,19,0.145239,1,
host_time_loop,wasm-aot,19,0.157481,1,
host_time_loop,native,20,0.023452,1,
host_time_loop,wasm-jit,20,0.167649,1,
host_time_loop,wasm-aot,20,0.146647,1,
host_time_loop,native,21,0.023442,1,
host_time_loop,wasm-jit,21,0.221483,1,
host_time_loop,wasm-aot,21,0.144263,1,
host_time_loop,native,22,0.023424,1,
host_time_loop,wasm-jit,22,0.158197,1,
host_time_loop,wasm-aot,22,0.147795,1,
host_time_loop,native,23,0.023436,1,
host_time_loop,wasm-jit,23,0.14193,1,
host_time_loop,wasm-aot,23,0.161268,1,
host_time_loop,native,24,0.023446,1,
host_time_loop,wasm-jit,24,0.146184,1,
host_time_loop,wasm-aot,24,0.148502,1,
host_time_loop,native,25,0.034016,1,
host_time_loop,wasm-jit,25,0.142567,1,
host_time_loop,wasm-aot,25,0.16182,1,
host_time_loop,native,26,0.023437,1,
host_time_loop,wasm-jit,26,0.140646,1,
host_time_loop,wasm-aot,26,0.144588,1,
host_time_loop,native,27,0.023541,1,
host_time_loop,wasm-jit,27,0.147106,1,
host_time_loop,wasm-aot,27,0.145801,1,
host_time_loop,native,28,0.02344,1,
host_time_loop,wasm-jit,28,0.144681,1,
host_time_loop,wasm-aot,28,0.147788,1,
host_time_loop,native,29,0.023446,1,
host_time_loop,wasm-jit,29,0.152868,1,
host_time_loop,wasm-aot,29,0.150206,1,
host_time_loop,native,30,0.02346,1,
host_time_loop,wasm-jit,30,0.144719,1,
host_time_loop,wasm-aot,30,0.157479,1,
host_write_small,native,1,418.479878,1,
host_write_small,wasm-jit,1,504.625043,1,
host_write_small,wasm-aot,1,501.579716,1,
host_write_small,native,2,489.254329,1,
host_write_small,wasm-jit,2,472.465533,1,
host_write_small,wasm-aot,2,494.823307,1,
host_write_small,native,3,460.213023,1,
host_write_small,wasm-jit,3,544.583024,1,
host_write_small,wasm-aot,3,471.776953,1,
host_write_small,native,4,440.462291,1,
host_write_small,wasm-jit,4,548.878613,1,
host_write_small,wasm-aot,4,545.609081,1,
host_write_small,native,5,469.457174,1,
host_write_small,wasm-jit,5,535.341622,1,
host_write_small,wasm-aot,5,515.014488,1,
host_write_small,native,6,450.062081,1,
host_write_small,wasm-jit,6,503.593758,1,
host_write_small,wasm-aot,6,504.209301,1,
host_write_small,native,7,607.608324,1,
host_write_small,wasm-jit,7,573.30284,1,
host_write_small,wasm-aot,7,558.081079,1,
host_write_small,native,8,439.156368,1,
host_write_small,wasm-jit,8,641.28331,1,
host_write_small,wasm-aot,8,550.374457,1,
host_write_small,native,9,397.33515,1,
host_write_small,wasm-jit,9,520.634344,1,
host_write_small,wasm-aot,9,460.517431,1,
host_write_small,native,10,440.37212,1,
host_write_small,wasm-jit,10,642.69274,1,
host_write_small,wasm-aot,10,537.959791,1,
host_write_small,native,11,431.530951,1,
host_write_small,wasm-jit,11,463.877037,1,
host_write_small,wasm-aot,11,540.51781,1,
host_write_small,native,12,430.751504,1,
host_write_small,wasm-jit,12,479.992962,1,
host_write_small,wasm-aot,12,475.617077,1,
host_write_small,native,13,474.834277,1,
host_write_small,wasm-jit,13,478.265899,1,
host_write_small,wasm-aot,13,490.528564,1,
host_write_small,native,14,443.292406,1,
host_write_small,wasm-jit,14,504.489423,1,
host_write_small,wasm-aot,14,458.922725,1,
host_write_small,native,15,401.710913,1,
host_write_small,wasm-jit,15,484.156413,1,
host_write_small,wasm-aot,15,502.357809,1,
host_write_small,native,16,445.159597,1,
host_write_small,wasm-jit,16,571.712796,1,
host_write_small,wasm-aot,16,491.603323,1,
host_write_small,native,17,498.652934,1,
host_write_small,wasm-jit,17,479.823842,1,
host_write_small,wasm-aot,17,480.957587,1,
host_write_small,native,18,453.089987,1,
host_write_small,wasm-jit,18,543.424629,1,
host_write_small,wasm-aot,18,504.273446,1,
host_write_small,native,19,432.523788,1,
host_write_small,wasm-jit,19,500.382225,1,
host_write_small,wasm-aot,19,452.874996,1,
host_write_small,native,20,438.887828,1,
host_write_small,wasm-jit,20,495.244526,1,
host_write_small,wasm-aot,20,512.013568,1,
host_write_small,native,21,433.227097,1,
host_write_small,wasm-jit,21,484.679605,1,
host_write_small,wasm-aot,21,499.82244,1,
host_write_small,native,22,462.131548,1,
host_write_small,wasm-jit,22,519.500459,1,
host_write_small,wasm-aot,22,580.289025,1,
host_write_small,native,23,444.90867,1,
host_write_small,wasm-jit,23,594.540611,1,
host_write_small,wasm-aot,23,475.794742,1,
host_write_small,native,24,400.26329,1,
host_write_small,wasm-jit,24,513.236095,1,
host_write_small,wasm-aot,24,1291.195017,1,
host_write_small,native,25,933.082206,1,
host_write_small,wasm-jit,25,993.518976,1,
host_write_small,wasm-aot,25,501.363521,1,
host_write_small,native,26,457.042603,1,
host_write_small,wasm-jit,26,502.532898,1,
host_write_small,wasm-aot,26,444.908351,1,
host_write_small,native,27,480.18295,1,
host_write_small,wasm-jit,27,501.556687,1,
host_write_small,wasm-aot,27,550.104254,1,
host_write_small,native,28,434.308129,1,
host_write_small,wasm-jit,28,630.261761,1,
host_write_small,wasm-aot,28,494.920832,1,
host_write_small,native,29,438.330036,1,
host_write_small,wasm-jit,29,639.021501,1,
host_write_small,wasm-aot,29,475.003458,1,
host_write_small,native,30,453.80491,1,
host_write_small,wasm-jit,30,493.131052,1,
host_write_small,wasm-aot,30,543.968061,1,
memory_copy_loop,native,1,1.817738,1,
memory_copy_loop,wasm-jit,1,2.538141,1,
memory_copy_loop,wasm-aot,1,2.457248,1,
memory_copy_loop,native,2,1.963395,1,
memory_copy_loop,wasm-jit,2,2.512757,1,
memory_copy_loop,wasm-aot,2,2.662844,1,
memory_copy_loop,native,3,1.821351,1,
memory_copy_loop,wasm-jit,3,2.557186,1,
memory_copy_loop,wasm-aot,3,2.665699,1,
memory_copy_loop,native,4,1.848717,1,
memory_copy_loop,wasm-jit,4,2.61597,1,
memory_copy_loop,wasm-aot,4,2.61686,1,
memory_copy_loop,native,5,1.829908,1,
memory_copy_loop,wasm-jit,5,2.498691,1,
memory_copy_loop,wasm-aot,5,2.53755,1,
memory_copy_loop,native,6,1.867602,1,
memory_copy_loop,wasm-jit,6,2.623627,1,
memory_copy_loop,wasm-aot,6,2.586895,1,
memory_copy_loop,native,7,1.976197,1,
memory_copy_loop,wasm-jit,7,2.642661,1,
memory_copy_loop,wasm-aot,7,2.591613,1,
memory_copy_loop,native,8,1.899696,1,
memory_copy_loop,wasm-jit,8,2.610969,1,
memory_copy_loop,wasm-aot,8,2.617027,1,
memory_copy_loop,native,9,1.891589,1,
memory_copy_loop,wasm-jit,9,2.618324,1,
memory_copy_loop,wasm-aot,9,2.856976,1,
memory_copy_loop,native,10,1.914938,1,
memory_copy_loop,wasm-jit,10,2.679081,1,
memory_copy_loop,wasm-aot,10,2.548014,1,
memory_copy_loop,native,11,1.954448,1,
memory_copy_loop,wasm-jit,11,2.598617,1,
memory_copy_loop,wasm-aot,11,2.598196,1,
memory_copy_loop,native,12,1.872478,1,
memory_copy_loop,wasm-jit,12,2.668725,1,
memory_copy_loop,wasm-aot,12,2.680536,1,
memory_copy_loop,native,13,1.93532,1,
memory_copy_loop,wasm-jit,13,2.972485,1,
memory_copy_loop,wasm-aot,13,2.617974,1,
memory_copy_loop,native,14,1.909334,1,
memory_copy_loop,wasm-jit,14,2.520758,1,
memory_copy_loop,wasm-aot,14,2.59385,1,
memory_copy_loop,native,15,1.900283,1,
memory_copy_loop,wasm-jit,15,2.689282,1,
memory_copy_loop,wasm-aot,15,2.557781,1,
memory_copy_loop,native,16,1.884589,1,
memory_copy_loop,wasm-jit,16,2.619798,1,
memory_copy_loop,wasm-aot,16,2.604169,1,
memory_copy_loop,native,17,1.877921,1,
memory_copy_loop,wasm-jit,17,2.6718,1,
memory_copy_loop,wasm-aot,17,2.613128,1,
memory_copy_loop,native,18,2.014723,1,
memory_copy_loop,wasm-jit,18,2.581018,1,
memory_copy_loop,wasm-aot,18,2.580583,1,
memory_copy_loop,native,19,1.960184,1,
memory_copy_loop,wasm-jit,19,2.561466,1,
memory_copy_loop,wasm-aot,19,2.811487,1,
memory_copy_loop,native,20,1.946416,1,
memory_copy_loop,wasm-jit,20,2.667727,1,
memory_copy_loop,wasm-aot,20,2.630284,1,
memory_copy_loop,native,21,2.013171,1,
memory_copy_loop,wasm-jit,21,2.539696,1,
memory_copy_loop,wasm-aot,21,2.6144,1,
memory_copy_loop,native,22,1.903193,1,
memory_copy_loop,wasm-jit,22,2.507574,1,
memory_copy_loop,wasm-aot,22,2.646103,1,
memory_copy_loop,native,23,1.840783,1,
memory_copy_loop,wasm-jit,23,2.698503,1,
memory_copy_loop,wasm-aot,23,2.73762,1,
memory_copy_loop,native,24,1.863319,1,
memory_copy_loop,wasm-jit,24,2.541495,1,
memory_copy_loop,wasm-aot,24,2.648469,1,
memory_copy_loop,native,25,1.902253,1,
memory_copy_loop,wasm-jit,25,2.577574,1,
memory_copy_loop,wasm-aot,25,2.594085,1,
memory_copy_loop,native,26,1.944966,1,
memory_copy_loop,wasm-jit,26,2.704794,1,
memory_copy_loop,wasm-aot,26,2.735771,1,
memory_copy_loop,native,27,2.107195,1,
memory_copy_loop,wasm-jit,27,2.606782,1,
memory_copy_loop,wasm-aot,27,2.525478,1,
memory_copy_loop,native,28,2.145981,1,
memory_copy_loop,wasm-jit,28,2.873517,1,
memory_copy_loop,wasm-aot,28,2.692528,1,
memory_copy_loop,native,29,1.836334,1,
memory_copy_loop,wasm-jit,29,2.723558,1,
memory_copy_loop,wasm-aot,29,2.52868,1,
memory_copy_loop,native,30,1.952624,1,
memory_copy_loop,wasm-jit,30,2.537601,1,
memory_copy_loop,wasm-aot,30,2.585503,1,
memory_random_read,native,1,133.146378,1,
memory_random_read,wasm-jit,1,160.918378,1,
memory_random_read,wasm-aot,1,161.988785,1,
memory_random_read,native,2,131.059938,1,
memory_random_read,wasm-jit,2,160.755651,1,
memory_random_read,wasm-aot,2,164.522062,1,
memory_random_read,native,3,131.166381,1,
memory_random_read,wasm-jit,3,162.250994,1,
memory_random_read,wasm-aot,3,165.598541,1,
memory_random_read,native,4,143.298959,1,
memory_random_read,wasm-jit,4,163.734404,1,
memory_random_read,wasm-aot,4,164.088964,1,
memory_random_read,native,5,130.978177,1,
memory_random_read,wasm-jit,5,162.499365,1,
memory_random_read,wasm-aot,5,165.062659,1,
memory_random_read,native,6,133.962228,1,
memory_random_read,wasm-jit,6,171.044385,1,
memory_random_read,wasm-aot,6,165.937047,1,
memory_random_read,native,7,131.344635,1,
memory_random_read,wasm-jit,7,164.015582,1,
memory_random_read,wasm-aot,7,186.94909,1,
memory_random_read,native,8,162.682528,1,
memory_random_read,wasm-jit,8,159.219821,1,
memory_random_read,wasm-aot,8,161.627743,1,
memory_random_read,native,9,126.625052,1,
memory_random_read,wasm-jit,9,160.194106,1,
memory_random_read,wasm-aot,9,161.507016,1,
memory_random_read,native,10,133.215329,1,
memory_random_read,wasm-jit,10,163.102444,1,
memory_random_read,wasm-aot,10,161.740791,1,
memory_random_read,native,11,131.857261,1,
memory_random_read,wasm-jit,11,166.020212,1,
memory_random_read,wasm-aot,11,160.441684,1,
memory_random_read,native,12,131.702627,1,
memory_random_read,wasm-jit,12,160.921707,1,
memory_random_read,wasm-aot,12,160.629687,1,
memory_random_read,native,13,133.403385,1,
memory_random_read,wasm-jit,13,165.475595,1,
memory_random_read,wasm-aot,13,163.929452,1,
memory_random_read,native,14,133.057579,1,
memory_random_read,wasm-jit,14,161.767686,1,
memory_random_read,wasm-aot,14,159.279752,1,
memory_random_read,native,15,138.1039,1,
memory_random_read,wasm-jit,15,162.34883,1,
memory_random_read,wasm-aot,15,171.85828,1,
memory_random_read,native,16,136.503864,1,
memory_random_read,wasm-jit,16,162.316029,1,
memory_random_read,wasm-aot,16,160.662698,1,
memory_random_read,native,17,129.298853,1,
memory_random_read,wasm-jit,17,154.961208,1,
memory_random_read,wasm-aot,17,160.859585,1,
memory_random_read,native,18,134.203665,1,
memory_random_read,wasm-jit,18,157.03723,1,
memory_random_read,wasm-aot,18,160.08173,1,
memory_random_read,native,19,135.888902,1,
memory_random_read,wasm-jit,19,167.583399,1,
memory_random_read,wasm-aot,19,162.220494,1,
memory_random_read,native,20,128.066026,1,
memory_random_read,wasm-jit,20,152.118617,1,
memory_random_read,wasm-aot,20,153.898902,1,
memory_random_read,native,21,123.690444,1,
memory_random_read,wasm-jit,21,154.728579,1,
memory_random_read,wasm-aot,21,151.638559,1,
memory_random_read,native,22,124.795549,1,
memory_random_read,wasm-jit,22,155.564058,1,
memory_random_read,wasm-aot,22,156.98147,1,
memory_random_read,native,23,127.028814,1,
memory_random_read,wasm-jit,23,167.145536,1,
memory_random_read,wasm-aot,23,153.725229,1,
memory_random_read,native,24,124.658739,1,
memory_random_read,wasm-jit,24,154.611234,1,
memory_random_read,wasm-aot,24,157.738848,1,
memory_random_read,native,25,128.517183,1,
memory_random_read,wasm-jit,25,163.231452,1,
memory_random_read,wasm-aot,25,156.772695,1,
memory_random_read,native,26,131.707584,1,
memory_random_read,wasm-jit,26,158.795802,1,
memory_random_read,wasm-aot,26,158.776473,1,
memory_random_read,native,27,147.355487,1,
memory_random_read,wasm-jit,27,160.403268,1,
memory_random_read,wasm-aot,27,162.461938,1,
memory_random_read,native,28,133.470974,1,
memory_random_read,wasm-jit,28,163.446202,1,
memory_random_read,wasm-aot,28,160.105759,1,
memory_random_read,native,29,129.053999,1,
memory_random_read,wasm-jit,29,160.998943,1,
memory_random_read,wasm-aot,29,156.657729,1,
memory_random_read,native,30,130.065908,1,
memory_random_read,wasm-jit,30,161.971898,1,
memory_random_read,wasm-aot,30,156.131953,1,
memory_random_write,native,1,99.729932,1,
memory_random_write,wasm-jit,1,119.112087,1,
memory_random_write,wasm-aot,1,115.53333,1,
memory_random_write,native,2,95.443902,1,
memory_random_write,wasm-jit,2,116.507412,1,
memory_random_write,wasm-aot,2,118.493124,1,
memory_random_write,native,3,99.808693,1,
memory_random_write,wasm-jit,3,117.101315,1,
memory_random_write,wasm-aot,3,117.456268,1,
memory_random_write,native,4,100.54204,1,
memory_random_write,wasm-jit,4,115.800115,1,
memory_random_write,wasm-aot,4,115.1051,1,
memory_random_write,native,5,96.91309,1,
memory_random_write,wasm-jit,5,118.703981,1,
memory_random_write,wasm-aot,5,118.842183,1,
memory_random_write,native,6,101.195672,1,
memory_random_write,wasm-jit,6,120.287251,1,
memory_random_write,wasm-aot,6,118.13328,1,
memory_random_write,native,7,97.855164,1,
memory_random_write,wasm-jit,7,120.639594,1,
memory_random_write,wasm-aot,7,117.008152,1,
memory_random_write,native,8,102.446316,1,
memory_random_write,wasm-jit,8,119.595367,1,
memory_random_write,wasm-aot,8,115.254277,1,
memory_random_write,native,9,102.353731,1,
memory_random_write,wasm-jit,9,117.70331,1,
memory_random_write,wasm-aot,9,120.054876,1,
memory_random_write,native,10,103.039809,1,
memory_random_write,wasm-jit,10,117.879045,1,
memory_random_write,wasm-aot,10,118.322258,1,
memory_random_write,native,11,98.85773,1,
memory_random_write,wasm-jit,11,121.447636,1,
memory_random_write,wasm-aot,11,121.384621,1,
memory_random_write,native,12,99.012244,1,
memory_random_write,wasm-jit,12,119.960633,1,
memory_random_write,wasm-aot,12,117.982979,1,
memory_random_write,native,13,98.786606,1,
memory_random_write,wasm-jit,13,118.386328,1,
memory_random_write,wasm-aot,13,119.058771,1,
memory_random_write,native,14,106.270783,1,
memory_random_write,wasm-jit,14,118.061352,1,
memory_random_write,wasm-aot,14,130.01017,1,
memory_random_write,native,15,104.739732,1,
memory_random_write,wasm-jit,15,114.775465,1,
memory_random_write,wasm-aot,15,119.748528,1,
memory_random_write,native,16,102.215372,1,
memory_random_write,wasm-jit,16,116.440565,1,
memory_random_write,wasm-aot,16,121.441186,1,
memory_random_write,native,17,100.077757,1,
memory_random_write,wasm-jit,17,118.49992,1,
memory_random_write,wasm-aot,17,117.935747,1,
memory_random_write,native,18,95.694168,1,
memory_random_write,wasm-jit,18,117.505353,1,
memory_random_write,wasm-aot,18,118.77618,1,
memory_random_write,native,19,95.813663,1,
memory_random_write,wasm-jit,19,118.111843,1,
memory_random_write,wasm-aot,19,115.416528,1,
memory_random_write,native,20,95.573262,1,
memory_random_write,wasm-jit,20,116.197217,1,
memory_random_write,wasm-aot,20,120.48708,1,
memory_random_write,native,21,98.301679,1,
memory_random_write,wasm-jit,21,117.806621,1,
memory_random_write,wasm-aot,21,117.032852,1,
memory_random_write,native,22,99.03826,1,
memory_random_write,wasm-jit,22,120.032704,1,
memory_random_write,wasm-aot,22,120.591493,1,
memory_random_write,native,23,100.901464,1,
memory_random_write,wasm-jit,23,116.162605,1,
memory_random_write,wasm-aot,23,120.458562,1,
memory_random_write,native,24,100.86995,1,
memory_random_write,wasm-jit,24,118.982146,1,
memory_random_write,wasm-aot,24,121.859225,1,
memory_random_write,native,25,98.40816,1,
memory_random_write,wasm-jit,25,122.736788,1,
memory_random_write,wasm-aot,25,117.474786,1,
memory_random_write,native,26,103.104841,1,
memory_random_write,wasm-jit,26,119.188983,1,
memory_random_write,wasm-aot,26,119.266876,1,
memory_random_write,native,27,98.58116,1,
memory_random_write,wasm-jit,27,117.88558,1,
memory_random_write,wasm-aot,27,119.02903,1,
memory_random_write,native,28,96.893563,1,
memory_random_write,wasm-jit,28,116.093008,1,
memory_random_write,wasm-aot,28,120.232499,1,
memory_random_write,native,29,103.04238,1,
memory_random_write,wasm-jit,29,116.556115,1,
memory_random_write,wasm-aot,29,119.459338,1,
memory_random_write,native,30,104.00558,1,
memory_random_write,wasm-jit,30,117.292643,1,
memory_random_write,wasm-aot,30,120.297708,1,
memory_seq_read,native,1,4.86167,1,
memory_seq_read,wasm-jit,1,4.568258,1,
memory_seq_read,wasm-aot,1,4.552717,1,
memory_seq_read,native,2,4.619066,1,
memory_seq_read,wasm-jit,2,5.226125,1,
memory_seq_read,wasm-aot,2,4.582779,1,
memory_seq_read,native,3,4.39087,1,
memory_seq_read,wasm-jit,3,4.521961,1,
memory_seq_read,wasm-aot,3,4.625955,1,
memory_seq_read,native,4,4.259674,1,
memory_seq_read,wasm-jit,4,4.508146,1,
memory_seq_read,wasm-aot,4,4.412255,1,
memory_seq_read,native,5,4.291115,1,
memory_seq_read,wasm-jit,5,4.569497,1,
memory_seq_read,wasm-aot,5,4.334561,1,
memory_seq_read,native,6,4.665596,1,
memory_seq_read,wasm-jit,6,4.579561,1,
memory_seq_read,wasm-aot,6,4.412139,1,
memory_seq_read,native,7,4.175914,1,
memory_seq_read,wasm-jit,7,4.657395,1,
memory_seq_read,wasm-aot,7,4.498616,1,
memory_seq_read,native,8,4.15386,1,
memory_seq_read,wasm-jit,8,4.428304,1,
memory_seq_read,wasm-aot,8,4.436011,1,
memory_seq_read,native,9,4.171905,1,
memory_seq_read,wasm-jit,9,4.482321,1,
memory_seq_read,wasm-aot,9,4.325721,1,
memory_seq_read,native,10,4.170045,1,
memory_seq_read,wasm-jit,10,4.563743,1,
memory_seq_read,wasm-aot,10,4.552305,1,
memory_seq_read,native,11,4.075522,1,
memory_seq_read,wasm-jit,11,4.568535,1,
memory_seq_read,wasm-aot,11,4.448615,1,
memory_seq_read,native,12,4.153023,1,
memory_seq_read,wasm-jit,12,4.356456,1,
memory_seq_read,wasm-aot,12,4.41371,1,
memory_seq_read,native,13,4.363298,1,
memory_seq_read,wasm-jit,13,4.653978,1,
memory_seq_read,wasm-aot,13,4.652518,1,
memory_seq_read,native,14,4.209672,1,
memory_seq_read,wasm-jit,14,4.438582,1,
memory_seq_read,wasm-aot,14,4.34054,1,
memory_seq_read,native,15,4.069174,1,
memory_seq_read,wasm-jit,15,4.445181,1,
memory_seq_read,wasm-aot,15,4.49546,1,
memory_seq_read,native,16,4.051793,1,
memory_seq_read,wasm-jit,16,4.373889,1,
memory_seq_read,wasm-aot,16,4.486419,1,
memory_seq_read,native,17,4.306079,1,
memory_seq_read,wasm-jit,17,4.769901,1,
memory_seq_read,wasm-aot,17,4.863051,1,
memory_seq_read,native,18,4.432379,1,
memory_seq_read,wasm-jit,18,4.647818,1,
memory_seq_read,wasm-aot,18,4.690266,1,
memory_seq_read,native,19,4.203023,1,
memory_seq_read,wasm-jit,19,4.516137,1,
memory_seq_read,wasm-aot,19,4.580592,1,
memory_seq_read,native,20,4.306929,1,
memory_seq_read,wasm-jit,20,4.699747,1,
memory_seq_read,wasm-aot,20,4.543849,1,
memory_seq_read,native,21,4.688101,1,
memory_seq_read,wasm-jit,21,4.589617,1,
memory_seq_read,wasm-aot,21,4.442722,1,
memory_seq_read,native,22,4.393141,1,
memory_seq_read,wasm-jit,22,4.413267,1,
memory_seq_read,wasm-aot,22,4.600002,1,
memory_seq_read,native,23,4.275258,1,
memory_seq_read,wasm-jit,23,4.395363,1,
memory_seq_read,wasm-aot,23,4.523278,1,
memory_seq_read,native,24,4.343631,1,
memory_seq_read,wasm-jit,24,4.345315,1,
memory_seq_read,wasm-aot,24,4.719162,1,
memory_seq_read,native,25,4.369804,1,
memory_seq_read,wasm-jit,25,4.301431,1,
memory_seq_read,wasm-aot,25,4.509258,1,
memory_seq_read,native,26,4.388237,1,
memory_seq_read,wasm-jit,26,4.53352,1,
memory_seq_read,wasm-aot,26,4.483437,1,
memory_seq_read,native,27,4.169188,1,
memory_seq_read,wasm-jit,27,4.628851,1,
memory_seq_read,wasm-aot,27,4.805821,1,
memory_seq_read,native,28,4.285031,1,
memory_seq_read,wasm-jit,28,4.663555,1,
memory_seq_read,wasm-aot,28,4.462793,1,
memory_seq_read,native,29,4.42979,1,
memory_seq_read,wasm-jit,29,4.426472,1,
memory_seq_read,wasm-aot,29,4.332219,1,
memory_seq_read,native,30,4.295116,1,
memory_seq_read,wasm-jit,30,4.626797,1,
memory_seq_read,wasm-aot,30,4.399296,1,
memory_seq_write,native,1,15.065285,1,
memory_seq_write,wasm-jit,1,24.728716,1,
memory_seq_write,wasm-aot,1,25.497097,1,
memory_seq_write,native,2,15.848816,1,
memory_seq_write,wasm-jit,2,26.010587,1,
memory_seq_write,wasm-aot,2,24.409903,1,
memory_seq_write,native,3,15.227198,1,
memory_seq_write,wasm-jit,3,25.018245,1,
memory_seq_write,wasm-aot,3,24.974509,1,
memory_seq_write,native,4,15.685619,1,
memory_seq_write,wasm-jit,4,24.808106,1,
memory_seq_write,wasm-aot,4,25.01908,1,
memory_seq_write,native,5,16.288299,1,
memory_seq_write,wasm-jit,5,24.735282,1,
memory_seq_write,wasm-aot,5,25.674211,1,
memory_seq_write,native,6,15.697841,1,
memory_seq_write,wasm-jit,6,25.086149,1,
memory_seq_write,wasm-aot,6,25.106946,1,
memory_seq_write,native,7,15.293787,1,
memory_seq_write,wasm-jit,7,24.594602,1,
memory_seq_write,wasm-aot,7,24.907044,1,
memory_seq_write,native,8,15.264869,1,
memory_seq_write,wasm-jit,8,24.555938,1,
memory_seq_write,wasm-aot,8,24.912694,1,
memory_seq_write,native,9,16.314082,1,
memory_seq_write,wasm-jit,9,24.702612,1,
memory_seq_write,wasm-aot,9,24.999741,1,
memory_seq_write,native,10,15.338675,1,
memory_seq_write,wasm-jit,10,24.5079,1,
memory_seq_write,wasm-aot,10,25.036068,1,
memory_seq_write,native,11,15.892783,1,
memory_seq_write,wasm-jit,11,24.835393,1,
memory_seq_write,wasm-aot,11,24.819343,1,
memory_seq_write,native,12,15.568092,1,
memory_seq_write,wasm-jit,12,24.608755,1,
memory_seq_write,wasm-aot,12,25.184334,1,
memory_seq_write,native,13,15.096967,1,
memory_seq_write,wasm-jit,13,25.299926,1,
memory_seq_write,wasm-aot,13,25.184342,1,
memory_seq_write,native,14,14.955241,1,
memory_seq_write,wasm-jit,14,25.71814,1,
memory_seq_write,wasm-aot,14,25.605002,1,
memory_seq_write,native,15,15.738468,1,
memory_seq_write,wasm-jit,15,24.634786,1,
memory_seq_write,wasm-aot,15,25.84933,1,
memory_seq_write,native,16,15.268967,1,
memory_seq_write,wasm-jit,16,24.918046,1,
memory_seq_write,wasm-aot,16,24.95211,1,
memory_seq_write,native,17,15.466656,1,
memory_seq_write,wasm-jit,17,25.960074,1,
memory_seq_write,wasm-aot,17,26.271346,1,
memory_seq_write,native,18,16.320986,1,
memory_seq_write,wasm-jit,18,25.458738,1,
memory_seq_write,wasm-aot,18,25.64172,1,
memory_seq_write,native,19,15.764398,1,
memory_seq_write,wasm-jit,19,25.441001,1,
memory_seq_write,wasm-aot,19,25.457883,1,
memory_seq_write,native,20,16.350116,1,
memory_seq_write,wasm-jit,20,25.405952,1,
memory_seq_write,wasm-aot,20,26.404815,1,
memory_seq_write,native,21,18.118292,1,
memory_seq_write,wasm-jit,21,29.02091,1,
memory_seq_write,wasm-aot,21,25.439935,1,
memory_seq_write,native,22,16.110985,1,
memory_seq_write,wasm-jit,22,25.310624,1,
memory_seq_write,wasm-aot,22,25.197537,1,
memory_seq_write,native,23,15.57575,1,
memory_seq_write,wasm-jit,23,25.362753,1,
memory_seq_write,wasm-aot,23,24.856644,1,
memory_seq_write,native,24,15.281059,1,
memory_seq_write,wasm-jit,24,24.732166,1,
memory_seq_write,wasm-aot,24,25.497074,1,
memory_seq_write,native,25,15.183903,1,
memory_seq_write,wasm-jit,25,25.174834,1,
memory_seq_write,wasm-aot,25,25.313718,1,
memory_seq_write,native,26,16.294168,1,
memory_seq_write,wasm-jit,26,25.516596,1,
memory_seq_write,wasm-aot,26,25.13556,1,
memory_seq_write,native,27,14.604248,1,
memory_seq_write,wasm-jit,27,24.508394,1,
memory_seq_write,wasm-aot,27,25.032484,1,
memory_seq_write,native,28,15.337089,1,
memory_seq_write,wasm-jit,28,24.246285,1,
memory_seq_write,wasm-aot,28,24.786161,1,
memory_seq_write,native,29,15.323615,1,
memory_seq_write,wasm-jit,29,24.707943,1,
memory_seq_write,wasm-aot,29,25.673167,1,
memory_seq_write,native,30,15.661385,1,
memory_seq_write,wasm-jit,30,24.871105,1,
memory_seq_write,wasm-aot,30,25.372126,1,
memory_stride_read,native,1,13.755773,1,
memory_stride_read,wasm-jit,1,14.337061,1,
memory_stride_read,wasm-aot,1,16.693563,1,
memory_stride_read,native,2,14.821345,1,
memory_stride_read,wasm-jit,2,15.210695,1,
memory_stride_read,wasm-aot,2,15.155681,1,
memory_stride_read,native,3,14.993339,1,
memory_stride_read,wasm-jit,3,15.050155,1,
memory_stride_read,wasm-aot,3,14.205453,1,
memory_stride_read,native,4,13.834957,1,
memory_stride_read,wasm-jit,4,15.333291,1,
memory_stride_read,wasm-aot,4,15.564976,1,
memory_stride_read,native,5,14.119925,1,
memory_stride_read,wasm-jit,5,15.152723,1,
memory_stride_read,wasm-aot,5,14.937956,1,
memory_stride_read,native,6,13.87027,1,
memory_stride_read,wasm-jit,6,15.416708,1,
memory_stride_read,wasm-aot,6,14.360734,1,
memory_stride_read,native,7,14.386494,1,
memory_stride_read,wasm-jit,7,14.2243,1,
memory_stride_read,wasm-aot,7,14.469728,1,
memory_stride_read,native,8,14.2371,1,
memory_stride_read,wasm-jit,8,14.77836,1,
memory_stride_read,wasm-aot,8,14.671137,1,
memory_stride_read,native,9,15.068786,1,
memory_stride_read,wasm-jit,9,14.915968,1,
memory_stride_read,wasm-aot,9,15.405462,1,
memory_stride_read,native,10,14.956322,1,
memory_stride_read,wasm-jit,10,15.655996,1,
memory_stride_read,wasm-aot,10,14.868969,1,
memory_stride_read,native,11,13.556465,1,
memory_stride_read,wasm-jit,11,15.085679,1,
memory_stride_read,wasm-aot,11,15.708438,1,
memory_stride_read,native,12,14.852654,1,
memory_stride_read,wasm-jit,12,14.621744,1,
memory_stride_read,wasm-aot,12,14.767285,1,
memory_stride_read,native,13,14.880375,1,
memory_stride_read,wasm-jit,13,14.852999,1,
memory_stride_read,wasm-aot,13,14.764584,1,
memory_stride_read,native,14,14.286399,1,
memory_stride_read,wasm-jit,14,15.11165,1,
memory_stride_read,wasm-aot,14,14.82623,1,
memory_stride_read,native,15,15.378072,1,
memory_stride_read,wasm-jit,15,14.677466,1,
memory_stride_read,wasm-aot,15,14.914342,1,
memory_stride_read,native,16,14.761401,1,
memory_stride_read,wasm-jit,16,15.412318,1,
memory_stride_read,wasm-aot,16,14.544296,1,
memory_stride_read,native,17,15.261437,1,
memory_stride_read,wasm-jit,17,16.606201,1,
memory_stride_read,wasm-aot,17,17.814288,1,
memory_stride_read,native,18,15.434291,1,
memory_stride_read,wasm-jit,18,15.404954,1,
memory_stride_read,wasm-aot,18,14.738893,1,
memory_stride_read,native,19,16.818457,1,
memory_stride_read,wasm-jit,19,15.41235,1,
memory_stride_read,wasm-aot,19,15.102845,1,
memory_stride_read,native,20,13.899686,1,
memory_stride_read,wasm-jit,20,14.830878,1,
memory_stride_read,wasm-aot,20,15.090124,1,
memory_stride_read,native,21,15.003521,1,
memory_stride_read,wasm-jit,21,14.732826,1,
memory_stride_read,wasm-aot,21,14.864749,1,
memory_stride_read,native,22,14.433899,1,
memory_stride_read,wasm-jit,22,14.719824,1,
memory_stride_read,wasm-aot,22,14.729119,1,
memory_stride_read,native,23,14.417595,1,
memory_stride_read,wasm-jit,23,15.408299,1,
memory_stride_read,wasm-aot,23,14.483386,1,
memory_stride_read,native,24,14.530383,1,
memory_stride_read,wasm-jit,24,15.150652,1,
memory_stride_read,wasm-aot,24,14.83731,1,
memory_stride_read,native,25,14.618491,1,
memory_stride_read,wasm-jit,25,15.161012,1,
memory_stride_read,wasm-aot,25,15.497967,1,
memory_stride_read,native,26,14.352233,1,
memory_stride_read,wasm-jit,26,14.751781,1,
memory_stride_read,wasm-aot,26,14.93419,1,
memory_stride_read,native,27,14.375345,1,
memory_stride_read,wasm-jit,27,14.654926,1,
memory_stride_read,wasm-aot,27,15.267246,1,
memory_stride_read,native,28,15.432338,1,
memory_stride_read,wasm-jit,28,14.826198,1,
memory_stride_read,wasm-aot,28,14.297641,1,
memory_stride_read,native,29,15.441854,1,
memory_stride_read,wasm-jit,29,14.092805,1,
memory_stride_read,wasm-aot,29,14.910337,1,
memory_stride_read,native,30,14.88234,1,
memory_stride_read,wasm-jit,30,14.718597,1,
memory_stride_read,wasm-aot,30,14.494791,1,
memory_stride_write,native,1,17.27803,1,
memory_stride_write,wasm-jit,1,13.883205,1,
memory_stride_write,wasm-aot,1,13.9972,1,
memory_stride_write,native,2,17.481524,1,
memory_stride_write,wasm-jit,2,13.759348,1,
memory_stride_write,wasm-aot,2,13.859535,1,
memory_stride_write,native,3,17.262316,1,
memory_stride_write,wasm-jit,3,13.788599,1,
memory_stride_write,wasm-aot,3,14.007323,1,
memory_stride_write,native,4,17.395104,1,
memory_stride_write,wasm-jit,4,13.877132,1,
memory_stride_write,wasm-aot,4,13.805204,1,
memory_stride_write,native,5,17.221689,1,
memory_stride_write,wasm-jit,5,14.118041,1,
memory_stride_write,wasm-aot,5,14.124037,1,
memory_stride_write,native,6,17.293007,1,
memory_stride_write,wasm-jit,6,14.262143,1,
memory_stride_write,wasm-aot,6,13.874354,1,
memory_stride_write,native,7,17.20487,1,
memory_stride_write,wasm-jit,7,14.020939,1,
memory_stride_write,wasm-aot,7,14.359889,1,
memory_stride_write,native,8,17.416335,1,
memory_stride_write,wasm-jit,8,13.896591,1,
memory_stride_write,wasm-aot,8,14.264114,1,
memory_stride_write,native,9,17.010204,1,
memory_stride_write,wasm-jit,9,13.977821,1,
memory_stride_write,wasm-aot,9,13.699151,1,
memory_stride_write,native,10,17.656915,1,
memory_stride_write,wasm-jit,10,13.905248,1,
memory_stride_write,wasm-aot,10,13.933726,1,
memory_stride_write,native,11,17.405066,1,
memory_stride_write,wasm-jit,11,13.983045,1,
memory_stride_write,wasm-aot,11,14.223412,1,
memory_stride_write,native,12,17.77556,1,
memory_stride_write,wasm-jit,12,14.287228,1,
memory_stride_write,wasm-aot,12,14.195096,1,
memory_stride_write,native,13,17.633311,1,
memory_stride_write,wasm-jit,13,14.390219,1,
memory_stride_write,wasm-aot,13,13.890945,1,
memory_stride_write,native,14,17.089843,1,
memory_stride_write,wasm-jit,14,14.049176,1,
memory_stride_write,wasm-aot,14,14.297758,1,
memory_stride_write,native,15,17.999194,1,
memory_stride_write,wasm-jit,15,13.947469,1,
memory_stride_write,wasm-aot,15,13.87919,1,
memory_stride_write,native,16,17.400579,1,
memory_stride_write,wasm-jit,16,14.606084,1,
memory_stride_write,wasm-aot,16,14.16249,1,
memory_stride_write,native,17,18.534693,1,
memory_stride_write,wasm-jit,17,13.912421,1,
memory_stride_write,wasm-aot,17,14.164284,1,
memory_stride_write,native,18,17.62451,1,
memory_stride_write,wasm-jit,18,14.19959,1,
memory_stride_write,wasm-aot,18,13.900598,1,
memory_stride_write,native,19,17.97858,1,
memory_stride_write,wasm-jit,19,13.885412,1,
memory_stride_write,wasm-aot,19,13.947457,1,
memory_stride_write,native,20,17.399889,1,
memory_stride_write,wasm-jit,20,14.297954,1,
memory_stride_write,wasm-aot,20,14.04179,1,
memory_stride_write,native,21,17.193702,1,
memory_stride_write,wasm-jit,21,14.062582,1,
memory_stride_write,wasm-aot,21,13.723293,1,
memory_stride_write,native,22,17.216304,1,
memory_stride_write,wasm-jit,22,14.056159,1,
memory_stride_write,wasm-aot,22,13.636037,1,
memory_stride_write,native,23,18.218264,1,
memory_stride_write,wasm-jit,23,13.833076,1,
memory_stride_write,wasm-aot,23,13.946952,1,
memory_stride_write,native,24,17.384368,1,
memory_stride_write,wasm-jit,24,13.832918,1,
memory_stride_write,wasm-aot,24,13.997387,1,
memory_stride_write,native,25,17.350006,1,
memory_stride_write,wasm-jit,25,15.067784,1,
memory_stride_write,wasm-aot,25,13.665791,1,
memory_stride_write,native,26,17.278297,1,
memory_stride_write,wasm-jit,26,13.806854,1,
memory_stride_write,wasm-aot,26,13.848563,1,
memory_stride_write,native,27,17.235161,1,
memory_stride_write,wasm-jit,27,14.12527,1,
memory_stride_write,wasm-aot,27,13.639367,1,
memory_stride_write,native,28,17.328354,1,
memory_stride_write,wasm-jit,28,13.726052,1,
memory_stride_write,wasm-aot,28,13.765244,1,
memory_stride_write,native,29,17.364795,1,
memory_stride_write,wasm-jit,29,13.760833,1,
memory_stride_write,wasm-aot,29,13.828561,1,
memory_stride_write,native,30,17.632677,1,
memory_stride_write,wasm-jit,30,13.569748,1,
memory_stride_write,wasm-aot,30,13.763217,1,
