timestamp,program,mode,run_index,event,value,status,stderr_note,runtime_engine,compiler
2026-05-13T15:58:00+0800,llvmss_benchmarkgame_puzzle,native,1,r81d0,131531221,ok,,wasmer,cranelift
2026-05-13T15:58:00+0800,llvmss_benchmarkgame_puzzle,native,1,r82d0,6592985,ok,,wasmer,cranelift
2026-05-13T15:58:00+0800,llvmss_benchmarkgame_puzzle,native,1,r00c4,35009223,ok,,wasmer,cranelift
2026-05-13T15:58:00+0800,llvmss_benchmarkgame_puzzle,native,1,r01c4,34069435,ok,,wasmer,cranelift
2026-05-13T15:58:00+0800,llvmss_benchmarkgame_puzzle,native,1,r1c0,925971947,ok,,wasmer,cranelift
2026-05-13T15:58:00+0800,llvmss_benchmarkgame_puzzle,native,1,cpu-cycles,237875860,ok,,wasmer,cranelift
2026-05-13T15:58:00+0800,llvmss_benchmarkgame_puzzle,native,1,L1-icache-load-misses,77459,ok,,wasmer,cranelift
2026-05-13T15:58:00+0800,llvmss_benchmarkgame_puzzle,native,1,branch-misses,9175,ok,,wasmer,cranelift
2026-05-13T15:58:01+0800,llvmss_benchmarkgame_puzzle,wasm-jit,1,r81d0,1027136789,ok,,wasmer,cranelift
2026-05-13T15:58:01+0800,llvmss_benchmarkgame_puzzle,wasm-jit,1,r82d0,15152001,ok,,wasmer,cranelift
2026-05-13T15:58:01+0800,llvmss_benchmarkgame_puzzle,wasm-jit,1,r00c4,1024070315,ok,,wasmer,cranelift
2026-05-13T15:58:01+0800,llvmss_benchmarkgame_puzzle,wasm-jit,1,r01c4,4552690,ok,,wasmer,cranelift
2026-05-13T15:58:01+0800,llvmss_benchmarkgame_puzzle,wasm-jit,1,r1c0,6695968692,ok,,wasmer,cranelift
2026-05-13T15:58:01+0800,llvmss_benchmarkgame_puzzle,wasm-jit,1,cpu-cycles,1354228119,ok,,wasmer,cranelift
2026-05-13T15:58:01+0800,llvmss_benchmarkgame_puzzle,wasm-jit,1,L1-icache-load-misses,1046188,ok,,wasmer,cranelift
2026-05-13T15:58:01+0800,llvmss_benchmarkgame_puzzle,wasm-jit,1,branch-misses,152662,ok,,wasmer,cranelift
2026-05-13T15:58:01+0800,llvmss_benchmarkgame_puzzle,wasm-aot,1,r81d0,1025485286,ok,,wasmer,cranelift
2026-05-13T15:58:01+0800,llvmss_benchmarkgame_puzzle,wasm-aot,1,r82d0,14034991,ok,,wasmer,cranelift
2026-05-13T15:58:01+0800,llvmss_benchmarkgame_puzzle,wasm-aot,1,r00c4,1023041726,ok,,wasmer,cranelift
2026-05-13T15:58:01+0800,llvmss_benchmarkgame_puzzle,wasm-aot,1,r01c4,4357105,ok,,wasmer,cranelift
2026-05-13T15:58:01+0800,llvmss_benchmarkgame_puzzle,wasm-aot,1,r1c0,6690265878,ok,,wasmer,cranelift
2026-05-13T15:58:01+0800,llvmss_benchmarkgame_puzzle,wasm-aot,1,cpu-cycles,1349624444,ok,,wasmer,cranelift
2026-05-13T15:58:01+0800,llvmss_benchmarkgame_puzzle,wasm-aot,1,L1-icache-load-misses,946759,ok,,wasmer,cranelift
2026-05-13T15:58:01+0800,llvmss_benchmarkgame_puzzle,wasm-aot,1,branch-misses,130419,ok,,wasmer,cranelift
2026-05-13T15:58:01+0800,llvmss_benchmarkgame_puzzle,native,2,r81d0,131552495,ok,,wasmer,cranelift
2026-05-13T15:58:01+0800,llvmss_benchmarkgame_puzzle,native,2,r82d0,6608342,ok,,wasmer,cranelift
2026-05-13T15:58:01+0800,llvmss_benchmarkgame_puzzle,native,2,r00c4,35022185,ok,,wasmer,cranelift
2026-05-13T15:58:01+0800,llvmss_benchmarkgame_puzzle,native,2,r01c4,34071454,ok,,wasmer,cranelift
2026-05-13T15:58:01+0800,llvmss_benchmarkgame_puzzle,native,2,r1c0,926050224,ok,,wasmer,cranelift
2026-05-13T15:58:01+0800,llvmss_benchmarkgame_puzzle,native,2,cpu-cycles,237508186,ok,,wasmer,cranelift
2026-05-13T15:58:01+0800,llvmss_benchmarkgame_puzzle,native,2,L1-icache-load-misses,81183,ok,,wasmer,cranelift
2026-05-13T15:58:01+0800,llvmss_benchmarkgame_puzzle,native,2,branch-misses,8745,ok,,wasmer,cranelift
2026-05-13T15:58:02+0800,llvmss_benchmarkgame_puzzle,wasm-jit,2,r81d0,1027185160,ok,,wasmer,cranelift
2026-05-13T15:58:02+0800,llvmss_benchmarkgame_puzzle,wasm-jit,2,r82d0,15178173,ok,,wasmer,cranelift
2026-05-13T15:58:02+0800,llvmss_benchmarkgame_puzzle,wasm-jit,2,r00c4,1024103471,ok,,wasmer,cranelift
2026-05-13T15:58:02+0800,llvmss_benchmarkgame_puzzle,wasm-jit,2,r01c4,4560425,ok,,wasmer,cranelift
2026-05-13T15:58:02+0800,llvmss_benchmarkgame_puzzle,wasm-jit,2,r1c0,6696166186,ok,,wasmer,cranelift
2026-05-13T15:58:02+0800,llvmss_benchmarkgame_puzzle,wasm-jit,2,cpu-cycles,1351413884,ok,,wasmer,cranelift
2026-05-13T15:58:02+0800,llvmss_benchmarkgame_puzzle,wasm-jit,2,L1-icache-load-misses,1075901,ok,,wasmer,cranelift
2026-05-13T15:58:02+0800,llvmss_benchmarkgame_puzzle,wasm-jit,2,branch-misses,158571,ok,,wasmer,cranelift
2026-05-13T15:58:02+0800,llvmss_benchmarkgame_puzzle,wasm-aot,2,r81d0,1025588797,ok,,wasmer,cranelift
2026-05-13T15:58:02+0800,llvmss_benchmarkgame_puzzle,wasm-aot,2,r82d0,14120544,ok,,wasmer,cranelift
2026-05-13T15:58:02+0800,llvmss_benchmarkgame_puzzle,wasm-aot,2,r00c4,1023103602,ok,,wasmer,cranelift
2026-05-13T15:58:02+0800,llvmss_benchmarkgame_puzzle,wasm-aot,2,r01c4,4368504,ok,,wasmer,cranelift
2026-05-13T15:58:02+0800,llvmss_benchmarkgame_puzzle,wasm-aot,2,r1c0,6690685975,ok,,wasmer,cranelift
2026-05-13T15:58:02+0800,llvmss_benchmarkgame_puzzle,wasm-aot,2,cpu-cycles,1344925612,ok,,wasmer,cranelift
2026-05-13T15:58:02+0800,llvmss_benchmarkgame_puzzle,wasm-aot,2,L1-icache-load-misses,959193,ok,,wasmer,cranelift
2026-05-13T15:58:02+0800,llvmss_benchmarkgame_puzzle,wasm-aot,2,branch-misses,128949,ok,,wasmer,cranelift
2026-05-13T15:58:02+0800,llvmss_benchmarkgame_puzzle,native,3,r81d0,131574091,ok,,wasmer,cranelift
2026-05-13T15:58:02+0800,llvmss_benchmarkgame_puzzle,native,3,r82d0,6621174,ok,,wasmer,cranelift
2026-05-13T15:58:02+0800,llvmss_benchmarkgame_puzzle,native,3,r00c4,35038335,ok,,wasmer,cranelift
2026-05-13T15:58:02+0800,llvmss_benchmarkgame_puzzle,native,3,r01c4,34074431,ok,,wasmer,cranelift
2026-05-13T15:58:02+0800,llvmss_benchmarkgame_puzzle,native,3,r1c0,926143607,ok,,wasmer,cranelift
2026-05-13T15:58:02+0800,llvmss_benchmarkgame_puzzle,native,3,cpu-cycles,240178417,ok,,wasmer,cranelift
2026-05-13T15:58:02+0800,llvmss_benchmarkgame_puzzle,native,3,L1-icache-load-misses,85149,ok,,wasmer,cranelift
2026-05-13T15:58:02+0800,llvmss_benchmarkgame_puzzle,native,3,branch-misses,9613,ok,,wasmer,cranelift
2026-05-13T15:58:03+0800,llvmss_benchmarkgame_puzzle,wasm-jit,3,r81d0,1027227375,ok,,wasmer,cranelift
2026-05-13T15:58:03+0800,llvmss_benchmarkgame_puzzle,wasm-jit,3,r82d0,15210553,ok,,wasmer,cranelift
2026-05-13T15:58:03+0800,llvmss_benchmarkgame_puzzle,wasm-jit,3,r00c4,1024135974,ok,,wasmer,cranelift
2026-05-13T15:58:03+0800,llvmss_benchmarkgame_puzzle,wasm-jit,3,r01c4,4568782,ok,,wasmer,cranelift
2026-05-13T15:58:03+0800,llvmss_benchmarkgame_puzzle,wasm-jit,3,r1c0,6696339601,ok,,wasmer,cranelift
2026-05-13T15:58:03+0800,llvmss_benchmarkgame_puzzle,wasm-jit,3,cpu-cycles,1352902977,ok,,wasmer,cranelift
2026-05-13T15:58:03+0800,llvmss_benchmarkgame_puzzle,wasm-jit,3,L1-icache-load-misses,1040754,ok,,wasmer,cranelift
2026-05-13T15:58:03+0800,llvmss_benchmarkgame_puzzle,wasm-jit,3,branch-misses,153517,ok,,wasmer,cranelift
2026-05-13T15:58:03+0800,llvmss_benchmarkgame_puzzle,wasm-aot,3,r81d0,1025525627,ok,,wasmer,cranelift
2026-05-13T15:58:03+0800,llvmss_benchmarkgame_puzzle,wasm-aot,3,r82d0,14073717,ok,,wasmer,cranelift
2026-05-13T15:58:03+0800,llvmss_benchmarkgame_puzzle,wasm-aot,3,r00c4,1023062875,ok,,wasmer,cranelift
2026-05-13T15:58:03+0800,llvmss_benchmarkgame_puzzle,wasm-aot,3,r01c4,4362089,ok,,wasmer,cranelift
2026-05-13T15:58:03+0800,llvmss_benchmarkgame_puzzle,wasm-aot,3,r1c0,6690437107,ok,,wasmer,cranelift
2026-05-13T15:58:03+0800,llvmss_benchmarkgame_puzzle,wasm-aot,3,cpu-cycles,1350791176,ok,,wasmer,cranelift
2026-05-13T15:58:03+0800,llvmss_benchmarkgame_puzzle,wasm-aot,3,L1-icache-load-misses,993995,ok,,wasmer,cranelift
2026-05-13T15:58:03+0800,llvmss_benchmarkgame_puzzle,wasm-aot,3,branch-misses,136196,ok,,wasmer,cranelift
2026-05-13T15:58:03+0800,llvmss_benchmarkgame_puzzle,native,4,r81d0,131553316,ok,,wasmer,cranelift
2026-05-13T15:58:03+0800,llvmss_benchmarkgame_puzzle,native,4,r82d0,6610827,ok,,wasmer,cranelift
2026-05-13T15:58:03+0800,llvmss_benchmarkgame_puzzle,native,4,r00c4,35022248,ok,,wasmer,cranelift
2026-05-13T15:58:03+0800,llvmss_benchmarkgame_puzzle,native,4,r01c4,34071350,ok,,wasmer,cranelift
2026-05-13T15:58:03+0800,llvmss_benchmarkgame_puzzle,native,4,r1c0,926059242,ok,,wasmer,cranelift
2026-05-13T15:58:03+0800,llvmss_benchmarkgame_puzzle,native,4,cpu-cycles,236265288,ok,,wasmer,cranelift
2026-05-13T15:58:03+0800,llvmss_benchmarkgame_puzzle,native,4,L1-icache-load-misses,78715,ok,,wasmer,cranelift
2026-05-13T15:58:03+0800,llvmss_benchmarkgame_puzzle,native,4,branch-misses,8589,ok,,wasmer,cranelift
2026-05-13T15:58:03+0800,llvmss_benchmarkgame_puzzle,wasm-jit,4,r81d0,1027109604,ok,,wasmer,cranelift
2026-05-13T15:58:03+0800,llvmss_benchmarkgame_puzzle,wasm-jit,4,r82d0,15131399,ok,,wasmer,cranelift
2026-05-13T15:58:03+0800,llvmss_benchmarkgame_puzzle,wasm-jit,4,r00c4,1024051594,ok,,wasmer,cranelift
2026-05-13T15:58:03+0800,llvmss_benchmarkgame_puzzle,wasm-jit,4,r01c4,4547125,ok,,wasmer,cranelift
2026-05-13T15:58:03+0800,llvmss_benchmarkgame_puzzle,wasm-jit,4,r1c0,6695862067,ok,,wasmer,cranelift
2026-05-13T15:58:03+0800,llvmss_benchmarkgame_puzzle,wasm-jit,4,cpu-cycles,1353512797,ok,,wasmer,cranelift
2026-05-13T15:58:03+0800,llvmss_benchmarkgame_puzzle,wasm-jit,4,L1-icache-load-misses,1072807,ok,,wasmer,cranelift
2026-05-13T15:58:03+0800,llvmss_benchmarkgame_puzzle,wasm-jit,4,branch-misses,159785,ok,,wasmer,cranelift
2026-05-13T15:58:04+0800,llvmss_benchmarkgame_puzzle,wasm-aot,4,r81d0,1025678232,ok,,wasmer,cranelift
2026-05-13T15:58:04+0800,llvmss_benchmarkgame_puzzle,wasm-aot,4,r82d0,14155262,ok,,wasmer,cranelift
2026-05-13T15:58:04+0800,llvmss_benchmarkgame_puzzle,wasm-aot,4,r00c4,1023185362,ok,,wasmer,cranelift
2026-05-13T15:58:04+0800,llvmss_benchmarkgame_puzzle,wasm-aot,4,r01c4,4391616,ok,,wasmer,cranelift
2026-05-13T15:58:04+0800,llvmss_benchmarkgame_puzzle,wasm-aot,4,r1c0,6691051032,ok,,wasmer,cranelift
2026-05-13T15:58:04+0800,llvmss_benchmarkgame_puzzle,wasm-aot,4,cpu-cycles,1353935068,ok,,wasmer,cranelift
2026-05-13T15:58:04+0800,llvmss_benchmarkgame_puzzle,wasm-aot,4,L1-icache-load-misses,1034269,ok,,wasmer,cranelift
2026-05-13T15:58:04+0800,llvmss_benchmarkgame_puzzle,wasm-aot,4,branch-misses,137603,ok,,wasmer,cranelift
2026-05-13T15:58:04+0800,llvmss_benchmarkgame_puzzle,native,5,r81d0,131582215,ok,,wasmer,cranelift
2026-05-13T15:58:04+0800,llvmss_benchmarkgame_puzzle,native,5,r82d0,6628368,ok,,wasmer,cranelift
2026-05-13T15:58:04+0800,llvmss_benchmarkgame_puzzle,native,5,r00c4,35042571,ok,,wasmer,cranelift
2026-05-13T15:58:04+0800,llvmss_benchmarkgame_puzzle,native,5,r01c4,34076114,ok,,wasmer,cranelift
2026-05-13T15:58:04+0800,llvmss_benchmarkgame_puzzle,native,5,r1c0,926179195,ok,,wasmer,cranelift
2026-05-13T15:58:04+0800,llvmss_benchmarkgame_puzzle,native,5,cpu-cycles,240380486,ok,,wasmer,cranelift
2026-05-13T15:58:04+0800,llvmss_benchmarkgame_puzzle,native,5,L1-icache-load-misses,81148,ok,,wasmer,cranelift
2026-05-13T15:58:04+0800,llvmss_benchmarkgame_puzzle,native,5,branch-misses,8237,ok,,wasmer,cranelift
2026-05-13T15:58:04+0800,llvmss_benchmarkgame_puzzle,wasm-jit,5,r81d0,1027152525,ok,,wasmer,cranelift
2026-05-13T15:58:04+0800,llvmss_benchmarkgame_puzzle,wasm-jit,5,r82d0,15168928,ok,,wasmer,cranelift
2026-05-13T15:58:04+0800,llvmss_benchmarkgame_puzzle,wasm-jit,5,r00c4,1024075689,ok,,wasmer,cranelift
2026-05-13T15:58:04+0800,llvmss_benchmarkgame_puzzle,wasm-jit,5,r01c4,4551261,ok,,wasmer,cranelift
2026-05-13T15:58:04+0800,llvmss_benchmarkgame_puzzle,wasm-jit,5,r1c0,6696038729,ok,,wasmer,cranelift
2026-05-13T15:58:04+0800,llvmss_benchmarkgame_puzzle,wasm-jit,5,cpu-cycles,1354329610,ok,,wasmer,cranelift
2026-05-13T15:58:04+0800,llvmss_benchmarkgame_puzzle,wasm-jit,5,L1-icache-load-misses,1015587,ok,,wasmer,cranelift
2026-05-13T15:58:04+0800,llvmss_benchmarkgame_puzzle,wasm-jit,5,branch-misses,148924,ok,,wasmer,cranelift
2026-05-13T15:58:05+0800,llvmss_benchmarkgame_puzzle,wasm-aot,5,r81d0,1025673970,ok,,wasmer,cranelift
2026-05-13T15:58:05+0800,llvmss_benchmarkgame_puzzle,wasm-aot,5,r82d0,14157536,ok,,wasmer,cranelift
2026-05-13T15:58:05+0800,llvmss_benchmarkgame_puzzle,wasm-aot,5,r00c4,1023174799,ok,,wasmer,cranelift
2026-05-13T15:58:05+0800,llvmss_benchmarkgame_puzzle,wasm-aot,5,r01c4,4386105,ok,,wasmer,cranelift
2026-05-13T15:58:05+0800,llvmss_benchmarkgame_puzzle,wasm-aot,5,r1c0,6691030887,ok,,wasmer,cranelift
2026-05-13T15:58:05+0800,llvmss_benchmarkgame_puzzle,wasm-aot,5,cpu-cycles,1350904134,ok,,wasmer,cranelift
2026-05-13T15:58:05+0800,llvmss_benchmarkgame_puzzle,wasm-aot,5,L1-icache-load-misses,1010833,ok,,wasmer,cranelift
2026-05-13T15:58:05+0800,llvmss_benchmarkgame_puzzle,wasm-aot,5,branch-misses,133424,ok,,wasmer,cranelift
2026-05-13T15:58:07+0800,llvmss_misc_evalloop,native,1,r81d0,820194662,ok,,wasmer,cranelift
2026-05-13T15:58:07+0800,llvmss_misc_evalloop,native,1,r82d0,410224045,ok,,wasmer,cranelift
2026-05-13T15:58:07+0800,llvmss_misc_evalloop,native,1,r00c4,813401031,ok,,wasmer,cranelift
2026-05-13T15:58:07+0800,llvmss_misc_evalloop,native,1,r01c4,233158,ok,,wasmer,cranelift
2026-05-13T15:58:07+0800,llvmss_misc_evalloop,native,1,r1c0,1841325998,ok,,wasmer,cranelift
2026-05-13T15:58:07+0800,llvmss_misc_evalloop,native,1,cpu-cycles,1515800773,ok,,wasmer,cranelift
2026-05-13T15:58:07+0800,llvmss_misc_evalloop,native,1,L1-icache-load-misses,111848,ok,,wasmer,cranelift
2026-05-13T15:58:07+0800,llvmss_misc_evalloop,native,1,branch-misses,111698,ok,,wasmer,cranelift
2026-05-13T15:58:07+0800,llvmss_misc_evalloop,wasm-jit,1,r81d0,1643029505,ok,,wasmer,cranelift
2026-05-13T15:58:07+0800,llvmss_misc_evalloop,wasm-jit,1,r82d0,621637079,ok,,wasmer,cranelift
2026-05-13T15:58:07+0800,llvmss_misc_evalloop,wasm-jit,1,r00c4,1019093616,ok,,wasmer,cranelift
2026-05-13T15:58:07+0800,llvmss_misc_evalloop,wasm-jit,1,r01c4,8632815,ok,,wasmer,cranelift
2026-05-13T15:58:07+0800,llvmss_misc_evalloop,wasm-jit,1,r1c0,5918697157,ok,,wasmer,cranelift
2026-05-13T15:58:07+0800,llvmss_misc_evalloop,wasm-jit,1,cpu-cycles,1982570335,ok,,wasmer,cranelift
2026-05-13T15:58:07+0800,llvmss_misc_evalloop,wasm-jit,1,L1-icache-load-misses,1048961,ok,,wasmer,cranelift
2026-05-13T15:58:07+0800,llvmss_misc_evalloop,wasm-jit,1,branch-misses,248243,ok,,wasmer,cranelift
2026-05-13T15:58:08+0800,llvmss_misc_evalloop,wasm-aot,1,r81d0,1641808214,ok,,wasmer,cranelift
2026-05-13T15:58:08+0800,llvmss_misc_evalloop,wasm-aot,1,r82d0,620796829,ok,,wasmer,cranelift
2026-05-13T15:58:08+0800,llvmss_misc_evalloop,wasm-aot,1,r00c4,1018313166,ok,,wasmer,cranelift
2026-05-13T15:58:08+0800,llvmss_misc_evalloop,wasm-aot,1,r01c4,8479559,ok,,wasmer,cranelift
2026-05-13T15:58:08+0800,llvmss_misc_evalloop,wasm-aot,1,r1c0,5914409688,ok,,wasmer,cranelift
2026-05-13T15:58:08+0800,llvmss_misc_evalloop,wasm-aot,1,cpu-cycles,1979076786,ok,,wasmer,cranelift
2026-05-13T15:58:08+0800,llvmss_misc_evalloop,wasm-aot,1,L1-icache-load-misses,948299,ok,,wasmer,cranelift
2026-05-13T15:58:08+0800,llvmss_misc_evalloop,wasm-aot,1,branch-misses,227836,ok,,wasmer,cranelift
2026-05-13T15:58:08+0800,llvmss_misc_evalloop,native,2,r81d0,820214793,ok,,wasmer,cranelift
2026-05-13T15:58:08+0800,llvmss_misc_evalloop,native,2,r82d0,410237349,ok,,wasmer,cranelift
2026-05-13T15:58:08+0800,llvmss_misc_evalloop,native,2,r00c4,813416193,ok,,wasmer,cranelift
2026-05-13T15:58:08+0800,llvmss_misc_evalloop,native,2,r01c4,235541,ok,,wasmer,cranelift
2026-05-13T15:58:08+0800,llvmss_misc_evalloop,native,2,r1c0,1841412720,ok,,wasmer,cranelift
2026-05-13T15:58:08+0800,llvmss_misc_evalloop,native,2,cpu-cycles,1521929494,ok,,wasmer,cranelift
2026-05-13T15:58:08+0800,llvmss_misc_evalloop,native,2,L1-icache-load-misses,116672,ok,,wasmer,cranelift
2026-05-13T15:58:08+0800,llvmss_misc_evalloop,native,2,branch-misses,296812,ok,,wasmer,cranelift
2026-05-13T15:58:09+0800,llvmss_misc_evalloop,wasm-jit,2,r81d0,1642968019,ok,,wasmer,cranelift
2026-05-13T15:58:09+0800,llvmss_misc_evalloop,wasm-jit,2,r82d0,621589540,ok,,wasmer,cranelift
2026-05-13T15:58:09+0800,llvmss_misc_evalloop,wasm-jit,2,r00c4,1019056124,ok,,wasmer,cranelift
2026-05-13T15:58:09+0800,llvmss_misc_evalloop,wasm-jit,2,r01c4,8631005,ok,,wasmer,cranelift
2026-05-13T15:58:09+0800,llvmss_misc_evalloop,wasm-jit,2,r1c0,5918453983,ok,,wasmer,cranelift
2026-05-13T15:58:09+0800,llvmss_misc_evalloop,wasm-jit,2,cpu-cycles,1982289804,ok,,wasmer,cranelift
2026-05-13T15:58:09+0800,llvmss_misc_evalloop,wasm-jit,2,L1-icache-load-misses,1032935,ok,,wasmer,cranelift
2026-05-13T15:58:09+0800,llvmss_misc_evalloop,wasm-jit,2,branch-misses,249266,ok,,wasmer,cranelift
2026-05-13T15:58:09+0800,llvmss_misc_evalloop,wasm-aot,2,r81d0,1641875005,ok,,wasmer,cranelift
2026-05-13T15:58:09+0800,llvmss_misc_evalloop,wasm-aot,2,r82d0,620843374,ok,,wasmer,cranelift
2026-05-13T15:58:09+0800,llvmss_misc_evalloop,wasm-aot,2,r00c4,1018363612,ok,,wasmer,cranelift
2026-05-13T15:58:09+0800,llvmss_misc_evalloop,wasm-aot,2,r01c4,8491121,ok,,wasmer,cranelift
2026-05-13T15:58:09+0800,llvmss_misc_evalloop,wasm-aot,2,r1c0,5914683080,ok,,wasmer,cranelift
2026-05-13T15:58:09+0800,llvmss_misc_evalloop,wasm-aot,2,cpu-cycles,1988546129,ok,,wasmer,cranelift
2026-05-13T15:58:09+0800,llvmss_misc_evalloop,wasm-aot,2,L1-icache-load-misses,960039,ok,,wasmer,cranelift
2026-05-13T15:58:09+0800,llvmss_misc_evalloop,wasm-aot,2,branch-misses,230923,ok,,wasmer,cranelift
2026-05-13T15:58:10+0800,llvmss_misc_evalloop,native,3,r81d0,820189174,ok,,wasmer,cranelift
2026-05-13T15:58:10+0800,llvmss_misc_evalloop,native,3,r82d0,410220152,ok,,wasmer,cranelift
2026-05-13T15:58:10+0800,llvmss_misc_evalloop,native,3,r00c4,813399271,ok,,wasmer,cranelift
2026-05-13T15:58:10+0800,llvmss_misc_evalloop,native,3,r01c4,232016,ok,,wasmer,cranelift
2026-05-13T15:58:10+0800,llvmss_misc_evalloop,native,3,r1c0,1841304628,ok,,wasmer,cranelift
2026-05-13T15:58:10+0800,llvmss_misc_evalloop,native,3,cpu-cycles,1515895794,ok,,wasmer,cranelift
2026-05-13T15:58:10+0800,llvmss_misc_evalloop,native,3,L1-icache-load-misses,110833,ok,,wasmer,cranelift
2026-05-13T15:58:10+0800,llvmss_misc_evalloop,native,3,branch-misses,110465,ok,,wasmer,cranelift
2026-05-13T15:58:10+0800,llvmss_misc_evalloop,wasm-jit,3,r81d0,1643053135,ok,,wasmer,cranelift
2026-05-13T15:58:10+0800,llvmss_misc_evalloop,wasm-jit,3,r82d0,621658219,ok,,wasmer,cranelift
2026-05-13T15:58:10+0800,llvmss_misc_evalloop,wasm-jit,3,r00c4,1019112083,ok,,wasmer,cranelift
2026-05-13T15:58:10+0800,llvmss_misc_evalloop,wasm-jit,3,r01c4,8638205,ok,,wasmer,cranelift
2026-05-13T15:58:10+0800,llvmss_misc_evalloop,wasm-jit,3,r1c0,5918818301,ok,,wasmer,cranelift
2026-05-13T15:58:10+0800,llvmss_misc_evalloop,wasm-jit,3,cpu-cycles,1982028169,ok,,wasmer,cranelift
2026-05-13T15:58:10+0800,llvmss_misc_evalloop,wasm-jit,3,L1-icache-load-misses,1038776,ok,,wasmer,cranelift
2026-05-13T15:58:10+0800,llvmss_misc_evalloop,wasm-jit,3,branch-misses,249226,ok,,wasmer,cranelift
2026-05-13T15:58:11+0800,llvmss_misc_evalloop,wasm-aot,3,r81d0,1641879501,ok,,wasmer,cranelift
2026-05-13T15:58:11+0800,llvmss_misc_evalloop,wasm-aot,3,r82d0,620860767,ok,,wasmer,cranelift
2026-05-13T15:58:11+0800,llvmss_misc_evalloop,wasm-aot,3,r00c4,1018367060,ok,,wasmer,cranelift
2026-05-13T15:58:11+0800,llvmss_misc_evalloop,wasm-aot,3,r01c4,8491897,ok,,wasmer,cranelift
2026-05-13T15:58:11+0800,llvmss_misc_evalloop,wasm-aot,3,r1c0,5914739987,ok,,wasmer,cranelift
2026-05-13T15:58:11+0800,llvmss_misc_evalloop,wasm-aot,3,cpu-cycles,1978357421,ok,,wasmer,cranelift
2026-05-13T15:58:11+0800,llvmss_misc_evalloop,wasm-aot,3,L1-icache-load-misses,985259,ok,,wasmer,cranelift
2026-05-13T15:58:11+0800,llvmss_misc_evalloop,wasm-aot,3,branch-misses,232870,ok,,wasmer,cranelift
2026-05-13T15:58:11+0800,llvmss_misc_evalloop,native,4,r81d0,820203473,ok,,wasmer,cranelift
2026-05-13T15:58:11+0800,llvmss_misc_evalloop,native,4,r82d0,410230015,ok,,wasmer,cranelift
2026-05-13T15:58:11+0800,llvmss_misc_evalloop,native,4,r00c4,813410306,ok,,wasmer,cranelift
2026-05-13T15:58:11+0800,llvmss_misc_evalloop,native,4,r01c4,234285,ok,,wasmer,cranelift
2026-05-13T15:58:11+0800,llvmss_misc_evalloop,native,4,r1c0,1841361072,ok,,wasmer,cranelift
2026-05-13T15:58:11+0800,llvmss_misc_evalloop,native,4,cpu-cycles,1516574677,ok,,wasmer,cranelift
2026-05-13T15:58:11+0800,llvmss_misc_evalloop,native,4,L1-icache-load-misses,123173,ok,,wasmer,cranelift
2026-05-13T15:58:11+0800,llvmss_misc_evalloop,native,4,branch-misses,111554,ok,,wasmer,cranelift
2026-05-13T15:58:12+0800,llvmss_misc_evalloop,wasm-jit,4,r81d0,1642939201,ok,,wasmer,cranelift
2026-05-13T15:58:12+0800,llvmss_misc_evalloop,wasm-jit,4,r82d0,621568499,ok,,wasmer,cranelift
2026-05-13T15:58:12+0800,llvmss_misc_evalloop,wasm-jit,4,r00c4,1019039226,ok,,wasmer,cranelift
2026-05-13T15:58:12+0800,llvmss_misc_evalloop,wasm-jit,4,r01c4,8623956,ok,,wasmer,cranelift
2026-05-13T15:58:12+0800,llvmss_misc_evalloop,wasm-jit,4,r1c0,5918348025,ok,,wasmer,cranelift
2026-05-13T15:58:12+0800,llvmss_misc_evalloop,wasm-jit,4,cpu-cycles,1979470001,ok,,wasmer,cranelift
2026-05-13T15:58:12+0800,llvmss_misc_evalloop,wasm-jit,4,L1-icache-load-misses,1041039,ok,,wasmer,cranelift
2026-05-13T15:58:12+0800,llvmss_misc_evalloop,wasm-jit,4,branch-misses,250381,ok,,wasmer,cranelift
2026-05-13T15:58:13+0800,llvmss_misc_evalloop,wasm-aot,4,r81d0,1641866809,ok,,wasmer,cranelift
2026-05-13T15:58:13+0800,llvmss_misc_evalloop,wasm-aot,4,r82d0,620831575,ok,,wasmer,cranelift
2026-05-13T15:58:13+0800,llvmss_misc_evalloop,wasm-aot,4,r00c4,1018372415,ok,,wasmer,cranelift
2026-05-13T15:58:13+0800,llvmss_misc_evalloop,wasm-aot,4,r01c4,8499833,ok,,wasmer,cranelift
2026-05-13T15:58:13+0800,llvmss_misc_evalloop,wasm-aot,4,r1c0,5914673348,ok,,wasmer,cranelift
2026-05-13T15:58:13+0800,llvmss_misc_evalloop,wasm-aot,4,cpu-cycles,1977383634,ok,,wasmer,cranelift
2026-05-13T15:58:13+0800,llvmss_misc_evalloop,wasm-aot,4,L1-icache-load-misses,983580,ok,,wasmer,cranelift
2026-05-13T15:58:13+0800,llvmss_misc_evalloop,wasm-aot,4,branch-misses,235443,ok,,wasmer,cranelift
2026-05-13T15:58:13+0800,llvmss_misc_evalloop,native,5,r81d0,820187099,ok,,wasmer,cranelift
2026-05-13T15:58:13+0800,llvmss_misc_evalloop,native,5,r82d0,410220534,ok,,wasmer,cranelift
2026-05-13T15:58:13+0800,llvmss_misc_evalloop,native,5,r00c4,813395721,ok,,wasmer,cranelift
2026-05-13T15:58:13+0800,llvmss_misc_evalloop,native,5,r01c4,232856,ok,,wasmer,cranelift
2026-05-13T15:58:13+0800,llvmss_misc_evalloop,native,5,r1c0,1841293620,ok,,wasmer,cranelift
2026-05-13T15:58:13+0800,llvmss_misc_evalloop,native,5,cpu-cycles,1518965405,ok,,wasmer,cranelift
2026-05-13T15:58:13+0800,llvmss_misc_evalloop,native,5,L1-icache-load-misses,111454,ok,,wasmer,cranelift
2026-05-13T15:58:13+0800,llvmss_misc_evalloop,native,5,branch-misses,232519,ok,,wasmer,cranelift
2026-05-13T15:58:14+0800,llvmss_misc_evalloop,wasm-jit,5,r81d0,1642939615,ok,,wasmer,cranelift
2026-05-13T15:58:14+0800,llvmss_misc_evalloop,wasm-jit,5,r82d0,621572392,ok,,wasmer,cranelift
2026-05-13T15:58:14+0800,llvmss_misc_evalloop,wasm-jit,5,r00c4,1019041486,ok,,wasmer,cranelift
2026-05-13T15:58:14+0800,llvmss_misc_evalloop,wasm-jit,5,r01c4,8622160,ok,,wasmer,cranelift
2026-05-13T15:58:14+0800,llvmss_misc_evalloop,wasm-jit,5,r1c0,5918375172,ok,,wasmer,cranelift
2026-05-13T15:58:14+0800,llvmss_misc_evalloop,wasm-jit,5,cpu-cycles,1982843208,ok,,wasmer,cranelift
2026-05-13T15:58:14+0800,llvmss_misc_evalloop,wasm-jit,5,L1-icache-load-misses,1073912,ok,,wasmer,cranelift
2026-05-13T15:58:14+0800,llvmss_misc_evalloop,wasm-jit,5,branch-misses,252251,ok,,wasmer,cranelift
2026-05-13T15:58:14+0800,llvmss_misc_evalloop,wasm-aot,5,r81d0,1641782828,ok,,wasmer,cranelift
2026-05-13T15:58:14+0800,llvmss_misc_evalloop,wasm-aot,5,r82d0,620793845,ok,,wasmer,cranelift
2026-05-13T15:58:14+0800,llvmss_misc_evalloop,wasm-aot,5,r00c4,1018300219,ok,,wasmer,cranelift
2026-05-13T15:58:14+0800,llvmss_misc_evalloop,wasm-aot,5,r01c4,8477671,ok,,wasmer,cranelift
2026-05-13T15:58:14+0800,llvmss_misc_evalloop,wasm-aot,5,r1c0,5914332500,ok,,wasmer,cranelift
2026-05-13T15:58:14+0800,llvmss_misc_evalloop,wasm-aot,5,cpu-cycles,1974265745,ok,,wasmer,cranelift
2026-05-13T15:58:14+0800,llvmss_misc_evalloop,wasm-aot,5,L1-icache-load-misses,978168,ok,,wasmer,cranelift
2026-05-13T15:58:14+0800,llvmss_misc_evalloop,wasm-aot,5,branch-misses,233135,ok,,wasmer,cranelift
2026-05-13T15:58:17+0800,llvmss_misc_flops-1,native,1,r81d0,1387486,ok,,wasmer,cranelift
2026-05-13T15:58:17+0800,llvmss_misc_flops-1,native,1,r82d0,872750,ok,,wasmer,cranelift
2026-05-13T15:58:17+0800,llvmss_misc_flops-1,native,1,r00c4,313472626,ok,,wasmer,cranelift
2026-05-13T15:58:17+0800,llvmss_misc_flops-1,native,1,r01c4,312681553,ok,,wasmer,cranelift
2026-05-13T15:58:17+0800,llvmss_misc_flops-1,native,1,r1c0,5943081944,ok,,wasmer,cranelift
2026-05-13T15:58:17+0800,llvmss_misc_flops-1,native,1,cpu-cycles,2273900271,ok,,wasmer,cranelift
2026-05-13T15:58:17+0800,llvmss_misc_flops-1,native,1,L1-icache-load-misses,148892,ok,,wasmer,cranelift
2026-05-13T15:58:17+0800,llvmss_misc_flops-1,native,1,branch-misses,11262,ok,,wasmer,cranelift
2026-05-13T15:58:18+0800,llvmss_misc_flops-1,wasm-jit,1,r81d0,11823069,ok,,wasmer,cranelift
2026-05-13T15:58:18+0800,llvmss_misc_flops-1,wasm-jit,1,r82d0,7451982,ok,,wasmer,cranelift
2026-05-13T15:58:18+0800,llvmss_misc_flops-1,wasm-jit,1,r00c4,321335745,ok,,wasmer,cranelift
2026-05-13T15:58:18+0800,llvmss_misc_flops-1,wasm-jit,1,r01c4,314494603,ok,,wasmer,cranelift
2026-05-13T15:58:18+0800,llvmss_misc_flops-1,wasm-jit,1,r1c0,5359861138,ok,,wasmer,cranelift
2026-05-13T15:58:18+0800,llvmss_misc_flops-1,wasm-jit,1,cpu-cycles,2782257648,ok,,wasmer,cranelift
2026-05-13T15:58:18+0800,llvmss_misc_flops-1,wasm-jit,1,L1-icache-load-misses,1101762,ok,,wasmer,cranelift
2026-05-13T15:58:18+0800,llvmss_misc_flops-1,wasm-jit,1,branch-misses,148588,ok,,wasmer,cranelift
2026-05-13T15:58:19+0800,llvmss_misc_flops-1,wasm-aot,1,r81d0,10622381,ok,,wasmer,cranelift
2026-05-13T15:58:19+0800,llvmss_misc_flops-1,wasm-aot,1,r82d0,6631134,ok,,wasmer,cranelift
2026-05-13T15:58:19+0800,llvmss_misc_flops-1,wasm-aot,1,r00c4,320592708,ok,,wasmer,cranelift
2026-05-13T15:58:19+0800,llvmss_misc_flops-1,wasm-aot,1,r01c4,314351478,ok,,wasmer,cranelift
2026-05-13T15:58:19+0800,llvmss_misc_flops-1,wasm-aot,1,r1c0,5355730974,ok,,wasmer,cranelift
2026-05-13T15:58:19+0800,llvmss_misc_flops-1,wasm-aot,1,cpu-cycles,2707267977,ok,,wasmer,cranelift
2026-05-13T15:58:19+0800,llvmss_misc_flops-1,wasm-aot,1,L1-icache-load-misses,1021335,ok,,wasmer,cranelift
2026-05-13T15:58:19+0800,llvmss_misc_flops-1,wasm-aot,1,branch-misses,132563,ok,,wasmer,cranelift
2026-05-13T15:58:19+0800,llvmss_misc_flops-1,native,2,r81d0,1304348,ok,,wasmer,cranelift
2026-05-13T15:58:19+0800,llvmss_misc_flops-1,native,2,r82d0,820542,ok,,wasmer,cranelift
2026-05-13T15:58:19+0800,llvmss_misc_flops-1,native,2,r00c4,313413250,ok,,wasmer,cranelift
2026-05-13T15:58:19+0800,llvmss_misc_flops-1,native,2,r01c4,312670468,ok,,wasmer,cranelift
2026-05-13T15:58:19+0800,llvmss_misc_flops-1,native,2,r1c0,5942752218,ok,,wasmer,cranelift
2026-05-13T15:58:19+0800,llvmss_misc_flops-1,native,2,cpu-cycles,2108442286,ok,,wasmer,cranelift
2026-05-13T15:58:19+0800,llvmss_misc_flops-1,native,2,L1-icache-load-misses,129138,ok,,wasmer,cranelift
2026-05-13T15:58:19+0800,llvmss_misc_flops-1,native,2,branch-misses,10029,ok,,wasmer,cranelift
2026-05-13T15:58:20+0800,llvmss_misc_flops-1,wasm-jit,2,r81d0,11714177,ok,,wasmer,cranelift
2026-05-13T15:58:20+0800,llvmss_misc_flops-1,wasm-jit,2,r82d0,7369553,ok,,wasmer,cranelift
2026-05-13T15:58:20+0800,llvmss_misc_flops-1,wasm-jit,2,r00c4,321256946,ok,,wasmer,cranelift
2026-05-13T15:58:20+0800,llvmss_misc_flops-1,wasm-jit,2,r01c4,314481324,ok,,wasmer,cranelift
2026-05-13T15:58:20+0800,llvmss_misc_flops-1,wasm-jit,2,r1c0,5359394590,ok,,wasmer,cranelift
2026-05-13T15:58:20+0800,llvmss_misc_flops-1,wasm-jit,2,cpu-cycles,2756577317,ok,,wasmer,cranelift
2026-05-13T15:58:20+0800,llvmss_misc_flops-1,wasm-jit,2,L1-icache-load-misses,1091202,ok,,wasmer,cranelift
2026-05-13T15:58:20+0800,llvmss_misc_flops-1,wasm-jit,2,branch-misses,147973,ok,,wasmer,cranelift
2026-05-13T15:58:21+0800,llvmss_misc_flops-1,wasm-aot,2,r81d0,10578267,ok,,wasmer,cranelift
2026-05-13T15:58:21+0800,llvmss_misc_flops-1,wasm-aot,2,r82d0,6594820,ok,,wasmer,cranelift
2026-05-13T15:58:21+0800,llvmss_misc_flops-1,wasm-aot,2,r00c4,320554885,ok,,wasmer,cranelift
2026-05-13T15:58:21+0800,llvmss_misc_flops-1,wasm-aot,2,r01c4,314345222,ok,,wasmer,cranelift
2026-05-13T15:58:21+0800,llvmss_misc_flops-1,wasm-aot,2,r1c0,5355511135,ok,,wasmer,cranelift
2026-05-13T15:58:21+0800,llvmss_misc_flops-1,wasm-aot,2,cpu-cycles,2729857752,ok,,wasmer,cranelift
2026-05-13T15:58:21+0800,llvmss_misc_flops-1,wasm-aot,2,L1-icache-load-misses,1026046,ok,,wasmer,cranelift
2026-05-13T15:58:21+0800,llvmss_misc_flops-1,wasm-aot,2,branch-misses,128274,ok,,wasmer,cranelift
2026-05-13T15:58:21+0800,llvmss_misc_flops-1,native,3,r81d0,1338857,ok,,wasmer,cranelift
2026-05-13T15:58:21+0800,llvmss_misc_flops-1,native,3,r82d0,842314,ok,,wasmer,cranelift
2026-05-13T15:58:21+0800,llvmss_misc_flops-1,native,3,r00c4,313435055,ok,,wasmer,cranelift
2026-05-13T15:58:21+0800,llvmss_misc_flops-1,native,3,r01c4,312673472,ok,,wasmer,cranelift
2026-05-13T15:58:21+0800,llvmss_misc_flops-1,native,3,r1c0,5942895944,ok,,wasmer,cranelift
2026-05-13T15:58:21+0800,llvmss_misc_flops-1,native,3,cpu-cycles,2131973764,ok,,wasmer,cranelift
2026-05-13T15:58:21+0800,llvmss_misc_flops-1,native,3,L1-icache-load-misses,140920,ok,,wasmer,cranelift
2026-05-13T15:58:21+0800,llvmss_misc_flops-1,native,3,branch-misses,9601,ok,,wasmer,cranelift
2026-05-13T15:58:22+0800,llvmss_misc_flops-1,wasm-jit,3,r81d0,11797958,ok,,wasmer,cranelift
2026-05-13T15:58:22+0800,llvmss_misc_flops-1,wasm-jit,3,r82d0,7435164,ok,,wasmer,cranelift
2026-05-13T15:58:22+0800,llvmss_misc_flops-1,wasm-jit,3,r00c4,321314937,ok,,wasmer,cranelift
2026-05-13T15:58:22+0800,llvmss_misc_flops-1,wasm-jit,3,r01c4,314493326,ok,,wasmer,cranelift
2026-05-13T15:58:22+0800,llvmss_misc_flops-1,wasm-jit,3,r1c0,5359753002,ok,,wasmer,cranelift
2026-05-13T15:58:22+0800,llvmss_misc_flops-1,wasm-jit,3,cpu-cycles,2717534965,ok,,wasmer,cranelift
2026-05-13T15:58:22+0800,llvmss_misc_flops-1,wasm-jit,3,L1-icache-load-misses,1112728,ok,,wasmer,cranelift
2026-05-13T15:58:22+0800,llvmss_misc_flops-1,wasm-jit,3,branch-misses,149812,ok,,wasmer,cranelift
2026-05-13T15:58:23+0800,llvmss_misc_flops-1,wasm-aot,3,r81d0,10588074,ok,,wasmer,cranelift
2026-05-13T15:58:23+0800,llvmss_misc_flops-1,wasm-aot,3,r82d0,6596818,ok,,wasmer,cranelift
2026-05-13T15:58:23+0800,llvmss_misc_flops-1,wasm-aot,3,r00c4,320576030,ok,,wasmer,cranelift
2026-05-13T15:58:23+0800,llvmss_misc_flops-1,wasm-aot,3,r01c4,314350308,ok,,wasmer,cranelift
2026-05-13T15:58:23+0800,llvmss_misc_flops-1,wasm-aot,3,r1c0,5355571767,ok,,wasmer,cranelift
2026-05-13T15:58:23+0800,llvmss_misc_flops-1,wasm-aot,3,cpu-cycles,2779889182,ok,,wasmer,cranelift
2026-05-13T15:58:23+0800,llvmss_misc_flops-1,wasm-aot,3,L1-icache-load-misses,1007051,ok,,wasmer,cranelift
2026-05-13T15:58:23+0800,llvmss_misc_flops-1,wasm-aot,3,branch-misses,130981,ok,,wasmer,cranelift
2026-05-13T15:58:24+0800,llvmss_misc_flops-1,native,4,r81d0,1352072,ok,,wasmer,cranelift
2026-05-13T15:58:24+0800,llvmss_misc_flops-1,native,4,r82d0,852422,ok,,wasmer,cranelift
2026-05-13T15:58:24+0800,llvmss_misc_flops-1,native,4,r00c4,313445657,ok,,wasmer,cranelift
2026-05-13T15:58:24+0800,llvmss_misc_flops-1,native,4,r01c4,312676354,ok,,wasmer,cranelift
2026-05-13T15:58:24+0800,llvmss_misc_flops-1,native,4,r1c0,5942948069,ok,,wasmer,cranelift
2026-05-13T15:58:24+0800,llvmss_misc_flops-1,native,4,cpu-cycles,2132321509,ok,,wasmer,cranelift
2026-05-13T15:58:24+0800,llvmss_misc_flops-1,native,4,L1-icache-load-misses,149158,ok,,wasmer,cranelift
2026-05-13T15:58:24+0800,llvmss_misc_flops-1,native,4,branch-misses,10709,ok,,wasmer,cranelift
2026-05-13T15:58:24+0800,llvmss_misc_flops-1,wasm-jit,4,r81d0,11766306,ok,,wasmer,cranelift
2026-05-13T15:58:24+0800,llvmss_misc_flops-1,wasm-jit,4,r82d0,7400946,ok,,wasmer,cranelift
2026-05-13T15:58:24+0800,llvmss_misc_flops-1,wasm-jit,4,r00c4,321307704,ok,,wasmer,cranelift
2026-05-13T15:58:24+0800,llvmss_misc_flops-1,wasm-jit,4,r01c4,314492291,ok,,wasmer,cranelift
2026-05-13T15:58:24+0800,llvmss_misc_flops-1,wasm-jit,4,r1c0,5359640443,ok,,wasmer,cranelift
2026-05-13T15:58:24+0800,llvmss_misc_flops-1,wasm-jit,4,cpu-cycles,2662915934,ok,,wasmer,cranelift
2026-05-13T15:58:24+0800,llvmss_misc_flops-1,wasm-jit,4,L1-icache-load-misses,1063316,ok,,wasmer,cranelift
2026-05-13T15:58:24+0800,llvmss_misc_flops-1,wasm-jit,4,branch-misses,149927,ok,,wasmer,cranelift
2026-05-13T15:58:25+0800,llvmss_misc_flops-1,wasm-aot,4,r81d0,10572299,ok,,wasmer,cranelift
2026-05-13T15:58:25+0800,llvmss_misc_flops-1,wasm-aot,4,r82d0,6601249,ok,,wasmer,cranelift
2026-05-13T15:58:25+0800,llvmss_misc_flops-1,wasm-aot,4,r00c4,320546331,ok,,wasmer,cranelift
2026-05-13T15:58:25+0800,llvmss_misc_flops-1,wasm-aot,4,r01c4,314345264,ok,,wasmer,cranelift
2026-05-13T15:58:25+0800,llvmss_misc_flops-1,wasm-aot,4,r1c0,5355470498,ok,,wasmer,cranelift
2026-05-13T15:58:25+0800,llvmss_misc_flops-1,wasm-aot,4,cpu-cycles,2660892278,ok,,wasmer,cranelift
2026-05-13T15:58:25+0800,llvmss_misc_flops-1,wasm-aot,4,L1-icache-load-misses,1034555,ok,,wasmer,cranelift
2026-05-13T15:58:25+0800,llvmss_misc_flops-1,wasm-aot,4,branch-misses,133895,ok,,wasmer,cranelift
2026-05-13T15:58:26+0800,llvmss_misc_flops-1,native,5,r81d0,1355195,ok,,wasmer,cranelift
2026-05-13T15:58:26+0800,llvmss_misc_flops-1,native,5,r82d0,855095,ok,,wasmer,cranelift
2026-05-13T15:58:26+0800,llvmss_misc_flops-1,native,5,r00c4,313449467,ok,,wasmer,cranelift
2026-05-13T15:58:26+0800,llvmss_misc_flops-1,native,5,r01c4,312675691,ok,,wasmer,cranelift
2026-05-13T15:58:26+0800,llvmss_misc_flops-1,native,5,r1c0,5942957058,ok,,wasmer,cranelift
2026-05-13T15:58:26+0800,llvmss_misc_flops-1,native,5,cpu-cycles,2108928842,ok,,wasmer,cranelift
2026-05-13T15:58:26+0800,llvmss_misc_flops-1,native,5,L1-icache-load-misses,155286,ok,,wasmer,cranelift
2026-05-13T15:58:26+0800,llvmss_misc_flops-1,native,5,branch-misses,10949,ok,,wasmer,cranelift
2026-05-13T15:58:26+0800,llvmss_misc_flops-1,wasm-jit,5,r81d0,11815172,ok,,wasmer,cranelift
2026-05-13T15:58:26+0800,llvmss_misc_flops-1,wasm-jit,5,r82d0,7440484,ok,,wasmer,cranelift
2026-05-13T15:58:26+0800,llvmss_misc_flops-1,wasm-jit,5,r00c4,321335985,ok,,wasmer,cranelift
2026-05-13T15:58:26+0800,llvmss_misc_flops-1,wasm-jit,5,r01c4,314495932,ok,,wasmer,cranelift
2026-05-13T15:58:26+0800,llvmss_misc_flops-1,wasm-jit,5,r1c0,5359833160,ok,,wasmer,cranelift
2026-05-13T15:58:26+0800,llvmss_misc_flops-1,wasm-jit,5,cpu-cycles,2777205396,ok,,wasmer,cranelift
2026-05-13T15:58:26+0800,llvmss_misc_flops-1,wasm-jit,5,L1-icache-load-misses,1106871,ok,,wasmer,cranelift
2026-05-13T15:58:26+0800,llvmss_misc_flops-1,wasm-jit,5,branch-misses,153127,ok,,wasmer,cranelift
2026-05-13T15:58:27+0800,llvmss_misc_flops-1,wasm-aot,5,r81d0,10607414,ok,,wasmer,cranelift
2026-05-13T15:58:27+0800,llvmss_misc_flops-1,wasm-aot,5,r82d0,6616972,ok,,wasmer,cranelift
2026-05-13T15:58:27+0800,llvmss_misc_flops-1,wasm-aot,5,r00c4,320572477,ok,,wasmer,cranelift
2026-05-13T15:58:27+0800,llvmss_misc_flops-1,wasm-aot,5,r01c4,314351751,ok,,wasmer,cranelift
2026-05-13T15:58:27+0800,llvmss_misc_flops-1,wasm-aot,5,r1c0,5355616140,ok,,wasmer,cranelift
2026-05-13T15:58:27+0800,llvmss_misc_flops-1,wasm-aot,5,cpu-cycles,2777465483,ok,,wasmer,cranelift
2026-05-13T15:58:27+0800,llvmss_misc_flops-1,wasm-aot,5,L1-icache-load-misses,1018301,ok,,wasmer,cranelift
2026-05-13T15:58:27+0800,llvmss_misc_flops-1,wasm-aot,5,branch-misses,131156,ok,,wasmer,cranelift
2026-05-13T15:58:29+0800,llvmss_misc_flops-2,native,1,r81d0,941409,ok,,wasmer,cranelift
2026-05-13T15:58:29+0800,llvmss_misc_flops-2,native,1,r82d0,587749,ok,,wasmer,cranelift
2026-05-13T15:58:29+0800,llvmss_misc_flops-2,native,1,r00c4,98324837,ok,,wasmer,cranelift
2026-05-13T15:58:29+0800,llvmss_misc_flops-2,native,1,r01c4,97783966,ok,,wasmer,cranelift
2026-05-13T15:58:29+0800,llvmss_misc_flops-2,native,1,r1c0,1449124380,ok,,wasmer,cranelift
2026-05-13T15:58:29+0800,llvmss_misc_flops-2,native,1,cpu-cycles,1437195539,ok,,wasmer,cranelift
2026-05-13T15:58:29+0800,llvmss_misc_flops-2,native,1,L1-icache-load-misses,99159,ok,,wasmer,cranelift
2026-05-13T15:58:29+0800,llvmss_misc_flops-2,native,1,branch-misses,9099,ok,,wasmer,cranelift
2026-05-13T15:58:29+0800,llvmss_misc_flops-2,wasm-jit,1,r81d0,11078561,ok,,wasmer,cranelift
2026-05-13T15:58:29+0800,llvmss_misc_flops-2,wasm-jit,1,r82d0,6975297,ok,,wasmer,cranelift
2026-05-13T15:58:29+0800,llvmss_misc_flops-2,wasm-jit,1,r00c4,477078666,ok,,wasmer,cranelift
2026-05-13T15:58:29+0800,llvmss_misc_flops-2,wasm-jit,1,r01c4,158151735,ok,,wasmer,cranelift
2026-05-13T15:58:29+0800,llvmss_misc_flops-2,wasm-jit,1,r1c0,3169398960,ok,,wasmer,cranelift
2026-05-13T15:58:29+0800,llvmss_misc_flops-2,wasm-jit,1,cpu-cycles,1506909278,ok,,wasmer,cranelift
2026-05-13T15:58:29+0800,llvmss_misc_flops-2,wasm-jit,1,L1-icache-load-misses,1058661,ok,,wasmer,cranelift
2026-05-13T15:58:29+0800,llvmss_misc_flops-2,wasm-jit,1,branch-misses,146055,ok,,wasmer,cranelift
2026-05-13T15:58:30+0800,llvmss_misc_flops-2,wasm-aot,1,r81d0,9940290,ok,,wasmer,cranelift
2026-05-13T15:58:30+0800,llvmss_misc_flops-2,wasm-aot,1,r82d0,6202414,ok,,wasmer,cranelift
2026-05-13T15:58:30+0800,llvmss_misc_flops-2,wasm-aot,1,r00c4,476362281,ok,,wasmer,cranelift
2026-05-13T15:58:30+0800,llvmss_misc_flops-2,wasm-aot,1,r01c4,158018695,ok,,wasmer,cranelift
2026-05-13T15:58:30+0800,llvmss_misc_flops-2,wasm-aot,1,r1c0,3165428853,ok,,wasmer,cranelift
2026-05-13T15:58:30+0800,llvmss_misc_flops-2,wasm-aot,1,cpu-cycles,1503528299,ok,,wasmer,cranelift
2026-05-13T15:58:30+0800,llvmss_misc_flops-2,wasm-aot,1,L1-icache-load-misses,976094,ok,,wasmer,cranelift
2026-05-13T15:58:30+0800,llvmss_misc_flops-2,wasm-aot,1,branch-misses,129804,ok,,wasmer,cranelift
2026-05-13T15:58:30+0800,llvmss_misc_flops-2,native,2,r81d0,998005,ok,,wasmer,cranelift
2026-05-13T15:58:30+0800,llvmss_misc_flops-2,native,2,r82d0,627601,ok,,wasmer,cranelift
2026-05-13T15:58:30+0800,llvmss_misc_flops-2,native,2,r00c4,98361088,ok,,wasmer,cranelift
2026-05-13T15:58:30+0800,llvmss_misc_flops-2,native,2,r01c4,97789503,ok,,wasmer,cranelift
2026-05-13T15:58:30+0800,llvmss_misc_flops-2,native,2,r1c0,1449353161,ok,,wasmer,cranelift
2026-05-13T15:58:30+0800,llvmss_misc_flops-2,native,2,cpu-cycles,1437441690,ok,,wasmer,cranelift
2026-05-13T15:58:30+0800,llvmss_misc_flops-2,native,2,L1-icache-load-misses,127155,ok,,wasmer,cranelift
2026-05-13T15:58:30+0800,llvmss_misc_flops-2,native,2,branch-misses,9571,ok,,wasmer,cranelift
2026-05-13T15:58:31+0800,llvmss_misc_flops-2,wasm-jit,2,r81d0,11178817,ok,,wasmer,cranelift
2026-05-13T15:58:31+0800,llvmss_misc_flops-2,wasm-jit,2,r82d0,7040824,ok,,wasmer,cranelift
2026-05-13T15:58:31+0800,llvmss_misc_flops-2,wasm-jit,2,r00c4,477151223,ok,,wasmer,cranelift
2026-05-13T15:58:31+0800,llvmss_misc_flops-2,wasm-jit,2,r01c4,158172854,ok,,wasmer,cranelift
2026-05-13T15:58:31+0800,llvmss_misc_flops-2,wasm-jit,2,r1c0,3169796103,ok,,wasmer,cranelift
2026-05-13T15:58:31+0800,llvmss_misc_flops-2,wasm-jit,2,cpu-cycles,1504824521,ok,,wasmer,cranelift
2026-05-13T15:58:31+0800,llvmss_misc_flops-2,wasm-jit,2,L1-icache-load-misses,1078117,ok,,wasmer,cranelift
2026-05-13T15:58:31+0800,llvmss_misc_flops-2,wasm-jit,2,branch-misses,150113,ok,,wasmer,cranelift
2026-05-13T15:58:31+0800,llvmss_misc_flops-2,wasm-aot,2,r81d0,10085052,ok,,wasmer,cranelift
2026-05-13T15:58:31+0800,llvmss_misc_flops-2,wasm-aot,2,r82d0,6288610,ok,,wasmer,cranelift
2026-05-13T15:58:31+0800,llvmss_misc_flops-2,wasm-aot,2,r00c4,476482435,ok,,wasmer,cranelift
2026-05-13T15:58:31+0800,llvmss_misc_flops-2,wasm-aot,2,r01c4,158045937,ok,,wasmer,cranelift
2026-05-13T15:58:31+0800,llvmss_misc_flops-2,wasm-aot,2,r1c0,3166064407,ok,,wasmer,cranelift
2026-05-13T15:58:31+0800,llvmss_misc_flops-2,wasm-aot,2,cpu-cycles,1504089221,ok,,wasmer,cranelift
2026-05-13T15:58:31+0800,llvmss_misc_flops-2,wasm-aot,2,L1-icache-load-misses,987904,ok,,wasmer,cranelift
2026-05-13T15:58:31+0800,llvmss_misc_flops-2,wasm-aot,2,branch-misses,127482,ok,,wasmer,cranelift
2026-05-13T15:58:32+0800,llvmss_misc_flops-2,native,3,r81d0,960539,ok,,wasmer,cranelift
2026-05-13T15:58:32+0800,llvmss_misc_flops-2,native,3,r82d0,602362,ok,,wasmer,cranelift
2026-05-13T15:58:32+0800,llvmss_misc_flops-2,native,3,r00c4,98334161,ok,,wasmer,cranelift
2026-05-13T15:58:32+0800,llvmss_misc_flops-2,native,3,r01c4,97785362,ok,,wasmer,cranelift
2026-05-13T15:58:32+0800,llvmss_misc_flops-2,native,3,r1c0,1449194449,ok,,wasmer,cranelift
2026-05-13T15:58:32+0800,llvmss_misc_flops-2,native,3,cpu-cycles,1437020313,ok,,wasmer,cranelift
2026-05-13T15:58:32+0800,llvmss_misc_flops-2,native,3,L1-icache-load-misses,104847,ok,,wasmer,cranelift
2026-05-13T15:58:32+0800,llvmss_misc_flops-2,native,3,branch-misses,9250,ok,,wasmer,cranelift
2026-05-13T15:58:32+0800,llvmss_misc_flops-2,wasm-jit,3,r81d0,11146345,ok,,wasmer,cranelift
2026-05-13T15:58:32+0800,llvmss_misc_flops-2,wasm-jit,3,r82d0,7011754,ok,,wasmer,cranelift
2026-05-13T15:58:32+0800,llvmss_misc_flops-2,wasm-jit,3,r00c4,477127455,ok,,wasmer,cranelift
2026-05-13T15:58:32+0800,llvmss_misc_flops-2,wasm-jit,3,r01c4,158169953,ok,,wasmer,cranelift
2026-05-13T15:58:32+0800,llvmss_misc_flops-2,wasm-jit,3,r1c0,3169644102,ok,,wasmer,cranelift
2026-05-13T15:58:32+0800,llvmss_misc_flops-2,wasm-jit,3,cpu-cycles,1507371391,ok,,wasmer,cranelift
2026-05-13T15:58:32+0800,llvmss_misc_flops-2,wasm-jit,3,L1-icache-load-misses,1057587,ok,,wasmer,cranelift
2026-05-13T15:58:32+0800,llvmss_misc_flops-2,wasm-jit,3,branch-misses,150928,ok,,wasmer,cranelift
2026-05-13T15:58:32+0800,llvmss_misc_flops-2,wasm-aot,3,r81d0,9980755,ok,,wasmer,cranelift
2026-05-13T15:58:32+0800,llvmss_misc_flops-2,wasm-aot,3,r82d0,6230426,ok,,wasmer,cranelift
2026-05-13T15:58:32+0800,llvmss_misc_flops-2,wasm-aot,3,r00c4,476389211,ok,,wasmer,cranelift
2026-05-13T15:58:32+0800,llvmss_misc_flops-2,wasm-aot,3,r01c4,158024046,ok,,wasmer,cranelift
2026-05-13T15:58:32+0800,llvmss_misc_flops-2,wasm-aot,3,r1c0,3165598529,ok,,wasmer,cranelift
2026-05-13T15:58:32+0800,llvmss_misc_flops-2,wasm-aot,3,cpu-cycles,1502175948,ok,,wasmer,cranelift
2026-05-13T15:58:32+0800,llvmss_misc_flops-2,wasm-aot,3,L1-icache-load-misses,958231,ok,,wasmer,cranelift
2026-05-13T15:58:32+0800,llvmss_misc_flops-2,wasm-aot,3,branch-misses,128298,ok,,wasmer,cranelift
2026-05-13T15:58:33+0800,llvmss_misc_flops-2,native,4,r81d0,964085,ok,,wasmer,cranelift
2026-05-13T15:58:33+0800,llvmss_misc_flops-2,native,4,r82d0,604390,ok,,wasmer,cranelift
2026-05-13T15:58:33+0800,llvmss_misc_flops-2,native,4,r00c4,98336551,ok,,wasmer,cranelift
2026-05-13T15:58:33+0800,llvmss_misc_flops-2,native,4,r01c4,97785426,ok,,wasmer,cranelift
2026-05-13T15:58:33+0800,llvmss_misc_flops-2,native,4,r1c0,1449209809,ok,,wasmer,cranelift
2026-05-13T15:58:33+0800,llvmss_misc_flops-2,native,4,cpu-cycles,1392680727,ok,,wasmer,cranelift
2026-05-13T15:58:33+0800,llvmss_misc_flops-2,native,4,L1-icache-load-misses,107084,ok,,wasmer,cranelift
2026-05-13T15:58:33+0800,llvmss_misc_flops-2,native,4,branch-misses,9374,ok,,wasmer,cranelift
2026-05-13T15:58:33+0800,llvmss_misc_flops-2,wasm-jit,4,r81d0,11055345,ok,,wasmer,cranelift
2026-05-13T15:58:33+0800,llvmss_misc_flops-2,wasm-jit,4,r82d0,6957983,ok,,wasmer,cranelift
2026-05-13T15:58:33+0800,llvmss_misc_flops-2,wasm-jit,4,r00c4,477059606,ok,,wasmer,cranelift
2026-05-13T15:58:33+0800,llvmss_misc_flops-2,wasm-jit,4,r01c4,158150896,ok,,wasmer,cranelift
2026-05-13T15:58:33+0800,llvmss_misc_flops-2,wasm-jit,4,r1c0,3169292976,ok,,wasmer,cranelift
2026-05-13T15:58:33+0800,llvmss_misc_flops-2,wasm-jit,4,cpu-cycles,1506985283,ok,,wasmer,cranelift
2026-05-13T15:58:33+0800,llvmss_misc_flops-2,wasm-jit,4,L1-icache-load-misses,1035065,ok,,wasmer,cranelift
2026-05-13T15:58:33+0800,llvmss_misc_flops-2,wasm-jit,4,branch-misses,145817,ok,,wasmer,cranelift
2026-05-13T15:58:34+0800,llvmss_misc_flops-2,wasm-aot,4,r81d0,10065694,ok,,wasmer,cranelift
2026-05-13T15:58:34+0800,llvmss_misc_flops-2,wasm-aot,4,r82d0,6279277,ok,,wasmer,cranelift
2026-05-13T15:58:34+0800,llvmss_misc_flops-2,wasm-aot,4,r00c4,476458612,ok,,wasmer,cranelift
2026-05-13T15:58:34+0800,llvmss_misc_flops-2,wasm-aot,4,r01c4,158035378,ok,,wasmer,cranelift
2026-05-13T15:58:34+0800,llvmss_misc_flops-2,wasm-aot,4,r1c0,3165988023,ok,,wasmer,cranelift
2026-05-13T15:58:34+0800,llvmss_misc_flops-2,wasm-aot,4,cpu-cycles,1504719800,ok,,wasmer,cranelift
2026-05-13T15:58:34+0800,llvmss_misc_flops-2,wasm-aot,4,L1-icache-load-misses,1005018,ok,,wasmer,cranelift
2026-05-13T15:58:34+0800,llvmss_misc_flops-2,wasm-aot,4,branch-misses,131799,ok,,wasmer,cranelift
2026-05-13T15:58:34+0800,llvmss_misc_flops-2,native,5,r81d0,974233,ok,,wasmer,cranelift
2026-05-13T15:58:34+0800,llvmss_misc_flops-2,native,5,r82d0,608482,ok,,wasmer,cranelift
2026-05-13T15:58:34+0800,llvmss_misc_flops-2,native,5,r00c4,98348688,ok,,wasmer,cranelift
2026-05-13T15:58:34+0800,llvmss_misc_flops-2,native,5,r01c4,97788501,ok,,wasmer,cranelift
2026-05-13T15:58:34+0800,llvmss_misc_flops-2,native,5,r1c0,1449253195,ok,,wasmer,cranelift
2026-05-13T15:58:34+0800,llvmss_misc_flops-2,native,5,cpu-cycles,1506234980,ok,,wasmer,cranelift
2026-05-13T15:58:34+0800,llvmss_misc_flops-2,native,5,L1-icache-load-misses,110773,ok,,wasmer,cranelift
2026-05-13T15:58:34+0800,llvmss_misc_flops-2,native,5,branch-misses,9866,ok,,wasmer,cranelift
2026-05-13T15:58:35+0800,llvmss_misc_flops-2,wasm-jit,5,r81d0,11213394,ok,,wasmer,cranelift
2026-05-13T15:58:35+0800,llvmss_misc_flops-2,wasm-jit,5,r82d0,7033749,ok,,wasmer,cranelift
2026-05-13T15:58:35+0800,llvmss_misc_flops-2,wasm-jit,5,r00c4,477188365,ok,,wasmer,cranelift
2026-05-13T15:58:35+0800,llvmss_misc_flops-2,wasm-jit,5,r01c4,158180398,ok,,wasmer,cranelift
2026-05-13T15:58:35+0800,llvmss_misc_flops-2,wasm-jit,5,r1c0,3169945303,ok,,wasmer,cranelift
2026-05-13T15:58:35+0800,llvmss_misc_flops-2,wasm-jit,5,cpu-cycles,1505946286,ok,,wasmer,cranelift
2026-05-13T15:58:35+0800,llvmss_misc_flops-2,wasm-jit,5,L1-icache-load-misses,1056265,ok,,wasmer,cranelift
2026-05-13T15:58:35+0800,llvmss_misc_flops-2,wasm-jit,5,branch-misses,148626,ok,,wasmer,cranelift
2026-05-13T15:58:35+0800,llvmss_misc_flops-2,wasm-aot,5,r81d0,9927613,ok,,wasmer,cranelift
2026-05-13T15:58:35+0800,llvmss_misc_flops-2,wasm-aot,5,r82d0,6196401,ok,,wasmer,cranelift
2026-05-13T15:58:35+0800,llvmss_misc_flops-2,wasm-aot,5,r00c4,476349140,ok,,wasmer,cranelift
2026-05-13T15:58:35+0800,llvmss_misc_flops-2,wasm-aot,5,r01c4,158013058,ok,,wasmer,cranelift
2026-05-13T15:58:35+0800,llvmss_misc_flops-2,wasm-aot,5,r1c0,3165393347,ok,,wasmer,cranelift
2026-05-13T15:58:35+0800,llvmss_misc_flops-2,wasm-aot,5,cpu-cycles,1502295111,ok,,wasmer,cranelift
2026-05-13T15:58:35+0800,llvmss_misc_flops-2,wasm-aot,5,L1-icache-load-misses,973923,ok,,wasmer,cranelift
2026-05-13T15:58:35+0800,llvmss_misc_flops-2,wasm-aot,5,branch-misses,127605,ok,,wasmer,cranelift
2026-05-13T15:58:39+0800,llvmss_misc_flops-3,native,1,r81d0,1926151,ok,,wasmer,cranelift
2026-05-13T15:58:39+0800,llvmss_misc_flops-3,native,1,r82d0,1213036,ok,,wasmer,cranelift
2026-05-13T15:58:39+0800,llvmss_misc_flops-3,native,1,r00c4,313836870,ok,,wasmer,cranelift
2026-05-13T15:58:39+0800,llvmss_misc_flops-3,native,1,r01c4,312746051,ok,,wasmer,cranelift
2026-05-13T15:58:39+0800,llvmss_misc_flops-3,native,1,r1c0,6882732043,ok,,wasmer,cranelift
2026-05-13T15:58:39+0800,llvmss_misc_flops-3,native,1,cpu-cycles,3366175070,ok,,wasmer,cranelift
2026-05-13T15:58:39+0800,llvmss_misc_flops-3,native,1,L1-icache-load-misses,182167,ok,,wasmer,cranelift
2026-05-13T15:58:39+0800,llvmss_misc_flops-3,native,1,branch-misses,12542,ok,,wasmer,cranelift
2026-05-13T15:58:40+0800,llvmss_misc_flops-3,wasm-jit,1,r81d0,12149842,ok,,wasmer,cranelift
2026-05-13T15:58:40+0800,llvmss_misc_flops-3,wasm-jit,1,r82d0,7664022,ok,,wasmer,cranelift
2026-05-13T15:58:40+0800,llvmss_misc_flops-3,wasm-jit,1,r00c4,321560438,ok,,wasmer,cranelift
2026-05-13T15:58:40+0800,llvmss_misc_flops-3,wasm-jit,1,r01c4,314537967,ok,,wasmer,cranelift
2026-05-13T15:58:40+0800,llvmss_misc_flops-3,wasm-jit,1,r1c0,6298695449,ok,,wasmer,cranelift
2026-05-13T15:58:40+0800,llvmss_misc_flops-3,wasm-jit,1,cpu-cycles,3305308334,ok,,wasmer,cranelift
2026-05-13T15:58:40+0800,llvmss_misc_flops-3,wasm-jit,1,L1-icache-load-misses,1168132,ok,,wasmer,cranelift
2026-05-13T15:58:40+0800,llvmss_misc_flops-3,wasm-jit,1,branch-misses,152091,ok,,wasmer,cranelift
2026-05-13T15:58:40+0800,llvmss_misc_flops-3,wasm-aot,1,r81d0,10665917,ok,,wasmer,cranelift
2026-05-13T15:58:40+0800,llvmss_misc_flops-3,wasm-aot,1,r82d0,6653453,ok,,wasmer,cranelift
2026-05-13T15:58:40+0800,llvmss_misc_flops-3,wasm-aot,1,r00c4,320624089,ok,,wasmer,cranelift
2026-05-13T15:58:40+0800,llvmss_misc_flops-3,wasm-aot,1,r01c4,314362422,ok,,wasmer,cranelift
2026-05-13T15:58:40+0800,llvmss_misc_flops-3,wasm-aot,1,r1c0,6293384129,ok,,wasmer,cranelift
2026-05-13T15:58:40+0800,llvmss_misc_flops-3,wasm-aot,1,cpu-cycles,3086933829,ok,,wasmer,cranelift
2026-05-13T15:58:40+0800,llvmss_misc_flops-3,wasm-aot,1,L1-icache-load-misses,992225,ok,,wasmer,cranelift
2026-05-13T15:58:40+0800,llvmss_misc_flops-3,wasm-aot,1,branch-misses,131888,ok,,wasmer,cranelift
2026-05-13T15:58:41+0800,llvmss_misc_flops-3,native,2,r81d0,1994383,ok,,wasmer,cranelift
2026-05-13T15:58:41+0800,llvmss_misc_flops-3,native,2,r82d0,1259248,ok,,wasmer,cranelift
2026-05-13T15:58:41+0800,llvmss_misc_flops-3,native,2,r00c4,313891595,ok,,wasmer,cranelift
2026-05-13T15:58:41+0800,llvmss_misc_flops-3,native,2,r01c4,312754427,ok,,wasmer,cranelift
2026-05-13T15:58:41+0800,llvmss_misc_flops-3,native,2,r1c0,6883047006,ok,,wasmer,cranelift
2026-05-13T15:58:41+0800,llvmss_misc_flops-3,native,2,cpu-cycles,3368468121,ok,,wasmer,cranelift
2026-05-13T15:58:41+0800,llvmss_misc_flops-3,native,2,L1-icache-load-misses,197377,ok,,wasmer,cranelift
2026-05-13T15:58:41+0800,llvmss_misc_flops-3,native,2,branch-misses,11778,ok,,wasmer,cranelift
2026-05-13T15:58:42+0800,llvmss_misc_flops-3,wasm-jit,2,r81d0,12096040,ok,,wasmer,cranelift
2026-05-13T15:58:42+0800,llvmss_misc_flops-3,wasm-jit,2,r82d0,7617023,ok,,wasmer,cranelift
2026-05-13T15:58:42+0800,llvmss_misc_flops-3,wasm-jit,2,r00c4,321524224,ok,,wasmer,cranelift
2026-05-13T15:58:42+0800,llvmss_misc_flops-3,wasm-jit,2,r01c4,314533506,ok,,wasmer,cranelift
2026-05-13T15:58:42+0800,llvmss_misc_flops-3,wasm-jit,2,r1c0,6298439210,ok,,wasmer,cranelift
2026-05-13T15:58:42+0800,llvmss_misc_flops-3,wasm-jit,2,cpu-cycles,3304776481,ok,,wasmer,cranelift
2026-05-13T15:58:42+0800,llvmss_misc_flops-3,wasm-jit,2,L1-icache-load-misses,1129110,ok,,wasmer,cranelift
2026-05-13T15:58:42+0800,llvmss_misc_flops-3,wasm-jit,2,branch-misses,153617,ok,,wasmer,cranelift
2026-05-13T15:58:43+0800,llvmss_misc_flops-3,wasm-aot,2,r81d0,10754071,ok,,wasmer,cranelift
2026-05-13T15:58:43+0800,llvmss_misc_flops-3,wasm-aot,2,r82d0,6720724,ok,,wasmer,cranelift
2026-05-13T15:58:43+0800,llvmss_misc_flops-3,wasm-aot,2,r00c4,320665546,ok,,wasmer,cranelift
2026-05-13T15:58:43+0800,llvmss_misc_flops-3,wasm-aot,2,r01c4,314364370,ok,,wasmer,cranelift
2026-05-13T15:58:43+0800,llvmss_misc_flops-3,wasm-aot,2,r1c0,6293698039,ok,,wasmer,cranelift
2026-05-13T15:58:43+0800,llvmss_misc_flops-3,wasm-aot,2,cpu-cycles,3084686225,ok,,wasmer,cranelift
2026-05-13T15:58:43+0800,llvmss_misc_flops-3,wasm-aot,2,L1-icache-load-misses,1036576,ok,,wasmer,cranelift
2026-05-13T15:58:43+0800,llvmss_misc_flops-3,wasm-aot,2,branch-misses,133438,ok,,wasmer,cranelift
2026-05-13T15:58:44+0800,llvmss_misc_flops-3,native,3,r81d0,1954551,ok,,wasmer,cranelift
2026-05-13T15:58:44+0800,llvmss_misc_flops-3,native,3,r82d0,1235719,ok,,wasmer,cranelift
2026-05-13T15:58:44+0800,llvmss_misc_flops-3,native,3,r00c4,313859885,ok,,wasmer,cranelift
2026-05-13T15:58:44+0800,llvmss_misc_flops-3,native,3,r01c4,312748459,ok,,wasmer,cranelift
2026-05-13T15:58:44+0800,llvmss_misc_flops-3,native,3,r1c0,6882854851,ok,,wasmer,cranelift
2026-05-13T15:58:44+0800,llvmss_misc_flops-3,native,3,cpu-cycles,3368888480,ok,,wasmer,cranelift
2026-05-13T15:58:44+0800,llvmss_misc_flops-3,native,3,L1-icache-load-misses,215169,ok,,wasmer,cranelift
2026-05-13T15:58:44+0800,llvmss_misc_flops-3,native,3,branch-misses,12749,ok,,wasmer,cranelift
2026-05-13T15:58:45+0800,llvmss_misc_flops-3,wasm-jit,3,r81d0,12026334,ok,,wasmer,cranelift
2026-05-13T15:58:45+0800,llvmss_misc_flops-3,wasm-jit,3,r82d0,7561236,ok,,wasmer,cranelift
2026-05-13T15:58:45+0800,llvmss_misc_flops-3,wasm-jit,3,r00c4,321477375,ok,,wasmer,cranelift
2026-05-13T15:58:45+0800,llvmss_misc_flops-3,wasm-jit,3,r01c4,314522616,ok,,wasmer,cranelift
2026-05-13T15:58:45+0800,llvmss_misc_flops-3,wasm-jit,3,r1c0,6298171593,ok,,wasmer,cranelift
2026-05-13T15:58:45+0800,llvmss_misc_flops-3,wasm-jit,3,cpu-cycles,3353173376,ok,,wasmer,cranelift
2026-05-13T15:58:45+0800,llvmss_misc_flops-3,wasm-jit,3,L1-icache-load-misses,1115613,ok,,wasmer,cranelift
2026-05-13T15:58:45+0800,llvmss_misc_flops-3,wasm-jit,3,branch-misses,152541,ok,,wasmer,cranelift
2026-05-13T15:58:46+0800,llvmss_misc_flops-3,wasm-aot,3,r81d0,10890202,ok,,wasmer,cranelift
2026-05-13T15:58:46+0800,llvmss_misc_flops-3,wasm-aot,3,r82d0,6804515,ok,,wasmer,cranelift
2026-05-13T15:58:46+0800,llvmss_misc_flops-3,wasm-aot,3,r00c4,320759452,ok,,wasmer,cranelift
2026-05-13T15:58:46+0800,llvmss_misc_flops-3,wasm-aot,3,r01c4,314383058,ok,,wasmer,cranelift
2026-05-13T15:58:46+0800,llvmss_misc_flops-3,wasm-aot,3,r1c0,6294225565,ok,,wasmer,cranelift
2026-05-13T15:58:46+0800,llvmss_misc_flops-3,wasm-aot,3,cpu-cycles,3298003133,ok,,wasmer,cranelift
2026-05-13T15:58:46+0800,llvmss_misc_flops-3,wasm-aot,3,L1-icache-load-misses,1046240,ok,,wasmer,cranelift
2026-05-13T15:58:46+0800,llvmss_misc_flops-3,wasm-aot,3,branch-misses,133867,ok,,wasmer,cranelift
2026-05-13T15:58:47+0800,llvmss_misc_flops-3,native,4,r81d0,1934249,ok,,wasmer,cranelift
2026-05-13T15:58:47+0800,llvmss_misc_flops-3,native,4,r82d0,1222533,ok,,wasmer,cranelift
2026-05-13T15:58:47+0800,llvmss_misc_flops-3,native,4,r00c4,313849901,ok,,wasmer,cranelift
2026-05-13T15:58:47+0800,llvmss_misc_flops-3,native,4,r01c4,312750175,ok,,wasmer,cranelift
2026-05-13T15:58:47+0800,llvmss_misc_flops-3,native,4,r1c0,6882788745,ok,,wasmer,cranelift
2026-05-13T15:58:47+0800,llvmss_misc_flops-3,native,4,cpu-cycles,3253814117,ok,,wasmer,cranelift
2026-05-13T15:58:47+0800,llvmss_misc_flops-3,native,4,L1-icache-load-misses,195450,ok,,wasmer,cranelift
2026-05-13T15:58:47+0800,llvmss_misc_flops-3,native,4,branch-misses,12614,ok,,wasmer,cranelift
2026-05-13T15:58:48+0800,llvmss_misc_flops-3,wasm-jit,4,r81d0,12084540,ok,,wasmer,cranelift
2026-05-13T15:58:48+0800,llvmss_misc_flops-3,wasm-jit,4,r82d0,7611087,ok,,wasmer,cranelift
2026-05-13T15:58:48+0800,llvmss_misc_flops-3,wasm-jit,4,r00c4,321523717,ok,,wasmer,cranelift
2026-05-13T15:58:48+0800,llvmss_misc_flops-3,wasm-jit,4,r01c4,314532820,ok,,wasmer,cranelift
2026-05-13T15:58:48+0800,llvmss_misc_flops-3,wasm-jit,4,r1c0,6298422868,ok,,wasmer,cranelift
2026-05-13T15:58:48+0800,llvmss_misc_flops-3,wasm-jit,4,cpu-cycles,3328276214,ok,,wasmer,cranelift
2026-05-13T15:58:48+0800,llvmss_misc_flops-3,wasm-jit,4,L1-icache-load-misses,1135748,ok,,wasmer,cranelift
2026-05-13T15:58:48+0800,llvmss_misc_flops-3,wasm-jit,4,branch-misses,152719,ok,,wasmer,cranelift
2026-05-13T15:58:49+0800,llvmss_misc_flops-3,wasm-aot,4,r81d0,10955013,ok,,wasmer,cranelift
2026-05-13T15:58:49+0800,llvmss_misc_flops-3,wasm-aot,4,r82d0,6821761,ok,,wasmer,cranelift
2026-05-13T15:58:49+0800,llvmss_misc_flops-3,wasm-aot,4,r00c4,320817029,ok,,wasmer,cranelift
2026-05-13T15:58:49+0800,llvmss_misc_flops-3,wasm-aot,4,r01c4,314394627,ok,,wasmer,cranelift
2026-05-13T15:58:49+0800,llvmss_misc_flops-3,wasm-aot,4,r1c0,6294498434,ok,,wasmer,cranelift
2026-05-13T15:58:49+0800,llvmss_misc_flops-3,wasm-aot,4,cpu-cycles,3383517442,ok,,wasmer,cranelift
2026-05-13T15:58:49+0800,llvmss_misc_flops-3,wasm-aot,4,L1-icache-load-misses,1046004,ok,,wasmer,cranelift
2026-05-13T15:58:49+0800,llvmss_misc_flops-3,wasm-aot,4,branch-misses,134828,ok,,wasmer,cranelift
2026-05-13T15:58:50+0800,llvmss_misc_flops-3,native,5,r81d0,1884044,ok,,wasmer,cranelift
2026-05-13T15:58:50+0800,llvmss_misc_flops-3,native,5,r82d0,1189819,ok,,wasmer,cranelift
2026-05-13T15:58:50+0800,llvmss_misc_flops-3,native,5,r00c4,313807535,ok,,wasmer,cranelift
2026-05-13T15:58:50+0800,llvmss_misc_flops-3,native,5,r01c4,312737242,ok,,wasmer,cranelift
2026-05-13T15:58:50+0800,llvmss_misc_flops-3,native,5,r1c0,6882582100,ok,,wasmer,cranelift
2026-05-13T15:58:50+0800,llvmss_misc_flops-3,native,5,cpu-cycles,3228318484,ok,,wasmer,cranelift
2026-05-13T15:58:50+0800,llvmss_misc_flops-3,native,5,L1-icache-load-misses,174372,ok,,wasmer,cranelift
2026-05-13T15:58:50+0800,llvmss_misc_flops-3,native,5,branch-misses,11652,ok,,wasmer,cranelift
2026-05-13T15:58:51+0800,llvmss_misc_flops-3,wasm-jit,5,r81d0,11997098,ok,,wasmer,cranelift
2026-05-13T15:58:51+0800,llvmss_misc_flops-3,wasm-jit,5,r82d0,7556846,ok,,wasmer,cranelift
2026-05-13T15:58:51+0800,llvmss_misc_flops-3,wasm-jit,5,r00c4,321449870,ok,,wasmer,cranelift
2026-05-13T15:58:51+0800,llvmss_misc_flops-3,wasm-jit,5,r01c4,314512682,ok,,wasmer,cranelift
2026-05-13T15:58:51+0800,llvmss_misc_flops-3,wasm-jit,5,r1c0,6298035247,ok,,wasmer,cranelift
2026-05-13T15:58:51+0800,llvmss_misc_flops-3,wasm-jit,5,cpu-cycles,3325142023,ok,,wasmer,cranelift
2026-05-13T15:58:51+0800,llvmss_misc_flops-3,wasm-jit,5,L1-icache-load-misses,1127750,ok,,wasmer,cranelift
2026-05-13T15:58:51+0800,llvmss_misc_flops-3,wasm-jit,5,branch-misses,151002,ok,,wasmer,cranelift
2026-05-13T15:58:52+0800,llvmss_misc_flops-3,wasm-aot,5,r81d0,10922192,ok,,wasmer,cranelift
2026-05-13T15:58:52+0800,llvmss_misc_flops-3,wasm-aot,5,r82d0,6832754,ok,,wasmer,cranelift
2026-05-13T15:58:52+0800,llvmss_misc_flops-3,wasm-aot,5,r00c4,320775683,ok,,wasmer,cranelift
2026-05-13T15:58:52+0800,llvmss_misc_flops-3,wasm-aot,5,r01c4,314384239,ok,,wasmer,cranelift
2026-05-13T15:58:52+0800,llvmss_misc_flops-3,wasm-aot,5,r1c0,6294378124,ok,,wasmer,cranelift
2026-05-13T15:58:52+0800,llvmss_misc_flops-3,wasm-aot,5,cpu-cycles,3351722427,ok,,wasmer,cranelift
2026-05-13T15:58:52+0800,llvmss_misc_flops-3,wasm-aot,5,L1-icache-load-misses,1059748,ok,,wasmer,cranelift
2026-05-13T15:58:52+0800,llvmss_misc_flops-3,wasm-aot,5,branch-misses,135097,ok,,wasmer,cranelift
2026-05-13T15:58:53+0800,llvmss_misc_flops-4,native,1,r81d0,1064442,ok,,wasmer,cranelift
2026-05-13T15:58:53+0800,llvmss_misc_flops-4,native,1,r82d0,667948,ok,,wasmer,cranelift
2026-05-13T15:58:53+0800,llvmss_misc_flops-4,native,1,r00c4,157000369,ok,,wasmer,cranelift
2026-05-13T15:58:53+0800,llvmss_misc_flops-4,native,1,r01c4,156390558,ok,,wasmer,cranelift
2026-05-13T15:58:53+0800,llvmss_misc_flops-4,native,1,r1c0,3285554950,ok,,wasmer,cranelift
2026-05-13T15:58:53+0800,llvmss_misc_flops-4,native,1,cpu-cycles,1570792065,ok,,wasmer,cranelift
2026-05-13T15:58:53+0800,llvmss_misc_flops-4,native,1,L1-icache-load-misses,117069,ok,,wasmer,cranelift
2026-05-13T15:58:53+0800,llvmss_misc_flops-4,native,1,branch-misses,10181,ok,,wasmer,cranelift
2026-05-13T15:58:54+0800,llvmss_misc_flops-4,wasm-jit,1,r81d0,323540586,ok,,wasmer,cranelift
2026-05-13T15:58:54+0800,llvmss_misc_flops-4,wasm-jit,1,r82d0,6941510,ok,,wasmer,cranelift
2026-05-13T15:58:54+0800,llvmss_misc_flops-4,wasm-jit,1,r00c4,164565670,ok,,wasmer,cranelift
2026-05-13T15:58:54+0800,llvmss_misc_flops-4,wasm-jit,1,r01c4,158154441,ok,,wasmer,cranelift
2026-05-13T15:58:54+0800,llvmss_misc_flops-4,wasm-jit,1,r1c0,3169280033,ok,,wasmer,cranelift
2026-05-13T15:58:54+0800,llvmss_misc_flops-4,wasm-jit,1,cpu-cycles,1585230235,ok,,wasmer,cranelift
2026-05-13T15:58:54+0800,llvmss_misc_flops-4,wasm-jit,1,L1-icache-load-misses,1006913,ok,,wasmer,cranelift
2026-05-13T15:58:54+0800,llvmss_misc_flops-4,wasm-jit,1,branch-misses,145121,ok,,wasmer,cranelift
2026-05-13T15:58:54+0800,llvmss_misc_flops-4,wasm-aot,1,r81d0,322455745,ok,,wasmer,cranelift
2026-05-13T15:58:54+0800,llvmss_misc_flops-4,wasm-aot,1,r82d0,6202502,ok,,wasmer,cranelift
2026-05-13T15:58:54+0800,llvmss_misc_flops-4,wasm-aot,1,r00c4,163873944,ok,,wasmer,cranelift
2026-05-13T15:58:54+0800,llvmss_misc_flops-4,wasm-aot,1,r01c4,158020569,ok,,wasmer,cranelift
2026-05-13T15:58:54+0800,llvmss_misc_flops-4,wasm-aot,1,r1c0,3165503204,ok,,wasmer,cranelift
2026-05-13T15:58:54+0800,llvmss_misc_flops-4,wasm-aot,1,cpu-cycles,1561690527,ok,,wasmer,cranelift
2026-05-13T15:58:54+0800,llvmss_misc_flops-4,wasm-aot,1,L1-icache-load-misses,967699,ok,,wasmer,cranelift
2026-05-13T15:58:54+0800,llvmss_misc_flops-4,wasm-aot,1,branch-misses,130135,ok,,wasmer,cranelift
2026-05-13T15:58:55+0800,llvmss_misc_flops-4,native,2,r81d0,952529,ok,,wasmer,cranelift
2026-05-13T15:58:55+0800,llvmss_misc_flops-4,native,2,r82d0,589734,ok,,wasmer,cranelift
2026-05-13T15:58:55+0800,llvmss_misc_flops-4,native,2,r00c4,156932669,ok,,wasmer,cranelift
2026-05-13T15:58:55+0800,llvmss_misc_flops-4,native,2,r01c4,156379533,ok,,wasmer,cranelift
2026-05-13T15:58:55+0800,llvmss_misc_flops-4,native,2,r1c0,3285120461,ok,,wasmer,cranelift
2026-05-13T15:58:55+0800,llvmss_misc_flops-4,native,2,cpu-cycles,1491591099,ok,,wasmer,cranelift
2026-05-13T15:58:55+0800,llvmss_misc_flops-4,native,2,L1-icache-load-misses,92935,ok,,wasmer,cranelift
2026-05-13T15:58:55+0800,llvmss_misc_flops-4,native,2,branch-misses,8790,ok,,wasmer,cranelift
2026-05-13T15:58:55+0800,llvmss_misc_flops-4,wasm-jit,2,r81d0,323654558,ok,,wasmer,cranelift
2026-05-13T15:58:55+0800,llvmss_misc_flops-4,wasm-jit,2,r82d0,7029205,ok,,wasmer,cranelift
2026-05-13T15:58:55+0800,llvmss_misc_flops-4,wasm-jit,2,r00c4,164626566,ok,,wasmer,cranelift
2026-05-13T15:58:55+0800,llvmss_misc_flops-4,wasm-jit,2,r01c4,158160636,ok,,wasmer,cranelift
2026-05-13T15:58:55+0800,llvmss_misc_flops-4,wasm-jit,2,r1c0,3169703423,ok,,wasmer,cranelift
2026-05-13T15:58:55+0800,llvmss_misc_flops-4,wasm-jit,2,cpu-cycles,1565020255,ok,,wasmer,cranelift
2026-05-13T15:58:55+0800,llvmss_misc_flops-4,wasm-jit,2,L1-icache-load-misses,1047576,ok,,wasmer,cranelift
2026-05-13T15:58:55+0800,llvmss_misc_flops-4,wasm-jit,2,branch-misses,146400,ok,,wasmer,cranelift
2026-05-13T15:58:56+0800,llvmss_misc_flops-4,wasm-aot,2,r81d0,322509754,ok,,wasmer,cranelift
2026-05-13T15:58:56+0800,llvmss_misc_flops-4,wasm-aot,2,r82d0,6243504,ok,,wasmer,cranelift
2026-05-13T15:58:56+0800,llvmss_misc_flops-4,wasm-aot,2,r00c4,163912365,ok,,wasmer,cranelift
2026-05-13T15:58:56+0800,llvmss_misc_flops-4,wasm-aot,2,r01c4,158031781,ok,,wasmer,cranelift
2026-05-13T15:58:56+0800,llvmss_misc_flops-4,wasm-aot,2,r1c0,3165718417,ok,,wasmer,cranelift
2026-05-13T15:58:56+0800,llvmss_misc_flops-4,wasm-aot,2,cpu-cycles,1513336910,ok,,wasmer,cranelift
2026-05-13T15:58:56+0800,llvmss_misc_flops-4,wasm-aot,2,L1-icache-load-misses,950794,ok,,wasmer,cranelift
2026-05-13T15:58:56+0800,llvmss_misc_flops-4,wasm-aot,2,branch-misses,126364,ok,,wasmer,cranelift
2026-05-13T15:58:56+0800,llvmss_misc_flops-4,native,3,r81d0,1053826,ok,,wasmer,cranelift
2026-05-13T15:58:56+0800,llvmss_misc_flops-4,native,3,r82d0,662236,ok,,wasmer,cranelift
2026-05-13T15:58:56+0800,llvmss_misc_flops-4,native,3,r00c4,156991979,ok,,wasmer,cranelift
2026-05-13T15:58:56+0800,llvmss_misc_flops-4,native,3,r01c4,156388791,ok,,wasmer,cranelift
2026-05-13T15:58:56+0800,llvmss_misc_flops-4,native,3,r1c0,3285509173,ok,,wasmer,cranelift
2026-05-13T15:58:56+0800,llvmss_misc_flops-4,native,3,cpu-cycles,1572548950,ok,,wasmer,cranelift
2026-05-13T15:58:56+0800,llvmss_misc_flops-4,native,3,L1-icache-load-misses,120364,ok,,wasmer,cranelift
2026-05-13T15:58:56+0800,llvmss_misc_flops-4,native,3,branch-misses,9627,ok,,wasmer,cranelift
2026-05-13T15:58:57+0800,llvmss_misc_flops-4,wasm-jit,3,r81d0,323677187,ok,,wasmer,cranelift
2026-05-13T15:58:57+0800,llvmss_misc_flops-4,wasm-jit,3,r82d0,7033958,ok,,wasmer,cranelift
2026-05-13T15:58:57+0800,llvmss_misc_flops-4,wasm-jit,3,r00c4,164648585,ok,,wasmer,cranelift
2026-05-13T15:58:57+0800,llvmss_misc_flops-4,wasm-jit,3,r01c4,158172068,ok,,wasmer,cranelift
2026-05-13T15:58:57+0800,llvmss_misc_flops-4,wasm-jit,3,r1c0,3169782681,ok,,wasmer,cranelift
2026-05-13T15:58:57+0800,llvmss_misc_flops-4,wasm-jit,3,cpu-cycles,1588428637,ok,,wasmer,cranelift
2026-05-13T15:58:57+0800,llvmss_misc_flops-4,wasm-jit,3,L1-icache-load-misses,1046201,ok,,wasmer,cranelift
2026-05-13T15:58:57+0800,llvmss_misc_flops-4,wasm-jit,3,branch-misses,147587,ok,,wasmer,cranelift
2026-05-13T15:58:57+0800,llvmss_misc_flops-4,wasm-aot,3,r81d0,322554735,ok,,wasmer,cranelift
2026-05-13T15:58:57+0800,llvmss_misc_flops-4,wasm-aot,3,r82d0,6263865,ok,,wasmer,cranelift
2026-05-13T15:58:57+0800,llvmss_misc_flops-4,wasm-aot,3,r00c4,163946062,ok,,wasmer,cranelift
2026-05-13T15:58:57+0800,llvmss_misc_flops-4,wasm-aot,3,r01c4,158030325,ok,,wasmer,cranelift
2026-05-13T15:58:57+0800,llvmss_misc_flops-4,wasm-aot,3,r1c0,3165898490,ok,,wasmer,cranelift
2026-05-13T15:58:57+0800,llvmss_misc_flops-4,wasm-aot,3,cpu-cycles,1563263940,ok,,wasmer,cranelift
2026-05-13T15:58:57+0800,llvmss_misc_flops-4,wasm-aot,3,L1-icache-load-misses,997842,ok,,wasmer,cranelift
2026-05-13T15:58:57+0800,llvmss_misc_flops-4,wasm-aot,3,branch-misses,131711,ok,,wasmer,cranelift
2026-05-13T15:58:58+0800,llvmss_misc_flops-4,native,4,r81d0,1062642,ok,,wasmer,cranelift
2026-05-13T15:58:58+0800,llvmss_misc_flops-4,native,4,r82d0,667581,ok,,wasmer,cranelift
2026-05-13T15:58:58+0800,llvmss_misc_flops-4,native,4,r00c4,156998022,ok,,wasmer,cranelift
2026-05-13T15:58:58+0800,llvmss_misc_flops-4,native,4,r01c4,156390572,ok,,wasmer,cranelift
2026-05-13T15:58:58+0800,llvmss_misc_flops-4,native,4,r1c0,3285546443,ok,,wasmer,cranelift
2026-05-13T15:58:58+0800,llvmss_misc_flops-4,native,4,cpu-cycles,1542638476,ok,,wasmer,cranelift
2026-05-13T15:58:58+0800,llvmss_misc_flops-4,native,4,L1-icache-load-misses,118076,ok,,wasmer,cranelift
2026-05-13T15:58:58+0800,llvmss_misc_flops-4,native,4,branch-misses,10111,ok,,wasmer,cranelift
2026-05-13T15:58:58+0800,llvmss_misc_flops-4,wasm-jit,4,r81d0,323495651,ok,,wasmer,cranelift
2026-05-13T15:58:58+0800,llvmss_misc_flops-4,wasm-jit,4,r82d0,6926730,ok,,wasmer,cranelift
2026-05-13T15:58:58+0800,llvmss_misc_flops-4,wasm-jit,4,r00c4,164515539,ok,,wasmer,cranelift
2026-05-13T15:58:58+0800,llvmss_misc_flops-4,wasm-jit,4,r01c4,158139558,ok,,wasmer,cranelift
2026-05-13T15:58:58+0800,llvmss_misc_flops-4,wasm-jit,4,r1c0,3169059487,ok,,wasmer,cranelift
2026-05-13T15:58:58+0800,llvmss_misc_flops-4,wasm-jit,4,cpu-cycles,1515582291,ok,,wasmer,cranelift
2026-05-13T15:58:58+0800,llvmss_misc_flops-4,wasm-jit,4,L1-icache-load-misses,1031609,ok,,wasmer,cranelift
2026-05-13T15:58:58+0800,llvmss_misc_flops-4,wasm-jit,4,branch-misses,142785,ok,,wasmer,cranelift
2026-05-13T15:58:58+0800,llvmss_misc_flops-4,wasm-aot,4,r81d0,322505431,ok,,wasmer,cranelift
2026-05-13T15:58:58+0800,llvmss_misc_flops-4,wasm-aot,4,r82d0,6228572,ok,,wasmer,cranelift
2026-05-13T15:58:58+0800,llvmss_misc_flops-4,wasm-aot,4,r00c4,163911333,ok,,wasmer,cranelift
2026-05-13T15:58:58+0800,llvmss_misc_flops-4,wasm-aot,4,r01c4,158027338,ok,,wasmer,cranelift
2026-05-13T15:58:58+0800,llvmss_misc_flops-4,wasm-aot,4,r1c0,3165698416,ok,,wasmer,cranelift
2026-05-13T15:58:58+0800,llvmss_misc_flops-4,wasm-aot,4,cpu-cycles,1584425566,ok,,wasmer,cranelift
2026-05-13T15:58:58+0800,llvmss_misc_flops-4,wasm-aot,4,L1-icache-load-misses,969495,ok,,wasmer,cranelift
2026-05-13T15:58:58+0800,llvmss_misc_flops-4,wasm-aot,4,branch-misses,128898,ok,,wasmer,cranelift
2026-05-13T15:58:59+0800,llvmss_misc_flops-4,native,5,r81d0,1041588,ok,,wasmer,cranelift
2026-05-13T15:58:59+0800,llvmss_misc_flops-4,native,5,r82d0,653232,ok,,wasmer,cranelift
2026-05-13T15:58:59+0800,llvmss_misc_flops-4,native,5,r00c4,156984107,ok,,wasmer,cranelift
2026-05-13T15:58:59+0800,llvmss_misc_flops-4,native,5,r01c4,156389401,ok,,wasmer,cranelift
2026-05-13T15:58:59+0800,llvmss_misc_flops-4,native,5,r1c0,3285449390,ok,,wasmer,cranelift
2026-05-13T15:58:59+0800,llvmss_misc_flops-4,native,5,cpu-cycles,1549031509,ok,,wasmer,cranelift
2026-05-13T15:58:59+0800,llvmss_misc_flops-4,native,5,L1-icache-load-misses,124773,ok,,wasmer,cranelift
2026-05-13T15:58:59+0800,llvmss_misc_flops-4,native,5,branch-misses,9401,ok,,wasmer,cranelift
2026-05-13T15:58:59+0800,llvmss_misc_flops-4,wasm-jit,5,r81d0,323683704,ok,,wasmer,cranelift
2026-05-13T15:58:59+0800,llvmss_misc_flops-4,wasm-jit,5,r82d0,7022664,ok,,wasmer,cranelift
2026-05-13T15:58:59+0800,llvmss_misc_flops-4,wasm-jit,5,r00c4,164658553,ok,,wasmer,cranelift
2026-05-13T15:58:59+0800,llvmss_misc_flops-4,wasm-jit,5,r01c4,158169965,ok,,wasmer,cranelift
2026-05-13T15:58:59+0800,llvmss_misc_flops-4,wasm-jit,5,r1c0,3169801420,ok,,wasmer,cranelift
2026-05-13T15:58:59+0800,llvmss_misc_flops-4,wasm-jit,5,cpu-cycles,1516954486,ok,,wasmer,cranelift
2026-05-13T15:58:59+0800,llvmss_misc_flops-4,wasm-jit,5,L1-icache-load-misses,1037314,ok,,wasmer,cranelift
2026-05-13T15:58:59+0800,llvmss_misc_flops-4,wasm-jit,5,branch-misses,146661,ok,,wasmer,cranelift
2026-05-13T15:59:00+0800,llvmss_misc_flops-4,wasm-aot,5,r81d0,322482762,ok,,wasmer,cranelift
2026-05-13T15:59:00+0800,llvmss_misc_flops-4,wasm-aot,5,r82d0,6228581,ok,,wasmer,cranelift
2026-05-13T15:59:00+0800,llvmss_misc_flops-4,wasm-aot,5,r00c4,163893481,ok,,wasmer,cranelift
2026-05-13T15:59:00+0800,llvmss_misc_flops-4,wasm-aot,5,r01c4,158023803,ok,,wasmer,cranelift
2026-05-13T15:59:00+0800,llvmss_misc_flops-4,wasm-aot,5,r1c0,3165628783,ok,,wasmer,cranelift
2026-05-13T15:59:00+0800,llvmss_misc_flops-4,wasm-aot,5,cpu-cycles,1571809406,ok,,wasmer,cranelift
2026-05-13T15:59:00+0800,llvmss_misc_flops-4,wasm-aot,5,L1-icache-load-misses,955787,ok,,wasmer,cranelift
2026-05-13T15:59:00+0800,llvmss_misc_flops-4,wasm-aot,5,branch-misses,129935,ok,,wasmer,cranelift
2026-05-13T15:59:03+0800,llvmss_misc_flops-5,native,1,r81d0,314191219,ok,,wasmer,cranelift
2026-05-13T15:59:03+0800,llvmss_misc_flops-5,native,1,r82d0,1067333,ok,,wasmer,cranelift
2026-05-13T15:59:03+0800,llvmss_misc_flops-5,native,1,r00c4,157425978,ok,,wasmer,cranelift
2026-05-13T15:59:03+0800,llvmss_misc_flops-5,native,1,r01c4,156466779,ok,,wasmer,cranelift
2026-05-13T15:59:03+0800,llvmss_misc_flops-5,native,1,r1c0,5788033039,ok,,wasmer,cranelift
2026-05-13T15:59:03+0800,llvmss_misc_flops-5,native,1,cpu-cycles,2912175636,ok,,wasmer,cranelift
2026-05-13T15:59:03+0800,llvmss_misc_flops-5,native,1,L1-icache-load-misses,163446,ok,,wasmer,cranelift
2026-05-13T15:59:03+0800,llvmss_misc_flops-5,native,1,branch-misses,11962,ok,,wasmer,cranelift
2026-05-13T15:59:04+0800,llvmss_misc_flops-5,wasm-jit,1,r81d0,949441365,ok,,wasmer,cranelift
2026-05-13T15:59:04+0800,llvmss_misc_flops-5,wasm-jit,1,r82d0,163775595,ok,,wasmer,cranelift
2026-05-13T15:59:04+0800,llvmss_misc_flops-5,wasm-jit,1,r00c4,321412627,ok,,wasmer,cranelift
2026-05-13T15:59:04+0800,llvmss_misc_flops-5,wasm-jit,1,r01c4,2009341,ok,,wasmer,cranelift
2026-05-13T15:59:04+0800,llvmss_misc_flops-5,wasm-jit,1,r1c0,6610335278,ok,,wasmer,cranelift
2026-05-13T15:59:04+0800,llvmss_misc_flops-5,wasm-jit,1,cpu-cycles,3092610414,ok,,wasmer,cranelift
2026-05-13T15:59:04+0800,llvmss_misc_flops-5,wasm-jit,1,L1-icache-load-misses,1095100,ok,,wasmer,cranelift
2026-05-13T15:59:04+0800,llvmss_misc_flops-5,wasm-jit,1,branch-misses,146815,ok,,wasmer,cranelift
2026-05-13T15:59:05+0800,llvmss_misc_flops-5,wasm-aot,1,r81d0,948309529,ok,,wasmer,cranelift
2026-05-13T15:59:05+0800,llvmss_misc_flops-5,wasm-aot,1,r82d0,162993203,ok,,wasmer,cranelift
2026-05-13T15:59:05+0800,llvmss_misc_flops-5,wasm-aot,1,r00c4,320724545,ok,,wasmer,cranelift
2026-05-13T15:59:05+0800,llvmss_misc_flops-5,wasm-aot,1,r01c4,1880060,ok,,wasmer,cranelift
2026-05-13T15:59:05+0800,llvmss_misc_flops-5,wasm-aot,1,r1c0,6606457708,ok,,wasmer,cranelift
2026-05-13T15:59:05+0800,llvmss_misc_flops-5,wasm-aot,1,cpu-cycles,3076974998,ok,,wasmer,cranelift
2026-05-13T15:59:05+0800,llvmss_misc_flops-5,wasm-aot,1,L1-icache-load-misses,1066680,ok,,wasmer,cranelift
2026-05-13T15:59:05+0800,llvmss_misc_flops-5,wasm-aot,1,branch-misses,130690,ok,,wasmer,cranelift
2026-05-13T15:59:06+0800,llvmss_misc_flops-5,native,2,r81d0,314235599,ok,,wasmer,cranelift
2026-05-13T15:59:06+0800,llvmss_misc_flops-5,native,2,r82d0,1095625,ok,,wasmer,cranelift
2026-05-13T15:59:06+0800,llvmss_misc_flops-5,native,2,r00c4,157462132,ok,,wasmer,cranelift
2026-05-13T15:59:06+0800,llvmss_misc_flops-5,native,2,r01c4,156473424,ok,,wasmer,cranelift
2026-05-13T15:59:06+0800,llvmss_misc_flops-5,native,2,r1c0,5788231553,ok,,wasmer,cranelift
2026-05-13T15:59:06+0800,llvmss_misc_flops-5,native,2,cpu-cycles,2912348745,ok,,wasmer,cranelift
2026-05-13T15:59:06+0800,llvmss_misc_flops-5,native,2,L1-icache-load-misses,173927,ok,,wasmer,cranelift
2026-05-13T15:59:06+0800,llvmss_misc_flops-5,native,2,branch-misses,12024,ok,,wasmer,cranelift
2026-05-13T15:59:07+0800,llvmss_misc_flops-5,wasm-jit,2,r81d0,949436426,ok,,wasmer,cranelift
2026-05-13T15:59:07+0800,llvmss_misc_flops-5,wasm-jit,2,r82d0,163775780,ok,,wasmer,cranelift
2026-05-13T15:59:07+0800,llvmss_misc_flops-5,wasm-jit,2,r00c4,321410447,ok,,wasmer,cranelift
2026-05-13T15:59:07+0800,llvmss_misc_flops-5,wasm-jit,2,r01c4,2008106,ok,,wasmer,cranelift
2026-05-13T15:59:07+0800,llvmss_misc_flops-5,wasm-jit,2,r1c0,6610317631,ok,,wasmer,cranelift
2026-05-13T15:59:07+0800,llvmss_misc_flops-5,wasm-jit,2,cpu-cycles,3127577408,ok,,wasmer,cranelift
2026-05-13T15:59:07+0800,llvmss_misc_flops-5,wasm-jit,2,L1-icache-load-misses,1129411,ok,,wasmer,cranelift
2026-05-13T15:59:07+0800,llvmss_misc_flops-5,wasm-jit,2,branch-misses,152634,ok,,wasmer,cranelift
2026-05-13T15:59:08+0800,llvmss_misc_flops-5,wasm-aot,2,r81d0,948235934,ok,,wasmer,cranelift
2026-05-13T15:59:08+0800,llvmss_misc_flops-5,wasm-aot,2,r82d0,162967314,ok,,wasmer,cranelift
2026-05-13T15:59:08+0800,llvmss_misc_flops-5,wasm-aot,2,r00c4,320645191,ok,,wasmer,cranelift
2026-05-13T15:59:08+0800,llvmss_misc_flops-5,wasm-aot,2,r01c4,1857782,ok,,wasmer,cranelift
2026-05-13T15:59:08+0800,llvmss_misc_flops-5,wasm-aot,2,r1c0,6606113270,ok,,wasmer,cranelift
2026-05-13T15:59:08+0800,llvmss_misc_flops-5,wasm-aot,2,cpu-cycles,3121844429,ok,,wasmer,cranelift
2026-05-13T15:59:08+0800,llvmss_misc_flops-5,wasm-aot,2,L1-icache-load-misses,1024016,ok,,wasmer,cranelift
2026-05-13T15:59:08+0800,llvmss_misc_flops-5,wasm-aot,2,branch-misses,131025,ok,,wasmer,cranelift
2026-05-13T15:59:08+0800,llvmss_misc_flops-5,native,3,r81d0,314202499,ok,,wasmer,cranelift
2026-05-13T15:59:08+0800,llvmss_misc_flops-5,native,3,r82d0,1073352,ok,,wasmer,cranelift
2026-05-13T15:59:08+0800,llvmss_misc_flops-5,native,3,r00c4,157433777,ok,,wasmer,cranelift
2026-05-13T15:59:08+0800,llvmss_misc_flops-5,native,3,r01c4,156467298,ok,,wasmer,cranelift
2026-05-13T15:59:08+0800,llvmss_misc_flops-5,native,3,r1c0,5788093936,ok,,wasmer,cranelift
2026-05-13T15:59:08+0800,llvmss_misc_flops-5,native,3,cpu-cycles,2911524479,ok,,wasmer,cranelift
2026-05-13T15:59:08+0800,llvmss_misc_flops-5,native,3,L1-icache-load-misses,158679,ok,,wasmer,cranelift
2026-05-13T15:59:08+0800,llvmss_misc_flops-5,native,3,branch-misses,11053,ok,,wasmer,cranelift
2026-05-13T15:59:09+0800,llvmss_misc_flops-5,wasm-jit,3,r81d0,949494966,ok,,wasmer,cranelift
2026-05-13T15:59:09+0800,llvmss_misc_flops-5,wasm-jit,3,r82d0,163808948,ok,,wasmer,cranelift
2026-05-13T15:59:09+0800,llvmss_misc_flops-5,wasm-jit,3,r00c4,321459007,ok,,wasmer,cranelift
2026-05-13T15:59:09+0800,llvmss_misc_flops-5,wasm-jit,3,r01c4,2019370,ok,,wasmer,cranelift
2026-05-13T15:59:09+0800,llvmss_misc_flops-5,wasm-jit,3,r1c0,6610570488,ok,,wasmer,cranelift
2026-05-13T15:59:09+0800,llvmss_misc_flops-5,wasm-jit,3,cpu-cycles,3126185864,ok,,wasmer,cranelift
2026-05-13T15:59:09+0800,llvmss_misc_flops-5,wasm-jit,3,L1-icache-load-misses,1100297,ok,,wasmer,cranelift
2026-05-13T15:59:09+0800,llvmss_misc_flops-5,wasm-jit,3,branch-misses,146419,ok,,wasmer,cranelift
2026-05-13T15:59:10+0800,llvmss_misc_flops-5,wasm-aot,3,r81d0,948450663,ok,,wasmer,cranelift
2026-05-13T15:59:10+0800,llvmss_misc_flops-5,wasm-aot,3,r82d0,163075904,ok,,wasmer,cranelift
2026-05-13T15:59:10+0800,llvmss_misc_flops-5,wasm-aot,3,r00c4,320818399,ok,,wasmer,cranelift
2026-05-13T15:59:10+0800,llvmss_misc_flops-5,wasm-aot,3,r01c4,1895167,ok,,wasmer,cranelift
2026-05-13T15:59:10+0800,llvmss_misc_flops-5,wasm-aot,3,r1c0,6606981701,ok,,wasmer,cranelift
2026-05-13T15:59:10+0800,llvmss_misc_flops-5,wasm-aot,3,cpu-cycles,3081912770,ok,,wasmer,cranelift
2026-05-13T15:59:10+0800,llvmss_misc_flops-5,wasm-aot,3,L1-icache-load-misses,1051114,ok,,wasmer,cranelift
2026-05-13T15:59:10+0800,llvmss_misc_flops-5,wasm-aot,3,branch-misses,133272,ok,,wasmer,cranelift
2026-05-13T15:59:11+0800,llvmss_misc_flops-5,native,4,r81d0,314292464,ok,,wasmer,cranelift
2026-05-13T15:59:11+0800,llvmss_misc_flops-5,native,4,r82d0,1130795,ok,,wasmer,cranelift
2026-05-13T15:59:11+0800,llvmss_misc_flops-5,native,4,r00c4,157496152,ok,,wasmer,cranelift
2026-05-13T15:59:11+0800,llvmss_misc_flops-5,native,4,r01c4,156478357,ok,,wasmer,cranelift
2026-05-13T15:59:11+0800,llvmss_misc_flops-5,native,4,r1c0,5788455660,ok,,wasmer,cranelift
2026-05-13T15:59:11+0800,llvmss_misc_flops-5,native,4,cpu-cycles,3084515029,ok,,wasmer,cranelift
2026-05-13T15:59:11+0800,llvmss_misc_flops-5,native,4,L1-icache-load-misses,163502,ok,,wasmer,cranelift
2026-05-13T15:59:11+0800,llvmss_misc_flops-5,native,4,branch-misses,11280,ok,,wasmer,cranelift
2026-05-13T15:59:12+0800,llvmss_misc_flops-5,wasm-jit,4,r81d0,949399392,ok,,wasmer,cranelift
2026-05-13T15:59:12+0800,llvmss_misc_flops-5,wasm-jit,4,r82d0,163740641,ok,,wasmer,cranelift
2026-05-13T15:59:12+0800,llvmss_misc_flops-5,wasm-jit,4,r00c4,321387186,ok,,wasmer,cranelift
2026-05-13T15:59:12+0800,llvmss_misc_flops-5,wasm-jit,4,r01c4,2001654,ok,,wasmer,cranelift
2026-05-13T15:59:12+0800,llvmss_misc_flops-5,wasm-jit,4,r1c0,6610177553,ok,,wasmer,cranelift
2026-05-13T15:59:12+0800,llvmss_misc_flops-5,wasm-jit,4,cpu-cycles,3127795842,ok,,wasmer,cranelift
2026-05-13T15:59:12+0800,llvmss_misc_flops-5,wasm-jit,4,L1-icache-load-misses,1083883,ok,,wasmer,cranelift
2026-05-13T15:59:12+0800,llvmss_misc_flops-5,wasm-jit,4,branch-misses,147412,ok,,wasmer,cranelift
2026-05-13T15:59:13+0800,llvmss_misc_flops-5,wasm-aot,4,r81d0,948315122,ok,,wasmer,cranelift
2026-05-13T15:59:13+0800,llvmss_misc_flops-5,wasm-aot,4,r82d0,163006285,ok,,wasmer,cranelift
2026-05-13T15:59:13+0800,llvmss_misc_flops-5,wasm-aot,4,r00c4,320710329,ok,,wasmer,cranelift
2026-05-13T15:59:13+0800,llvmss_misc_flops-5,wasm-aot,4,r01c4,1874513,ok,,wasmer,cranelift
2026-05-13T15:59:13+0800,llvmss_misc_flops-5,wasm-aot,4,r1c0,6606426107,ok,,wasmer,cranelift
2026-05-13T15:59:13+0800,llvmss_misc_flops-5,wasm-aot,4,cpu-cycles,3096335491,ok,,wasmer,cranelift
2026-05-13T15:59:13+0800,llvmss_misc_flops-5,wasm-aot,4,L1-icache-load-misses,1041122,ok,,wasmer,cranelift
2026-05-13T15:59:13+0800,llvmss_misc_flops-5,wasm-aot,4,branch-misses,131117,ok,,wasmer,cranelift
2026-05-13T15:59:14+0800,llvmss_misc_flops-5,native,5,r81d0,314288466,ok,,wasmer,cranelift
2026-05-13T15:59:14+0800,llvmss_misc_flops-5,native,5,r82d0,1126150,ok,,wasmer,cranelift
2026-05-13T15:59:14+0800,llvmss_misc_flops-5,native,5,r00c4,157492981,ok,,wasmer,cranelift
2026-05-13T15:59:14+0800,llvmss_misc_flops-5,native,5,r01c4,156479517,ok,,wasmer,cranelift
2026-05-13T15:59:14+0800,llvmss_misc_flops-5,native,5,r1c0,5788434752,ok,,wasmer,cranelift
2026-05-13T15:59:14+0800,llvmss_misc_flops-5,native,5,cpu-cycles,3086913299,ok,,wasmer,cranelift
2026-05-13T15:59:14+0800,llvmss_misc_flops-5,native,5,L1-icache-load-misses,164416,ok,,wasmer,cranelift
2026-05-13T15:59:14+0800,llvmss_misc_flops-5,native,5,branch-misses,11093,ok,,wasmer,cranelift
2026-05-13T15:59:15+0800,llvmss_misc_flops-5,wasm-jit,5,r81d0,949481461,ok,,wasmer,cranelift
2026-05-13T15:59:15+0800,llvmss_misc_flops-5,wasm-jit,5,r82d0,163793791,ok,,wasmer,cranelift
2026-05-13T15:59:15+0800,llvmss_misc_flops-5,wasm-jit,5,r00c4,321452191,ok,,wasmer,cranelift
2026-05-13T15:59:15+0800,llvmss_misc_flops-5,wasm-jit,5,r01c4,2021974,ok,,wasmer,cranelift
2026-05-13T15:59:15+0800,llvmss_misc_flops-5,wasm-jit,5,r1c0,6610494481,ok,,wasmer,cranelift
2026-05-13T15:59:15+0800,llvmss_misc_flops-5,wasm-jit,5,cpu-cycles,3129280338,ok,,wasmer,cranelift
2026-05-13T15:59:15+0800,llvmss_misc_flops-5,wasm-jit,5,L1-icache-load-misses,1108884,ok,,wasmer,cranelift
2026-05-13T15:59:15+0800,llvmss_misc_flops-5,wasm-jit,5,branch-misses,151769,ok,,wasmer,cranelift
2026-05-13T15:59:16+0800,llvmss_misc_flops-5,wasm-aot,5,r81d0,948205610,ok,,wasmer,cranelift
2026-05-13T15:59:16+0800,llvmss_misc_flops-5,wasm-aot,5,r82d0,162928776,ok,,wasmer,cranelift
2026-05-13T15:59:16+0800,llvmss_misc_flops-5,wasm-aot,5,r00c4,320646149,ok,,wasmer,cranelift
2026-05-13T15:59:16+0800,llvmss_misc_flops-5,wasm-aot,5,r01c4,1865464,ok,,wasmer,cranelift
2026-05-13T15:59:16+0800,llvmss_misc_flops-5,wasm-aot,5,r1c0,6606032433,ok,,wasmer,cranelift
2026-05-13T15:59:16+0800,llvmss_misc_flops-5,wasm-aot,5,cpu-cycles,3124676393,ok,,wasmer,cranelift
2026-05-13T15:59:16+0800,llvmss_misc_flops-5,wasm-aot,5,L1-icache-load-misses,1025371,ok,,wasmer,cranelift
2026-05-13T15:59:16+0800,llvmss_misc_flops-5,wasm-aot,5,branch-misses,133034,ok,,wasmer,cranelift
2026-05-13T15:59:19+0800,llvmss_misc_flops-6,native,1,r81d0,314263574,ok,,wasmer,cranelift
2026-05-13T15:59:19+0800,llvmss_misc_flops-6,native,1,r82d0,1113422,ok,,wasmer,cranelift
2026-05-13T15:59:19+0800,llvmss_misc_flops-6,native,1,r00c4,157479436,ok,,wasmer,cranelift
2026-05-13T15:59:19+0800,llvmss_misc_flops-6,native,1,r01c4,156475405,ok,,wasmer,cranelift
2026-05-13T15:59:19+0800,llvmss_misc_flops-6,native,1,r1c0,5788339872,ok,,wasmer,cranelift
2026-05-13T15:59:19+0800,llvmss_misc_flops-6,native,1,cpu-cycles,3021264538,ok,,wasmer,cranelift
2026-05-13T15:59:19+0800,llvmss_misc_flops-6,native,1,L1-icache-load-misses,176199,ok,,wasmer,cranelift
2026-05-13T15:59:19+0800,llvmss_misc_flops-6,native,1,branch-misses,12653,ok,,wasmer,cranelift
2026-05-13T15:59:20+0800,llvmss_misc_flops-6,wasm-jit,1,r81d0,949487784,ok,,wasmer,cranelift
2026-05-13T15:59:20+0800,llvmss_misc_flops-6,wasm-jit,1,r82d0,163812432,ok,,wasmer,cranelift
2026-05-13T15:59:20+0800,llvmss_misc_flops-6,wasm-jit,1,r00c4,321449485,ok,,wasmer,cranelift
2026-05-13T15:59:20+0800,llvmss_misc_flops-6,wasm-jit,1,r01c4,2016931,ok,,wasmer,cranelift
2026-05-13T15:59:20+0800,llvmss_misc_flops-6,wasm-jit,1,r1c0,6610522784,ok,,wasmer,cranelift
2026-05-13T15:59:20+0800,llvmss_misc_flops-6,wasm-jit,1,cpu-cycles,3036466257,ok,,wasmer,cranelift
2026-05-13T15:59:20+0800,llvmss_misc_flops-6,wasm-jit,1,L1-icache-load-misses,1133915,ok,,wasmer,cranelift
2026-05-13T15:59:20+0800,llvmss_misc_flops-6,wasm-jit,1,branch-misses,153962,ok,,wasmer,cranelift
2026-05-13T15:59:21+0800,llvmss_misc_flops-6,wasm-aot,1,r81d0,948264190,ok,,wasmer,cranelift
2026-05-13T15:59:21+0800,llvmss_misc_flops-6,wasm-aot,1,r82d0,162966403,ok,,wasmer,cranelift
2026-05-13T15:59:21+0800,llvmss_misc_flops-6,wasm-aot,1,r00c4,320683705,ok,,wasmer,cranelift
2026-05-13T15:59:21+0800,llvmss_misc_flops-6,wasm-aot,1,r01c4,1872656,ok,,wasmer,cranelift
2026-05-13T15:59:21+0800,llvmss_misc_flops-6,wasm-aot,1,r1c0,6606241376,ok,,wasmer,cranelift
2026-05-13T15:59:21+0800,llvmss_misc_flops-6,wasm-aot,1,cpu-cycles,3033596693,ok,,wasmer,cranelift
2026-05-13T15:59:21+0800,llvmss_misc_flops-6,wasm-aot,1,L1-icache-load-misses,1038621,ok,,wasmer,cranelift
2026-05-13T15:59:21+0800,llvmss_misc_flops-6,wasm-aot,1,branch-misses,133296,ok,,wasmer,cranelift
2026-05-13T15:59:22+0800,llvmss_misc_flops-6,native,2,r81d0,314280391,ok,,wasmer,cranelift
2026-05-13T15:59:22+0800,llvmss_misc_flops-6,native,2,r82d0,1121819,ok,,wasmer,cranelift
2026-05-13T15:59:22+0800,llvmss_misc_flops-6,native,2,r00c4,157492800,ok,,wasmer,cranelift
2026-05-13T15:59:22+0800,llvmss_misc_flops-6,native,2,r01c4,156479038,ok,,wasmer,cranelift
2026-05-13T15:59:22+0800,llvmss_misc_flops-6,native,2,r1c0,5788418889,ok,,wasmer,cranelift
2026-05-13T15:59:22+0800,llvmss_misc_flops-6,native,2,cpu-cycles,3021112075,ok,,wasmer,cranelift
2026-05-13T15:59:22+0800,llvmss_misc_flops-6,native,2,L1-icache-load-misses,169709,ok,,wasmer,cranelift
2026-05-13T15:59:22+0800,llvmss_misc_flops-6,native,2,branch-misses,12574,ok,,wasmer,cranelift
2026-05-13T15:59:22+0800,llvmss_misc_flops-6,wasm-jit,2,r81d0,949448169,ok,,wasmer,cranelift
2026-05-13T15:59:22+0800,llvmss_misc_flops-6,wasm-jit,2,r82d0,163775117,ok,,wasmer,cranelift
2026-05-13T15:59:22+0800,llvmss_misc_flops-6,wasm-jit,2,r00c4,321422176,ok,,wasmer,cranelift
2026-05-13T15:59:22+0800,llvmss_misc_flops-6,wasm-jit,2,r01c4,2011636,ok,,wasmer,cranelift
2026-05-13T15:59:22+0800,llvmss_misc_flops-6,wasm-jit,2,r1c0,6610358762,ok,,wasmer,cranelift
2026-05-13T15:59:22+0800,llvmss_misc_flops-6,wasm-jit,2,cpu-cycles,3035954769,ok,,wasmer,cranelift
2026-05-13T15:59:22+0800,llvmss_misc_flops-6,wasm-jit,2,L1-icache-load-misses,1101690,ok,,wasmer,cranelift
2026-05-13T15:59:22+0800,llvmss_misc_flops-6,wasm-jit,2,branch-misses,147414,ok,,wasmer,cranelift
2026-05-13T15:59:23+0800,llvmss_misc_flops-6,wasm-aot,2,r81d0,948229905,ok,,wasmer,cranelift
2026-05-13T15:59:23+0800,llvmss_misc_flops-6,wasm-aot,2,r82d0,162953874,ok,,wasmer,cranelift
2026-05-13T15:59:23+0800,llvmss_misc_flops-6,wasm-aot,2,r00c4,320653510,ok,,wasmer,cranelift
2026-05-13T15:59:23+0800,llvmss_misc_flops-6,wasm-aot,2,r01c4,1863025,ok,,wasmer,cranelift
2026-05-13T15:59:23+0800,llvmss_misc_flops-6,wasm-aot,2,r1c0,6606099111,ok,,wasmer,cranelift
2026-05-13T15:59:23+0800,llvmss_misc_flops-6,wasm-aot,2,cpu-cycles,3032161517,ok,,wasmer,cranelift
2026-05-13T15:59:23+0800,llvmss_misc_flops-6,wasm-aot,2,L1-icache-load-misses,1035288,ok,,wasmer,cranelift
2026-05-13T15:59:23+0800,llvmss_misc_flops-6,wasm-aot,2,branch-misses,132335,ok,,wasmer,cranelift
2026-05-13T15:59:24+0800,llvmss_misc_flops-6,native,3,r81d0,314298046,ok,,wasmer,cranelift
2026-05-13T15:59:24+0800,llvmss_misc_flops-6,native,3,r82d0,1137504,ok,,wasmer,cranelift
2026-05-13T15:59:24+0800,llvmss_misc_flops-6,native,3,r00c4,157504213,ok,,wasmer,cranelift
2026-05-13T15:59:24+0800,llvmss_misc_flops-6,native,3,r01c4,156479839,ok,,wasmer,cranelift
2026-05-13T15:59:24+0800,llvmss_misc_flops-6,native,3,r1c0,5788483993,ok,,wasmer,cranelift
2026-05-13T15:59:24+0800,llvmss_misc_flops-6,native,3,cpu-cycles,2988250364,ok,,wasmer,cranelift
2026-05-13T15:59:24+0800,llvmss_misc_flops-6,native,3,L1-icache-load-misses,189522,ok,,wasmer,cranelift
2026-05-13T15:59:24+0800,llvmss_misc_flops-6,native,3,branch-misses,12428,ok,,wasmer,cranelift
2026-05-13T15:59:25+0800,llvmss_misc_flops-6,wasm-jit,3,r81d0,949429100,ok,,wasmer,cranelift
2026-05-13T15:59:25+0800,llvmss_misc_flops-6,wasm-jit,3,r82d0,163767989,ok,,wasmer,cranelift
2026-05-13T15:59:25+0800,llvmss_misc_flops-6,wasm-jit,3,r00c4,321412875,ok,,wasmer,cranelift
2026-05-13T15:59:25+0800,llvmss_misc_flops-6,wasm-jit,3,r01c4,2013258,ok,,wasmer,cranelift
2026-05-13T15:59:25+0800,llvmss_misc_flops-6,wasm-jit,3,r1c0,6610304333,ok,,wasmer,cranelift
2026-05-13T15:59:25+0800,llvmss_misc_flops-6,wasm-jit,3,cpu-cycles,3032991547,ok,,wasmer,cranelift
2026-05-13T15:59:25+0800,llvmss_misc_flops-6,wasm-jit,3,L1-icache-load-misses,1090680,ok,,wasmer,cranelift
2026-05-13T15:59:25+0800,llvmss_misc_flops-6,wasm-jit,3,branch-misses,147702,ok,,wasmer,cranelift
2026-05-13T15:59:26+0800,llvmss_misc_flops-6,wasm-aot,3,r81d0,948288190,ok,,wasmer,cranelift
2026-05-13T15:59:26+0800,llvmss_misc_flops-6,wasm-aot,3,r82d0,162993272,ok,,wasmer,cranelift
2026-05-13T15:59:26+0800,llvmss_misc_flops-6,wasm-aot,3,r00c4,320689738,ok,,wasmer,cranelift
2026-05-13T15:59:26+0800,llvmss_misc_flops-6,wasm-aot,3,r01c4,1872613,ok,,wasmer,cranelift
2026-05-13T15:59:26+0800,llvmss_misc_flops-6,wasm-aot,3,r1c0,6606336138,ok,,wasmer,cranelift
2026-05-13T15:59:26+0800,llvmss_misc_flops-6,wasm-aot,3,cpu-cycles,3017824058,ok,,wasmer,cranelift
2026-05-13T15:59:26+0800,llvmss_misc_flops-6,wasm-aot,3,L1-icache-load-misses,1040895,ok,,wasmer,cranelift
2026-05-13T15:59:26+0800,llvmss_misc_flops-6,wasm-aot,3,branch-misses,131979,ok,,wasmer,cranelift
2026-05-13T15:59:27+0800,llvmss_misc_flops-6,native,4,r81d0,314226935,ok,,wasmer,cranelift
2026-05-13T15:59:27+0800,llvmss_misc_flops-6,native,4,r82d0,1087514,ok,,wasmer,cranelift
2026-05-13T15:59:27+0800,llvmss_misc_flops-6,native,4,r00c4,157452181,ok,,wasmer,cranelift
2026-05-13T15:59:27+0800,llvmss_misc_flops-6,native,4,r01c4,156471158,ok,,wasmer,cranelift
2026-05-13T15:59:27+0800,llvmss_misc_flops-6,native,4,r1c0,5788210267,ok,,wasmer,cranelift
2026-05-13T15:59:27+0800,llvmss_misc_flops-6,native,4,cpu-cycles,2875316582,ok,,wasmer,cranelift
2026-05-13T15:59:27+0800,llvmss_misc_flops-6,native,4,L1-icache-load-misses,158531,ok,,wasmer,cranelift
2026-05-13T15:59:27+0800,llvmss_misc_flops-6,native,4,branch-misses,11196,ok,,wasmer,cranelift
2026-05-13T15:59:27+0800,llvmss_misc_flops-6,wasm-jit,4,r81d0,949355101,ok,,wasmer,cranelift
2026-05-13T15:59:27+0800,llvmss_misc_flops-6,wasm-jit,4,r82d0,163722993,ok,,wasmer,cranelift
2026-05-13T15:59:27+0800,llvmss_misc_flops-6,wasm-jit,4,r00c4,321343769,ok,,wasmer,cranelift
2026-05-13T15:59:27+0800,llvmss_misc_flops-6,wasm-jit,4,r01c4,1990553,ok,,wasmer,cranelift
2026-05-13T15:59:27+0800,llvmss_misc_flops-6,wasm-jit,4,r1c0,6609960101,ok,,wasmer,cranelift
2026-05-13T15:59:27+0800,llvmss_misc_flops-6,wasm-jit,4,cpu-cycles,3034425839,ok,,wasmer,cranelift
2026-05-13T15:59:27+0800,llvmss_misc_flops-6,wasm-jit,4,L1-icache-load-misses,1097817,ok,,wasmer,cranelift
2026-05-13T15:59:27+0800,llvmss_misc_flops-6,wasm-jit,4,branch-misses,147419,ok,,wasmer,cranelift
2026-05-13T15:59:28+0800,llvmss_misc_flops-6,wasm-aot,4,r81d0,948197199,ok,,wasmer,cranelift
2026-05-13T15:59:28+0800,llvmss_misc_flops-6,wasm-aot,4,r82d0,162931333,ok,,wasmer,cranelift
2026-05-13T15:59:28+0800,llvmss_misc_flops-6,wasm-aot,4,r00c4,320635907,ok,,wasmer,cranelift
2026-05-13T15:59:28+0800,llvmss_misc_flops-6,wasm-aot,4,r01c4,1863825,ok,,wasmer,cranelift
2026-05-13T15:59:28+0800,llvmss_misc_flops-6,wasm-aot,4,r1c0,6605983624,ok,,wasmer,cranelift
2026-05-13T15:59:28+0800,llvmss_misc_flops-6,wasm-aot,4,cpu-cycles,2919292285,ok,,wasmer,cranelift
2026-05-13T15:59:28+0800,llvmss_misc_flops-6,wasm-aot,4,L1-icache-load-misses,1034988,ok,,wasmer,cranelift
2026-05-13T15:59:28+0800,llvmss_misc_flops-6,wasm-aot,4,branch-misses,130509,ok,,wasmer,cranelift
2026-05-13T15:59:29+0800,llvmss_misc_flops-6,native,5,r81d0,314224167,ok,,wasmer,cranelift
2026-05-13T15:59:29+0800,llvmss_misc_flops-6,native,5,r82d0,1085780,ok,,wasmer,cranelift
2026-05-13T15:59:29+0800,llvmss_misc_flops-6,native,5,r00c4,157451992,ok,,wasmer,cranelift
2026-05-13T15:59:29+0800,llvmss_misc_flops-6,native,5,r01c4,156473287,ok,,wasmer,cranelift
2026-05-13T15:59:29+0800,llvmss_misc_flops-6,native,5,r1c0,5788184324,ok,,wasmer,cranelift
2026-05-13T15:59:29+0800,llvmss_misc_flops-6,native,5,cpu-cycles,2987709443,ok,,wasmer,cranelift
2026-05-13T15:59:29+0800,llvmss_misc_flops-6,native,5,L1-icache-load-misses,166334,ok,,wasmer,cranelift
2026-05-13T15:59:29+0800,llvmss_misc_flops-6,native,5,branch-misses,11601,ok,,wasmer,cranelift
2026-05-13T15:59:30+0800,llvmss_misc_flops-6,wasm-jit,5,r81d0,949542576,ok,,wasmer,cranelift
2026-05-13T15:59:30+0800,llvmss_misc_flops-6,wasm-jit,5,r82d0,163820931,ok,,wasmer,cranelift
2026-05-13T15:59:30+0800,llvmss_misc_flops-6,wasm-jit,5,r00c4,321487760,ok,,wasmer,cranelift
2026-05-13T15:59:30+0800,llvmss_misc_flops-6,wasm-jit,5,r01c4,2025849,ok,,wasmer,cranelift
2026-05-13T15:59:30+0800,llvmss_misc_flops-6,wasm-jit,5,r1c0,6610707411,ok,,wasmer,cranelift
2026-05-13T15:59:30+0800,llvmss_misc_flops-6,wasm-jit,5,cpu-cycles,3034682395,ok,,wasmer,cranelift
2026-05-13T15:59:30+0800,llvmss_misc_flops-6,wasm-jit,5,L1-icache-load-misses,1142929,ok,,wasmer,cranelift
2026-05-13T15:59:30+0800,llvmss_misc_flops-6,wasm-jit,5,branch-misses,153667,ok,,wasmer,cranelift
2026-05-13T15:59:31+0800,llvmss_misc_flops-6,wasm-aot,5,r81d0,948224511,ok,,wasmer,cranelift
2026-05-13T15:59:31+0800,llvmss_misc_flops-6,wasm-aot,5,r82d0,162946035,ok,,wasmer,cranelift
2026-05-13T15:59:31+0800,llvmss_misc_flops-6,wasm-aot,5,r00c4,320652271,ok,,wasmer,cranelift
2026-05-13T15:59:31+0800,llvmss_misc_flops-6,wasm-aot,5,r01c4,1865037,ok,,wasmer,cranelift
2026-05-13T15:59:31+0800,llvmss_misc_flops-6,wasm-aot,5,r1c0,6606078660,ok,,wasmer,cranelift
2026-05-13T15:59:31+0800,llvmss_misc_flops-6,wasm-aot,5,cpu-cycles,2919864555,ok,,wasmer,cranelift
2026-05-13T15:59:31+0800,llvmss_misc_flops-6,wasm-aot,5,L1-icache-load-misses,1045751,ok,,wasmer,cranelift
2026-05-13T15:59:31+0800,llvmss_misc_flops-6,wasm-aot,5,branch-misses,132189,ok,,wasmer,cranelift
2026-05-13T15:59:33+0800,llvmss_misc_flops-7,native,1,r81d0,1168329,ok,,wasmer,cranelift
2026-05-13T15:59:33+0800,llvmss_misc_flops-7,native,1,r82d0,729004,ok,,wasmer,cranelift
2026-05-13T15:59:33+0800,llvmss_misc_flops-7,native,1,r00c4,157074409,ok,,wasmer,cranelift
2026-05-13T15:59:33+0800,llvmss_misc_flops-7,native,1,r01c4,156405012,ok,,wasmer,cranelift
2026-05-13T15:59:33+0800,llvmss_misc_flops-7,native,1,r1c0,3285961490,ok,,wasmer,cranelift
2026-05-13T15:59:33+0800,llvmss_misc_flops-7,native,1,cpu-cycles,1914605862,ok,,wasmer,cranelift
2026-05-13T15:59:33+0800,llvmss_misc_flops-7,native,1,L1-icache-load-misses,126886,ok,,wasmer,cranelift
2026-05-13T15:59:33+0800,llvmss_misc_flops-7,native,1,branch-misses,11097,ok,,wasmer,cranelift
2026-05-13T15:59:34+0800,llvmss_misc_flops-7,wasm-jit,1,r81d0,323869923,ok,,wasmer,cranelift
2026-05-13T15:59:34+0800,llvmss_misc_flops-7,wasm-jit,1,r82d0,7152088,ok,,wasmer,cranelift
2026-05-13T15:59:34+0800,llvmss_misc_flops-7,wasm-jit,1,r00c4,164779789,ok,,wasmer,cranelift
2026-05-13T15:59:34+0800,llvmss_misc_flops-7,wasm-jit,1,r01c4,158193965,ok,,wasmer,cranelift
2026-05-13T15:59:34+0800,llvmss_misc_flops-7,wasm-jit,1,r1c0,2545542473,ok,,wasmer,cranelift
2026-05-13T15:59:34+0800,llvmss_misc_flops-7,wasm-jit,1,cpu-cycles,1921403528,ok,,wasmer,cranelift
2026-05-13T15:59:34+0800,llvmss_misc_flops-7,wasm-jit,1,L1-icache-load-misses,1075582,ok,,wasmer,cranelift
2026-05-13T15:59:34+0800,llvmss_misc_flops-7,wasm-jit,1,branch-misses,146815,ok,,wasmer,cranelift
2026-05-13T15:59:34+0800,llvmss_misc_flops-7,wasm-aot,1,r81d0,322712929,ok,,wasmer,cranelift
2026-05-13T15:59:34+0800,llvmss_misc_flops-7,wasm-aot,1,r82d0,6374450,ok,,wasmer,cranelift
2026-05-13T15:59:34+0800,llvmss_misc_flops-7,wasm-aot,1,r00c4,164040637,ok,,wasmer,cranelift
2026-05-13T15:59:34+0800,llvmss_misc_flops-7,wasm-aot,1,r01c4,158050384,ok,,wasmer,cranelift
2026-05-13T15:59:34+0800,llvmss_misc_flops-7,wasm-aot,1,r1c0,2541507049,ok,,wasmer,cranelift
2026-05-13T15:59:34+0800,llvmss_misc_flops-7,wasm-aot,1,cpu-cycles,1917078712,ok,,wasmer,cranelift
2026-05-13T15:59:34+0800,llvmss_misc_flops-7,wasm-aot,1,L1-icache-load-misses,995950,ok,,wasmer,cranelift
2026-05-13T15:59:34+0800,llvmss_misc_flops-7,wasm-aot,1,branch-misses,131098,ok,,wasmer,cranelift
2026-05-13T15:59:35+0800,llvmss_misc_flops-7,native,2,r81d0,1236515,ok,,wasmer,cranelift
2026-05-13T15:59:35+0800,llvmss_misc_flops-7,native,2,r82d0,778589,ok,,wasmer,cranelift
2026-05-13T15:59:35+0800,llvmss_misc_flops-7,native,2,r00c4,157117117,ok,,wasmer,cranelift
2026-05-13T15:59:35+0800,llvmss_misc_flops-7,native,2,r01c4,156411502,ok,,wasmer,cranelift
2026-05-13T15:59:35+0800,llvmss_misc_flops-7,native,2,r1c0,3286236302,ok,,wasmer,cranelift
2026-05-13T15:59:35+0800,llvmss_misc_flops-7,native,2,cpu-cycles,1915474437,ok,,wasmer,cranelift
2026-05-13T15:59:35+0800,llvmss_misc_flops-7,native,2,L1-icache-load-misses,138933,ok,,wasmer,cranelift
2026-05-13T15:59:35+0800,llvmss_misc_flops-7,native,2,branch-misses,10113,ok,,wasmer,cranelift
2026-05-13T15:59:35+0800,llvmss_misc_flops-7,wasm-jit,2,r81d0,323896185,ok,,wasmer,cranelift
2026-05-13T15:59:35+0800,llvmss_misc_flops-7,wasm-jit,2,r82d0,7169022,ok,,wasmer,cranelift
2026-05-13T15:59:35+0800,llvmss_misc_flops-7,wasm-jit,2,r00c4,164798290,ok,,wasmer,cranelift
2026-05-13T15:59:35+0800,llvmss_misc_flops-7,wasm-jit,2,r01c4,158196851,ok,,wasmer,cranelift
2026-05-13T15:59:35+0800,llvmss_misc_flops-7,wasm-jit,2,r1c0,2545643563,ok,,wasmer,cranelift
2026-05-13T15:59:35+0800,llvmss_misc_flops-7,wasm-jit,2,cpu-cycles,1918683814,ok,,wasmer,cranelift
2026-05-13T15:59:35+0800,llvmss_misc_flops-7,wasm-jit,2,L1-icache-load-misses,1073080,ok,,wasmer,cranelift
2026-05-13T15:59:35+0800,llvmss_misc_flops-7,wasm-jit,2,branch-misses,147246,ok,,wasmer,cranelift
2026-05-13T15:59:36+0800,llvmss_misc_flops-7,wasm-aot,2,r81d0,322693704,ok,,wasmer,cranelift
2026-05-13T15:59:36+0800,llvmss_misc_flops-7,wasm-aot,2,r82d0,6358573,ok,,wasmer,cranelift
2026-05-13T15:59:36+0800,llvmss_misc_flops-7,wasm-aot,2,r00c4,164035894,ok,,wasmer,cranelift
2026-05-13T15:59:36+0800,llvmss_misc_flops-7,wasm-aot,2,r01c4,158051309,ok,,wasmer,cranelift
2026-05-13T15:59:36+0800,llvmss_misc_flops-7,wasm-aot,2,r1c0,2541435773,ok,,wasmer,cranelift
2026-05-13T15:59:36+0800,llvmss_misc_flops-7,wasm-aot,2,cpu-cycles,1917523366,ok,,wasmer,cranelift
2026-05-13T15:59:36+0800,llvmss_misc_flops-7,wasm-aot,2,L1-icache-load-misses,990921,ok,,wasmer,cranelift
2026-05-13T15:59:36+0800,llvmss_misc_flops-7,wasm-aot,2,branch-misses,129296,ok,,wasmer,cranelift
2026-05-13T15:59:36+0800,llvmss_misc_flops-7,native,3,r81d0,1247695,ok,,wasmer,cranelift
2026-05-13T15:59:36+0800,llvmss_misc_flops-7,native,3,r82d0,785266,ok,,wasmer,cranelift
2026-05-13T15:59:36+0800,llvmss_misc_flops-7,native,3,r00c4,157125714,ok,,wasmer,cranelift
2026-05-13T15:59:36+0800,llvmss_misc_flops-7,native,3,r01c4,156413107,ok,,wasmer,cranelift
2026-05-13T15:59:36+0800,llvmss_misc_flops-7,native,3,r1c0,3286285436,ok,,wasmer,cranelift
2026-05-13T15:59:36+0800,llvmss_misc_flops-7,native,3,cpu-cycles,1922567612,ok,,wasmer,cranelift
2026-05-13T15:59:36+0800,llvmss_misc_flops-7,native,3,L1-icache-load-misses,140896,ok,,wasmer,cranelift
2026-05-13T15:59:36+0800,llvmss_misc_flops-7,native,3,branch-misses,10533,ok,,wasmer,cranelift
2026-05-13T15:59:37+0800,llvmss_misc_flops-7,wasm-jit,3,r81d0,323910679,ok,,wasmer,cranelift
2026-05-13T15:59:37+0800,llvmss_misc_flops-7,wasm-jit,3,r82d0,7188379,ok,,wasmer,cranelift
2026-05-13T15:59:37+0800,llvmss_misc_flops-7,wasm-jit,3,r00c4,164809451,ok,,wasmer,cranelift
2026-05-13T15:59:37+0800,llvmss_misc_flops-7,wasm-jit,3,r01c4,158200941,ok,,wasmer,cranelift
2026-05-13T15:59:37+0800,llvmss_misc_flops-7,wasm-jit,3,r1c0,2545727458,ok,,wasmer,cranelift
2026-05-13T15:59:37+0800,llvmss_misc_flops-7,wasm-jit,3,cpu-cycles,1921499819,ok,,wasmer,cranelift
2026-05-13T15:59:37+0800,llvmss_misc_flops-7,wasm-jit,3,L1-icache-load-misses,1094833,ok,,wasmer,cranelift
2026-05-13T15:59:37+0800,llvmss_misc_flops-7,wasm-jit,3,branch-misses,154009,ok,,wasmer,cranelift
2026-05-13T15:59:37+0800,llvmss_misc_flops-7,wasm-aot,3,r81d0,322743177,ok,,wasmer,cranelift
2026-05-13T15:59:37+0800,llvmss_misc_flops-7,wasm-aot,3,r82d0,6389970,ok,,wasmer,cranelift
2026-05-13T15:59:37+0800,llvmss_misc_flops-7,wasm-aot,3,r00c4,164079124,ok,,wasmer,cranelift
2026-05-13T15:59:37+0800,llvmss_misc_flops-7,wasm-aot,3,r01c4,158063449,ok,,wasmer,cranelift
2026-05-13T15:59:37+0800,llvmss_misc_flops-7,wasm-aot,3,r1c0,2541666230,ok,,wasmer,cranelift
2026-05-13T15:59:37+0800,llvmss_misc_flops-7,wasm-aot,3,cpu-cycles,1919609180,ok,,wasmer,cranelift
2026-05-13T15:59:37+0800,llvmss_misc_flops-7,wasm-aot,3,L1-icache-load-misses,1001631,ok,,wasmer,cranelift
2026-05-13T15:59:37+0800,llvmss_misc_flops-7,wasm-aot,3,branch-misses,131762,ok,,wasmer,cranelift
2026-05-13T15:59:38+0800,llvmss_misc_flops-7,native,4,r81d0,1204035,ok,,wasmer,cranelift
2026-05-13T15:59:38+0800,llvmss_misc_flops-7,native,4,r82d0,756265,ok,,wasmer,cranelift
2026-05-13T15:59:38+0800,llvmss_misc_flops-7,native,4,r00c4,157095169,ok,,wasmer,cranelift
2026-05-13T15:59:38+0800,llvmss_misc_flops-7,native,4,r01c4,156409194,ok,,wasmer,cranelift
2026-05-13T15:59:38+0800,llvmss_misc_flops-7,native,4,r1c0,3286103814,ok,,wasmer,cranelift
2026-05-13T15:59:38+0800,llvmss_misc_flops-7,native,4,cpu-cycles,1931399096,ok,,wasmer,cranelift
2026-05-13T15:59:38+0800,llvmss_misc_flops-7,native,4,L1-icache-load-misses,128782,ok,,wasmer,cranelift
2026-05-13T15:59:38+0800,llvmss_misc_flops-7,native,4,branch-misses,10445,ok,,wasmer,cranelift
2026-05-13T15:59:39+0800,llvmss_misc_flops-7,wasm-jit,4,r81d0,323812073,ok,,wasmer,cranelift
2026-05-13T15:59:39+0800,llvmss_misc_flops-7,wasm-jit,4,r82d0,7129641,ok,,wasmer,cranelift
2026-05-13T15:59:39+0800,llvmss_misc_flops-7,wasm-jit,4,r00c4,164738671,ok,,wasmer,cranelift
2026-05-13T15:59:39+0800,llvmss_misc_flops-7,wasm-jit,4,r01c4,158184373,ok,,wasmer,cranelift
2026-05-13T15:59:39+0800,llvmss_misc_flops-7,wasm-jit,4,r1c0,2545334072,ok,,wasmer,cranelift
2026-05-13T15:59:39+0800,llvmss_misc_flops-7,wasm-jit,4,cpu-cycles,1919360547,ok,,wasmer,cranelift
2026-05-13T15:59:39+0800,llvmss_misc_flops-7,wasm-jit,4,L1-icache-load-misses,1043004,ok,,wasmer,cranelift
2026-05-13T15:59:39+0800,llvmss_misc_flops-7,wasm-jit,4,branch-misses,148501,ok,,wasmer,cranelift
2026-05-13T15:59:39+0800,llvmss_misc_flops-7,wasm-aot,4,r81d0,322710028,ok,,wasmer,cranelift
2026-05-13T15:59:39+0800,llvmss_misc_flops-7,wasm-aot,4,r82d0,6368883,ok,,wasmer,cranelift
2026-05-13T15:59:39+0800,llvmss_misc_flops-7,wasm-aot,4,r00c4,164049499,ok,,wasmer,cranelift
2026-05-13T15:59:39+0800,llvmss_misc_flops-7,wasm-aot,4,r01c4,158052706,ok,,wasmer,cranelift
2026-05-13T15:59:39+0800,llvmss_misc_flops-7,wasm-aot,4,r1c0,2541520504,ok,,wasmer,cranelift
2026-05-13T15:59:39+0800,llvmss_misc_flops-7,wasm-aot,4,cpu-cycles,1918687572,ok,,wasmer,cranelift
2026-05-13T15:59:39+0800,llvmss_misc_flops-7,wasm-aot,4,L1-icache-load-misses,974466,ok,,wasmer,cranelift
2026-05-13T15:59:39+0800,llvmss_misc_flops-7,wasm-aot,4,branch-misses,128708,ok,,wasmer,cranelift
2026-05-13T15:59:40+0800,llvmss_misc_flops-7,native,5,r81d0,1220916,ok,,wasmer,cranelift
2026-05-13T15:59:40+0800,llvmss_misc_flops-7,native,5,r82d0,768720,ok,,wasmer,cranelift
2026-05-13T15:59:40+0800,llvmss_misc_flops-7,native,5,r00c4,157105967,ok,,wasmer,cranelift
2026-05-13T15:59:40+0800,llvmss_misc_flops-7,native,5,r01c4,156408351,ok,,wasmer,cranelift
2026-05-13T15:59:40+0800,llvmss_misc_flops-7,native,5,r1c0,3286170529,ok,,wasmer,cranelift
2026-05-13T15:59:40+0800,llvmss_misc_flops-7,native,5,cpu-cycles,1922048630,ok,,wasmer,cranelift
2026-05-13T15:59:40+0800,llvmss_misc_flops-7,native,5,L1-icache-load-misses,125844,ok,,wasmer,cranelift
2026-05-13T15:59:40+0800,llvmss_misc_flops-7,native,5,branch-misses,10103,ok,,wasmer,cranelift
2026-05-13T15:59:40+0800,llvmss_misc_flops-7,wasm-jit,5,r81d0,323850646,ok,,wasmer,cranelift
2026-05-13T15:59:40+0800,llvmss_misc_flops-7,wasm-jit,5,r82d0,7136653,ok,,wasmer,cranelift
2026-05-13T15:59:40+0800,llvmss_misc_flops-7,wasm-jit,5,r00c4,164767834,ok,,wasmer,cranelift
2026-05-13T15:59:40+0800,llvmss_misc_flops-7,wasm-jit,5,r01c4,158187008,ok,,wasmer,cranelift
2026-05-13T15:59:40+0800,llvmss_misc_flops-7,wasm-jit,5,r1c0,2545479967,ok,,wasmer,cranelift
2026-05-13T15:59:40+0800,llvmss_misc_flops-7,wasm-jit,5,cpu-cycles,1920991915,ok,,wasmer,cranelift
2026-05-13T15:59:40+0800,llvmss_misc_flops-7,wasm-jit,5,L1-icache-load-misses,1069432,ok,,wasmer,cranelift
2026-05-13T15:59:40+0800,llvmss_misc_flops-7,wasm-jit,5,branch-misses,147588,ok,,wasmer,cranelift
2026-05-13T15:59:41+0800,llvmss_misc_flops-7,wasm-aot,5,r81d0,322656243,ok,,wasmer,cranelift
2026-05-13T15:59:41+0800,llvmss_misc_flops-7,wasm-aot,5,r82d0,6335317,ok,,wasmer,cranelift
2026-05-13T15:59:41+0800,llvmss_misc_flops-7,wasm-aot,5,r00c4,164023746,ok,,wasmer,cranelift
2026-05-13T15:59:41+0800,llvmss_misc_flops-7,wasm-aot,5,r01c4,158054326,ok,,wasmer,cranelift
2026-05-13T15:59:41+0800,llvmss_misc_flops-7,wasm-aot,5,r1c0,2541353731,ok,,wasmer,cranelift
2026-05-13T15:59:41+0800,llvmss_misc_flops-7,wasm-aot,5,cpu-cycles,1917386439,ok,,wasmer,cranelift
2026-05-13T15:59:41+0800,llvmss_misc_flops-7,wasm-aot,5,L1-icache-load-misses,971948,ok,,wasmer,cranelift
2026-05-13T15:59:41+0800,llvmss_misc_flops-7,wasm-aot,5,branch-misses,129707,ok,,wasmer,cranelift
2026-05-13T15:59:44+0800,llvmss_misc_flops-8,native,1,r81d0,314300524,ok,,wasmer,cranelift
2026-05-13T15:59:44+0800,llvmss_misc_flops-8,native,1,r82d0,1134808,ok,,wasmer,cranelift
2026-05-13T15:59:44+0800,llvmss_misc_flops-8,native,1,r00c4,157504720,ok,,wasmer,cranelift
2026-05-13T15:59:44+0800,llvmss_misc_flops-8,native,1,r01c4,156483196,ok,,wasmer,cranelift
2026-05-13T15:59:44+0800,llvmss_misc_flops-8,native,1,r1c0,5944723109,ok,,wasmer,cranelift
2026-05-13T15:59:44+0800,llvmss_misc_flops-8,native,1,cpu-cycles,3084766343,ok,,wasmer,cranelift
2026-05-13T15:59:44+0800,llvmss_misc_flops-8,native,1,L1-icache-load-misses,184194,ok,,wasmer,cranelift
2026-05-13T15:59:44+0800,llvmss_misc_flops-8,native,1,branch-misses,12953,ok,,wasmer,cranelift
2026-05-13T15:59:45+0800,llvmss_misc_flops-8,wasm-jit,1,r81d0,1261983819,ok,,wasmer,cranelift
2026-05-13T15:59:45+0800,llvmss_misc_flops-8,wasm-jit,1,r82d0,632556571,ok,,wasmer,cranelift
2026-05-13T15:59:45+0800,llvmss_misc_flops-8,wasm-jit,1,r00c4,321444293,ok,,wasmer,cranelift
2026-05-13T15:59:45+0800,llvmss_misc_flops-8,wasm-jit,1,r01c4,2013969,ok,,wasmer,cranelift
2026-05-13T15:59:45+0800,llvmss_misc_flops-8,wasm-jit,1,r1c0,7548015714,ok,,wasmer,cranelift
2026-05-13T15:59:45+0800,llvmss_misc_flops-8,wasm-jit,1,cpu-cycles,3103182124,ok,,wasmer,cranelift
2026-05-13T15:59:45+0800,llvmss_misc_flops-8,wasm-jit,1,L1-icache-load-misses,1131505,ok,,wasmer,cranelift
2026-05-13T15:59:45+0800,llvmss_misc_flops-8,wasm-jit,1,branch-misses,153064,ok,,wasmer,cranelift
2026-05-13T15:59:46+0800,llvmss_misc_flops-8,wasm-aot,1,r81d0,1260761934,ok,,wasmer,cranelift
2026-05-13T15:59:46+0800,llvmss_misc_flops-8,wasm-aot,1,r82d0,631733791,ok,,wasmer,cranelift
2026-05-13T15:59:46+0800,llvmss_misc_flops-8,wasm-aot,1,r00c4,320669499,ok,,wasmer,cranelift
2026-05-13T15:59:46+0800,llvmss_misc_flops-8,wasm-aot,1,r01c4,1866262,ok,,wasmer,cranelift
2026-05-13T15:59:46+0800,llvmss_misc_flops-8,wasm-aot,1,r1c0,7543733012,ok,,wasmer,cranelift
2026-05-13T15:59:46+0800,llvmss_misc_flops-8,wasm-aot,1,cpu-cycles,3053485256,ok,,wasmer,cranelift
2026-05-13T15:59:46+0800,llvmss_misc_flops-8,wasm-aot,1,L1-icache-load-misses,1021478,ok,,wasmer,cranelift
2026-05-13T15:59:46+0800,llvmss_misc_flops-8,wasm-aot,1,branch-misses,128547,ok,,wasmer,cranelift
2026-05-13T15:59:47+0800,llvmss_misc_flops-8,native,2,r81d0,314259075,ok,,wasmer,cranelift
2026-05-13T15:59:47+0800,llvmss_misc_flops-8,native,2,r82d0,1108616,ok,,wasmer,cranelift
2026-05-13T15:59:47+0800,llvmss_misc_flops-8,native,2,r00c4,157474473,ok,,wasmer,cranelift
2026-05-13T15:59:47+0800,llvmss_misc_flops-8,native,2,r01c4,156479132,ok,,wasmer,cranelift
2026-05-13T15:59:47+0800,llvmss_misc_flops-8,native,2,r1c0,5944571853,ok,,wasmer,cranelift
2026-05-13T15:59:47+0800,llvmss_misc_flops-8,native,2,cpu-cycles,2948468599,ok,,wasmer,cranelift
2026-05-13T15:59:47+0800,llvmss_misc_flops-8,native,2,L1-icache-load-misses,176844,ok,,wasmer,cranelift
2026-05-13T15:59:47+0800,llvmss_misc_flops-8,native,2,branch-misses,11726,ok,,wasmer,cranelift
2026-05-13T15:59:48+0800,llvmss_misc_flops-8,wasm-jit,2,r81d0,1261983546,ok,,wasmer,cranelift
2026-05-13T15:59:48+0800,llvmss_misc_flops-8,wasm-jit,2,r82d0,632528641,ok,,wasmer,cranelift
2026-05-13T15:59:48+0800,llvmss_misc_flops-8,wasm-jit,2,r00c4,321451507,ok,,wasmer,cranelift
2026-05-13T15:59:48+0800,llvmss_misc_flops-8,wasm-jit,2,r01c4,2016670,ok,,wasmer,cranelift
2026-05-13T15:59:48+0800,llvmss_misc_flops-8,wasm-jit,2,r1c0,7547980232,ok,,wasmer,cranelift
2026-05-13T15:59:48+0800,llvmss_misc_flops-8,wasm-jit,2,cpu-cycles,3101404715,ok,,wasmer,cranelift
2026-05-13T15:59:48+0800,llvmss_misc_flops-8,wasm-jit,2,L1-icache-load-misses,1106817,ok,,wasmer,cranelift
2026-05-13T15:59:48+0800,llvmss_misc_flops-8,wasm-jit,2,branch-misses,151789,ok,,wasmer,cranelift
2026-05-13T15:59:49+0800,llvmss_misc_flops-8,wasm-aot,2,r81d0,1260731161,ok,,wasmer,cranelift
2026-05-13T15:59:49+0800,llvmss_misc_flops-8,wasm-aot,2,r82d0,631702079,ok,,wasmer,cranelift
2026-05-13T15:59:49+0800,llvmss_misc_flops-8,wasm-aot,2,r00c4,320644448,ok,,wasmer,cranelift
2026-05-13T15:59:49+0800,llvmss_misc_flops-8,wasm-aot,2,r01c4,1861051,ok,,wasmer,cranelift
2026-05-13T15:59:49+0800,llvmss_misc_flops-8,wasm-aot,2,r1c0,7543583251,ok,,wasmer,cranelift
2026-05-13T15:59:49+0800,llvmss_misc_flops-8,wasm-aot,2,cpu-cycles,3113936768,ok,,wasmer,cranelift
2026-05-13T15:59:49+0800,llvmss_misc_flops-8,wasm-aot,2,L1-icache-load-misses,1036537,ok,,wasmer,cranelift
2026-05-13T15:59:49+0800,llvmss_misc_flops-8,wasm-aot,2,branch-misses,132942,ok,,wasmer,cranelift
2026-05-13T15:59:50+0800,llvmss_misc_flops-8,native,3,r81d0,314334537,ok,,wasmer,cranelift
2026-05-13T15:59:50+0800,llvmss_misc_flops-8,native,3,r82d0,1156393,ok,,wasmer,cranelift
2026-05-13T15:59:50+0800,llvmss_misc_flops-8,native,3,r00c4,157523055,ok,,wasmer,cranelift
2026-05-13T15:59:50+0800,llvmss_misc_flops-8,native,3,r01c4,156484824,ok,,wasmer,cranelift
2026-05-13T15:59:50+0800,llvmss_misc_flops-8,native,3,r1c0,5944887423,ok,,wasmer,cranelift
2026-05-13T15:59:50+0800,llvmss_misc_flops-8,native,3,cpu-cycles,3103329550,ok,,wasmer,cranelift
2026-05-13T15:59:50+0800,llvmss_misc_flops-8,native,3,L1-icache-load-misses,177034,ok,,wasmer,cranelift
2026-05-13T15:59:50+0800,llvmss_misc_flops-8,native,3,branch-misses,11215,ok,,wasmer,cranelift
2026-05-13T15:59:50+0800,llvmss_misc_flops-8,wasm-jit,3,r81d0,1262083416,ok,,wasmer,cranelift
2026-05-13T15:59:50+0800,llvmss_misc_flops-8,wasm-jit,3,r82d0,632623262,ok,,wasmer,cranelift
2026-05-13T15:59:50+0800,llvmss_misc_flops-8,wasm-jit,3,r00c4,321528731,ok,,wasmer,cranelift
2026-05-13T15:59:50+0800,llvmss_misc_flops-8,wasm-jit,3,r01c4,2038645,ok,,wasmer,cranelift
2026-05-13T15:59:50+0800,llvmss_misc_flops-8,wasm-jit,3,r1c0,7548436114,ok,,wasmer,cranelift
2026-05-13T15:59:50+0800,llvmss_misc_flops-8,wasm-jit,3,cpu-cycles,3053451294,ok,,wasmer,cranelift
2026-05-13T15:59:50+0800,llvmss_misc_flops-8,wasm-jit,3,L1-icache-load-misses,1169254,ok,,wasmer,cranelift
2026-05-13T15:59:50+0800,llvmss_misc_flops-8,wasm-jit,3,branch-misses,155324,ok,,wasmer,cranelift
2026-05-13T15:59:51+0800,llvmss_misc_flops-8,wasm-aot,3,r81d0,1260865326,ok,,wasmer,cranelift
2026-05-13T15:59:51+0800,llvmss_misc_flops-8,wasm-aot,3,r82d0,631801278,ok,,wasmer,cranelift
2026-05-13T15:59:51+0800,llvmss_misc_flops-8,wasm-aot,3,r00c4,320751852,ok,,wasmer,cranelift
2026-05-13T15:59:51+0800,llvmss_misc_flops-8,wasm-aot,3,r01c4,1885511,ok,,wasmer,cranelift
2026-05-13T15:59:51+0800,llvmss_misc_flops-8,wasm-aot,3,r1c0,7544204477,ok,,wasmer,cranelift
2026-05-13T15:59:51+0800,llvmss_misc_flops-8,wasm-aot,3,cpu-cycles,3100347300,ok,,wasmer,cranelift
2026-05-13T15:59:51+0800,llvmss_misc_flops-8,wasm-aot,3,L1-icache-load-misses,1085296,ok,,wasmer,cranelift
2026-05-13T15:59:51+0800,llvmss_misc_flops-8,wasm-aot,3,branch-misses,135901,ok,,wasmer,cranelift
2026-05-13T15:59:52+0800,llvmss_misc_flops-8,native,4,r81d0,314260340,ok,,wasmer,cranelift
2026-05-13T15:59:52+0800,llvmss_misc_flops-8,native,4,r82d0,1111349,ok,,wasmer,cranelift
2026-05-13T15:59:52+0800,llvmss_misc_flops-8,native,4,r00c4,157481167,ok,,wasmer,cranelift
2026-05-13T15:59:52+0800,llvmss_misc_flops-8,native,4,r01c4,156478957,ok,,wasmer,cranelift
2026-05-13T15:59:52+0800,llvmss_misc_flops-8,native,4,r1c0,5944595289,ok,,wasmer,cranelift
2026-05-13T15:59:52+0800,llvmss_misc_flops-8,native,4,cpu-cycles,2948315738,ok,,wasmer,cranelift
2026-05-13T15:59:52+0800,llvmss_misc_flops-8,native,4,L1-icache-load-misses,186814,ok,,wasmer,cranelift
2026-05-13T15:59:52+0800,llvmss_misc_flops-8,native,4,branch-misses,11683,ok,,wasmer,cranelift
2026-05-13T15:59:53+0800,llvmss_misc_flops-8,wasm-jit,4,r81d0,1262008676,ok,,wasmer,cranelift
2026-05-13T15:59:53+0800,llvmss_misc_flops-8,wasm-jit,4,r82d0,632575229,ok,,wasmer,cranelift
2026-05-13T15:59:53+0800,llvmss_misc_flops-8,wasm-jit,4,r00c4,321463256,ok,,wasmer,cranelift
2026-05-13T15:59:53+0800,llvmss_misc_flops-8,wasm-jit,4,r01c4,2020620,ok,,wasmer,cranelift
2026-05-13T15:59:53+0800,llvmss_misc_flops-8,wasm-jit,4,r1c0,7548101473,ok,,wasmer,cranelift
2026-05-13T15:59:53+0800,llvmss_misc_flops-8,wasm-jit,4,cpu-cycles,3104168587,ok,,wasmer,cranelift
2026-05-13T15:59:53+0800,llvmss_misc_flops-8,wasm-jit,4,L1-icache-load-misses,1147413,ok,,wasmer,cranelift
2026-05-13T15:59:53+0800,llvmss_misc_flops-8,wasm-jit,4,branch-misses,152324,ok,,wasmer,cranelift
2026-05-13T15:59:54+0800,llvmss_misc_flops-8,wasm-aot,4,r81d0,1260787596,ok,,wasmer,cranelift
2026-05-13T15:59:54+0800,llvmss_misc_flops-8,wasm-aot,4,r82d0,631739839,ok,,wasmer,cranelift
2026-05-13T15:59:54+0800,llvmss_misc_flops-8,wasm-aot,4,r00c4,320687901,ok,,wasmer,cranelift
2026-05-13T15:59:54+0800,llvmss_misc_flops-8,wasm-aot,4,r01c4,1871930,ok,,wasmer,cranelift
2026-05-13T15:59:54+0800,llvmss_misc_flops-8,wasm-aot,4,r1c0,7543805586,ok,,wasmer,cranelift
2026-05-13T15:59:54+0800,llvmss_misc_flops-8,wasm-aot,4,cpu-cycles,3123635130,ok,,wasmer,cranelift
2026-05-13T15:59:54+0800,llvmss_misc_flops-8,wasm-aot,4,L1-icache-load-misses,1043342,ok,,wasmer,cranelift
2026-05-13T15:59:54+0800,llvmss_misc_flops-8,wasm-aot,4,branch-misses,133971,ok,,wasmer,cranelift
2026-05-13T15:59:55+0800,llvmss_misc_flops-8,native,5,r81d0,314305731,ok,,wasmer,cranelift
2026-05-13T15:59:55+0800,llvmss_misc_flops-8,native,5,r82d0,1139370,ok,,wasmer,cranelift
2026-05-13T15:59:55+0800,llvmss_misc_flops-8,native,5,r00c4,157506972,ok,,wasmer,cranelift
2026-05-13T15:59:55+0800,llvmss_misc_flops-8,native,5,r01c4,156483769,ok,,wasmer,cranelift
2026-05-13T15:59:55+0800,llvmss_misc_flops-8,native,5,r1c0,5944760183,ok,,wasmer,cranelift
2026-05-13T15:59:55+0800,llvmss_misc_flops-8,native,5,cpu-cycles,3092482696,ok,,wasmer,cranelift
2026-05-13T15:59:55+0800,llvmss_misc_flops-8,native,5,L1-icache-load-misses,184374,ok,,wasmer,cranelift
2026-05-13T15:59:55+0800,llvmss_misc_flops-8,native,5,branch-misses,12288,ok,,wasmer,cranelift
2026-05-13T15:59:56+0800,llvmss_misc_flops-8,wasm-jit,5,r81d0,1261989582,ok,,wasmer,cranelift
2026-05-13T15:59:56+0800,llvmss_misc_flops-8,wasm-jit,5,r82d0,632548099,ok,,wasmer,cranelift
2026-05-13T15:59:56+0800,llvmss_misc_flops-8,wasm-jit,5,r00c4,321457662,ok,,wasmer,cranelift
2026-05-13T15:59:56+0800,llvmss_misc_flops-8,wasm-jit,5,r01c4,2023725,ok,,wasmer,cranelift
2026-05-13T15:59:56+0800,llvmss_misc_flops-8,wasm-jit,5,r1c0,7548035354,ok,,wasmer,cranelift
2026-05-13T15:59:56+0800,llvmss_misc_flops-8,wasm-jit,5,cpu-cycles,3120851295,ok,,wasmer,cranelift
2026-05-13T15:59:56+0800,llvmss_misc_flops-8,wasm-jit,5,L1-icache-load-misses,1124487,ok,,wasmer,cranelift
2026-05-13T15:59:56+0800,llvmss_misc_flops-8,wasm-jit,5,branch-misses,153560,ok,,wasmer,cranelift
2026-05-13T15:59:57+0800,llvmss_misc_flops-8,wasm-aot,5,r81d0,1260840064,ok,,wasmer,cranelift
2026-05-13T15:59:57+0800,llvmss_misc_flops-8,wasm-aot,5,r82d0,631767812,ok,,wasmer,cranelift
2026-05-13T15:59:57+0800,llvmss_misc_flops-8,wasm-aot,5,r00c4,320732853,ok,,wasmer,cranelift
2026-05-13T15:59:57+0800,llvmss_misc_flops-8,wasm-aot,5,r01c4,1880459,ok,,wasmer,cranelift
2026-05-13T15:59:57+0800,llvmss_misc_flops-8,wasm-aot,5,r1c0,7544045519,ok,,wasmer,cranelift
2026-05-13T15:59:57+0800,llvmss_misc_flops-8,wasm-aot,5,cpu-cycles,3053589648,ok,,wasmer,cranelift
2026-05-13T15:59:57+0800,llvmss_misc_flops-8,wasm-aot,5,L1-icache-load-misses,1036885,ok,,wasmer,cranelift
2026-05-13T15:59:57+0800,llvmss_misc_flops-8,wasm-aot,5,branch-misses,131925,ok,,wasmer,cranelift
2026-05-13T16:00:13+0800,llvmss_misc_flops,native,1,r81d0,384429197,ok,,wasmer,cranelift
2026-05-13T16:00:13+0800,llvmss_misc_flops,native,1,r82d0,4407333,ok,,wasmer,cranelift
2026-05-13T16:00:13+0800,llvmss_misc_flops,native,1,r00c4,1445547730,ok,,wasmer,cranelift
2026-05-13T16:00:13+0800,llvmss_misc_flops,native,1,r01c4,1441615037,ok,,wasmer,cranelift
2026-05-13T16:00:13+0800,llvmss_misc_flops,native,1,r1c0,31641153752,ok,,wasmer,cranelift
2026-05-13T16:00:13+0800,llvmss_misc_flops,native,1,cpu-cycles,13062036163,ok,,wasmer,cranelift
2026-05-13T16:00:13+0800,llvmss_misc_flops,native,1,L1-icache-load-misses,605232,ok,,wasmer,cranelift
2026-05-13T16:00:13+0800,llvmss_misc_flops,native,1,branch-misses,28419,ok,,wasmer,cranelift
2026-05-13T16:00:18+0800,llvmss_misc_flops,wasm-jit,1,r81d0,4772806328,ok,,wasmer,cranelift
2026-05-13T16:00:18+0800,llvmss_misc_flops,wasm-jit,1,r82d0,3821901070,ok,,wasmer,cranelift
2026-05-13T16:00:18+0800,llvmss_misc_flops,wasm-jit,1,r00c4,3068732355,ok,,wasmer,cranelift
2026-05-13T16:00:18+0800,llvmss_misc_flops,wasm-jit,1,r01c4,2946114,ok,,wasmer,cranelift
2026-05-13T16:00:18+0800,llvmss_misc_flops,wasm-jit,1,r1c0,38333941914,ok,,wasmer,cranelift
2026-05-13T16:00:18+0800,llvmss_misc_flops,wasm-jit,1,cpu-cycles,16546324220,ok,,wasmer,cranelift
2026-05-13T16:00:18+0800,llvmss_misc_flops,wasm-jit,1,L1-icache-load-misses,1795536,ok,,wasmer,cranelift
2026-05-13T16:00:18+0800,llvmss_misc_flops,wasm-jit,1,branch-misses,177969,ok,,wasmer,cranelift
2026-05-13T16:00:22+0800,llvmss_misc_flops,wasm-aot,1,r81d0,4771236125,ok,,wasmer,cranelift
2026-05-13T16:00:22+0800,llvmss_misc_flops,wasm-aot,1,r82d0,3820856910,ok,,wasmer,cranelift
2026-05-13T16:00:22+0800,llvmss_misc_flops,wasm-aot,1,r00c4,3067721872,ok,,wasmer,cranelift
2026-05-13T16:00:22+0800,llvmss_misc_flops,wasm-aot,1,r01c4,2773622,ok,,wasmer,cranelift
2026-05-13T16:00:22+0800,llvmss_misc_flops,wasm-aot,1,r1c0,38328453241,ok,,wasmer,cranelift
2026-05-13T16:00:22+0800,llvmss_misc_flops,wasm-aot,1,cpu-cycles,16546396497,ok,,wasmer,cranelift
2026-05-13T16:00:22+0800,llvmss_misc_flops,wasm-aot,1,L1-icache-load-misses,1686658,ok,,wasmer,cranelift
2026-05-13T16:00:22+0800,llvmss_misc_flops,wasm-aot,1,branch-misses,154846,ok,,wasmer,cranelift
2026-05-13T16:00:26+0800,llvmss_misc_flops,native,2,r81d0,384464796,ok,,wasmer,cranelift
2026-05-13T16:00:26+0800,llvmss_misc_flops,native,2,r82d0,4426643,ok,,wasmer,cranelift
2026-05-13T16:00:26+0800,llvmss_misc_flops,native,2,r00c4,1445572345,ok,,wasmer,cranelift
2026-05-13T16:00:26+0800,llvmss_misc_flops,native,2,r01c4,1441637250,ok,,wasmer,cranelift
2026-05-13T16:00:26+0800,llvmss_misc_flops,native,2,r1c0,31641324710,ok,,wasmer,cranelift
2026-05-13T16:00:26+0800,llvmss_misc_flops,native,2,cpu-cycles,13061057461,ok,,wasmer,cranelift
2026-05-13T16:00:26+0800,llvmss_misc_flops,native,2,L1-icache-load-misses,601977,ok,,wasmer,cranelift
2026-05-13T16:00:26+0800,llvmss_misc_flops,native,2,branch-misses,28967,ok,,wasmer,cranelift
2026-05-13T16:00:31+0800,llvmss_misc_flops,wasm-jit,2,r81d0,4772569256,ok,,wasmer,cranelift
2026-05-13T16:00:31+0800,llvmss_misc_flops,wasm-jit,2,r82d0,3821732059,ok,,wasmer,cranelift
2026-05-13T16:00:31+0800,llvmss_misc_flops,wasm-jit,2,r00c4,3068559747,ok,,wasmer,cranelift
2026-05-13T16:00:31+0800,llvmss_misc_flops,wasm-jit,2,r01c4,2919248,ok,,wasmer,cranelift
2026-05-13T16:00:31+0800,llvmss_misc_flops,wasm-jit,2,r1c0,38332992375,ok,,wasmer,cranelift
2026-05-13T16:00:31+0800,llvmss_misc_flops,wasm-jit,2,cpu-cycles,16540237160,ok,,wasmer,cranelift
2026-05-13T16:00:31+0800,llvmss_misc_flops,wasm-jit,2,L1-icache-load-misses,1766146,ok,,wasmer,cranelift
2026-05-13T16:00:31+0800,llvmss_misc_flops,wasm-jit,2,branch-misses,177840,ok,,wasmer,cranelift
2026-05-13T16:00:35+0800,llvmss_misc_flops,wasm-aot,2,r81d0,4771318168,ok,,wasmer,cranelift
2026-05-13T16:00:35+0800,llvmss_misc_flops,wasm-aot,2,r82d0,3820897663,ok,,wasmer,cranelift
2026-05-13T16:00:35+0800,llvmss_misc_flops,wasm-aot,2,r00c4,3067789104,ok,,wasmer,cranelift
2026-05-13T16:00:35+0800,llvmss_misc_flops,wasm-aot,2,r01c4,2776710,ok,,wasmer,cranelift
2026-05-13T16:00:35+0800,llvmss_misc_flops,wasm-aot,2,r1c0,38328765253,ok,,wasmer,cranelift
2026-05-13T16:00:35+0800,llvmss_misc_flops,wasm-aot,2,cpu-cycles,16544895186,ok,,wasmer,cranelift
2026-05-13T16:00:35+0800,llvmss_misc_flops,wasm-aot,2,L1-icache-load-misses,1748913,ok,,wasmer,cranelift
2026-05-13T16:00:35+0800,llvmss_misc_flops,wasm-aot,2,branch-misses,158599,ok,,wasmer,cranelift
2026-05-13T16:00:39+0800,llvmss_misc_flops,native,3,r81d0,384490668,ok,,wasmer,cranelift
2026-05-13T16:00:39+0800,llvmss_misc_flops,native,3,r82d0,4453351,ok,,wasmer,cranelift
2026-05-13T16:00:39+0800,llvmss_misc_flops,native,3,r00c4,1445597364,ok,,wasmer,cranelift
2026-05-13T16:00:39+0800,llvmss_misc_flops,native,3,r01c4,1441627593,ok,,wasmer,cranelift
2026-05-13T16:00:39+0800,llvmss_misc_flops,native,3,r1c0,31641430218,ok,,wasmer,cranelift
2026-05-13T16:00:39+0800,llvmss_misc_flops,native,3,cpu-cycles,13061234043,ok,,wasmer,cranelift
2026-05-13T16:00:39+0800,llvmss_misc_flops,native,3,L1-icache-load-misses,629845,ok,,wasmer,cranelift
2026-05-13T16:00:39+0800,llvmss_misc_flops,native,3,branch-misses,29259,ok,,wasmer,cranelift
2026-05-13T16:00:43+0800,llvmss_misc_flops,wasm-jit,3,r81d0,4772752394,ok,,wasmer,cranelift
2026-05-13T16:00:43+0800,llvmss_misc_flops,wasm-jit,3,r82d0,3821852635,ok,,wasmer,cranelift
2026-05-13T16:00:43+0800,llvmss_misc_flops,wasm-jit,3,r00c4,3068690181,ok,,wasmer,cranelift
2026-05-13T16:00:43+0800,llvmss_misc_flops,wasm-jit,3,r01c4,2937012,ok,,wasmer,cranelift
2026-05-13T16:00:43+0800,llvmss_misc_flops,wasm-jit,3,r1c0,38333722529,ok,,wasmer,cranelift
2026-05-13T16:00:43+0800,llvmss_misc_flops,wasm-jit,3,cpu-cycles,16543180277,ok,,wasmer,cranelift
2026-05-13T16:00:43+0800,llvmss_misc_flops,wasm-jit,3,L1-icache-load-misses,1813861,ok,,wasmer,cranelift
2026-05-13T16:00:43+0800,llvmss_misc_flops,wasm-jit,3,branch-misses,178473,ok,,wasmer,cranelift
2026-05-13T16:00:48+0800,llvmss_misc_flops,wasm-aot,3,r81d0,4771354140,ok,,wasmer,cranelift
2026-05-13T16:00:48+0800,llvmss_misc_flops,wasm-aot,3,r82d0,3820923523,ok,,wasmer,cranelift
2026-05-13T16:00:48+0800,llvmss_misc_flops,wasm-aot,3,r00c4,3067808569,ok,,wasmer,cranelift
2026-05-13T16:00:48+0800,llvmss_misc_flops,wasm-aot,3,r01c4,2766474,ok,,wasmer,cranelift
2026-05-13T16:00:48+0800,llvmss_misc_flops,wasm-aot,3,r1c0,38328877466,ok,,wasmer,cranelift
2026-05-13T16:00:48+0800,llvmss_misc_flops,wasm-aot,3,cpu-cycles,16546039891,ok,,wasmer,cranelift
2026-05-13T16:00:48+0800,llvmss_misc_flops,wasm-aot,3,L1-icache-load-misses,1726986,ok,,wasmer,cranelift
2026-05-13T16:00:48+0800,llvmss_misc_flops,wasm-aot,3,branch-misses,161312,ok,,wasmer,cranelift
2026-05-13T16:00:52+0800,llvmss_misc_flops,native,4,r81d0,384498159,ok,,wasmer,cranelift
2026-05-13T16:00:52+0800,llvmss_misc_flops,native,4,r82d0,4453933,ok,,wasmer,cranelift
2026-05-13T16:00:52+0800,llvmss_misc_flops,native,4,r00c4,1445601590,ok,,wasmer,cranelift
2026-05-13T16:00:52+0800,llvmss_misc_flops,native,4,r01c4,1441627938,ok,,wasmer,cranelift
2026-05-13T16:00:52+0800,llvmss_misc_flops,native,4,r1c0,31641511158,ok,,wasmer,cranelift
2026-05-13T16:00:52+0800,llvmss_misc_flops,native,4,cpu-cycles,13061399856,ok,,wasmer,cranelift
2026-05-13T16:00:52+0800,llvmss_misc_flops,native,4,L1-icache-load-misses,610009,ok,,wasmer,cranelift
2026-05-13T16:00:52+0800,llvmss_misc_flops,native,4,branch-misses,27670,ok,,wasmer,cranelift
2026-05-13T16:00:56+0800,llvmss_misc_flops,wasm-jit,4,r81d0,4772620066,ok,,wasmer,cranelift
2026-05-13T16:00:56+0800,llvmss_misc_flops,wasm-jit,4,r82d0,3821774683,ok,,wasmer,cranelift
2026-05-13T16:00:56+0800,llvmss_misc_flops,wasm-jit,4,r00c4,3068583916,ok,,wasmer,cranelift
2026-05-13T16:00:56+0800,llvmss_misc_flops,wasm-jit,4,r01c4,2929126,ok,,wasmer,cranelift
2026-05-13T16:00:56+0800,llvmss_misc_flops,wasm-jit,4,r1c0,38333174800,ok,,wasmer,cranelift
2026-05-13T16:00:56+0800,llvmss_misc_flops,wasm-jit,4,cpu-cycles,16550523828,ok,,wasmer,cranelift
2026-05-13T16:00:56+0800,llvmss_misc_flops,wasm-jit,4,L1-icache-load-misses,1802846,ok,,wasmer,cranelift
2026-05-13T16:00:56+0800,llvmss_misc_flops,wasm-jit,4,branch-misses,180720,ok,,wasmer,cranelift
2026-05-13T16:01:01+0800,llvmss_misc_flops,wasm-aot,4,r81d0,4771204785,ok,,wasmer,cranelift
2026-05-13T16:01:01+0800,llvmss_misc_flops,wasm-aot,4,r82d0,3820837184,ok,,wasmer,cranelift
2026-05-13T16:01:01+0800,llvmss_misc_flops,wasm-aot,4,r00c4,3067695246,ok,,wasmer,cranelift
2026-05-13T16:01:01+0800,llvmss_misc_flops,wasm-aot,4,r01c4,2754611,ok,,wasmer,cranelift
2026-05-13T16:01:01+0800,llvmss_misc_flops,wasm-aot,4,r1c0,38328287851,ok,,wasmer,cranelift
2026-05-13T16:01:01+0800,llvmss_misc_flops,wasm-aot,4,cpu-cycles,16546046042,ok,,wasmer,cranelift
2026-05-13T16:01:01+0800,llvmss_misc_flops,wasm-aot,4,L1-icache-load-misses,1738016,ok,,wasmer,cranelift
2026-05-13T16:01:01+0800,llvmss_misc_flops,wasm-aot,4,branch-misses,162059,ok,,wasmer,cranelift
2026-05-13T16:01:05+0800,llvmss_misc_flops,native,5,r81d0,384321619,ok,,wasmer,cranelift
2026-05-13T16:01:05+0800,llvmss_misc_flops,native,5,r82d0,4336328,ok,,wasmer,cranelift
2026-05-13T16:01:05+0800,llvmss_misc_flops,native,5,r00c4,1445463787,ok,,wasmer,cranelift
2026-05-13T16:01:05+0800,llvmss_misc_flops,native,5,r01c4,1441606631,ok,,wasmer,cranelift
2026-05-13T16:01:05+0800,llvmss_misc_flops,native,5,r1c0,31640738479,ok,,wasmer,cranelift
2026-05-13T16:01:05+0800,llvmss_misc_flops,native,5,cpu-cycles,13088803862,ok,,wasmer,cranelift
2026-05-13T16:01:05+0800,llvmss_misc_flops,native,5,L1-icache-load-misses,524427,ok,,wasmer,cranelift
2026-05-13T16:01:05+0800,llvmss_misc_flops,native,5,branch-misses,26301,ok,,wasmer,cranelift
2026-05-13T16:01:09+0800,llvmss_misc_flops,wasm-jit,5,r81d0,4772725034,ok,,wasmer,cranelift
2026-05-13T16:01:09+0800,llvmss_misc_flops,wasm-jit,5,r82d0,3821833285,ok,,wasmer,cranelift
2026-05-13T16:01:09+0800,llvmss_misc_flops,wasm-jit,5,r00c4,3068669221,ok,,wasmer,cranelift
2026-05-13T16:01:09+0800,llvmss_misc_flops,wasm-jit,5,r01c4,2947787,ok,,wasmer,cranelift
2026-05-13T16:01:09+0800,llvmss_misc_flops,wasm-jit,5,r1c0,38333658810,ok,,wasmer,cranelift
2026-05-13T16:01:09+0800,llvmss_misc_flops,wasm-jit,5,cpu-cycles,16555002963,ok,,wasmer,cranelift
2026-05-13T16:01:09+0800,llvmss_misc_flops,wasm-jit,5,L1-icache-load-misses,1790721,ok,,wasmer,cranelift
2026-05-13T16:01:09+0800,llvmss_misc_flops,wasm-jit,5,branch-misses,181132,ok,,wasmer,cranelift
2026-05-13T16:01:14+0800,llvmss_misc_flops,wasm-aot,5,r81d0,4771294620,ok,,wasmer,cranelift
2026-05-13T16:01:14+0800,llvmss_misc_flops,wasm-aot,5,r82d0,3820905919,ok,,wasmer,cranelift
2026-05-13T16:01:14+0800,llvmss_misc_flops,wasm-aot,5,r00c4,3067771611,ok,,wasmer,cranelift
2026-05-13T16:01:14+0800,llvmss_misc_flops,wasm-aot,5,r01c4,2787791,ok,,wasmer,cranelift
2026-05-13T16:01:14+0800,llvmss_misc_flops,wasm-aot,5,r1c0,38328714658,ok,,wasmer,cranelift
2026-05-13T16:01:14+0800,llvmss_misc_flops,wasm-aot,5,cpu-cycles,16545318929,ok,,wasmer,cranelift
2026-05-13T16:01:14+0800,llvmss_misc_flops,wasm-aot,5,L1-icache-load-misses,1754442,ok,,wasmer,cranelift
2026-05-13T16:01:14+0800,llvmss_misc_flops,wasm-aot,5,branch-misses,161761,ok,,wasmer,cranelift
2026-05-13T16:01:16+0800,llvmss_misc_mandel-2,native,1,r81d0,1812023,ok,,wasmer,cranelift
2026-05-13T16:01:16+0800,llvmss_misc_mandel-2,native,1,r82d0,1204943,ok,,wasmer,cranelift
2026-05-13T16:01:16+0800,llvmss_misc_mandel-2,native,1,r00c4,471805027,ok,,wasmer,cranelift
2026-05-13T16:01:16+0800,llvmss_misc_mandel-2,native,1,r01c4,157073280,ok,,wasmer,cranelift
2026-05-13T16:01:16+0800,llvmss_misc_mandel-2,native,1,r1c0,3457728148,ok,,wasmer,cranelift
2026-05-13T16:01:16+0800,llvmss_misc_mandel-2,native,1,cpu-cycles,2123422781,ok,,wasmer,cranelift
2026-05-13T16:01:16+0800,llvmss_misc_mandel-2,native,1,L1-icache-load-misses,171362,ok,,wasmer,cranelift
2026-05-13T16:01:16+0800,llvmss_misc_mandel-2,native,1,branch-misses,16487,ok,,wasmer,cranelift
2026-05-13T16:01:17+0800,llvmss_misc_mandel-2,wasm-jit,1,r81d0,640889091,ok,,wasmer,cranelift
2026-05-13T16:01:17+0800,llvmss_misc_mandel-2,wasm-jit,1,r82d0,322340700,ok,,wasmer,cranelift
2026-05-13T16:01:17+0800,llvmss_misc_mandel-2,wasm-jit,1,r00c4,951030357,ok,,wasmer,cranelift
2026-05-13T16:01:17+0800,llvmss_misc_mandel-2,wasm-jit,1,r01c4,2336003,ok,,wasmer,cranelift
2026-05-13T16:01:17+0800,llvmss_misc_mandel-2,wasm-jit,1,r1c0,4288677050,ok,,wasmer,cranelift
2026-05-13T16:01:17+0800,llvmss_misc_mandel-2,wasm-jit,1,cpu-cycles,2158446233,ok,,wasmer,cranelift
2026-05-13T16:01:17+0800,llvmss_misc_mandel-2,wasm-jit,1,L1-icache-load-misses,1730447,ok,,wasmer,cranelift
2026-05-13T16:01:17+0800,llvmss_misc_mandel-2,wasm-jit,1,branch-misses,190802,ok,,wasmer,cranelift
2026-05-13T16:01:18+0800,llvmss_misc_mandel-2,wasm-aot,1,r81d0,639663246,ok,,wasmer,cranelift
2026-05-13T16:01:18+0800,llvmss_misc_mandel-2,wasm-aot,1,r82d0,321510513,ok,,wasmer,cranelift
2026-05-13T16:01:18+0800,llvmss_misc_mandel-2,wasm-aot,1,r00c4,950261471,ok,,wasmer,cranelift
2026-05-13T16:01:18+0800,llvmss_misc_mandel-2,wasm-aot,1,r01c4,2189964,ok,,wasmer,cranelift
2026-05-13T16:01:18+0800,llvmss_misc_mandel-2,wasm-aot,1,r1c0,4284400535,ok,,wasmer,cranelift
2026-05-13T16:01:18+0800,llvmss_misc_mandel-2,wasm-aot,1,cpu-cycles,2154037716,ok,,wasmer,cranelift
2026-05-13T16:01:18+0800,llvmss_misc_mandel-2,wasm-aot,1,L1-icache-load-misses,1526231,ok,,wasmer,cranelift
2026-05-13T16:01:18+0800,llvmss_misc_mandel-2,wasm-aot,1,branch-misses,157784,ok,,wasmer,cranelift
2026-05-13T16:01:18+0800,llvmss_misc_mandel-2,native,2,r81d0,1741765,ok,,wasmer,cranelift
2026-05-13T16:01:18+0800,llvmss_misc_mandel-2,native,2,r82d0,1158184,ok,,wasmer,cranelift
2026-05-13T16:01:18+0800,llvmss_misc_mandel-2,native,2,r00c4,471756761,ok,,wasmer,cranelift
2026-05-13T16:01:18+0800,llvmss_misc_mandel-2,native,2,r01c4,157063830,ok,,wasmer,cranelift
2026-05-13T16:01:18+0800,llvmss_misc_mandel-2,native,2,r1c0,3457446593,ok,,wasmer,cranelift
2026-05-13T16:01:18+0800,llvmss_misc_mandel-2,native,2,cpu-cycles,2122925218,ok,,wasmer,cranelift
2026-05-13T16:01:18+0800,llvmss_misc_mandel-2,native,2,L1-icache-load-misses,143482,ok,,wasmer,cranelift
2026-05-13T16:01:18+0800,llvmss_misc_mandel-2,native,2,branch-misses,15097,ok,,wasmer,cranelift
2026-05-13T16:01:19+0800,llvmss_misc_mandel-2,wasm-jit,2,r81d0,640973846,ok,,wasmer,cranelift
2026-05-13T16:01:19+0800,llvmss_misc_mandel-2,wasm-jit,2,r82d0,322405277,ok,,wasmer,cranelift
2026-05-13T16:01:19+0800,llvmss_misc_mandel-2,wasm-jit,2,r00c4,951091438,ok,,wasmer,cranelift
2026-05-13T16:01:19+0800,llvmss_misc_mandel-2,wasm-jit,2,r01c4,2350999,ok,,wasmer,cranelift
2026-05-13T16:01:19+0800,llvmss_misc_mandel-2,wasm-jit,2,r1c0,4288990875,ok,,wasmer,cranelift
2026-05-13T16:01:19+0800,llvmss_misc_mandel-2,wasm-jit,2,cpu-cycles,2162341271,ok,,wasmer,cranelift
2026-05-13T16:01:19+0800,llvmss_misc_mandel-2,wasm-jit,2,L1-icache-load-misses,1644889,ok,,wasmer,cranelift
2026-05-13T16:01:19+0800,llvmss_misc_mandel-2,wasm-jit,2,branch-misses,179673,ok,,wasmer,cranelift
2026-05-13T16:01:19+0800,llvmss_misc_mandel-2,wasm-aot,2,r81d0,639735650,ok,,wasmer,cranelift
2026-05-13T16:01:19+0800,llvmss_misc_mandel-2,wasm-aot,2,r82d0,321567281,ok,,wasmer,cranelift
2026-05-13T16:01:19+0800,llvmss_misc_mandel-2,wasm-aot,2,r00c4,950314424,ok,,wasmer,cranelift
2026-05-13T16:01:19+0800,llvmss_misc_mandel-2,wasm-aot,2,r01c4,2205230,ok,,wasmer,cranelift
2026-05-13T16:01:19+0800,llvmss_misc_mandel-2,wasm-aot,2,r1c0,4284701918,ok,,wasmer,cranelift
2026-05-13T16:01:19+0800,llvmss_misc_mandel-2,wasm-aot,2,cpu-cycles,2156101377,ok,,wasmer,cranelift
2026-05-13T16:01:19+0800,llvmss_misc_mandel-2,wasm-aot,2,L1-icache-load-misses,1690039,ok,,wasmer,cranelift
2026-05-13T16:01:19+0800,llvmss_misc_mandel-2,wasm-aot,2,branch-misses,178530,ok,,wasmer,cranelift
2026-05-13T16:01:20+0800,llvmss_misc_mandel-2,native,3,r81d0,1786914,ok,,wasmer,cranelift
2026-05-13T16:01:20+0800,llvmss_misc_mandel-2,native,3,r82d0,1189125,ok,,wasmer,cranelift
2026-05-13T16:01:20+0800,llvmss_misc_mandel-2,native,3,r00c4,471781872,ok,,wasmer,cranelift
2026-05-13T16:01:20+0800,llvmss_misc_mandel-2,native,3,r01c4,157067544,ok,,wasmer,cranelift
2026-05-13T16:01:20+0800,llvmss_misc_mandel-2,native,3,r1c0,3457614132,ok,,wasmer,cranelift
2026-05-13T16:01:20+0800,llvmss_misc_mandel-2,native,3,cpu-cycles,2122707515,ok,,wasmer,cranelift
2026-05-13T16:01:20+0800,llvmss_misc_mandel-2,native,3,L1-icache-load-misses,162646,ok,,wasmer,cranelift
2026-05-13T16:01:20+0800,llvmss_misc_mandel-2,native,3,branch-misses,14764,ok,,wasmer,cranelift
2026-05-13T16:01:21+0800,llvmss_misc_mandel-2,wasm-jit,3,r81d0,640967415,ok,,wasmer,cranelift
2026-05-13T16:01:21+0800,llvmss_misc_mandel-2,wasm-jit,3,r82d0,322398580,ok,,wasmer,cranelift
2026-05-13T16:01:21+0800,llvmss_misc_mandel-2,wasm-jit,3,r00c4,951087059,ok,,wasmer,cranelift
2026-05-13T16:01:21+0800,llvmss_misc_mandel-2,wasm-jit,3,r01c4,2346544,ok,,wasmer,cranelift
2026-05-13T16:01:21+0800,llvmss_misc_mandel-2,wasm-jit,3,r1c0,4288993593,ok,,wasmer,cranelift
2026-05-13T16:01:21+0800,llvmss_misc_mandel-2,wasm-jit,3,cpu-cycles,2160274545,ok,,wasmer,cranelift
2026-05-13T16:01:21+0800,llvmss_misc_mandel-2,wasm-jit,3,L1-icache-load-misses,1681985,ok,,wasmer,cranelift
2026-05-13T16:01:21+0800,llvmss_misc_mandel-2,wasm-jit,3,branch-misses,189444,ok,,wasmer,cranelift
2026-05-13T16:01:21+0800,llvmss_misc_mandel-2,wasm-aot,3,r81d0,639737960,ok,,wasmer,cranelift
2026-05-13T16:01:21+0800,llvmss_misc_mandel-2,wasm-aot,3,r82d0,321556199,ok,,wasmer,cranelift
2026-05-13T16:01:21+0800,llvmss_misc_mandel-2,wasm-aot,3,r00c4,950308524,ok,,wasmer,cranelift
2026-05-13T16:01:21+0800,llvmss_misc_mandel-2,wasm-aot,3,r01c4,2194377,ok,,wasmer,cranelift
2026-05-13T16:01:21+0800,llvmss_misc_mandel-2,wasm-aot,3,r1c0,4284680642,ok,,wasmer,cranelift
2026-05-13T16:01:21+0800,llvmss_misc_mandel-2,wasm-aot,3,cpu-cycles,2156311110,ok,,wasmer,cranelift
2026-05-13T16:01:21+0800,llvmss_misc_mandel-2,wasm-aot,3,L1-icache-load-misses,1612340,ok,,wasmer,cranelift
2026-05-13T16:01:21+0800,llvmss_misc_mandel-2,wasm-aot,3,branch-misses,168120,ok,,wasmer,cranelift
2026-05-13T16:01:22+0800,llvmss_misc_mandel-2,native,4,r81d0,1823513,ok,,wasmer,cranelift
2026-05-13T16:01:22+0800,llvmss_misc_mandel-2,native,4,r82d0,1211652,ok,,wasmer,cranelift
2026-05-13T16:01:22+0800,llvmss_misc_mandel-2,native,4,r00c4,471810839,ok,,wasmer,cranelift
2026-05-13T16:01:22+0800,llvmss_misc_mandel-2,native,4,r01c4,157073032,ok,,wasmer,cranelift
2026-05-13T16:01:22+0800,llvmss_misc_mandel-2,native,4,r1c0,3457769013,ok,,wasmer,cranelift
2026-05-13T16:01:22+0800,llvmss_misc_mandel-2,native,4,cpu-cycles,2124076186,ok,,wasmer,cranelift
2026-05-13T16:01:22+0800,llvmss_misc_mandel-2,native,4,L1-icache-load-misses,162755,ok,,wasmer,cranelift
2026-05-13T16:01:22+0800,llvmss_misc_mandel-2,native,4,branch-misses,15572,ok,,wasmer,cranelift
2026-05-13T16:01:23+0800,llvmss_misc_mandel-2,wasm-jit,4,r81d0,640857717,ok,,wasmer,cranelift
2026-05-13T16:01:23+0800,llvmss_misc_mandel-2,wasm-jit,4,r82d0,322333904,ok,,wasmer,cranelift
2026-05-13T16:01:23+0800,llvmss_misc_mandel-2,wasm-jit,4,r00c4,951020884,ok,,wasmer,cranelift
2026-05-13T16:01:23+0800,llvmss_misc_mandel-2,wasm-jit,4,r01c4,2337963,ok,,wasmer,cranelift
2026-05-13T16:01:23+0800,llvmss_misc_mandel-2,wasm-jit,4,r1c0,4288584967,ok,,wasmer,cranelift
2026-05-13T16:01:23+0800,llvmss_misc_mandel-2,wasm-jit,4,cpu-cycles,2160863035,ok,,wasmer,cranelift
2026-05-13T16:01:23+0800,llvmss_misc_mandel-2,wasm-jit,4,L1-icache-load-misses,1706425,ok,,wasmer,cranelift
2026-05-13T16:01:23+0800,llvmss_misc_mandel-2,wasm-jit,4,branch-misses,192189,ok,,wasmer,cranelift
2026-05-13T16:01:23+0800,llvmss_misc_mandel-2,wasm-aot,4,r81d0,639742985,ok,,wasmer,cranelift
2026-05-13T16:01:23+0800,llvmss_misc_mandel-2,wasm-aot,4,r82d0,321578933,ok,,wasmer,cranelift
2026-05-13T16:01:23+0800,llvmss_misc_mandel-2,wasm-aot,4,r00c4,950316469,ok,,wasmer,cranelift
2026-05-13T16:01:23+0800,llvmss_misc_mandel-2,wasm-aot,4,r01c4,2203152,ok,,wasmer,cranelift
2026-05-13T16:01:23+0800,llvmss_misc_mandel-2,wasm-aot,4,r1c0,4284737979,ok,,wasmer,cranelift
2026-05-13T16:01:23+0800,llvmss_misc_mandel-2,wasm-aot,4,cpu-cycles,2157116191,ok,,wasmer,cranelift
2026-05-13T16:01:23+0800,llvmss_misc_mandel-2,wasm-aot,4,L1-icache-load-misses,1651929,ok,,wasmer,cranelift
2026-05-13T16:01:23+0800,llvmss_misc_mandel-2,wasm-aot,4,branch-misses,173206,ok,,wasmer,cranelift
2026-05-13T16:01:24+0800,llvmss_misc_mandel-2,native,5,r81d0,1813636,ok,,wasmer,cranelift
2026-05-13T16:01:24+0800,llvmss_misc_mandel-2,native,5,r82d0,1206605,ok,,wasmer,cranelift
2026-05-13T16:01:24+0800,llvmss_misc_mandel-2,native,5,r00c4,471801653,ok,,wasmer,cranelift
2026-05-13T16:01:24+0800,llvmss_misc_mandel-2,native,5,r01c4,157070486,ok,,wasmer,cranelift
2026-05-13T16:01:24+0800,llvmss_misc_mandel-2,native,5,r1c0,3457730285,ok,,wasmer,cranelift
2026-05-13T16:01:24+0800,llvmss_misc_mandel-2,native,5,cpu-cycles,2123201024,ok,,wasmer,cranelift
2026-05-13T16:01:24+0800,llvmss_misc_mandel-2,native,5,L1-icache-load-misses,160640,ok,,wasmer,cranelift
2026-05-13T16:01:24+0800,llvmss_misc_mandel-2,native,5,branch-misses,14192,ok,,wasmer,cranelift
2026-05-13T16:01:24+0800,llvmss_misc_mandel-2,wasm-jit,5,r81d0,640955650,ok,,wasmer,cranelift
2026-05-13T16:01:24+0800,llvmss_misc_mandel-2,wasm-jit,5,r82d0,322379081,ok,,wasmer,cranelift
2026-05-13T16:01:24+0800,llvmss_misc_mandel-2,wasm-jit,5,r00c4,951083190,ok,,wasmer,cranelift
2026-05-13T16:01:24+0800,llvmss_misc_mandel-2,wasm-jit,5,r01c4,2347448,ok,,wasmer,cranelift
2026-05-13T16:01:24+0800,llvmss_misc_mandel-2,wasm-jit,5,r1c0,4288934243,ok,,wasmer,cranelift
2026-05-13T16:01:24+0800,llvmss_misc_mandel-2,wasm-jit,5,cpu-cycles,2160817218,ok,,wasmer,cranelift
2026-05-13T16:01:24+0800,llvmss_misc_mandel-2,wasm-jit,5,L1-icache-load-misses,1682181,ok,,wasmer,cranelift
2026-05-13T16:01:24+0800,llvmss_misc_mandel-2,wasm-jit,5,branch-misses,190947,ok,,wasmer,cranelift
2026-05-13T16:01:25+0800,llvmss_misc_mandel-2,wasm-aot,5,r81d0,639660727,ok,,wasmer,cranelift
2026-05-13T16:01:25+0800,llvmss_misc_mandel-2,wasm-aot,5,r82d0,321522728,ok,,wasmer,cranelift
2026-05-13T16:01:25+0800,llvmss_misc_mandel-2,wasm-aot,5,r00c4,950265250,ok,,wasmer,cranelift
2026-05-13T16:01:25+0800,llvmss_misc_mandel-2,wasm-aot,5,r01c4,2190830,ok,,wasmer,cranelift
2026-05-13T16:01:25+0800,llvmss_misc_mandel-2,wasm-aot,5,r1c0,4284424639,ok,,wasmer,cranelift
2026-05-13T16:01:25+0800,llvmss_misc_mandel-2,wasm-aot,5,cpu-cycles,2155591770,ok,,wasmer,cranelift
2026-05-13T16:01:25+0800,llvmss_misc_mandel-2,wasm-aot,5,L1-icache-load-misses,1632868,ok,,wasmer,cranelift
2026-05-13T16:01:25+0800,llvmss_misc_mandel-2,wasm-aot,5,branch-misses,176075,ok,,wasmer,cranelift
2026-05-13T16:01:28+0800,llvmss_misc_matmul_f64_4x4,native,1,r81d0,1650964192,ok,,wasmer,cranelift
2026-05-13T16:01:28+0800,llvmss_misc_matmul_f64_4x4,native,1,r82d0,750603972,ok,,wasmer,cranelift
2026-05-13T16:01:28+0800,llvmss_misc_matmul_f64_4x4,native,1,r00c4,150681493,ok,,wasmer,cranelift
2026-05-13T16:01:28+0800,llvmss_misc_matmul_f64_4x4,native,1,r01c4,50130322,ok,,wasmer,cranelift
2026-05-13T16:01:28+0800,llvmss_misc_matmul_f64_4x4,native,1,r1c0,6803891022,ok,,wasmer,cranelift
2026-05-13T16:01:28+0800,llvmss_misc_matmul_f64_4x4,native,1,cpu-cycles,1453805723,ok,,wasmer,cranelift
2026-05-13T16:01:28+0800,llvmss_misc_matmul_f64_4x4,native,1,L1-icache-load-misses,112886,ok,,wasmer,cranelift
2026-05-13T16:01:28+0800,llvmss_misc_matmul_f64_4x4,native,1,branch-misses,10587,ok,,wasmer,cranelift
2026-05-13T16:01:29+0800,llvmss_misc_matmul_f64_4x4,wasm-jit,1,r81d0,4161980111,ok,,wasmer,cranelift
2026-05-13T16:01:29+0800,llvmss_misc_matmul_f64_4x4,wasm-jit,1,r82d0,1907543249,ok,,wasmer,cranelift
2026-05-13T16:01:29+0800,llvmss_misc_matmul_f64_4x4,wasm-jit,1,r00c4,158935699,ok,,wasmer,cranelift
2026-05-13T16:01:29+0800,llvmss_misc_matmul_f64_4x4,wasm-jit,1,r01c4,52016693,ok,,wasmer,cranelift
2026-05-13T16:01:29+0800,llvmss_misc_matmul_f64_4x4,wasm-jit,1,r1c0,13297956972,ok,,wasmer,cranelift
2026-05-13T16:01:29+0800,llvmss_misc_matmul_f64_4x4,wasm-jit,1,cpu-cycles,3195660181,ok,,wasmer,cranelift
2026-05-13T16:01:29+0800,llvmss_misc_matmul_f64_4x4,wasm-jit,1,L1-icache-load-misses,1112686,ok,,wasmer,cranelift
2026-05-13T16:01:29+0800,llvmss_misc_matmul_f64_4x4,wasm-jit,1,branch-misses,149745,ok,,wasmer,cranelift
2026-05-13T16:01:29+0800,llvmss_misc_matmul_f64_4x4,wasm-aot,1,r81d0,4160808899,ok,,wasmer,cranelift
2026-05-13T16:01:29+0800,llvmss_misc_matmul_f64_4x4,wasm-aot,1,r82d0,1906738486,ok,,wasmer,cranelift
2026-05-13T16:01:29+0800,llvmss_misc_matmul_f64_4x4,wasm-aot,1,r00c4,158211794,ok,,wasmer,cranelift
2026-05-13T16:01:29+0800,llvmss_misc_matmul_f64_4x4,wasm-aot,1,r01c4,51875989,ok,,wasmer,cranelift
2026-05-13T16:01:29+0800,llvmss_misc_matmul_f64_4x4,wasm-aot,1,r1c0,13293925481,ok,,wasmer,cranelift
2026-05-13T16:01:29+0800,llvmss_misc_matmul_f64_4x4,wasm-aot,1,cpu-cycles,3195266133,ok,,wasmer,cranelift
2026-05-13T16:01:29+0800,llvmss_misc_matmul_f64_4x4,wasm-aot,1,L1-icache-load-misses,1065440,ok,,wasmer,cranelift
2026-05-13T16:01:29+0800,llvmss_misc_matmul_f64_4x4,wasm-aot,1,branch-misses,132387,ok,,wasmer,cranelift
2026-05-13T16:01:30+0800,llvmss_misc_matmul_f64_4x4,native,2,r81d0,1651027330,ok,,wasmer,cranelift
2026-05-13T16:01:30+0800,llvmss_misc_matmul_f64_4x4,native,2,r82d0,750642549,ok,,wasmer,cranelift
2026-05-13T16:01:30+0800,llvmss_misc_matmul_f64_4x4,native,2,r00c4,150726879,ok,,wasmer,cranelift
2026-05-13T16:01:30+0800,llvmss_misc_matmul_f64_4x4,native,2,r01c4,50139589,ok,,wasmer,cranelift
2026-05-13T16:01:30+0800,llvmss_misc_matmul_f64_4x4,native,2,r1c0,6804165562,ok,,wasmer,cranelift
2026-05-13T16:01:30+0800,llvmss_misc_matmul_f64_4x4,native,2,cpu-cycles,1456153836,ok,,wasmer,cranelift
2026-05-13T16:01:30+0800,llvmss_misc_matmul_f64_4x4,native,2,L1-icache-load-misses,114800,ok,,wasmer,cranelift
2026-05-13T16:01:30+0800,llvmss_misc_matmul_f64_4x4,native,2,branch-misses,10347,ok,,wasmer,cranelift
2026-05-13T16:01:31+0800,llvmss_misc_matmul_f64_4x4,wasm-jit,2,r81d0,4162064731,ok,,wasmer,cranelift
2026-05-13T16:01:31+0800,llvmss_misc_matmul_f64_4x4,wasm-jit,2,r82d0,1907594753,ok,,wasmer,cranelift
2026-05-13T16:01:31+0800,llvmss_misc_matmul_f64_4x4,wasm-jit,2,r00c4,158999625,ok,,wasmer,cranelift
2026-05-13T16:01:31+0800,llvmss_misc_matmul_f64_4x4,wasm-jit,2,r01c4,52023495,ok,,wasmer,cranelift
2026-05-13T16:01:31+0800,llvmss_misc_matmul_f64_4x4,wasm-jit,2,r1c0,13298309803,ok,,wasmer,cranelift
2026-05-13T16:01:31+0800,llvmss_misc_matmul_f64_4x4,wasm-jit,2,cpu-cycles,3196982886,ok,,wasmer,cranelift
2026-05-13T16:01:31+0800,llvmss_misc_matmul_f64_4x4,wasm-jit,2,L1-icache-load-misses,1110695,ok,,wasmer,cranelift
2026-05-13T16:01:31+0800,llvmss_misc_matmul_f64_4x4,wasm-jit,2,branch-misses,150256,ok,,wasmer,cranelift
2026-05-13T16:01:32+0800,llvmss_misc_matmul_f64_4x4,wasm-aot,2,r81d0,4160786686,ok,,wasmer,cranelift
2026-05-13T16:01:32+0800,llvmss_misc_matmul_f64_4x4,wasm-aot,2,r82d0,1906740033,ok,,wasmer,cranelift
2026-05-13T16:01:32+0800,llvmss_misc_matmul_f64_4x4,wasm-aot,2,r00c4,158185962,ok,,wasmer,cranelift
2026-05-13T16:01:32+0800,llvmss_misc_matmul_f64_4x4,wasm-aot,2,r01c4,51869759,ok,,wasmer,cranelift
2026-05-13T16:01:32+0800,llvmss_misc_matmul_f64_4x4,wasm-aot,2,r1c0,13293835440,ok,,wasmer,cranelift
2026-05-13T16:01:32+0800,llvmss_misc_matmul_f64_4x4,wasm-aot,2,cpu-cycles,3195999185,ok,,wasmer,cranelift
2026-05-13T16:01:32+0800,llvmss_misc_matmul_f64_4x4,wasm-aot,2,L1-icache-load-misses,1058784,ok,,wasmer,cranelift
2026-05-13T16:01:32+0800,llvmss_misc_matmul_f64_4x4,wasm-aot,2,branch-misses,136504,ok,,wasmer,cranelift
2026-05-13T16:01:32+0800,llvmss_misc_matmul_f64_4x4,native,3,r81d0,1651016595,ok,,wasmer,cranelift
2026-05-13T16:01:32+0800,llvmss_misc_matmul_f64_4x4,native,3,r82d0,750635548,ok,,wasmer,cranelift
2026-05-13T16:01:32+0800,llvmss_misc_matmul_f64_4x4,native,3,r00c4,150720373,ok,,wasmer,cranelift
2026-05-13T16:01:32+0800,llvmss_misc_matmul_f64_4x4,native,3,r01c4,50137570,ok,,wasmer,cranelift
2026-05-13T16:01:32+0800,llvmss_misc_matmul_f64_4x4,native,3,r1c0,6804118949,ok,,wasmer,cranelift
2026-05-13T16:01:32+0800,llvmss_misc_matmul_f64_4x4,native,3,cpu-cycles,1454513882,ok,,wasmer,cranelift
2026-05-13T16:01:32+0800,llvmss_misc_matmul_f64_4x4,native,3,L1-icache-load-misses,121368,ok,,wasmer,cranelift
2026-05-13T16:01:32+0800,llvmss_misc_matmul_f64_4x4,native,3,branch-misses,10249,ok,,wasmer,cranelift
2026-05-13T16:01:33+0800,llvmss_misc_matmul_f64_4x4,wasm-jit,3,r81d0,4162005000,ok,,wasmer,cranelift
2026-05-13T16:01:33+0800,llvmss_misc_matmul_f64_4x4,wasm-jit,3,r82d0,1907559623,ok,,wasmer,cranelift
2026-05-13T16:01:33+0800,llvmss_misc_matmul_f64_4x4,wasm-jit,3,r00c4,158951882,ok,,wasmer,cranelift
2026-05-13T16:01:33+0800,llvmss_misc_matmul_f64_4x4,wasm-jit,3,r01c4,52015704,ok,,wasmer,cranelift
2026-05-13T16:01:33+0800,llvmss_misc_matmul_f64_4x4,wasm-jit,3,r1c0,13298033886,ok,,wasmer,cranelift
2026-05-13T16:01:33+0800,llvmss_misc_matmul_f64_4x4,wasm-jit,3,cpu-cycles,3194436345,ok,,wasmer,cranelift
2026-05-13T16:01:33+0800,llvmss_misc_matmul_f64_4x4,wasm-jit,3,L1-icache-load-misses,1138860,ok,,wasmer,cranelift
2026-05-13T16:01:33+0800,llvmss_misc_matmul_f64_4x4,wasm-jit,3,branch-misses,155922,ok,,wasmer,cranelift
2026-05-13T16:01:34+0800,llvmss_misc_matmul_f64_4x4,wasm-aot,3,r81d0,4160823902,ok,,wasmer,cranelift
2026-05-13T16:01:34+0800,llvmss_misc_matmul_f64_4x4,wasm-aot,3,r82d0,1906758892,ok,,wasmer,cranelift
2026-05-13T16:01:34+0800,llvmss_misc_matmul_f64_4x4,wasm-aot,3,r00c4,158208502,ok,,wasmer,cranelift
2026-05-13T16:01:34+0800,llvmss_misc_matmul_f64_4x4,wasm-aot,3,r01c4,51877538,ok,,wasmer,cranelift
2026-05-13T16:01:34+0800,llvmss_misc_matmul_f64_4x4,wasm-aot,3,r1c0,13293958798,ok,,wasmer,cranelift
2026-05-13T16:01:34+0800,llvmss_misc_matmul_f64_4x4,wasm-aot,3,cpu-cycles,3193455409,ok,,wasmer,cranelift
2026-05-13T16:01:34+0800,llvmss_misc_matmul_f64_4x4,wasm-aot,3,L1-icache-load-misses,1092939,ok,,wasmer,cranelift
2026-05-13T16:01:34+0800,llvmss_misc_matmul_f64_4x4,wasm-aot,3,branch-misses,138195,ok,,wasmer,cranelift
2026-05-13T16:01:34+0800,llvmss_misc_matmul_f64_4x4,native,4,r81d0,1650957591,ok,,wasmer,cranelift
2026-05-13T16:01:34+0800,llvmss_misc_matmul_f64_4x4,native,4,r82d0,750595702,ok,,wasmer,cranelift
2026-05-13T16:01:34+0800,llvmss_misc_matmul_f64_4x4,native,4,r00c4,150685904,ok,,wasmer,cranelift
2026-05-13T16:01:34+0800,llvmss_misc_matmul_f64_4x4,native,4,r01c4,50131322,ok,,wasmer,cranelift
2026-05-13T16:01:34+0800,llvmss_misc_matmul_f64_4x4,native,4,r1c0,6803884349,ok,,wasmer,cranelift
2026-05-13T16:01:34+0800,llvmss_misc_matmul_f64_4x4,native,4,cpu-cycles,1456398111,ok,,wasmer,cranelift
2026-05-13T16:01:34+0800,llvmss_misc_matmul_f64_4x4,native,4,L1-icache-load-misses,107798,ok,,wasmer,cranelift
2026-05-13T16:01:34+0800,llvmss_misc_matmul_f64_4x4,native,4,branch-misses,10579,ok,,wasmer,cranelift
2026-05-13T16:01:35+0800,llvmss_misc_matmul_f64_4x4,wasm-jit,4,r81d0,4162068249,ok,,wasmer,cranelift
2026-05-13T16:01:35+0800,llvmss_misc_matmul_f64_4x4,wasm-jit,4,r82d0,1907605604,ok,,wasmer,cranelift
2026-05-13T16:01:35+0800,llvmss_misc_matmul_f64_4x4,wasm-jit,4,r00c4,159004743,ok,,wasmer,cranelift
2026-05-13T16:01:35+0800,llvmss_misc_matmul_f64_4x4,wasm-jit,4,r01c4,52028584,ok,,wasmer,cranelift
2026-05-13T16:01:35+0800,llvmss_misc_matmul_f64_4x4,wasm-jit,4,r1c0,13298331760,ok,,wasmer,cranelift
2026-05-13T16:01:35+0800,llvmss_misc_matmul_f64_4x4,wasm-jit,4,cpu-cycles,3195576033,ok,,wasmer,cranelift
2026-05-13T16:01:35+0800,llvmss_misc_matmul_f64_4x4,wasm-jit,4,L1-icache-load-misses,1151820,ok,,wasmer,cranelift
2026-05-13T16:01:35+0800,llvmss_misc_matmul_f64_4x4,wasm-jit,4,branch-misses,152109,ok,,wasmer,cranelift
2026-05-13T16:01:36+0800,llvmss_misc_matmul_f64_4x4,wasm-aot,4,r81d0,4160811839,ok,,wasmer,cranelift
2026-05-13T16:01:36+0800,llvmss_misc_matmul_f64_4x4,wasm-aot,4,r82d0,1906756829,ok,,wasmer,cranelift
2026-05-13T16:01:36+0800,llvmss_misc_matmul_f64_4x4,wasm-aot,4,r00c4,158206057,ok,,wasmer,cranelift
2026-05-13T16:01:36+0800,llvmss_misc_matmul_f64_4x4,wasm-aot,4,r01c4,51873862,ok,,wasmer,cranelift
2026-05-13T16:01:36+0800,llvmss_misc_matmul_f64_4x4,wasm-aot,4,r1c0,13293956618,ok,,wasmer,cranelift
2026-05-13T16:01:36+0800,llvmss_misc_matmul_f64_4x4,wasm-aot,4,cpu-cycles,3193413434,ok,,wasmer,cranelift
2026-05-13T16:01:36+0800,llvmss_misc_matmul_f64_4x4,wasm-aot,4,L1-icache-load-misses,1067165,ok,,wasmer,cranelift
2026-05-13T16:01:36+0800,llvmss_misc_matmul_f64_4x4,wasm-aot,4,branch-misses,134270,ok,,wasmer,cranelift
2026-05-13T16:01:37+0800,llvmss_misc_matmul_f64_4x4,native,5,r81d0,1651016429,ok,,wasmer,cranelift
2026-05-13T16:01:37+0800,llvmss_misc_matmul_f64_4x4,native,5,r82d0,750638513,ok,,wasmer,cranelift
2026-05-13T16:01:37+0800,llvmss_misc_matmul_f64_4x4,native,5,r00c4,150721563,ok,,wasmer,cranelift
2026-05-13T16:01:37+0800,llvmss_misc_matmul_f64_4x4,native,5,r01c4,50138962,ok,,wasmer,cranelift
2026-05-13T16:01:37+0800,llvmss_misc_matmul_f64_4x4,native,5,r1c0,6804117563,ok,,wasmer,cranelift
2026-05-13T16:01:37+0800,llvmss_misc_matmul_f64_4x4,native,5,cpu-cycles,1456459023,ok,,wasmer,cranelift
2026-05-13T16:01:37+0800,llvmss_misc_matmul_f64_4x4,native,5,L1-icache-load-misses,146347,ok,,wasmer,cranelift
2026-05-13T16:01:37+0800,llvmss_misc_matmul_f64_4x4,native,5,branch-misses,11537,ok,,wasmer,cranelift
2026-05-13T16:01:38+0800,llvmss_misc_matmul_f64_4x4,wasm-jit,5,r81d0,4161859703,ok,,wasmer,cranelift
2026-05-13T16:01:38+0800,llvmss_misc_matmul_f64_4x4,wasm-jit,5,r82d0,1907466917,ok,,wasmer,cranelift
2026-05-13T16:01:38+0800,llvmss_misc_matmul_f64_4x4,wasm-jit,5,r00c4,158843330,ok,,wasmer,cranelift
2026-05-13T16:01:38+0800,llvmss_misc_matmul_f64_4x4,wasm-jit,5,r01c4,51994272,ok,,wasmer,cranelift
2026-05-13T16:01:38+0800,llvmss_misc_matmul_f64_4x4,wasm-jit,5,r1c0,13297439448,ok,,wasmer,cranelift
2026-05-13T16:01:38+0800,llvmss_misc_matmul_f64_4x4,wasm-jit,5,cpu-cycles,3195562507,ok,,wasmer,cranelift
2026-05-13T16:01:38+0800,llvmss_misc_matmul_f64_4x4,wasm-jit,5,L1-icache-load-misses,1111559,ok,,wasmer,cranelift
2026-05-13T16:01:38+0800,llvmss_misc_matmul_f64_4x4,wasm-jit,5,branch-misses,151823,ok,,wasmer,cranelift
2026-05-13T16:01:38+0800,llvmss_misc_matmul_f64_4x4,wasm-aot,5,r81d0,4160814334,ok,,wasmer,cranelift
2026-05-13T16:01:38+0800,llvmss_misc_matmul_f64_4x4,wasm-aot,5,r82d0,1906752677,ok,,wasmer,cranelift
2026-05-13T16:01:38+0800,llvmss_misc_matmul_f64_4x4,wasm-aot,5,r00c4,158202092,ok,,wasmer,cranelift
2026-05-13T16:01:38+0800,llvmss_misc_matmul_f64_4x4,wasm-aot,5,r01c4,51874444,ok,,wasmer,cranelift
2026-05-13T16:01:38+0800,llvmss_misc_matmul_f64_4x4,wasm-aot,5,r1c0,13293945132,ok,,wasmer,cranelift
2026-05-13T16:01:38+0800,llvmss_misc_matmul_f64_4x4,wasm-aot,5,cpu-cycles,3195212707,ok,,wasmer,cranelift
2026-05-13T16:01:38+0800,llvmss_misc_matmul_f64_4x4,wasm-aot,5,L1-icache-load-misses,1074405,ok,,wasmer,cranelift
2026-05-13T16:01:38+0800,llvmss_misc_matmul_f64_4x4,wasm-aot,5,branch-misses,135241,ok,,wasmer,cranelift
2026-05-13T16:01:50+0800,llvmss_misc_reedsolomon,native,1,r81d0,4622067411,ok,,wasmer,cranelift
2026-05-13T16:01:50+0800,llvmss_misc_reedsolomon,native,1,r82d0,2055010106,ok,,wasmer,cranelift
2026-05-13T16:01:50+0800,llvmss_misc_reedsolomon,native,1,r00c4,5403560056,ok,,wasmer,cranelift
2026-05-13T16:01:50+0800,llvmss_misc_reedsolomon,native,1,r01c4,338412874,ok,,wasmer,cranelift
2026-05-13T16:01:50+0800,llvmss_misc_reedsolomon,native,1,r1c0,38026809372,ok,,wasmer,cranelift
2026-05-13T16:01:50+0800,llvmss_misc_reedsolomon,native,1,cpu-cycles,10773112195,ok,,wasmer,cranelift
2026-05-13T16:01:50+0800,llvmss_misc_reedsolomon,native,1,L1-icache-load-misses,874830,ok,,wasmer,cranelift
2026-05-13T16:01:50+0800,llvmss_misc_reedsolomon,native,1,branch-misses,6816191,ok,,wasmer,cranelift
2026-05-13T16:01:53+0800,llvmss_misc_reedsolomon,wasm-jit,1,r81d0,9720712073,ok,,wasmer,cranelift
2026-05-13T16:01:53+0800,llvmss_misc_reedsolomon,wasm-jit,1,r82d0,2042383930,ok,,wasmer,cranelift
2026-05-13T16:01:53+0800,llvmss_misc_reedsolomon,wasm-jit,1,r00c4,3969355196,ok,,wasmer,cranelift
2026-05-13T16:01:53+0800,llvmss_misc_reedsolomon,wasm-jit,1,r01c4,1738914220,ok,,wasmer,cranelift
2026-05-13T16:01:53+0800,llvmss_misc_reedsolomon,wasm-jit,1,r1c0,43733499501,ok,,wasmer,cranelift
2026-05-13T16:01:53+0800,llvmss_misc_reedsolomon,wasm-jit,1,cpu-cycles,10314041067,ok,,wasmer,cranelift
2026-05-13T16:01:53+0800,llvmss_misc_reedsolomon,wasm-jit,1,L1-icache-load-misses,1784395,ok,,wasmer,cranelift
2026-05-13T16:01:53+0800,llvmss_misc_reedsolomon,wasm-jit,1,branch-misses,8767464,ok,,wasmer,cranelift
2026-05-13T16:01:56+0800,llvmss_misc_reedsolomon,wasm-aot,1,r81d0,9719357500,ok,,wasmer,cranelift
2026-05-13T16:01:56+0800,llvmss_misc_reedsolomon,wasm-aot,1,r82d0,2041455297,ok,,wasmer,cranelift
2026-05-13T16:01:56+0800,llvmss_misc_reedsolomon,wasm-aot,1,r00c4,3968520111,ok,,wasmer,cranelift
2026-05-13T16:01:56+0800,llvmss_misc_reedsolomon,wasm-aot,1,r01c4,1738766703,ok,,wasmer,cranelift
2026-05-13T16:01:56+0800,llvmss_misc_reedsolomon,wasm-aot,1,r1c0,43728823288,ok,,wasmer,cranelift
2026-05-13T16:01:56+0800,llvmss_misc_reedsolomon,wasm-aot,1,cpu-cycles,10308490282,ok,,wasmer,cranelift
2026-05-13T16:01:56+0800,llvmss_misc_reedsolomon,wasm-aot,1,L1-icache-load-misses,1832020,ok,,wasmer,cranelift
2026-05-13T16:01:56+0800,llvmss_misc_reedsolomon,wasm-aot,1,branch-misses,9028106,ok,,wasmer,cranelift
2026-05-13T16:01:59+0800,llvmss_misc_reedsolomon,native,2,r81d0,4622102018,ok,,wasmer,cranelift
2026-05-13T16:01:59+0800,llvmss_misc_reedsolomon,native,2,r82d0,2055018415,ok,,wasmer,cranelift
2026-05-13T16:01:59+0800,llvmss_misc_reedsolomon,native,2,r00c4,5403590862,ok,,wasmer,cranelift
2026-05-13T16:01:59+0800,llvmss_misc_reedsolomon,native,2,r01c4,338417024,ok,,wasmer,cranelift
2026-05-13T16:01:59+0800,llvmss_misc_reedsolomon,native,2,r1c0,38026977292,ok,,wasmer,cranelift
2026-05-13T16:01:59+0800,llvmss_misc_reedsolomon,native,2,cpu-cycles,10772285358,ok,,wasmer,cranelift
2026-05-13T16:01:59+0800,llvmss_misc_reedsolomon,native,2,L1-icache-load-misses,800085,ok,,wasmer,cranelift
2026-05-13T16:01:59+0800,llvmss_misc_reedsolomon,native,2,branch-misses,6822921,ok,,wasmer,cranelift
2026-05-13T16:02:02+0800,llvmss_misc_reedsolomon,wasm-jit,2,r81d0,9720693938,ok,,wasmer,cranelift
2026-05-13T16:02:02+0800,llvmss_misc_reedsolomon,wasm-jit,2,r82d0,2042360763,ok,,wasmer,cranelift
2026-05-13T16:02:02+0800,llvmss_misc_reedsolomon,wasm-jit,2,r00c4,3969335824,ok,,wasmer,cranelift
2026-05-13T16:02:02+0800,llvmss_misc_reedsolomon,wasm-jit,2,r01c4,1738910903,ok,,wasmer,cranelift
2026-05-13T16:02:02+0800,llvmss_misc_reedsolomon,wasm-jit,2,r1c0,43733424187,ok,,wasmer,cranelift
2026-05-13T16:02:02+0800,llvmss_misc_reedsolomon,wasm-jit,2,cpu-cycles,10319171372,ok,,wasmer,cranelift
2026-05-13T16:02:02+0800,llvmss_misc_reedsolomon,wasm-jit,2,L1-icache-load-misses,1762689,ok,,wasmer,cranelift
2026-05-13T16:02:02+0800,llvmss_misc_reedsolomon,wasm-jit,2,branch-misses,8823504,ok,,wasmer,cranelift
2026-05-13T16:02:05+0800,llvmss_misc_reedsolomon,wasm-aot,2,r81d0,9719272669,ok,,wasmer,cranelift
2026-05-13T16:02:05+0800,llvmss_misc_reedsolomon,wasm-aot,2,r82d0,2041396024,ok,,wasmer,cranelift
2026-05-13T16:02:05+0800,llvmss_misc_reedsolomon,wasm-aot,2,r00c4,3968456548,ok,,wasmer,cranelift
2026-05-13T16:02:05+0800,llvmss_misc_reedsolomon,wasm-aot,2,r01c4,1738748685,ok,,wasmer,cranelift
2026-05-13T16:02:05+0800,llvmss_misc_reedsolomon,wasm-aot,2,r1c0,43728513760,ok,,wasmer,cranelift
2026-05-13T16:02:05+0800,llvmss_misc_reedsolomon,wasm-aot,2,cpu-cycles,10309626799,ok,,wasmer,cranelift
2026-05-13T16:02:05+0800,llvmss_misc_reedsolomon,wasm-aot,2,L1-icache-load-misses,1740148,ok,,wasmer,cranelift
2026-05-13T16:02:05+0800,llvmss_misc_reedsolomon,wasm-aot,2,branch-misses,8844337,ok,,wasmer,cranelift
2026-05-13T16:02:08+0800,llvmss_misc_reedsolomon,native,3,r81d0,4622115635,ok,,wasmer,cranelift
2026-05-13T16:02:08+0800,llvmss_misc_reedsolomon,native,3,r82d0,2055033513,ok,,wasmer,cranelift
2026-05-13T16:02:08+0800,llvmss_misc_reedsolomon,native,3,r00c4,5403610938,ok,,wasmer,cranelift
2026-05-13T16:02:08+0800,llvmss_misc_reedsolomon,native,3,r01c4,338420367,ok,,wasmer,cranelift
2026-05-13T16:02:08+0800,llvmss_misc_reedsolomon,native,3,r1c0,38027052515,ok,,wasmer,cranelift
2026-05-13T16:02:08+0800,llvmss_misc_reedsolomon,native,3,cpu-cycles,10782215765,ok,,wasmer,cranelift
2026-05-13T16:02:08+0800,llvmss_misc_reedsolomon,native,3,L1-icache-load-misses,838293,ok,,wasmer,cranelift
2026-05-13T16:02:08+0800,llvmss_misc_reedsolomon,native,3,branch-misses,6810958,ok,,wasmer,cranelift
2026-05-13T16:02:11+0800,llvmss_misc_reedsolomon,wasm-jit,3,r81d0,9720507629,ok,,wasmer,cranelift
2026-05-13T16:02:11+0800,llvmss_misc_reedsolomon,wasm-jit,3,r82d0,2042230472,ok,,wasmer,cranelift
2026-05-13T16:02:11+0800,llvmss_misc_reedsolomon,wasm-jit,3,r00c4,3969210921,ok,,wasmer,cranelift
2026-05-13T16:02:11+0800,llvmss_misc_reedsolomon,wasm-jit,3,r01c4,1738893127,ok,,wasmer,cranelift
2026-05-13T16:02:11+0800,llvmss_misc_reedsolomon,wasm-jit,3,r1c0,43732631287,ok,,wasmer,cranelift
2026-05-13T16:02:11+0800,llvmss_misc_reedsolomon,wasm-jit,3,cpu-cycles,10310825679,ok,,wasmer,cranelift
2026-05-13T16:02:11+0800,llvmss_misc_reedsolomon,wasm-jit,3,L1-icache-load-misses,1729780,ok,,wasmer,cranelift
2026-05-13T16:02:11+0800,llvmss_misc_reedsolomon,wasm-jit,3,branch-misses,8800913,ok,,wasmer,cranelift
2026-05-13T16:02:14+0800,llvmss_misc_reedsolomon,wasm-aot,3,r81d0,9719329931,ok,,wasmer,cranelift
2026-05-13T16:02:14+0800,llvmss_misc_reedsolomon,wasm-aot,3,r82d0,2041451674,ok,,wasmer,cranelift
2026-05-13T16:02:14+0800,llvmss_misc_reedsolomon,wasm-aot,3,r00c4,3968493925,ok,,wasmer,cranelift
2026-05-13T16:02:14+0800,llvmss_misc_reedsolomon,wasm-aot,3,r01c4,1738758544,ok,,wasmer,cranelift
2026-05-13T16:02:14+0800,llvmss_misc_reedsolomon,wasm-aot,3,r1c0,43728755625,ok,,wasmer,cranelift
2026-05-13T16:02:14+0800,llvmss_misc_reedsolomon,wasm-aot,3,cpu-cycles,10421425644,ok,,wasmer,cranelift
2026-05-13T16:02:14+0800,llvmss_misc_reedsolomon,wasm-aot,3,L1-icache-load-misses,1740700,ok,,wasmer,cranelift
2026-05-13T16:02:14+0800,llvmss_misc_reedsolomon,wasm-aot,3,branch-misses,8850827,ok,,wasmer,cranelift
2026-05-13T16:02:17+0800,llvmss_misc_reedsolomon,native,4,r81d0,4622112008,ok,,wasmer,cranelift
2026-05-13T16:02:17+0800,llvmss_misc_reedsolomon,native,4,r82d0,2055030874,ok,,wasmer,cranelift
2026-05-13T16:02:17+0800,llvmss_misc_reedsolomon,native,4,r00c4,5403610167,ok,,wasmer,cranelift
2026-05-13T16:02:17+0800,llvmss_misc_reedsolomon,native,4,r01c4,338421799,ok,,wasmer,cranelift
2026-05-13T16:02:17+0800,llvmss_misc_reedsolomon,native,4,r1c0,38027049617,ok,,wasmer,cranelift
2026-05-13T16:02:17+0800,llvmss_misc_reedsolomon,native,4,cpu-cycles,10786551901,ok,,wasmer,cranelift
2026-05-13T16:02:17+0800,llvmss_misc_reedsolomon,native,4,L1-icache-load-misses,816400,ok,,wasmer,cranelift
2026-05-13T16:02:17+0800,llvmss_misc_reedsolomon,native,4,branch-misses,6819851,ok,,wasmer,cranelift
2026-05-13T16:02:20+0800,llvmss_misc_reedsolomon,wasm-jit,4,r81d0,9720610429,ok,,wasmer,cranelift
2026-05-13T16:02:20+0800,llvmss_misc_reedsolomon,wasm-jit,4,r82d0,2042298885,ok,,wasmer,cranelift
2026-05-13T16:02:20+0800,llvmss_misc_reedsolomon,wasm-jit,4,r00c4,3969284689,ok,,wasmer,cranelift
2026-05-13T16:02:20+0800,llvmss_misc_reedsolomon,wasm-jit,4,r01c4,1738909958,ok,,wasmer,cranelift
2026-05-13T16:02:20+0800,llvmss_misc_reedsolomon,wasm-jit,4,r1c0,43733056198,ok,,wasmer,cranelift
2026-05-13T16:02:20+0800,llvmss_misc_reedsolomon,wasm-jit,4,cpu-cycles,10309807527,ok,,wasmer,cranelift
2026-05-13T16:02:20+0800,llvmss_misc_reedsolomon,wasm-jit,4,L1-icache-load-misses,1746453,ok,,wasmer,cranelift
2026-05-13T16:02:20+0800,llvmss_misc_reedsolomon,wasm-jit,4,branch-misses,8816819,ok,,wasmer,cranelift
2026-05-13T16:02:22+0800,llvmss_misc_reedsolomon,wasm-aot,4,r81d0,9719308819,ok,,wasmer,cranelift
2026-05-13T16:02:22+0800,llvmss_misc_reedsolomon,wasm-aot,4,r82d0,2041422658,ok,,wasmer,cranelift
2026-05-13T16:02:22+0800,llvmss_misc_reedsolomon,wasm-aot,4,r00c4,3968484445,ok,,wasmer,cranelift
2026-05-13T16:02:22+0800,llvmss_misc_reedsolomon,wasm-aot,4,r01c4,1738756908,ok,,wasmer,cranelift
2026-05-13T16:02:22+0800,llvmss_misc_reedsolomon,wasm-aot,4,r1c0,43728676703,ok,,wasmer,cranelift
2026-05-13T16:02:22+0800,llvmss_misc_reedsolomon,wasm-aot,4,cpu-cycles,10307445737,ok,,wasmer,cranelift
2026-05-13T16:02:22+0800,llvmss_misc_reedsolomon,wasm-aot,4,L1-icache-load-misses,1727887,ok,,wasmer,cranelift
2026-05-13T16:02:22+0800,llvmss_misc_reedsolomon,wasm-aot,4,branch-misses,8859684,ok,,wasmer,cranelift
2026-05-13T16:02:26+0800,llvmss_misc_reedsolomon,native,5,r81d0,4622181018,ok,,wasmer,cranelift
2026-05-13T16:02:26+0800,llvmss_misc_reedsolomon,native,5,r82d0,2055088203,ok,,wasmer,cranelift
2026-05-13T16:02:26+0800,llvmss_misc_reedsolomon,native,5,r00c4,5403647670,ok,,wasmer,cranelift
2026-05-13T16:02:26+0800,llvmss_misc_reedsolomon,native,5,r01c4,338420549,ok,,wasmer,cranelift
2026-05-13T16:02:26+0800,llvmss_misc_reedsolomon,native,5,r1c0,38027300424,ok,,wasmer,cranelift
2026-05-13T16:02:26+0800,llvmss_misc_reedsolomon,native,5,cpu-cycles,10780123074,ok,,wasmer,cranelift
2026-05-13T16:02:26+0800,llvmss_misc_reedsolomon,native,5,L1-icache-load-misses,823253,ok,,wasmer,cranelift
2026-05-13T16:02:26+0800,llvmss_misc_reedsolomon,native,5,branch-misses,6824133,ok,,wasmer,cranelift
2026-05-13T16:02:28+0800,llvmss_misc_reedsolomon,wasm-jit,5,r81d0,9720672263,ok,,wasmer,cranelift
2026-05-13T16:02:28+0800,llvmss_misc_reedsolomon,wasm-jit,5,r82d0,2042327793,ok,,wasmer,cranelift
2026-05-13T16:02:28+0800,llvmss_misc_reedsolomon,wasm-jit,5,r00c4,3969324082,ok,,wasmer,cranelift
2026-05-13T16:02:28+0800,llvmss_misc_reedsolomon,wasm-jit,5,r01c4,1738919227,ok,,wasmer,cranelift
2026-05-13T16:02:28+0800,llvmss_misc_reedsolomon,wasm-jit,5,r1c0,43733290839,ok,,wasmer,cranelift
2026-05-13T16:02:28+0800,llvmss_misc_reedsolomon,wasm-jit,5,cpu-cycles,10311323256,ok,,wasmer,cranelift
2026-05-13T16:02:28+0800,llvmss_misc_reedsolomon,wasm-jit,5,L1-icache-load-misses,1781033,ok,,wasmer,cranelift
2026-05-13T16:02:28+0800,llvmss_misc_reedsolomon,wasm-jit,5,branch-misses,8861621,ok,,wasmer,cranelift
2026-05-13T16:02:31+0800,llvmss_misc_reedsolomon,wasm-aot,5,r81d0,9719249818,ok,,wasmer,cranelift
2026-05-13T16:02:31+0800,llvmss_misc_reedsolomon,wasm-aot,5,r82d0,2041395570,ok,,wasmer,cranelift
2026-05-13T16:02:31+0800,llvmss_misc_reedsolomon,wasm-aot,5,r00c4,3968434821,ok,,wasmer,cranelift
2026-05-13T16:02:31+0800,llvmss_misc_reedsolomon,wasm-aot,5,r01c4,1738755930,ok,,wasmer,cranelift
2026-05-13T16:02:31+0800,llvmss_misc_reedsolomon,wasm-aot,5,r1c0,43728370149,ok,,wasmer,cranelift
2026-05-13T16:02:31+0800,llvmss_misc_reedsolomon,wasm-aot,5,cpu-cycles,10309136336,ok,,wasmer,cranelift
2026-05-13T16:02:31+0800,llvmss_misc_reedsolomon,wasm-aot,5,L1-icache-load-misses,1746957,ok,,wasmer,cranelift
2026-05-13T16:02:31+0800,llvmss_misc_reedsolomon,wasm-aot,5,branch-misses,8815562,ok,,wasmer,cranelift
2026-05-13T16:02:34+0800,llvmss_misc_richards_benchmark,native,1,r81d0,1346849076,ok,,wasmer,cranelift
2026-05-13T16:02:34+0800,llvmss_misc_richards_benchmark,native,1,r82d0,885145776,ok,,wasmer,cranelift
2026-05-13T16:02:34+0800,llvmss_misc_richards_benchmark,native,1,r00c4,961974510,ok,,wasmer,cranelift
2026-05-13T16:02:34+0800,llvmss_misc_richards_benchmark,native,1,r01c4,237626536,ok,,wasmer,cranelift
2026-05-13T16:02:34+0800,llvmss_misc_richards_benchmark,native,1,r1c0,3944834963,ok,,wasmer,cranelift
2026-05-13T16:02:34+0800,llvmss_misc_richards_benchmark,native,1,cpu-cycles,1623356319,ok,,wasmer,cranelift
2026-05-13T16:02:34+0800,llvmss_misc_richards_benchmark,native,1,L1-icache-load-misses,131994,ok,,wasmer,cranelift
2026-05-13T16:02:34+0800,llvmss_misc_richards_benchmark,native,1,branch-misses,7381577,ok,,wasmer,cranelift
2026-05-13T16:02:35+0800,llvmss_misc_richards_benchmark,wasm-jit,1,r81d0,2701337820,ok,,wasmer,cranelift
2026-05-13T16:02:35+0800,llvmss_misc_richards_benchmark,wasm-jit,1,r82d0,1191978104,ok,,wasmer,cranelift
2026-05-13T16:02:35+0800,llvmss_misc_richards_benchmark,wasm-jit,1,r00c4,1231688635,ok,,wasmer,cranelift
2026-05-13T16:02:35+0800,llvmss_misc_richards_benchmark,wasm-jit,1,r01c4,383007667,ok,,wasmer,cranelift
2026-05-13T16:02:35+0800,llvmss_misc_richards_benchmark,wasm-jit,1,r1c0,7638338859,ok,,wasmer,cranelift
2026-05-13T16:02:35+0800,llvmss_misc_richards_benchmark,wasm-jit,1,cpu-cycles,3001284948,ok,,wasmer,cranelift
2026-05-13T16:02:35+0800,llvmss_misc_richards_benchmark,wasm-jit,1,L1-icache-load-misses,1136560,ok,,wasmer,cranelift
2026-05-13T16:02:35+0800,llvmss_misc_richards_benchmark,wasm-jit,1,branch-misses,7776099,ok,,wasmer,cranelift
2026-05-13T16:02:36+0800,llvmss_misc_richards_benchmark,wasm-aot,1,r81d0,2699693925,ok,,wasmer,cranelift
2026-05-13T16:02:36+0800,llvmss_misc_richards_benchmark,wasm-aot,1,r82d0,1190881839,ok,,wasmer,cranelift
2026-05-13T16:02:36+0800,llvmss_misc_richards_benchmark,wasm-aot,1,r00c4,1230656091,ok,,wasmer,cranelift
2026-05-13T16:02:36+0800,llvmss_misc_richards_benchmark,wasm-aot,1,r01c4,382810277,ok,,wasmer,cranelift
2026-05-13T16:02:36+0800,llvmss_misc_richards_benchmark,wasm-aot,1,r1c0,7632655975,ok,,wasmer,cranelift
2026-05-13T16:02:36+0800,llvmss_misc_richards_benchmark,wasm-aot,1,cpu-cycles,3013707379,ok,,wasmer,cranelift
2026-05-13T16:02:36+0800,llvmss_misc_richards_benchmark,wasm-aot,1,L1-icache-load-misses,1047995,ok,,wasmer,cranelift
2026-05-13T16:02:36+0800,llvmss_misc_richards_benchmark,wasm-aot,1,branch-misses,7748406,ok,,wasmer,cranelift
2026-05-13T16:02:36+0800,llvmss_misc_richards_benchmark,native,2,r81d0,1346891711,ok,,wasmer,cranelift
2026-05-13T16:02:36+0800,llvmss_misc_richards_benchmark,native,2,r82d0,885171057,ok,,wasmer,cranelift
2026-05-13T16:02:36+0800,llvmss_misc_richards_benchmark,native,2,r00c4,962005975,ok,,wasmer,cranelift
2026-05-13T16:02:36+0800,llvmss_misc_richards_benchmark,native,2,r01c4,237633438,ok,,wasmer,cranelift
2026-05-13T16:02:36+0800,llvmss_misc_richards_benchmark,native,2,r1c0,3945010036,ok,,wasmer,cranelift
2026-05-13T16:02:36+0800,llvmss_misc_richards_benchmark,native,2,cpu-cycles,1622645377,ok,,wasmer,cranelift
2026-05-13T16:02:36+0800,llvmss_misc_richards_benchmark,native,2,L1-icache-load-misses,134919,ok,,wasmer,cranelift
2026-05-13T16:02:36+0800,llvmss_misc_richards_benchmark,native,2,branch-misses,7381808,ok,,wasmer,cranelift
2026-05-13T16:02:37+0800,llvmss_misc_richards_benchmark,wasm-jit,2,r81d0,2701445872,ok,,wasmer,cranelift
2026-05-13T16:02:37+0800,llvmss_misc_richards_benchmark,wasm-jit,2,r82d0,1192049607,ok,,wasmer,cranelift
2026-05-13T16:02:37+0800,llvmss_misc_richards_benchmark,wasm-jit,2,r00c4,1231753257,ok,,wasmer,cranelift
2026-05-13T16:02:37+0800,llvmss_misc_richards_benchmark,wasm-jit,2,r01c4,383020361,ok,,wasmer,cranelift
2026-05-13T16:02:37+0800,llvmss_misc_richards_benchmark,wasm-jit,2,r1c0,7638721086,ok,,wasmer,cranelift
2026-05-13T16:02:37+0800,llvmss_misc_richards_benchmark,wasm-jit,2,cpu-cycles,3008884399,ok,,wasmer,cranelift
2026-05-13T16:02:37+0800,llvmss_misc_richards_benchmark,wasm-jit,2,L1-icache-load-misses,1155891,ok,,wasmer,cranelift
2026-05-13T16:02:37+0800,llvmss_misc_richards_benchmark,wasm-jit,2,branch-misses,7781956,ok,,wasmer,cranelift
2026-05-13T16:02:38+0800,llvmss_misc_richards_benchmark,wasm-aot,2,r81d0,2699905112,ok,,wasmer,cranelift
2026-05-13T16:02:38+0800,llvmss_misc_richards_benchmark,wasm-aot,2,r82d0,1191016772,ok,,wasmer,cranelift
2026-05-13T16:02:38+0800,llvmss_misc_richards_benchmark,wasm-aot,2,r00c4,1230814535,ok,,wasmer,cranelift
2026-05-13T16:02:38+0800,llvmss_misc_richards_benchmark,wasm-aot,2,r01c4,382843640,ok,,wasmer,cranelift
2026-05-13T16:02:38+0800,llvmss_misc_richards_benchmark,wasm-aot,2,r1c0,7633548553,ok,,wasmer,cranelift
2026-05-13T16:02:38+0800,llvmss_misc_richards_benchmark,wasm-aot,2,cpu-cycles,3004069743,ok,,wasmer,cranelift
2026-05-13T16:02:38+0800,llvmss_misc_richards_benchmark,wasm-aot,2,L1-icache-load-misses,1077888,ok,,wasmer,cranelift
2026-05-13T16:02:38+0800,llvmss_misc_richards_benchmark,wasm-aot,2,branch-misses,7769834,ok,,wasmer,cranelift
2026-05-13T16:02:38+0800,llvmss_misc_richards_benchmark,native,3,r81d0,1346882687,ok,,wasmer,cranelift
2026-05-13T16:02:38+0800,llvmss_misc_richards_benchmark,native,3,r82d0,885166503,ok,,wasmer,cranelift
2026-05-13T16:02:38+0800,llvmss_misc_richards_benchmark,native,3,r00c4,961999259,ok,,wasmer,cranelift
2026-05-13T16:02:38+0800,llvmss_misc_richards_benchmark,native,3,r01c4,237631873,ok,,wasmer,cranelift
2026-05-13T16:02:38+0800,llvmss_misc_richards_benchmark,native,3,r1c0,3944974178,ok,,wasmer,cranelift
2026-05-13T16:02:38+0800,llvmss_misc_richards_benchmark,native,3,cpu-cycles,1625442922,ok,,wasmer,cranelift
2026-05-13T16:02:38+0800,llvmss_misc_richards_benchmark,native,3,L1-icache-load-misses,146269,ok,,wasmer,cranelift
2026-05-13T16:02:38+0800,llvmss_misc_richards_benchmark,native,3,branch-misses,7398203,ok,,wasmer,cranelift
2026-05-13T16:02:39+0800,llvmss_misc_richards_benchmark,wasm-jit,3,r81d0,2701499146,ok,,wasmer,cranelift
2026-05-13T16:02:39+0800,llvmss_misc_richards_benchmark,wasm-jit,3,r82d0,1192071708,ok,,wasmer,cranelift
2026-05-13T16:02:39+0800,llvmss_misc_richards_benchmark,wasm-jit,3,r00c4,1231799087,ok,,wasmer,cranelift
2026-05-13T16:02:39+0800,llvmss_misc_richards_benchmark,wasm-jit,3,r01c4,383026602,ok,,wasmer,cranelift
2026-05-13T16:02:39+0800,llvmss_misc_richards_benchmark,wasm-jit,3,r1c0,7638949179,ok,,wasmer,cranelift
2026-05-13T16:02:39+0800,llvmss_misc_richards_benchmark,wasm-jit,3,cpu-cycles,3020609350,ok,,wasmer,cranelift
2026-05-13T16:02:39+0800,llvmss_misc_richards_benchmark,wasm-jit,3,L1-icache-load-misses,1171399,ok,,wasmer,cranelift
2026-05-13T16:02:39+0800,llvmss_misc_richards_benchmark,wasm-jit,3,branch-misses,7778742,ok,,wasmer,cranelift
2026-05-13T16:02:40+0800,llvmss_misc_richards_benchmark,wasm-aot,3,r81d0,2699605316,ok,,wasmer,cranelift
2026-05-13T16:02:40+0800,llvmss_misc_richards_benchmark,wasm-aot,3,r82d0,1190810547,ok,,wasmer,cranelift
2026-05-13T16:02:40+0800,llvmss_misc_richards_benchmark,wasm-aot,3,r00c4,1230616524,ok,,wasmer,cranelift
2026-05-13T16:02:40+0800,llvmss_misc_richards_benchmark,wasm-aot,3,r01c4,382803397,ok,,wasmer,cranelift
2026-05-13T16:02:40+0800,llvmss_misc_richards_benchmark,wasm-aot,3,r1c0,7632378362,ok,,wasmer,cranelift
2026-05-13T16:02:40+0800,llvmss_misc_richards_benchmark,wasm-aot,3,cpu-cycles,3014830755,ok,,wasmer,cranelift
2026-05-13T16:02:40+0800,llvmss_misc_richards_benchmark,wasm-aot,3,L1-icache-load-misses,1019959,ok,,wasmer,cranelift
2026-05-13T16:02:40+0800,llvmss_misc_richards_benchmark,wasm-aot,3,branch-misses,7757994,ok,,wasmer,cranelift
2026-05-13T16:02:40+0800,llvmss_misc_richards_benchmark,native,4,r81d0,1346848438,ok,,wasmer,cranelift
2026-05-13T16:02:40+0800,llvmss_misc_richards_benchmark,native,4,r82d0,885146067,ok,,wasmer,cranelift
2026-05-13T16:02:40+0800,llvmss_misc_richards_benchmark,native,4,r00c4,961973931,ok,,wasmer,cranelift
2026-05-13T16:02:40+0800,llvmss_misc_richards_benchmark,native,4,r01c4,237625586,ok,,wasmer,cranelift
2026-05-13T16:02:40+0800,llvmss_misc_richards_benchmark,native,4,r1c0,3944839644,ok,,wasmer,cranelift
2026-05-13T16:02:40+0800,llvmss_misc_richards_benchmark,native,4,cpu-cycles,1625242163,ok,,wasmer,cranelift
2026-05-13T16:02:40+0800,llvmss_misc_richards_benchmark,native,4,L1-icache-load-misses,136225,ok,,wasmer,cranelift
2026-05-13T16:02:40+0800,llvmss_misc_richards_benchmark,native,4,branch-misses,7378497,ok,,wasmer,cranelift
2026-05-13T16:02:41+0800,llvmss_misc_richards_benchmark,wasm-jit,4,r81d0,2701341173,ok,,wasmer,cranelift
2026-05-13T16:02:41+0800,llvmss_misc_richards_benchmark,wasm-jit,4,r82d0,1191988743,ok,,wasmer,cranelift
2026-05-13T16:02:41+0800,llvmss_misc_richards_benchmark,wasm-jit,4,r00c4,1231684293,ok,,wasmer,cranelift
2026-05-13T16:02:41+0800,llvmss_misc_richards_benchmark,wasm-jit,4,r01c4,382997027,ok,,wasmer,cranelift
2026-05-13T16:02:41+0800,llvmss_misc_richards_benchmark,wasm-jit,4,r1c0,7638357850,ok,,wasmer,cranelift
2026-05-13T16:02:41+0800,llvmss_misc_richards_benchmark,wasm-jit,4,cpu-cycles,3010870578,ok,,wasmer,cranelift
2026-05-13T16:02:41+0800,llvmss_misc_richards_benchmark,wasm-jit,4,L1-icache-load-misses,1143677,ok,,wasmer,cranelift
2026-05-13T16:02:41+0800,llvmss_misc_richards_benchmark,wasm-jit,4,branch-misses,7794025,ok,,wasmer,cranelift
2026-05-13T16:02:42+0800,llvmss_misc_richards_benchmark,wasm-aot,4,r81d0,2699819092,ok,,wasmer,cranelift
2026-05-13T16:02:42+0800,llvmss_misc_richards_benchmark,wasm-aot,4,r82d0,1190940989,ok,,wasmer,cranelift
2026-05-13T16:02:42+0800,llvmss_misc_richards_benchmark,wasm-aot,4,r00c4,1230766170,ok,,wasmer,cranelift
2026-05-13T16:02:42+0800,llvmss_misc_richards_benchmark,wasm-aot,4,r01c4,382833984,ok,,wasmer,cranelift
2026-05-13T16:02:42+0800,llvmss_misc_richards_benchmark,wasm-aot,4,r1c0,7633208772,ok,,wasmer,cranelift
2026-05-13T16:02:42+0800,llvmss_misc_richards_benchmark,wasm-aot,4,cpu-cycles,3034373308,ok,,wasmer,cranelift
2026-05-13T16:02:42+0800,llvmss_misc_richards_benchmark,wasm-aot,4,L1-icache-load-misses,1054043,ok,,wasmer,cranelift
2026-05-13T16:02:42+0800,llvmss_misc_richards_benchmark,wasm-aot,4,branch-misses,7753097,ok,,wasmer,cranelift
2026-05-13T16:02:43+0800,llvmss_misc_richards_benchmark,native,5,r81d0,1346862162,ok,,wasmer,cranelift
2026-05-13T16:02:43+0800,llvmss_misc_richards_benchmark,native,5,r82d0,885152933,ok,,wasmer,cranelift
2026-05-13T16:02:43+0800,llvmss_misc_richards_benchmark,native,5,r00c4,961986314,ok,,wasmer,cranelift
2026-05-13T16:02:43+0800,llvmss_misc_richards_benchmark,native,5,r01c4,237630346,ok,,wasmer,cranelift
2026-05-13T16:02:43+0800,llvmss_misc_richards_benchmark,native,5,r1c0,3944891315,ok,,wasmer,cranelift
2026-05-13T16:02:43+0800,llvmss_misc_richards_benchmark,native,5,cpu-cycles,1625499393,ok,,wasmer,cranelift
2026-05-13T16:02:43+0800,llvmss_misc_richards_benchmark,native,5,L1-icache-load-misses,146475,ok,,wasmer,cranelift
2026-05-13T16:02:43+0800,llvmss_misc_richards_benchmark,native,5,branch-misses,7405386,ok,,wasmer,cranelift
2026-05-13T16:02:43+0800,llvmss_misc_richards_benchmark,wasm-jit,5,r81d0,2701417647,ok,,wasmer,cranelift
2026-05-13T16:02:43+0800,llvmss_misc_richards_benchmark,wasm-jit,5,r82d0,1192040321,ok,,wasmer,cranelift
2026-05-13T16:02:43+0800,llvmss_misc_richards_benchmark,wasm-jit,5,r00c4,1231741778,ok,,wasmer,cranelift
2026-05-13T16:02:43+0800,llvmss_misc_richards_benchmark,wasm-jit,5,r01c4,383020091,ok,,wasmer,cranelift
2026-05-13T16:02:43+0800,llvmss_misc_richards_benchmark,wasm-jit,5,r1c0,7638650532,ok,,wasmer,cranelift
2026-05-13T16:02:43+0800,llvmss_misc_richards_benchmark,wasm-jit,5,cpu-cycles,3004437201,ok,,wasmer,cranelift
2026-05-13T16:02:43+0800,llvmss_misc_richards_benchmark,wasm-jit,5,L1-icache-load-misses,1156477,ok,,wasmer,cranelift
2026-05-13T16:02:43+0800,llvmss_misc_richards_benchmark,wasm-jit,5,branch-misses,7780624,ok,,wasmer,cranelift
2026-05-13T16:02:44+0800,llvmss_misc_richards_benchmark,wasm-aot,5,r81d0,2699795559,ok,,wasmer,cranelift
2026-05-13T16:02:44+0800,llvmss_misc_richards_benchmark,wasm-aot,5,r82d0,1190946039,ok,,wasmer,cranelift
2026-05-13T16:02:44+0800,llvmss_misc_richards_benchmark,wasm-aot,5,r00c4,1230738831,ok,,wasmer,cranelift
2026-05-13T16:02:44+0800,llvmss_misc_richards_benchmark,wasm-aot,5,r01c4,382828708,ok,,wasmer,cranelift
2026-05-13T16:02:44+0800,llvmss_misc_richards_benchmark,wasm-aot,5,r1c0,7633109019,ok,,wasmer,cranelift
2026-05-13T16:02:44+0800,llvmss_misc_richards_benchmark,wasm-aot,5,cpu-cycles,3031426399,ok,,wasmer,cranelift
2026-05-13T16:02:44+0800,llvmss_misc_richards_benchmark,wasm-aot,5,L1-icache-load-misses,1073040,ok,,wasmer,cranelift
2026-05-13T16:02:44+0800,llvmss_misc_richards_benchmark,wasm-aot,5,branch-misses,7764947,ok,,wasmer,cranelift
2026-05-13T16:03:01+0800,llvmss_misc_salsa20,native,1,r81d0,4882023283,ok,,wasmer,cranelift
2026-05-13T16:03:01+0800,llvmss_misc_salsa20,native,1,r82d0,4341503884,ok,,wasmer,cranelift
2026-05-13T16:03:01+0800,llvmss_misc_salsa20,native,1,r00c4,1517800269,ok,,wasmer,cranelift
2026-05-13T16:03:01+0800,llvmss_misc_salsa20,native,1,r01c4,807753678,ok,,wasmer,cranelift
2026-05-13T16:03:01+0800,llvmss_misc_salsa20,native,1,r1c0,44104350425,ok,,wasmer,cranelift
2026-05-13T16:03:01+0800,llvmss_misc_salsa20,native,1,cpu-cycles,13354008869,ok,,wasmer,cranelift
2026-05-13T16:03:01+0800,llvmss_misc_salsa20,native,1,L1-icache-load-misses,658889,ok,,wasmer,cranelift
2026-05-13T16:03:01+0800,llvmss_misc_salsa20,native,1,branch-misses,36137,ok,,wasmer,cranelift
2026-05-13T16:03:06+0800,llvmss_misc_salsa20,wasm-jit,1,r81d0,11382674621,ok,,wasmer,cranelift
2026-05-13T16:03:06+0800,llvmss_misc_salsa20,wasm-jit,1,r82d0,8719644717,ok,,wasmer,cranelift
2026-05-13T16:03:06+0800,llvmss_misc_salsa20,wasm-jit,1,r00c4,2837912968,ok,,wasmer,cranelift
2026-05-13T16:03:06+0800,llvmss_misc_salsa20,wasm-jit,1,r01c4,70126374,ok,,wasmer,cranelift
2026-05-13T16:03:06+0800,llvmss_misc_salsa20,wasm-jit,1,r1c0,63181302920,ok,,wasmer,cranelift
2026-05-13T16:03:06+0800,llvmss_misc_salsa20,wasm-jit,1,cpu-cycles,17181377496,ok,,wasmer,cranelift
2026-05-13T16:03:06+0800,llvmss_misc_salsa20,wasm-jit,1,L1-icache-load-misses,1848662,ok,,wasmer,cranelift
2026-05-13T16:03:06+0800,llvmss_misc_salsa20,wasm-jit,1,branch-misses,33766511,ok,,wasmer,cranelift
2026-05-13T16:03:11+0800,llvmss_misc_salsa20,wasm-aot,1,r81d0,11381450852,ok,,wasmer,cranelift
2026-05-13T16:03:11+0800,llvmss_misc_salsa20,wasm-aot,1,r82d0,8718822171,ok,,wasmer,cranelift
2026-05-13T16:03:11+0800,llvmss_misc_salsa20,wasm-aot,1,r00c4,2837132390,ok,,wasmer,cranelift
2026-05-13T16:03:11+0800,llvmss_misc_salsa20,wasm-aot,1,r01c4,69962262,ok,,wasmer,cranelift
2026-05-13T16:03:11+0800,llvmss_misc_salsa20,wasm-aot,1,r1c0,63177014402,ok,,wasmer,cranelift
2026-05-13T16:03:11+0800,llvmss_misc_salsa20,wasm-aot,1,cpu-cycles,17158027304,ok,,wasmer,cranelift
2026-05-13T16:03:11+0800,llvmss_misc_salsa20,wasm-aot,1,L1-icache-load-misses,1631077,ok,,wasmer,cranelift
2026-05-13T16:03:11+0800,llvmss_misc_salsa20,wasm-aot,1,branch-misses,33759000,ok,,wasmer,cranelift
2026-05-13T16:03:15+0800,llvmss_misc_salsa20,native,2,r81d0,4882046446,ok,,wasmer,cranelift
2026-05-13T16:03:15+0800,llvmss_misc_salsa20,native,2,r82d0,4341515314,ok,,wasmer,cranelift
2026-05-13T16:03:15+0800,llvmss_misc_salsa20,native,2,r00c4,1517812493,ok,,wasmer,cranelift
2026-05-13T16:03:15+0800,llvmss_misc_salsa20,native,2,r01c4,807749010,ok,,wasmer,cranelift
2026-05-13T16:03:15+0800,llvmss_misc_salsa20,native,2,r1c0,44104415282,ok,,wasmer,cranelift
2026-05-13T16:03:15+0800,llvmss_misc_salsa20,native,2,cpu-cycles,13358794551,ok,,wasmer,cranelift
2026-05-13T16:03:15+0800,llvmss_misc_salsa20,native,2,L1-icache-load-misses,653561,ok,,wasmer,cranelift
2026-05-13T16:03:15+0800,llvmss_misc_salsa20,native,2,branch-misses,40417,ok,,wasmer,cranelift
2026-05-13T16:03:20+0800,llvmss_misc_salsa20,wasm-jit,2,r81d0,11382744779,ok,,wasmer,cranelift
2026-05-13T16:03:20+0800,llvmss_misc_salsa20,wasm-jit,2,r82d0,8719712665,ok,,wasmer,cranelift
2026-05-13T16:03:20+0800,llvmss_misc_salsa20,wasm-jit,2,r00c4,2837950954,ok,,wasmer,cranelift
2026-05-13T16:03:20+0800,llvmss_misc_salsa20,wasm-jit,2,r01c4,70113185,ok,,wasmer,cranelift
2026-05-13T16:03:20+0800,llvmss_misc_salsa20,wasm-jit,2,r1c0,63181525126,ok,,wasmer,cranelift
2026-05-13T16:03:20+0800,llvmss_misc_salsa20,wasm-jit,2,cpu-cycles,17176090981,ok,,wasmer,cranelift
2026-05-13T16:03:20+0800,llvmss_misc_salsa20,wasm-jit,2,L1-icache-load-misses,1748502,ok,,wasmer,cranelift
2026-05-13T16:03:20+0800,llvmss_misc_salsa20,wasm-jit,2,branch-misses,33767974,ok,,wasmer,cranelift
2026-05-13T16:03:24+0800,llvmss_misc_salsa20,wasm-aot,2,r81d0,11381484835,ok,,wasmer,cranelift
2026-05-13T16:03:24+0800,llvmss_misc_salsa20,wasm-aot,2,r82d0,8718845762,ok,,wasmer,cranelift
2026-05-13T16:03:24+0800,llvmss_misc_salsa20,wasm-aot,2,r00c4,2837151530,ok,,wasmer,cranelift
2026-05-13T16:03:24+0800,llvmss_misc_salsa20,wasm-aot,2,r01c4,69978277,ok,,wasmer,cranelift
2026-05-13T16:03:24+0800,llvmss_misc_salsa20,wasm-aot,2,r1c0,63177152436,ok,,wasmer,cranelift
2026-05-13T16:03:24+0800,llvmss_misc_salsa20,wasm-aot,2,cpu-cycles,17175326691,ok,,wasmer,cranelift
2026-05-13T16:03:24+0800,llvmss_misc_salsa20,wasm-aot,2,L1-icache-load-misses,1716094,ok,,wasmer,cranelift
2026-05-13T16:03:24+0800,llvmss_misc_salsa20,wasm-aot,2,branch-misses,33770909,ok,,wasmer,cranelift
2026-05-13T16:03:28+0800,llvmss_misc_salsa20,native,3,r81d0,4882049785,ok,,wasmer,cranelift
2026-05-13T16:03:28+0800,llvmss_misc_salsa20,native,3,r82d0,4341509865,ok,,wasmer,cranelift
2026-05-13T16:03:28+0800,llvmss_misc_salsa20,native,3,r00c4,1517819526,ok,,wasmer,cranelift
2026-05-13T16:03:28+0800,llvmss_misc_salsa20,native,3,r01c4,807762247,ok,,wasmer,cranelift
2026-05-13T16:03:28+0800,llvmss_misc_salsa20,native,3,r1c0,44104457997,ok,,wasmer,cranelift
2026-05-13T16:03:28+0800,llvmss_misc_salsa20,native,3,cpu-cycles,13360313781,ok,,wasmer,cranelift
2026-05-13T16:03:28+0800,llvmss_misc_salsa20,native,3,L1-icache-load-misses,640446,ok,,wasmer,cranelift
2026-05-13T16:03:28+0800,llvmss_misc_salsa20,native,3,branch-misses,35473,ok,,wasmer,cranelift
2026-05-13T16:03:33+0800,llvmss_misc_salsa20,wasm-jit,3,r81d0,11382697583,ok,,wasmer,cranelift
2026-05-13T16:03:33+0800,llvmss_misc_salsa20,wasm-jit,3,r82d0,8719663774,ok,,wasmer,cranelift
2026-05-13T16:03:33+0800,llvmss_misc_salsa20,wasm-jit,3,r00c4,2837930547,ok,,wasmer,cranelift
2026-05-13T16:03:33+0800,llvmss_misc_salsa20,wasm-jit,3,r01c4,70119004,ok,,wasmer,cranelift
2026-05-13T16:03:33+0800,llvmss_misc_salsa20,wasm-jit,3,r1c0,63181369276,ok,,wasmer,cranelift
2026-05-13T16:03:33+0800,llvmss_misc_salsa20,wasm-jit,3,cpu-cycles,17170002631,ok,,wasmer,cranelift
2026-05-13T16:03:33+0800,llvmss_misc_salsa20,wasm-jit,3,L1-icache-load-misses,1804856,ok,,wasmer,cranelift
2026-05-13T16:03:33+0800,llvmss_misc_salsa20,wasm-jit,3,branch-misses,33782511,ok,,wasmer,cranelift
2026-05-13T16:03:38+0800,llvmss_misc_salsa20,wasm-aot,3,r81d0,11381542559,ok,,wasmer,cranelift
2026-05-13T16:03:38+0800,llvmss_misc_salsa20,wasm-aot,3,r82d0,8718900964,ok,,wasmer,cranelift
2026-05-13T16:03:38+0800,llvmss_misc_salsa20,wasm-aot,3,r00c4,2837198509,ok,,wasmer,cranelift
2026-05-13T16:03:38+0800,llvmss_misc_salsa20,wasm-aot,3,r01c4,69979334,ok,,wasmer,cranelift
2026-05-13T16:03:38+0800,llvmss_misc_salsa20,wasm-aot,3,r1c0,63177401142,ok,,wasmer,cranelift
2026-05-13T16:03:38+0800,llvmss_misc_salsa20,wasm-aot,3,cpu-cycles,17153542264,ok,,wasmer,cranelift
2026-05-13T16:03:38+0800,llvmss_misc_salsa20,wasm-aot,3,L1-icache-load-misses,1830224,ok,,wasmer,cranelift
2026-05-13T16:03:38+0800,llvmss_misc_salsa20,wasm-aot,3,branch-misses,33760446,ok,,wasmer,cranelift
2026-05-13T16:03:41+0800,llvmss_misc_salsa20,native,4,r81d0,4882067601,ok,,wasmer,cranelift
2026-05-13T16:03:41+0800,llvmss_misc_salsa20,native,4,r82d0,4341533393,ok,,wasmer,cranelift
2026-05-13T16:03:41+0800,llvmss_misc_salsa20,native,4,r00c4,1517832965,ok,,wasmer,cranelift
2026-05-13T16:03:41+0800,llvmss_misc_salsa20,native,4,r01c4,807757101,ok,,wasmer,cranelift
2026-05-13T16:03:41+0800,llvmss_misc_salsa20,native,4,r1c0,44104563970,ok,,wasmer,cranelift
2026-05-13T16:03:41+0800,llvmss_misc_salsa20,native,4,cpu-cycles,13362313571,ok,,wasmer,cranelift
2026-05-13T16:03:41+0800,llvmss_misc_salsa20,native,4,L1-icache-load-misses,664904,ok,,wasmer,cranelift
2026-05-13T16:03:41+0800,llvmss_misc_salsa20,native,4,branch-misses,35546,ok,,wasmer,cranelift
2026-05-13T16:03:46+0800,llvmss_misc_salsa20,wasm-jit,4,r81d0,11382593819,ok,,wasmer,cranelift
2026-05-13T16:03:46+0800,llvmss_misc_salsa20,wasm-jit,4,r82d0,8719597693,ok,,wasmer,cranelift
2026-05-13T16:03:46+0800,llvmss_misc_salsa20,wasm-jit,4,r00c4,2837835690,ok,,wasmer,cranelift
2026-05-13T16:03:46+0800,llvmss_misc_salsa20,wasm-jit,4,r01c4,70104557,ok,,wasmer,cranelift
2026-05-13T16:03:46+0800,llvmss_misc_salsa20,wasm-jit,4,r1c0,63180904282,ok,,wasmer,cranelift
2026-05-13T16:03:46+0800,llvmss_misc_salsa20,wasm-jit,4,cpu-cycles,17166640555,ok,,wasmer,cranelift
2026-05-13T16:03:46+0800,llvmss_misc_salsa20,wasm-jit,4,L1-icache-load-misses,1821185,ok,,wasmer,cranelift
2026-05-13T16:03:46+0800,llvmss_misc_salsa20,wasm-jit,4,branch-misses,33770355,ok,,wasmer,cranelift
2026-05-13T16:03:51+0800,llvmss_misc_salsa20,wasm-aot,4,r81d0,11381463341,ok,,wasmer,cranelift
2026-05-13T16:03:51+0800,llvmss_misc_salsa20,wasm-aot,4,r82d0,8718846285,ok,,wasmer,cranelift
2026-05-13T16:03:51+0800,llvmss_misc_salsa20,wasm-aot,4,r00c4,2837131035,ok,,wasmer,cranelift
2026-05-13T16:03:51+0800,llvmss_misc_salsa20,wasm-aot,4,r01c4,69972936,ok,,wasmer,cranelift
2026-05-13T16:03:51+0800,llvmss_misc_salsa20,wasm-aot,4,r1c0,63177019793,ok,,wasmer,cranelift
2026-05-13T16:03:51+0800,llvmss_misc_salsa20,wasm-aot,4,cpu-cycles,17158045616,ok,,wasmer,cranelift
2026-05-13T16:03:51+0800,llvmss_misc_salsa20,wasm-aot,4,L1-icache-load-misses,1825057,ok,,wasmer,cranelift
2026-05-13T16:03:51+0800,llvmss_misc_salsa20,wasm-aot,4,branch-misses,33756091,ok,,wasmer,cranelift
2026-05-13T16:03:55+0800,llvmss_misc_salsa20,native,5,r81d0,4881938915,ok,,wasmer,cranelift
2026-05-13T16:03:55+0800,llvmss_misc_salsa20,native,5,r82d0,4341435480,ok,,wasmer,cranelift
2026-05-13T16:03:55+0800,llvmss_misc_salsa20,native,5,r00c4,1517725559,ok,,wasmer,cranelift
2026-05-13T16:03:55+0800,llvmss_misc_salsa20,native,5,r01c4,807735948,ok,,wasmer,cranelift
2026-05-13T16:03:55+0800,llvmss_misc_salsa20,native,5,r1c0,44103980527,ok,,wasmer,cranelift
2026-05-13T16:03:55+0800,llvmss_misc_salsa20,native,5,cpu-cycles,13347485657,ok,,wasmer,cranelift
2026-05-13T16:03:55+0800,llvmss_misc_salsa20,native,5,L1-icache-load-misses,584925,ok,,wasmer,cranelift
2026-05-13T16:03:55+0800,llvmss_misc_salsa20,native,5,branch-misses,31019,ok,,wasmer,cranelift
2026-05-13T16:04:00+0800,llvmss_misc_salsa20,wasm-jit,5,r81d0,11382721664,ok,,wasmer,cranelift
2026-05-13T16:04:00+0800,llvmss_misc_salsa20,wasm-jit,5,r82d0,8719682593,ok,,wasmer,cranelift
2026-05-13T16:04:00+0800,llvmss_misc_salsa20,wasm-jit,5,r00c4,2837938003,ok,,wasmer,cranelift
2026-05-13T16:04:00+0800,llvmss_misc_salsa20,wasm-jit,5,r01c4,70137224,ok,,wasmer,cranelift
2026-05-13T16:04:00+0800,llvmss_misc_salsa20,wasm-jit,5,r1c0,63181445745,ok,,wasmer,cranelift
2026-05-13T16:04:00+0800,llvmss_misc_salsa20,wasm-jit,5,cpu-cycles,17142360534,ok,,wasmer,cranelift
2026-05-13T16:04:00+0800,llvmss_misc_salsa20,wasm-jit,5,L1-icache-load-misses,1839980,ok,,wasmer,cranelift
2026-05-13T16:04:00+0800,llvmss_misc_salsa20,wasm-jit,5,branch-misses,33768753,ok,,wasmer,cranelift
2026-05-13T16:04:04+0800,llvmss_misc_salsa20,wasm-aot,5,r81d0,11381737167,ok,,wasmer,cranelift
2026-05-13T16:04:04+0800,llvmss_misc_salsa20,wasm-aot,5,r82d0,8719014331,ok,,wasmer,cranelift
2026-05-13T16:04:04+0800,llvmss_misc_salsa20,wasm-aot,5,r00c4,2837354521,ok,,wasmer,cranelift
2026-05-13T16:04:04+0800,llvmss_misc_salsa20,wasm-aot,5,r01c4,70011352,ok,,wasmer,cranelift
2026-05-13T16:04:04+0800,llvmss_misc_salsa20,wasm-aot,5,r1c0,63178210015,ok,,wasmer,cranelift
2026-05-13T16:04:04+0800,llvmss_misc_salsa20,wasm-aot,5,cpu-cycles,17163184428,ok,,wasmer,cranelift
2026-05-13T16:04:04+0800,llvmss_misc_salsa20,wasm-aot,5,L1-icache-load-misses,1748073,ok,,wasmer,cranelift
2026-05-13T16:04:04+0800,llvmss_misc_salsa20,wasm-aot,5,branch-misses,33771132,ok,,wasmer,cranelift
2026-05-13T16:04:04+0800,llvmss_shootout_hello,native,1,r81d0,210780,ok,,wasmer,cranelift
2026-05-13T16:04:04+0800,llvmss_shootout_hello,native,1,r82d0,126821,ok,,wasmer,cranelift
2026-05-13T16:04:04+0800,llvmss_shootout_hello,native,1,r00c4,165640,ok,,wasmer,cranelift
2026-05-13T16:04:04+0800,llvmss_shootout_hello,native,1,r01c4,38239,ok,,wasmer,cranelift
2026-05-13T16:04:04+0800,llvmss_shootout_hello,native,1,r1c0,870171,ok,,wasmer,cranelift
2026-05-13T16:04:04+0800,llvmss_shootout_hello,native,1,cpu-cycles,1018928,ok,,wasmer,cranelift
2026-05-13T16:04:04+0800,llvmss_shootout_hello,native,1,L1-icache-load-misses,43516,ok,,wasmer,cranelift
2026-05-13T16:04:04+0800,llvmss_shootout_hello,native,1,branch-misses,4749,ok,,wasmer,cranelift
2026-05-13T16:04:04+0800,llvmss_shootout_hello,wasm-jit,1,r81d0,10177816,ok,,wasmer,cranelift
2026-05-13T16:04:04+0800,llvmss_shootout_hello,wasm-jit,1,r82d0,6398667,ok,,wasmer,cranelift
2026-05-13T16:04:04+0800,llvmss_shootout_hello,wasm-jit,1,r00c4,7704625,ok,,wasmer,cranelift
2026-05-13T16:04:04+0800,llvmss_shootout_hello,wasm-jit,1,r01c4,1791764,ok,,wasmer,cranelift
2026-05-13T16:04:04+0800,llvmss_shootout_hello,wasm-jit,1,r1c0,40762353,ok,,wasmer,cranelift
2026-05-13T16:04:04+0800,llvmss_shootout_hello,wasm-jit,1,cpu-cycles,38017941,ok,,wasmer,cranelift
2026-05-13T16:04:04+0800,llvmss_shootout_hello,wasm-jit,1,L1-icache-load-misses,931058,ok,,wasmer,cranelift
2026-05-13T16:04:04+0800,llvmss_shootout_hello,wasm-jit,1,branch-misses,139718,ok,,wasmer,cranelift
2026-05-13T16:04:04+0800,llvmss_shootout_hello,wasm-aot,1,r81d0,9158589,ok,,wasmer,cranelift
2026-05-13T16:04:04+0800,llvmss_shootout_hello,wasm-aot,1,r82d0,5696677,ok,,wasmer,cranelift
2026-05-13T16:04:04+0800,llvmss_shootout_hello,wasm-aot,1,r00c4,7070696,ok,,wasmer,cranelift
2026-05-13T16:04:04+0800,llvmss_shootout_hello,wasm-aot,1,r01c4,1673354,ok,,wasmer,cranelift
2026-05-13T16:04:04+0800,llvmss_shootout_hello,wasm-aot,1,r1c0,37273970,ok,,wasmer,cranelift
2026-05-13T16:04:04+0800,llvmss_shootout_hello,wasm-aot,1,cpu-cycles,38742960,ok,,wasmer,cranelift
2026-05-13T16:04:04+0800,llvmss_shootout_hello,wasm-aot,1,L1-icache-load-misses,878335,ok,,wasmer,cranelift
2026-05-13T16:04:04+0800,llvmss_shootout_hello,wasm-aot,1,branch-misses,123820,ok,,wasmer,cranelift
2026-05-13T16:04:04+0800,llvmss_shootout_hello,native,2,r81d0,200986,ok,,wasmer,cranelift
2026-05-13T16:04:04+0800,llvmss_shootout_hello,native,2,r82d0,120500,ok,,wasmer,cranelift
2026-05-13T16:04:04+0800,llvmss_shootout_hello,native,2,r00c4,158734,ok,,wasmer,cranelift
2026-05-13T16:04:04+0800,llvmss_shootout_hello,native,2,r01c4,37096,ok,,wasmer,cranelift
2026-05-13T16:04:04+0800,llvmss_shootout_hello,native,2,r1c0,828884,ok,,wasmer,cranelift
2026-05-13T16:04:04+0800,llvmss_shootout_hello,native,2,cpu-cycles,1019388,ok,,wasmer,cranelift
2026-05-13T16:04:04+0800,llvmss_shootout_hello,native,2,L1-icache-load-misses,46078,ok,,wasmer,cranelift
2026-05-13T16:04:04+0800,llvmss_shootout_hello,native,2,branch-misses,5960,ok,,wasmer,cranelift
2026-05-13T16:04:04+0800,llvmss_shootout_hello,wasm-jit,2,r81d0,10237932,ok,,wasmer,cranelift
2026-05-13T16:04:04+0800,llvmss_shootout_hello,wasm-jit,2,r82d0,6441748,ok,,wasmer,cranelift
2026-05-13T16:04:04+0800,llvmss_shootout_hello,wasm-jit,2,r00c4,7742582,ok,,wasmer,cranelift
2026-05-13T16:04:04+0800,llvmss_shootout_hello,wasm-jit,2,r01c4,1795682,ok,,wasmer,cranelift
2026-05-13T16:04:04+0800,llvmss_shootout_hello,wasm-jit,2,r1c0,40994890,ok,,wasmer,cranelift
2026-05-13T16:04:04+0800,llvmss_shootout_hello,wasm-jit,2,cpu-cycles,39979871,ok,,wasmer,cranelift
2026-05-13T16:04:04+0800,llvmss_shootout_hello,wasm-jit,2,L1-icache-load-misses,942702,ok,,wasmer,cranelift
2026-05-13T16:04:04+0800,llvmss_shootout_hello,wasm-jit,2,branch-misses,140978,ok,,wasmer,cranelift
2026-05-13T16:04:04+0800,llvmss_shootout_hello,wasm-aot,2,r81d0,9013931,ok,,wasmer,cranelift
2026-05-13T16:04:04+0800,llvmss_shootout_hello,wasm-aot,2,r82d0,5612376,ok,,wasmer,cranelift
2026-05-13T16:04:04+0800,llvmss_shootout_hello,wasm-aot,2,r00c4,6960874,ok,,wasmer,cranelift
2026-05-13T16:04:04+0800,llvmss_shootout_hello,wasm-aot,2,r01c4,1645629,ok,,wasmer,cranelift
2026-05-13T16:04:04+0800,llvmss_shootout_hello,wasm-aot,2,r1c0,36692627,ok,,wasmer,cranelift
2026-05-13T16:04:04+0800,llvmss_shootout_hello,wasm-aot,2,cpu-cycles,34887049,ok,,wasmer,cranelift
2026-05-13T16:04:04+0800,llvmss_shootout_hello,wasm-aot,2,L1-icache-load-misses,829656,ok,,wasmer,cranelift
2026-05-13T16:04:04+0800,llvmss_shootout_hello,wasm-aot,2,branch-misses,119329,ok,,wasmer,cranelift
2026-05-13T16:04:04+0800,llvmss_shootout_hello,native,3,r81d0,192640,ok,,wasmer,cranelift
2026-05-13T16:04:04+0800,llvmss_shootout_hello,native,3,r82d0,115518,ok,,wasmer,cranelift
2026-05-13T16:04:04+0800,llvmss_shootout_hello,native,3,r00c4,153093,ok,,wasmer,cranelift
2026-05-13T16:04:04+0800,llvmss_shootout_hello,native,3,r01c4,35680,ok,,wasmer,cranelift
2026-05-13T16:04:04+0800,llvmss_shootout_hello,native,3,r1c0,794358,ok,,wasmer,cranelift
2026-05-13T16:04:04+0800,llvmss_shootout_hello,native,3,cpu-cycles,1508034,ok,,wasmer,cranelift
2026-05-13T16:04:04+0800,llvmss_shootout_hello,native,3,L1-icache-load-misses,44081,ok,,wasmer,cranelift
2026-05-13T16:04:04+0800,llvmss_shootout_hello,native,3,branch-misses,5310,ok,,wasmer,cranelift
2026-05-13T16:04:05+0800,llvmss_shootout_hello,wasm-jit,3,r81d0,10212343,ok,,wasmer,cranelift
2026-05-13T16:04:05+0800,llvmss_shootout_hello,wasm-jit,3,r82d0,6426764,ok,,wasmer,cranelift
2026-05-13T16:04:05+0800,llvmss_shootout_hello,wasm-jit,3,r00c4,7732488,ok,,wasmer,cranelift
2026-05-13T16:04:05+0800,llvmss_shootout_hello,wasm-jit,3,r01c4,1798266,ok,,wasmer,cranelift
2026-05-13T16:04:05+0800,llvmss_shootout_hello,wasm-jit,3,r1c0,40926831,ok,,wasmer,cranelift
2026-05-13T16:04:05+0800,llvmss_shootout_hello,wasm-jit,3,cpu-cycles,37884038,ok,,wasmer,cranelift
2026-05-13T16:04:05+0800,llvmss_shootout_hello,wasm-jit,3,L1-icache-load-misses,941222,ok,,wasmer,cranelift
2026-05-13T16:04:05+0800,llvmss_shootout_hello,wasm-jit,3,branch-misses,141063,ok,,wasmer,cranelift
2026-05-13T16:04:05+0800,llvmss_shootout_hello,wasm-aot,3,r81d0,9177650,ok,,wasmer,cranelift
2026-05-13T16:04:05+0800,llvmss_shootout_hello,wasm-aot,3,r82d0,5717290,ok,,wasmer,cranelift
2026-05-13T16:04:05+0800,llvmss_shootout_hello,wasm-aot,3,r00c4,7090988,ok,,wasmer,cranelift
2026-05-13T16:04:05+0800,llvmss_shootout_hello,wasm-aot,3,r01c4,1676638,ok,,wasmer,cranelift
2026-05-13T16:04:05+0800,llvmss_shootout_hello,wasm-aot,3,r1c0,37382770,ok,,wasmer,cranelift
2026-05-13T16:04:05+0800,llvmss_shootout_hello,wasm-aot,3,cpu-cycles,39351156,ok,,wasmer,cranelift
2026-05-13T16:04:05+0800,llvmss_shootout_hello,wasm-aot,3,L1-icache-load-misses,860662,ok,,wasmer,cranelift
2026-05-13T16:04:05+0800,llvmss_shootout_hello,wasm-aot,3,branch-misses,123037,ok,,wasmer,cranelift
2026-05-13T16:04:05+0800,llvmss_shootout_hello,native,4,r81d0,206734,ok,,wasmer,cranelift
2026-05-13T16:04:05+0800,llvmss_shootout_hello,native,4,r82d0,124262,ok,,wasmer,cranelift
2026-05-13T16:04:05+0800,llvmss_shootout_hello,native,4,r00c4,162746,ok,,wasmer,cranelift
2026-05-13T16:04:05+0800,llvmss_shootout_hello,native,4,r01c4,38030,ok,,wasmer,cranelift
2026-05-13T16:04:05+0800,llvmss_shootout_hello,native,4,r1c0,854304,ok,,wasmer,cranelift
2026-05-13T16:04:05+0800,llvmss_shootout_hello,native,4,cpu-cycles,988951,ok,,wasmer,cranelift
2026-05-13T16:04:05+0800,llvmss_shootout_hello,native,4,L1-icache-load-misses,49648,ok,,wasmer,cranelift
2026-05-13T16:04:05+0800,llvmss_shootout_hello,native,4,branch-misses,5919,ok,,wasmer,cranelift
2026-05-13T16:04:05+0800,llvmss_shootout_hello,wasm-jit,4,r81d0,10270284,ok,,wasmer,cranelift
2026-05-13T16:04:05+0800,llvmss_shootout_hello,wasm-jit,4,r82d0,6458184,ok,,wasmer,cranelift
2026-05-13T16:04:05+0800,llvmss_shootout_hello,wasm-jit,4,r00c4,7770538,ok,,wasmer,cranelift
2026-05-13T16:04:05+0800,llvmss_shootout_hello,wasm-jit,4,r01c4,1806500,ok,,wasmer,cranelift
2026-05-13T16:04:05+0800,llvmss_shootout_hello,wasm-jit,4,r1c0,41125427,ok,,wasmer,cranelift
2026-05-13T16:04:05+0800,llvmss_shootout_hello,wasm-jit,4,cpu-cycles,37012694,ok,,wasmer,cranelift
2026-05-13T16:04:05+0800,llvmss_shootout_hello,wasm-jit,4,L1-icache-load-misses,950312,ok,,wasmer,cranelift
2026-05-13T16:04:05+0800,llvmss_shootout_hello,wasm-jit,4,branch-misses,142735,ok,,wasmer,cranelift
2026-05-13T16:04:05+0800,llvmss_shootout_hello,wasm-aot,4,r81d0,9133509,ok,,wasmer,cranelift
2026-05-13T16:04:05+0800,llvmss_shootout_hello,wasm-aot,4,r82d0,5682796,ok,,wasmer,cranelift
2026-05-13T16:04:05+0800,llvmss_shootout_hello,wasm-aot,4,r00c4,7051216,ok,,wasmer,cranelift
2026-05-13T16:04:05+0800,llvmss_shootout_hello,wasm-aot,4,r01c4,1666725,ok,,wasmer,cranelift
2026-05-13T16:04:05+0800,llvmss_shootout_hello,wasm-aot,4,r1c0,37159767,ok,,wasmer,cranelift
2026-05-13T16:04:05+0800,llvmss_shootout_hello,wasm-aot,4,cpu-cycles,38194503,ok,,wasmer,cranelift
2026-05-13T16:04:05+0800,llvmss_shootout_hello,wasm-aot,4,L1-icache-load-misses,881800,ok,,wasmer,cranelift
2026-05-13T16:04:05+0800,llvmss_shootout_hello,wasm-aot,4,branch-misses,123325,ok,,wasmer,cranelift
2026-05-13T16:04:05+0800,llvmss_shootout_hello,native,5,r81d0,198830,ok,,wasmer,cranelift
2026-05-13T16:04:05+0800,llvmss_shootout_hello,native,5,r82d0,119392,ok,,wasmer,cranelift
2026-05-13T16:04:05+0800,llvmss_shootout_hello,native,5,r00c4,157291,ok,,wasmer,cranelift
2026-05-13T16:04:05+0800,llvmss_shootout_hello,native,5,r01c4,36730,ok,,wasmer,cranelift
2026-05-13T16:04:05+0800,llvmss_shootout_hello,native,5,r1c0,820679,ok,,wasmer,cranelift
2026-05-13T16:04:05+0800,llvmss_shootout_hello,native,5,cpu-cycles,1015912,ok,,wasmer,cranelift
2026-05-13T16:04:05+0800,llvmss_shootout_hello,native,5,L1-icache-load-misses,41599,ok,,wasmer,cranelift
2026-05-13T16:04:05+0800,llvmss_shootout_hello,native,5,branch-misses,5201,ok,,wasmer,cranelift
2026-05-13T16:04:05+0800,llvmss_shootout_hello,wasm-jit,5,r81d0,10205672,ok,,wasmer,cranelift
2026-05-13T16:04:05+0800,llvmss_shootout_hello,wasm-jit,5,r82d0,6418438,ok,,wasmer,cranelift
2026-05-13T16:04:05+0800,llvmss_shootout_hello,wasm-jit,5,r00c4,7721278,ok,,wasmer,cranelift
2026-05-13T16:04:05+0800,llvmss_shootout_hello,wasm-jit,5,r01c4,1795291,ok,,wasmer,cranelift
2026-05-13T16:04:05+0800,llvmss_shootout_hello,wasm-jit,5,r1c0,40860446,ok,,wasmer,cranelift
2026-05-13T16:04:05+0800,llvmss_shootout_hello,wasm-jit,5,cpu-cycles,37655386,ok,,wasmer,cranelift
2026-05-13T16:04:05+0800,llvmss_shootout_hello,wasm-jit,5,L1-icache-load-misses,937319,ok,,wasmer,cranelift
2026-05-13T16:04:05+0800,llvmss_shootout_hello,wasm-jit,5,branch-misses,139777,ok,,wasmer,cranelift
2026-05-13T16:04:05+0800,llvmss_shootout_hello,wasm-aot,5,r81d0,9045310,ok,,wasmer,cranelift
2026-05-13T16:04:05+0800,llvmss_shootout_hello,wasm-aot,5,r82d0,5634232,ok,,wasmer,cranelift
2026-05-13T16:04:05+0800,llvmss_shootout_hello,wasm-aot,5,r00c4,6993510,ok,,wasmer,cranelift
2026-05-13T16:04:05+0800,llvmss_shootout_hello,wasm-aot,5,r01c4,1656785,ok,,wasmer,cranelift
2026-05-13T16:04:05+0800,llvmss_shootout_hello,wasm-aot,5,r1c0,36840515,ok,,wasmer,cranelift
2026-05-13T16:04:05+0800,llvmss_shootout_hello,wasm-aot,5,cpu-cycles,35323823,ok,,wasmer,cranelift
2026-05-13T16:04:05+0800,llvmss_shootout_hello,wasm-aot,5,L1-icache-load-misses,861912,ok,,wasmer,cranelift
2026-05-13T16:04:05+0800,llvmss_shootout_hello,wasm-aot,5,branch-misses,122185,ok,,wasmer,cranelift
2026-05-13T16:04:05+0800,llvmss_stanford_bubblesort,native,1,r81d0,12773315,ok,,wasmer,cranelift
2026-05-13T16:04:05+0800,llvmss_stanford_bubblesort,native,1,r82d0,13046413,ok,,wasmer,cranelift
2026-05-13T16:04:05+0800,llvmss_stanford_bubblesort,native,1,r00c4,31497785,ok,,wasmer,cranelift
2026-05-13T16:04:05+0800,llvmss_stanford_bubblesort,native,1,r01c4,6517095,ok,,wasmer,cranelift
2026-05-13T16:04:05+0800,llvmss_stanford_bubblesort,native,1,r1c0,101984574,ok,,wasmer,cranelift
2026-05-13T16:04:05+0800,llvmss_stanford_bubblesort,native,1,cpu-cycles,41727885,ok,,wasmer,cranelift
2026-05-13T16:04:05+0800,llvmss_stanford_bubblesort,native,1,L1-icache-load-misses,53673,ok,,wasmer,cranelift
2026-05-13T16:04:05+0800,llvmss_stanford_bubblesort,native,1,branch-misses,643733,ok,,wasmer,cranelift
2026-05-13T16:04:05+0800,llvmss_stanford_bubblesort,wasm-jit,1,r81d0,24753614,ok,,wasmer,cranelift
2026-05-13T16:04:05+0800,llvmss_stanford_bubblesort,wasm-jit,1,r82d0,20652609,ok,,wasmer,cranelift
2026-05-13T16:04:05+0800,llvmss_stanford_bubblesort,wasm-jit,1,r00c4,40544053,ok,,wasmer,cranelift
2026-05-13T16:04:05+0800,llvmss_stanford_bubblesort,wasm-jit,1,r01c4,21060575,ok,,wasmer,cranelift
2026-05-13T16:04:05+0800,llvmss_stanford_bubblesort,wasm-jit,1,r1c0,168795774,ok,,wasmer,cranelift
2026-05-13T16:04:05+0800,llvmss_stanford_bubblesort,wasm-jit,1,cpu-cycles,107353297,ok,,wasmer,cranelift
2026-05-13T16:04:05+0800,llvmss_stanford_bubblesort,wasm-jit,1,L1-icache-load-misses,1485643,ok,,wasmer,cranelift
2026-05-13T16:04:05+0800,llvmss_stanford_bubblesort,wasm-jit,1,branch-misses,977317,ok,,wasmer,cranelift
2026-05-13T16:04:05+0800,llvmss_stanford_bubblesort,wasm-aot,1,r81d0,23382546,ok,,wasmer,cranelift
2026-05-13T16:04:05+0800,llvmss_stanford_bubblesort,wasm-aot,1,r82d0,19724437,ok,,wasmer,cranelift
2026-05-13T16:04:05+0800,llvmss_stanford_bubblesort,wasm-aot,1,r00c4,39661329,ok,,wasmer,cranelift
2026-05-13T16:04:05+0800,llvmss_stanford_bubblesort,wasm-aot,1,r01c4,20887235,ok,,wasmer,cranelift
2026-05-13T16:04:05+0800,llvmss_stanford_bubblesort,wasm-aot,1,r1c0,163924893,ok,,wasmer,cranelift
2026-05-13T16:04:05+0800,llvmss_stanford_bubblesort,wasm-aot,1,cpu-cycles,103643039,ok,,wasmer,cranelift
2026-05-13T16:04:05+0800,llvmss_stanford_bubblesort,wasm-aot,1,L1-icache-load-misses,1372757,ok,,wasmer,cranelift
2026-05-13T16:04:05+0800,llvmss_stanford_bubblesort,wasm-aot,1,branch-misses,954287,ok,,wasmer,cranelift
2026-05-13T16:04:05+0800,llvmss_stanford_bubblesort,native,2,r81d0,12803081,ok,,wasmer,cranelift
2026-05-13T16:04:05+0800,llvmss_stanford_bubblesort,native,2,r82d0,13065878,ok,,wasmer,cranelift
2026-05-13T16:04:05+0800,llvmss_stanford_bubblesort,native,2,r00c4,31518125,ok,,wasmer,cranelift
2026-05-13T16:04:05+0800,llvmss_stanford_bubblesort,native,2,r01c4,6520666,ok,,wasmer,cranelift
2026-05-13T16:04:05+0800,llvmss_stanford_bubblesort,native,2,r1c0,102106255,ok,,wasmer,cranelift
2026-05-13T16:04:05+0800,llvmss_stanford_bubblesort,native,2,cpu-cycles,41517904,ok,,wasmer,cranelift
2026-05-13T16:04:05+0800,llvmss_stanford_bubblesort,native,2,L1-icache-load-misses,52661,ok,,wasmer,cranelift
2026-05-13T16:04:05+0800,llvmss_stanford_bubblesort,native,2,branch-misses,638953,ok,,wasmer,cranelift
2026-05-13T16:04:05+0800,llvmss_stanford_bubblesort,wasm-jit,2,r81d0,24558071,ok,,wasmer,cranelift
2026-05-13T16:04:05+0800,llvmss_stanford_bubblesort,wasm-jit,2,r82d0,20513373,ok,,wasmer,cranelift
2026-05-13T16:04:05+0800,llvmss_stanford_bubblesort,wasm-jit,2,r00c4,40407558,ok,,wasmer,cranelift
2026-05-13T16:04:05+0800,llvmss_stanford_bubblesort,wasm-jit,2,r01c4,21032863,ok,,wasmer,cranelift
2026-05-13T16:04:05+0800,llvmss_stanford_bubblesort,wasm-jit,2,r1c0,168007144,ok,,wasmer,cranelift
2026-05-13T16:04:05+0800,llvmss_stanford_bubblesort,wasm-jit,2,cpu-cycles,106536413,ok,,wasmer,cranelift
2026-05-13T16:04:05+0800,llvmss_stanford_bubblesort,wasm-jit,2,L1-icache-load-misses,1458481,ok,,wasmer,cranelift
2026-05-13T16:04:05+0800,llvmss_stanford_bubblesort,wasm-jit,2,branch-misses,976144,ok,,wasmer,cranelift
2026-05-13T16:04:05+0800,llvmss_stanford_bubblesort,wasm-aot,2,r81d0,23422573,ok,,wasmer,cranelift
2026-05-13T16:04:05+0800,llvmss_stanford_bubblesort,wasm-aot,2,r82d0,19734379,ok,,wasmer,cranelift
2026-05-13T16:04:05+0800,llvmss_stanford_bubblesort,wasm-aot,2,r00c4,39700644,ok,,wasmer,cranelift
2026-05-13T16:04:05+0800,llvmss_stanford_bubblesort,wasm-aot,2,r01c4,20903452,ok,,wasmer,cranelift
2026-05-13T16:04:05+0800,llvmss_stanford_bubblesort,wasm-aot,2,r1c0,164096048,ok,,wasmer,cranelift
2026-05-13T16:04:05+0800,llvmss_stanford_bubblesort,wasm-aot,2,cpu-cycles,102223005,ok,,wasmer,cranelift
2026-05-13T16:04:05+0800,llvmss_stanford_bubblesort,wasm-aot,2,L1-icache-load-misses,1389442,ok,,wasmer,cranelift
2026-05-13T16:04:05+0800,llvmss_stanford_bubblesort,wasm-aot,2,branch-misses,957689,ok,,wasmer,cranelift
2026-05-13T16:04:05+0800,llvmss_stanford_bubblesort,native,3,r81d0,12775062,ok,,wasmer,cranelift
2026-05-13T16:04:05+0800,llvmss_stanford_bubblesort,native,3,r82d0,13047585,ok,,wasmer,cranelift
2026-05-13T16:04:05+0800,llvmss_stanford_bubblesort,native,3,r00c4,31499335,ok,,wasmer,cranelift
2026-05-13T16:04:05+0800,llvmss_stanford_bubblesort,native,3,r01c4,6517317,ok,,wasmer,cranelift
2026-05-13T16:04:05+0800,llvmss_stanford_bubblesort,native,3,r1c0,101990505,ok,,wasmer,cranelift
2026-05-13T16:04:05+0800,llvmss_stanford_bubblesort,native,3,cpu-cycles,41663710,ok,,wasmer,cranelift
2026-05-13T16:04:05+0800,llvmss_stanford_bubblesort,native,3,L1-icache-load-misses,50191,ok,,wasmer,cranelift
2026-05-13T16:04:05+0800,llvmss_stanford_bubblesort,native,3,branch-misses,639744,ok,,wasmer,cranelift
2026-05-13T16:04:05+0800,llvmss_stanford_bubblesort,wasm-jit,3,r81d0,24603286,ok,,wasmer,cranelift
2026-05-13T16:04:05+0800,llvmss_stanford_bubblesort,wasm-jit,3,r82d0,20531100,ok,,wasmer,cranelift
2026-05-13T16:04:05+0800,llvmss_stanford_bubblesort,wasm-jit,3,r00c4,40439144,ok,,wasmer,cranelift
2026-05-13T16:04:05+0800,llvmss_stanford_bubblesort,wasm-jit,3,r01c4,21040225,ok,,wasmer,cranelift
2026-05-13T16:04:05+0800,llvmss_stanford_bubblesort,wasm-jit,3,r1c0,168183862,ok,,wasmer,cranelift
2026-05-13T16:04:05+0800,llvmss_stanford_bubblesort,wasm-jit,3,cpu-cycles,106240692,ok,,wasmer,cranelift
2026-05-13T16:04:05+0800,llvmss_stanford_bubblesort,wasm-jit,3,L1-icache-load-misses,1485050,ok,,wasmer,cranelift
2026-05-13T16:04:05+0800,llvmss_stanford_bubblesort,wasm-jit,3,branch-misses,986083,ok,,wasmer,cranelift
2026-05-13T16:04:05+0800,llvmss_stanford_bubblesort,wasm-aot,3,r81d0,23375829,ok,,wasmer,cranelift
2026-05-13T16:04:05+0800,llvmss_stanford_bubblesort,wasm-aot,3,r82d0,19724137,ok,,wasmer,cranelift
2026-05-13T16:04:05+0800,llvmss_stanford_bubblesort,wasm-aot,3,r00c4,39653119,ok,,wasmer,cranelift
2026-05-13T16:04:05+0800,llvmss_stanford_bubblesort,wasm-aot,3,r01c4,20886045,ok,,wasmer,cranelift
2026-05-13T16:04:05+0800,llvmss_stanford_bubblesort,wasm-aot,3,r1c0,163893304,ok,,wasmer,cranelift
2026-05-13T16:04:05+0800,llvmss_stanford_bubblesort,wasm-aot,3,cpu-cycles,103348225,ok,,wasmer,cranelift
2026-05-13T16:04:05+0800,llvmss_stanford_bubblesort,wasm-aot,3,L1-icache-load-misses,1372503,ok,,wasmer,cranelift
2026-05-13T16:04:05+0800,llvmss_stanford_bubblesort,wasm-aot,3,branch-misses,952459,ok,,wasmer,cranelift
2026-05-13T16:04:05+0800,llvmss_stanford_bubblesort,native,4,r81d0,12763438,ok,,wasmer,cranelift
2026-05-13T16:04:05+0800,llvmss_stanford_bubblesort,native,4,r82d0,13041251,ok,,wasmer,cranelift
2026-05-13T16:04:05+0800,llvmss_stanford_bubblesort,native,4,r00c4,31490423,ok,,wasmer,cranelift
2026-05-13T16:04:05+0800,llvmss_stanford_bubblesort,native,4,r01c4,6515178,ok,,wasmer,cranelift
2026-05-13T16:04:05+0800,llvmss_stanford_bubblesort,native,4,r1c0,101942277,ok,,wasmer,cranelift
2026-05-13T16:04:05+0800,llvmss_stanford_bubblesort,native,4,cpu-cycles,41474385,ok,,wasmer,cranelift
2026-05-13T16:04:05+0800,llvmss_stanford_bubblesort,native,4,L1-icache-load-misses,54650,ok,,wasmer,cranelift
2026-05-13T16:04:05+0800,llvmss_stanford_bubblesort,native,4,branch-misses,633580,ok,,wasmer,cranelift
2026-05-13T16:04:05+0800,llvmss_stanford_bubblesort,wasm-jit,4,r81d0,24641365,ok,,wasmer,cranelift
2026-05-13T16:04:05+0800,llvmss_stanford_bubblesort,wasm-jit,4,r82d0,20575803,ok,,wasmer,cranelift
2026-05-13T16:04:05+0800,llvmss_stanford_bubblesort,wasm-jit,4,r00c4,40469100,ok,,wasmer,cranelift
2026-05-13T16:04:05+0800,llvmss_stanford_bubblesort,wasm-jit,4,r01c4,21041640,ok,,wasmer,cranelift
2026-05-13T16:04:05+0800,llvmss_stanford_bubblesort,wasm-jit,4,r1c0,168362327,ok,,wasmer,cranelift
2026-05-13T16:04:05+0800,llvmss_stanford_bubblesort,wasm-jit,4,cpu-cycles,107488633,ok,,wasmer,cranelift
2026-05-13T16:04:05+0800,llvmss_stanford_bubblesort,wasm-jit,4,L1-icache-load-misses,1496420,ok,,wasmer,cranelift
2026-05-13T16:04:05+0800,llvmss_stanford_bubblesort,wasm-jit,4,branch-misses,981888,ok,,wasmer,cranelift
2026-05-13T16:04:05+0800,llvmss_stanford_bubblesort,wasm-aot,4,r81d0,23393648,ok,,wasmer,cranelift
2026-05-13T16:04:05+0800,llvmss_stanford_bubblesort,wasm-aot,4,r82d0,19721013,ok,,wasmer,cranelift
2026-05-13T16:04:05+0800,llvmss_stanford_bubblesort,wasm-aot,4,r00c4,39674036,ok,,wasmer,cranelift
2026-05-13T16:04:05+0800,llvmss_stanford_bubblesort,wasm-aot,4,r01c4,20887445,ok,,wasmer,cranelift
2026-05-13T16:04:05+0800,llvmss_stanford_bubblesort,wasm-aot,4,r1c0,163967803,ok,,wasmer,cranelift
2026-05-13T16:04:05+0800,llvmss_stanford_bubblesort,wasm-aot,4,cpu-cycles,101337135,ok,,wasmer,cranelift
2026-05-13T16:04:05+0800,llvmss_stanford_bubblesort,wasm-aot,4,L1-icache-load-misses,1404055,ok,,wasmer,cranelift
2026-05-13T16:04:05+0800,llvmss_stanford_bubblesort,wasm-aot,4,branch-misses,956108,ok,,wasmer,cranelift
2026-05-13T16:04:05+0800,llvmss_stanford_bubblesort,native,5,r81d0,12771050,ok,,wasmer,cranelift
2026-05-13T16:04:05+0800,llvmss_stanford_bubblesort,native,5,r82d0,13045366,ok,,wasmer,cranelift
2026-05-13T16:04:05+0800,llvmss_stanford_bubblesort,native,5,r00c4,31496134,ok,,wasmer,cranelift
2026-05-13T16:04:05+0800,llvmss_stanford_bubblesort,native,5,r01c4,6516579,ok,,wasmer,cranelift
2026-05-13T16:04:05+0800,llvmss_stanford_bubblesort,native,5,r1c0,101976130,ok,,wasmer,cranelift
2026-05-13T16:04:05+0800,llvmss_stanford_bubblesort,native,5,cpu-cycles,41557768,ok,,wasmer,cranelift
2026-05-13T16:04:05+0800,llvmss_stanford_bubblesort,native,5,L1-icache-load-misses,55862,ok,,wasmer,cranelift
2026-05-13T16:04:05+0800,llvmss_stanford_bubblesort,native,5,branch-misses,646015,ok,,wasmer,cranelift
2026-05-13T16:04:05+0800,llvmss_stanford_bubblesort,wasm-jit,5,r81d0,24666722,ok,,wasmer,cranelift
2026-05-13T16:04:05+0800,llvmss_stanford_bubblesort,wasm-jit,5,r82d0,20580241,ok,,wasmer,cranelift
2026-05-13T16:04:05+0800,llvmss_stanford_bubblesort,wasm-jit,5,r00c4,40485162,ok,,wasmer,cranelift
2026-05-13T16:04:05+0800,llvmss_stanford_bubblesort,wasm-jit,5,r01c4,21046369,ok,,wasmer,cranelift
2026-05-13T16:04:05+0800,llvmss_stanford_bubblesort,wasm-jit,5,r1c0,168434438,ok,,wasmer,cranelift
2026-05-13T16:04:05+0800,llvmss_stanford_bubblesort,wasm-jit,5,cpu-cycles,105606509,ok,,wasmer,cranelift
2026-05-13T16:04:05+0800,llvmss_stanford_bubblesort,wasm-jit,5,L1-icache-load-misses,1479631,ok,,wasmer,cranelift
2026-05-13T16:04:05+0800,llvmss_stanford_bubblesort,wasm-jit,5,branch-misses,975554,ok,,wasmer,cranelift
2026-05-13T16:04:05+0800,llvmss_stanford_bubblesort,wasm-aot,5,r81d0,23401486,ok,,wasmer,cranelift
2026-05-13T16:04:05+0800,llvmss_stanford_bubblesort,wasm-aot,5,r82d0,19737125,ok,,wasmer,cranelift
2026-05-13T16:04:05+0800,llvmss_stanford_bubblesort,wasm-aot,5,r00c4,39671095,ok,,wasmer,cranelift
2026-05-13T16:04:05+0800,llvmss_stanford_bubblesort,wasm-aot,5,r01c4,20890092,ok,,wasmer,cranelift
2026-05-13T16:04:05+0800,llvmss_stanford_bubblesort,wasm-aot,5,r1c0,163989837,ok,,wasmer,cranelift
2026-05-13T16:04:05+0800,llvmss_stanford_bubblesort,wasm-aot,5,cpu-cycles,101693247,ok,,wasmer,cranelift
2026-05-13T16:04:05+0800,llvmss_stanford_bubblesort,wasm-aot,5,L1-icache-load-misses,1370886,ok,,wasmer,cranelift
2026-05-13T16:04:05+0800,llvmss_stanford_bubblesort,wasm-aot,5,branch-misses,952564,ok,,wasmer,cranelift
2026-05-13T16:04:06+0800,llvmss_stanford_floatmm,native,1,r81d0,640615375,ok,,wasmer,cranelift
2026-05-13T16:04:06+0800,llvmss_stanford_floatmm,native,1,r82d0,24388003,ok,,wasmer,cranelift
2026-05-13T16:04:06+0800,llvmss_stanford_floatmm,native,1,r00c4,185060859,ok,,wasmer,cranelift
2026-05-13T16:04:06+0800,llvmss_stanford_floatmm,native,1,r01c4,176083874,ok,,wasmer,cranelift
2026-05-13T16:04:06+0800,llvmss_stanford_floatmm,native,1,r1c0,1958770604,ok,,wasmer,cranelift
2026-05-13T16:04:06+0800,llvmss_stanford_floatmm,native,1,cpu-cycles,675840870,ok,,wasmer,cranelift
2026-05-13T16:04:06+0800,llvmss_stanford_floatmm,native,1,L1-icache-load-misses,72506,ok,,wasmer,cranelift
2026-05-13T16:04:06+0800,llvmss_stanford_floatmm,native,1,branch-misses,675715,ok,,wasmer,cranelift
2026-05-13T16:04:07+0800,llvmss_stanford_floatmm,wasm-jit,1,r81d0,699487766,ok,,wasmer,cranelift
2026-05-13T16:04:07+0800,llvmss_stanford_floatmm,wasm-jit,1,r82d0,39271056,ok,,wasmer,cranelift
2026-05-13T16:04:07+0800,llvmss_stanford_floatmm,wasm-jit,1,r00c4,689221928,ok,,wasmer,cranelift
2026-05-13T16:04:07+0800,llvmss_stanford_floatmm,wasm-jit,1,r01c4,10585739,ok,,wasmer,cranelift
2026-05-13T16:04:07+0800,llvmss_stanford_floatmm,wasm-jit,1,r1c0,4289401625,ok,,wasmer,cranelift
2026-05-13T16:04:07+0800,llvmss_stanford_floatmm,wasm-jit,1,cpu-cycles,1011419253,ok,,wasmer,cranelift
2026-05-13T16:04:07+0800,llvmss_stanford_floatmm,wasm-jit,1,L1-icache-load-misses,1201179,ok,,wasmer,cranelift
2026-05-13T16:04:07+0800,llvmss_stanford_floatmm,wasm-jit,1,branch-misses,1073020,ok,,wasmer,cranelift
2026-05-13T16:04:07+0800,llvmss_stanford_floatmm,wasm-aot,1,r81d0,698318817,ok,,wasmer,cranelift
2026-05-13T16:04:07+0800,llvmss_stanford_floatmm,wasm-aot,1,r82d0,38473198,ok,,wasmer,cranelift
2026-05-13T16:04:07+0800,llvmss_stanford_floatmm,wasm-aot,1,r00c4,688489866,ok,,wasmer,cranelift
2026-05-13T16:04:07+0800,llvmss_stanford_floatmm,wasm-aot,1,r01c4,10444362,ok,,wasmer,cranelift
2026-05-13T16:04:07+0800,llvmss_stanford_floatmm,wasm-aot,1,r1c0,4285332711,ok,,wasmer,cranelift
2026-05-13T16:04:07+0800,llvmss_stanford_floatmm,wasm-aot,1,cpu-cycles,1010454952,ok,,wasmer,cranelift
2026-05-13T16:04:07+0800,llvmss_stanford_floatmm,wasm-aot,1,L1-icache-load-misses,1102219,ok,,wasmer,cranelift
2026-05-13T16:04:07+0800,llvmss_stanford_floatmm,wasm-aot,1,branch-misses,1054473,ok,,wasmer,cranelift
2026-05-13T16:04:07+0800,llvmss_stanford_floatmm,native,2,r81d0,640599651,ok,,wasmer,cranelift
2026-05-13T16:04:07+0800,llvmss_stanford_floatmm,native,2,r82d0,24377694,ok,,wasmer,cranelift
2026-05-13T16:04:07+0800,llvmss_stanford_floatmm,native,2,r00c4,185048161,ok,,wasmer,cranelift
2026-05-13T16:04:07+0800,llvmss_stanford_floatmm,native,2,r01c4,176081932,ok,,wasmer,cranelift
2026-05-13T16:04:07+0800,llvmss_stanford_floatmm,native,2,r1c0,1958706932,ok,,wasmer,cranelift
2026-05-13T16:04:07+0800,llvmss_stanford_floatmm,native,2,cpu-cycles,676489408,ok,,wasmer,cranelift
2026-05-13T16:04:07+0800,llvmss_stanford_floatmm,native,2,L1-icache-load-misses,71027,ok,,wasmer,cranelift
2026-05-13T16:04:07+0800,llvmss_stanford_floatmm,native,2,branch-misses,807690,ok,,wasmer,cranelift
2026-05-13T16:04:08+0800,llvmss_stanford_floatmm,wasm-jit,2,r81d0,699540005,ok,,wasmer,cranelift
2026-05-13T16:04:08+0800,llvmss_stanford_floatmm,wasm-jit,2,r82d0,39298469,ok,,wasmer,cranelift
2026-05-13T16:04:08+0800,llvmss_stanford_floatmm,wasm-jit,2,r00c4,689259612,ok,,wasmer,cranelift
2026-05-13T16:04:08+0800,llvmss_stanford_floatmm,wasm-jit,2,r01c4,10600328,ok,,wasmer,cranelift
2026-05-13T16:04:08+0800,llvmss_stanford_floatmm,wasm-jit,2,r1c0,4289594433,ok,,wasmer,cranelift
2026-05-13T16:04:08+0800,llvmss_stanford_floatmm,wasm-jit,2,cpu-cycles,1015668772,ok,,wasmer,cranelift
2026-05-13T16:04:08+0800,llvmss_stanford_floatmm,wasm-jit,2,L1-icache-load-misses,1221882,ok,,wasmer,cranelift
2026-05-13T16:04:08+0800,llvmss_stanford_floatmm,wasm-jit,2,branch-misses,1077605,ok,,wasmer,cranelift
2026-05-13T16:04:08+0800,llvmss_stanford_floatmm,wasm-aot,2,r81d0,698402654,ok,,wasmer,cranelift
2026-05-13T16:04:08+0800,llvmss_stanford_floatmm,wasm-aot,2,r82d0,38530796,ok,,wasmer,cranelift
2026-05-13T16:04:08+0800,llvmss_stanford_floatmm,wasm-aot,2,r00c4,688540765,ok,,wasmer,cranelift
2026-05-13T16:04:08+0800,llvmss_stanford_floatmm,wasm-aot,2,r01c4,10456919,ok,,wasmer,cranelift
2026-05-13T16:04:08+0800,llvmss_stanford_floatmm,wasm-aot,2,r1c0,4285651474,ok,,wasmer,cranelift
2026-05-13T16:04:08+0800,llvmss_stanford_floatmm,wasm-aot,2,cpu-cycles,1012653246,ok,,wasmer,cranelift
2026-05-13T16:04:08+0800,llvmss_stanford_floatmm,wasm-aot,2,L1-icache-load-misses,1138375,ok,,wasmer,cranelift
2026-05-13T16:04:08+0800,llvmss_stanford_floatmm,wasm-aot,2,branch-misses,1070806,ok,,wasmer,cranelift
2026-05-13T16:04:08+0800,llvmss_stanford_floatmm,native,3,r81d0,640658326,ok,,wasmer,cranelift
2026-05-13T16:04:08+0800,llvmss_stanford_floatmm,native,3,r82d0,24418949,ok,,wasmer,cranelift
2026-05-13T16:04:08+0800,llvmss_stanford_floatmm,native,3,r00c4,185082943,ok,,wasmer,cranelift
2026-05-13T16:04:08+0800,llvmss_stanford_floatmm,native,3,r01c4,176088448,ok,,wasmer,cranelift
2026-05-13T16:04:08+0800,llvmss_stanford_floatmm,native,3,r1c0,1958928662,ok,,wasmer,cranelift
2026-05-13T16:04:08+0800,llvmss_stanford_floatmm,native,3,cpu-cycles,675788824,ok,,wasmer,cranelift
2026-05-13T16:04:08+0800,llvmss_stanford_floatmm,native,3,L1-icache-load-misses,88359,ok,,wasmer,cranelift
2026-05-13T16:04:08+0800,llvmss_stanford_floatmm,native,3,branch-misses,623424,ok,,wasmer,cranelift
2026-05-13T16:04:08+0800,llvmss_stanford_floatmm,wasm-jit,3,r81d0,699366332,ok,,wasmer,cranelift
2026-05-13T16:04:08+0800,llvmss_stanford_floatmm,wasm-jit,3,r82d0,39197615,ok,,wasmer,cranelift
2026-05-13T16:04:08+0800,llvmss_stanford_floatmm,wasm-jit,3,r00c4,689113558,ok,,wasmer,cranelift
2026-05-13T16:04:08+0800,llvmss_stanford_floatmm,wasm-jit,3,r01c4,10552788,ok,,wasmer,cranelift
2026-05-13T16:04:08+0800,llvmss_stanford_floatmm,wasm-jit,3,r1c0,4288864267,ok,,wasmer,cranelift
2026-05-13T16:04:08+0800,llvmss_stanford_floatmm,wasm-jit,3,cpu-cycles,1015085675,ok,,wasmer,cranelift
2026-05-13T16:04:08+0800,llvmss_stanford_floatmm,wasm-jit,3,L1-icache-load-misses,1165613,ok,,wasmer,cranelift
2026-05-13T16:04:08+0800,llvmss_stanford_floatmm,wasm-jit,3,branch-misses,1088803,ok,,wasmer,cranelift
2026-05-13T16:04:09+0800,llvmss_stanford_floatmm,wasm-aot,3,r81d0,698656649,ok,,wasmer,cranelift
2026-05-13T16:04:09+0800,llvmss_stanford_floatmm,wasm-aot,3,r82d0,38684243,ok,,wasmer,cranelift
2026-05-13T16:04:09+0800,llvmss_stanford_floatmm,wasm-aot,3,r00c4,688729180,ok,,wasmer,cranelift
2026-05-13T16:04:09+0800,llvmss_stanford_floatmm,wasm-aot,3,r01c4,10495861,ok,,wasmer,cranelift
2026-05-13T16:04:09+0800,llvmss_stanford_floatmm,wasm-aot,3,r1c0,4286655357,ok,,wasmer,cranelift
2026-05-13T16:04:09+0800,llvmss_stanford_floatmm,wasm-aot,3,cpu-cycles,1014298393,ok,,wasmer,cranelift
2026-05-13T16:04:09+0800,llvmss_stanford_floatmm,wasm-aot,3,L1-icache-load-misses,1162261,ok,,wasmer,cranelift
2026-05-13T16:04:09+0800,llvmss_stanford_floatmm,wasm-aot,3,branch-misses,1067322,ok,,wasmer,cranelift
2026-05-13T16:04:09+0800,llvmss_stanford_floatmm,native,4,r81d0,640613555,ok,,wasmer,cranelift
2026-05-13T16:04:09+0800,llvmss_stanford_floatmm,native,4,r82d0,24391358,ok,,wasmer,cranelift
2026-05-13T16:04:09+0800,llvmss_stanford_floatmm,native,4,r00c4,185051877,ok,,wasmer,cranelift
2026-05-13T16:04:09+0800,llvmss_stanford_floatmm,native,4,r01c4,176082583,ok,,wasmer,cranelift
2026-05-13T16:04:09+0800,llvmss_stanford_floatmm,native,4,r1c0,1958741403,ok,,wasmer,cranelift
2026-05-13T16:04:09+0800,llvmss_stanford_floatmm,native,4,cpu-cycles,676352441,ok,,wasmer,cranelift
2026-05-13T16:04:09+0800,llvmss_stanford_floatmm,native,4,L1-icache-load-misses,86785,ok,,wasmer,cranelift
2026-05-13T16:04:09+0800,llvmss_stanford_floatmm,native,4,branch-misses,656404,ok,,wasmer,cranelift
2026-05-13T16:04:09+0800,llvmss_stanford_floatmm,wasm-jit,4,r81d0,699582297,ok,,wasmer,cranelift
2026-05-13T16:04:09+0800,llvmss_stanford_floatmm,wasm-jit,4,r82d0,39324540,ok,,wasmer,cranelift
2026-05-13T16:04:09+0800,llvmss_stanford_floatmm,wasm-jit,4,r00c4,689286205,ok,,wasmer,cranelift
2026-05-13T16:04:09+0800,llvmss_stanford_floatmm,wasm-jit,4,r01c4,10597695,ok,,wasmer,cranelift
2026-05-13T16:04:09+0800,llvmss_stanford_floatmm,wasm-jit,4,r1c0,4289760012,ok,,wasmer,cranelift
2026-05-13T16:04:09+0800,llvmss_stanford_floatmm,wasm-jit,4,cpu-cycles,1014688775,ok,,wasmer,cranelift
2026-05-13T16:04:09+0800,llvmss_stanford_floatmm,wasm-jit,4,L1-icache-load-misses,1226390,ok,,wasmer,cranelift
2026-05-13T16:04:09+0800,llvmss_stanford_floatmm,wasm-jit,4,branch-misses,1093091,ok,,wasmer,cranelift
2026-05-13T16:04:09+0800,llvmss_stanford_floatmm,wasm-aot,4,r81d0,698415049,ok,,wasmer,cranelift
2026-05-13T16:04:09+0800,llvmss_stanford_floatmm,wasm-aot,4,r82d0,38536178,ok,,wasmer,cranelift
2026-05-13T16:04:09+0800,llvmss_stanford_floatmm,wasm-aot,4,r00c4,688551208,ok,,wasmer,cranelift
2026-05-13T16:04:09+0800,llvmss_stanford_floatmm,wasm-aot,4,r01c4,10458087,ok,,wasmer,cranelift
2026-05-13T16:04:09+0800,llvmss_stanford_floatmm,wasm-aot,4,r1c0,4285709750,ok,,wasmer,cranelift
2026-05-13T16:04:09+0800,llvmss_stanford_floatmm,wasm-aot,4,cpu-cycles,1011162920,ok,,wasmer,cranelift
2026-05-13T16:04:09+0800,llvmss_stanford_floatmm,wasm-aot,4,L1-icache-load-misses,1107023,ok,,wasmer,cranelift
2026-05-13T16:04:09+0800,llvmss_stanford_floatmm,wasm-aot,4,branch-misses,1074185,ok,,wasmer,cranelift
2026-05-13T16:04:10+0800,llvmss_stanford_floatmm,native,5,r81d0,640614110,ok,,wasmer,cranelift
2026-05-13T16:04:10+0800,llvmss_stanford_floatmm,native,5,r82d0,24391058,ok,,wasmer,cranelift
2026-05-13T16:04:10+0800,llvmss_stanford_floatmm,native,5,r00c4,185052504,ok,,wasmer,cranelift
2026-05-13T16:04:10+0800,llvmss_stanford_floatmm,native,5,r01c4,176082974,ok,,wasmer,cranelift
2026-05-13T16:04:10+0800,llvmss_stanford_floatmm,native,5,r1c0,1958745389,ok,,wasmer,cranelift
2026-05-13T16:04:10+0800,llvmss_stanford_floatmm,native,5,cpu-cycles,675641280,ok,,wasmer,cranelift
2026-05-13T16:04:10+0800,llvmss_stanford_floatmm,native,5,L1-icache-load-misses,83158,ok,,wasmer,cranelift
2026-05-13T16:04:10+0800,llvmss_stanford_floatmm,native,5,branch-misses,623340,ok,,wasmer,cranelift
2026-05-13T16:04:10+0800,llvmss_stanford_floatmm,wasm-jit,5,r81d0,699459974,ok,,wasmer,cranelift
2026-05-13T16:04:10+0800,llvmss_stanford_floatmm,wasm-jit,5,r82d0,39254473,ok,,wasmer,cranelift
2026-05-13T16:04:10+0800,llvmss_stanford_floatmm,wasm-jit,5,r00c4,689205441,ok,,wasmer,cranelift
2026-05-13T16:04:10+0800,llvmss_stanford_floatmm,wasm-jit,5,r01c4,10583281,ok,,wasmer,cranelift
2026-05-13T16:04:10+0800,llvmss_stanford_floatmm,wasm-jit,5,r1c0,4289292663,ok,,wasmer,cranelift
2026-05-13T16:04:10+0800,llvmss_stanford_floatmm,wasm-jit,5,cpu-cycles,1014982477,ok,,wasmer,cranelift
2026-05-13T16:04:10+0800,llvmss_stanford_floatmm,wasm-jit,5,L1-icache-load-misses,1210052,ok,,wasmer,cranelift
2026-05-13T16:04:10+0800,llvmss_stanford_floatmm,wasm-jit,5,branch-misses,1075872,ok,,wasmer,cranelift
2026-05-13T16:04:10+0800,llvmss_stanford_floatmm,wasm-aot,5,r81d0,698354008,ok,,wasmer,cranelift
2026-05-13T16:04:10+0800,llvmss_stanford_floatmm,wasm-aot,5,r82d0,38497289,ok,,wasmer,cranelift
2026-05-13T16:04:10+0800,llvmss_stanford_floatmm,wasm-aot,5,r00c4,688508326,ok,,wasmer,cranelift
2026-05-13T16:04:10+0800,llvmss_stanford_floatmm,wasm-aot,5,r01c4,10450306,ok,,wasmer,cranelift
2026-05-13T16:04:10+0800,llvmss_stanford_floatmm,wasm-aot,5,r1c0,4285471971,ok,,wasmer,cranelift
2026-05-13T16:04:10+0800,llvmss_stanford_floatmm,wasm-aot,5,cpu-cycles,1012296786,ok,,wasmer,cranelift
2026-05-13T16:04:10+0800,llvmss_stanford_floatmm,wasm-aot,5,L1-icache-load-misses,1119382,ok,,wasmer,cranelift
2026-05-13T16:04:10+0800,llvmss_stanford_floatmm,wasm-aot,5,branch-misses,1058822,ok,,wasmer,cranelift
2026-05-13T16:04:10+0800,llvmss_stanford_intmm,native,1,r81d0,1004994,ok,,wasmer,cranelift
2026-05-13T16:04:10+0800,llvmss_stanford_intmm,native,1,r82d0,171580,ok,,wasmer,cranelift
2026-05-13T16:04:10+0800,llvmss_stanford_intmm,native,1,r00c4,356008,ok,,wasmer,cranelift
2026-05-13T16:04:10+0800,llvmss_stanford_intmm,native,1,r01c4,214490,ok,,wasmer,cranelift
2026-05-13T16:04:10+0800,llvmss_stanford_intmm,native,1,r1c0,4681460,ok,,wasmer,cranelift
2026-05-13T16:04:10+0800,llvmss_stanford_intmm,native,1,cpu-cycles,2049263,ok,,wasmer,cranelift
2026-05-13T16:04:10+0800,llvmss_stanford_intmm,native,1,L1-icache-load-misses,43611,ok,,wasmer,cranelift
2026-05-13T16:04:10+0800,llvmss_stanford_intmm,native,1,branch-misses,6465,ok,,wasmer,cranelift
2026-05-13T16:04:10+0800,llvmss_stanford_intmm,wasm-jit,1,r81d0,11707109,ok,,wasmer,cranelift
2026-05-13T16:04:10+0800,llvmss_stanford_intmm,wasm-jit,1,r82d0,6586404,ok,,wasmer,cranelift
2026-05-13T16:04:10+0800,llvmss_stanford_intmm,wasm-jit,1,r00c4,9200176,ok,,wasmer,cranelift
2026-05-13T16:04:10+0800,llvmss_stanford_intmm,wasm-jit,1,r01c4,1833479,ok,,wasmer,cranelift
2026-05-13T16:04:10+0800,llvmss_stanford_intmm,wasm-jit,1,r1c0,49895558,ok,,wasmer,cranelift
2026-05-13T16:04:10+0800,llvmss_stanford_intmm,wasm-jit,1,cpu-cycles,43411462,ok,,wasmer,cranelift
2026-05-13T16:04:10+0800,llvmss_stanford_intmm,wasm-jit,1,L1-icache-load-misses,983108,ok,,wasmer,cranelift
2026-05-13T16:04:10+0800,llvmss_stanford_intmm,wasm-jit,1,branch-misses,156220,ok,,wasmer,cranelift
2026-05-13T16:04:10+0800,llvmss_stanford_intmm,wasm-aot,1,r81d0,10520738,ok,,wasmer,cranelift
2026-05-13T16:04:10+0800,llvmss_stanford_intmm,wasm-aot,1,r82d0,5784637,ok,,wasmer,cranelift
2026-05-13T16:04:10+0800,llvmss_stanford_intmm,wasm-aot,1,r00c4,8449291,ok,,wasmer,cranelift
2026-05-13T16:04:10+0800,llvmss_stanford_intmm,wasm-aot,1,r01c4,1692045,ok,,wasmer,cranelift
2026-05-13T16:04:10+0800,llvmss_stanford_intmm,wasm-aot,1,r1c0,45755442,ok,,wasmer,cranelift
2026-05-13T16:04:10+0800,llvmss_stanford_intmm,wasm-aot,1,cpu-cycles,38687520,ok,,wasmer,cranelift
2026-05-13T16:04:10+0800,llvmss_stanford_intmm,wasm-aot,1,L1-icache-load-misses,869291,ok,,wasmer,cranelift
2026-05-13T16:04:10+0800,llvmss_stanford_intmm,wasm-aot,1,branch-misses,133598,ok,,wasmer,cranelift
2026-05-13T16:04:10+0800,llvmss_stanford_intmm,native,2,r81d0,1006756,ok,,wasmer,cranelift
2026-05-13T16:04:10+0800,llvmss_stanford_intmm,native,2,r82d0,173136,ok,,wasmer,cranelift
2026-05-13T16:04:10+0800,llvmss_stanford_intmm,native,2,r00c4,357103,ok,,wasmer,cranelift
2026-05-13T16:04:10+0800,llvmss_stanford_intmm,native,2,r01c4,214066,ok,,wasmer,cranelift
2026-05-13T16:04:10+0800,llvmss_stanford_intmm,native,2,r1c0,4689049,ok,,wasmer,cranelift
2026-05-13T16:04:10+0800,llvmss_stanford_intmm,native,2,cpu-cycles,1988351,ok,,wasmer,cranelift
2026-05-13T16:04:10+0800,llvmss_stanford_intmm,native,2,L1-icache-load-misses,42160,ok,,wasmer,cranelift
2026-05-13T16:04:10+0800,llvmss_stanford_intmm,native,2,branch-misses,6456,ok,,wasmer,cranelift
2026-05-13T16:04:10+0800,llvmss_stanford_intmm,wasm-jit,2,r81d0,11695305,ok,,wasmer,cranelift
2026-05-13T16:04:10+0800,llvmss_stanford_intmm,wasm-jit,2,r82d0,6578011,ok,,wasmer,cranelift
2026-05-13T16:04:10+0800,llvmss_stanford_intmm,wasm-jit,2,r00c4,9189261,ok,,wasmer,cranelift
2026-05-13T16:04:10+0800,llvmss_stanford_intmm,wasm-jit,2,r01c4,1834888,ok,,wasmer,cranelift
2026-05-13T16:04:10+0800,llvmss_stanford_intmm,wasm-jit,2,r1c0,49825022,ok,,wasmer,cranelift
2026-05-13T16:04:10+0800,llvmss_stanford_intmm,wasm-jit,2,cpu-cycles,39959033,ok,,wasmer,cranelift
2026-05-13T16:04:10+0800,llvmss_stanford_intmm,wasm-jit,2,L1-icache-load-misses,965988,ok,,wasmer,cranelift
2026-05-13T16:04:10+0800,llvmss_stanford_intmm,wasm-jit,2,branch-misses,157924,ok,,wasmer,cranelift
2026-05-13T16:04:10+0800,llvmss_stanford_intmm,wasm-aot,2,r81d0,10585854,ok,,wasmer,cranelift
2026-05-13T16:04:10+0800,llvmss_stanford_intmm,wasm-aot,2,r82d0,5828013,ok,,wasmer,cranelift
2026-05-13T16:04:10+0800,llvmss_stanford_intmm,wasm-aot,2,r00c4,8500715,ok,,wasmer,cranelift
2026-05-13T16:04:10+0800,llvmss_stanford_intmm,wasm-aot,2,r01c4,1704392,ok,,wasmer,cranelift
2026-05-13T16:04:10+0800,llvmss_stanford_intmm,wasm-aot,2,r1c0,46021095,ok,,wasmer,cranelift
2026-05-13T16:04:10+0800,llvmss_stanford_intmm,wasm-aot,2,cpu-cycles,35644714,ok,,wasmer,cranelift
2026-05-13T16:04:10+0800,llvmss_stanford_intmm,wasm-aot,2,L1-icache-load-misses,939353,ok,,wasmer,cranelift
2026-05-13T16:04:10+0800,llvmss_stanford_intmm,wasm-aot,2,branch-misses,143911,ok,,wasmer,cranelift
2026-05-13T16:04:10+0800,llvmss_stanford_intmm,native,3,r81d0,1007577,ok,,wasmer,cranelift
2026-05-13T16:04:10+0800,llvmss_stanford_intmm,native,3,r82d0,173846,ok,,wasmer,cranelift
2026-05-13T16:04:10+0800,llvmss_stanford_intmm,native,3,r00c4,357330,ok,,wasmer,cranelift
2026-05-13T16:04:10+0800,llvmss_stanford_intmm,native,3,r01c4,214085,ok,,wasmer,cranelift
2026-05-13T16:04:10+0800,llvmss_stanford_intmm,native,3,r1c0,4693621,ok,,wasmer,cranelift
2026-05-13T16:04:10+0800,llvmss_stanford_intmm,native,3,cpu-cycles,2047755,ok,,wasmer,cranelift
2026-05-13T16:04:10+0800,llvmss_stanford_intmm,native,3,L1-icache-load-misses,44069,ok,,wasmer,cranelift
2026-05-13T16:04:10+0800,llvmss_stanford_intmm,native,3,branch-misses,6086,ok,,wasmer,cranelift
2026-05-13T16:04:11+0800,llvmss_stanford_intmm,wasm-jit,3,r81d0,11856515,ok,,wasmer,cranelift
2026-05-13T16:04:11+0800,llvmss_stanford_intmm,wasm-jit,3,r82d0,6683404,ok,,wasmer,cranelift
2026-05-13T16:04:11+0800,llvmss_stanford_intmm,wasm-jit,3,r00c4,9318522,ok,,wasmer,cranelift
2026-05-13T16:04:11+0800,llvmss_stanford_intmm,wasm-jit,3,r01c4,1861090,ok,,wasmer,cranelift
2026-05-13T16:04:11+0800,llvmss_stanford_intmm,wasm-jit,3,r1c0,50516282,ok,,wasmer,cranelift
2026-05-13T16:04:11+0800,llvmss_stanford_intmm,wasm-jit,3,cpu-cycles,41674841,ok,,wasmer,cranelift
2026-05-13T16:04:11+0800,llvmss_stanford_intmm,wasm-jit,3,L1-icache-load-misses,984442,ok,,wasmer,cranelift
2026-05-13T16:04:11+0800,llvmss_stanford_intmm,wasm-jit,3,branch-misses,160024,ok,,wasmer,cranelift
2026-05-13T16:04:11+0800,llvmss_stanford_intmm,wasm-aot,3,r81d0,10621110,ok,,wasmer,cranelift
2026-05-13T16:04:11+0800,llvmss_stanford_intmm,wasm-aot,3,r82d0,5840586,ok,,wasmer,cranelift
2026-05-13T16:04:11+0800,llvmss_stanford_intmm,wasm-aot,3,r00c4,8521845,ok,,wasmer,cranelift
2026-05-13T16:04:11+0800,llvmss_stanford_intmm,wasm-aot,3,r01c4,1707251,ok,,wasmer,cranelift
2026-05-13T16:04:11+0800,llvmss_stanford_intmm,wasm-aot,3,r1c0,46134508,ok,,wasmer,cranelift
2026-05-13T16:04:11+0800,llvmss_stanford_intmm,wasm-aot,3,cpu-cycles,38812131,ok,,wasmer,cranelift
2026-05-13T16:04:11+0800,llvmss_stanford_intmm,wasm-aot,3,L1-icache-load-misses,901448,ok,,wasmer,cranelift
2026-05-13T16:04:11+0800,llvmss_stanford_intmm,wasm-aot,3,branch-misses,142486,ok,,wasmer,cranelift
2026-05-13T16:04:11+0800,llvmss_stanford_intmm,native,4,r81d0,1008150,ok,,wasmer,cranelift
2026-05-13T16:04:11+0800,llvmss_stanford_intmm,native,4,r82d0,174015,ok,,wasmer,cranelift
2026-05-13T16:04:11+0800,llvmss_stanford_intmm,native,4,r00c4,357917,ok,,wasmer,cranelift
2026-05-13T16:04:11+0800,llvmss_stanford_intmm,native,4,r01c4,214257,ok,,wasmer,cranelift
2026-05-13T16:04:11+0800,llvmss_stanford_intmm,native,4,r1c0,4694756,ok,,wasmer,cranelift
2026-05-13T16:04:11+0800,llvmss_stanford_intmm,native,4,cpu-cycles,1845569,ok,,wasmer,cranelift
2026-05-13T16:04:11+0800,llvmss_stanford_intmm,native,4,L1-icache-load-misses,46249,ok,,wasmer,cranelift
2026-05-13T16:04:11+0800,llvmss_stanford_intmm,native,4,branch-misses,6873,ok,,wasmer,cranelift
2026-05-13T16:04:11+0800,llvmss_stanford_intmm,wasm-jit,4,r81d0,11736230,ok,,wasmer,cranelift
2026-05-13T16:04:11+0800,llvmss_stanford_intmm,wasm-jit,4,r82d0,6597927,ok,,wasmer,cranelift
2026-05-13T16:04:11+0800,llvmss_stanford_intmm,wasm-jit,4,r00c4,9226717,ok,,wasmer,cranelift
2026-05-13T16:04:11+0800,llvmss_stanford_intmm,wasm-jit,4,r01c4,1842499,ok,,wasmer,cranelift
2026-05-13T16:04:11+0800,llvmss_stanford_intmm,wasm-jit,4,r1c0,49998498,ok,,wasmer,cranelift
2026-05-13T16:04:11+0800,llvmss_stanford_intmm,wasm-jit,4,cpu-cycles,41393964,ok,,wasmer,cranelift
2026-05-13T16:04:11+0800,llvmss_stanford_intmm,wasm-jit,4,L1-icache-load-misses,973871,ok,,wasmer,cranelift
2026-05-13T16:04:11+0800,llvmss_stanford_intmm,wasm-jit,4,branch-misses,160969,ok,,wasmer,cranelift
2026-05-13T16:04:11+0800,llvmss_stanford_intmm,wasm-aot,4,r81d0,10667998,ok,,wasmer,cranelift
2026-05-13T16:04:11+0800,llvmss_stanford_intmm,wasm-aot,4,r82d0,5885890,ok,,wasmer,cranelift
2026-05-13T16:04:11+0800,llvmss_stanford_intmm,wasm-aot,4,r00c4,8562356,ok,,wasmer,cranelift
2026-05-13T16:04:11+0800,llvmss_stanford_intmm,wasm-aot,4,r01c4,1717310,ok,,wasmer,cranelift
2026-05-13T16:04:11+0800,llvmss_stanford_intmm,wasm-aot,4,r1c0,46387727,ok,,wasmer,cranelift
2026-05-13T16:04:11+0800,llvmss_stanford_intmm,wasm-aot,4,cpu-cycles,41000941,ok,,wasmer,cranelift
2026-05-13T16:04:11+0800,llvmss_stanford_intmm,wasm-aot,4,L1-icache-load-misses,926674,ok,,wasmer,cranelift
2026-05-13T16:04:11+0800,llvmss_stanford_intmm,wasm-aot,4,branch-misses,142611,ok,,wasmer,cranelift
2026-05-13T16:04:11+0800,llvmss_stanford_intmm,native,5,r81d0,1006732,ok,,wasmer,cranelift
2026-05-13T16:04:11+0800,llvmss_stanford_intmm,native,5,r82d0,173391,ok,,wasmer,cranelift
2026-05-13T16:04:11+0800,llvmss_stanford_intmm,native,5,r00c4,356956,ok,,wasmer,cranelift
2026-05-13T16:04:11+0800,llvmss_stanford_intmm,native,5,r01c4,213976,ok,,wasmer,cranelift
2026-05-13T16:04:11+0800,llvmss_stanford_intmm,native,5,r1c0,4689321,ok,,wasmer,cranelift
2026-05-13T16:04:11+0800,llvmss_stanford_intmm,native,5,cpu-cycles,1870214,ok,,wasmer,cranelift
2026-05-13T16:04:11+0800,llvmss_stanford_intmm,native,5,L1-icache-load-misses,43016,ok,,wasmer,cranelift
2026-05-13T16:04:11+0800,llvmss_stanford_intmm,native,5,branch-misses,6094,ok,,wasmer,cranelift
2026-05-13T16:04:11+0800,llvmss_stanford_intmm,wasm-jit,5,r81d0,11749286,ok,,wasmer,cranelift
2026-05-13T16:04:11+0800,llvmss_stanford_intmm,wasm-jit,5,r82d0,6602154,ok,,wasmer,cranelift
2026-05-13T16:04:11+0800,llvmss_stanford_intmm,wasm-jit,5,r00c4,9240461,ok,,wasmer,cranelift
2026-05-13T16:04:11+0800,llvmss_stanford_intmm,wasm-jit,5,r01c4,1843313,ok,,wasmer,cranelift
2026-05-13T16:04:11+0800,llvmss_stanford_intmm,wasm-jit,5,r1c0,50062260,ok,,wasmer,cranelift
2026-05-13T16:04:11+0800,llvmss_stanford_intmm,wasm-jit,5,cpu-cycles,42459160,ok,,wasmer,cranelift
2026-05-13T16:04:11+0800,llvmss_stanford_intmm,wasm-jit,5,L1-icache-load-misses,987712,ok,,wasmer,cranelift
2026-05-13T16:04:11+0800,llvmss_stanford_intmm,wasm-jit,5,branch-misses,157617,ok,,wasmer,cranelift
2026-05-13T16:04:11+0800,llvmss_stanford_intmm,wasm-aot,5,r81d0,10665380,ok,,wasmer,cranelift
2026-05-13T16:04:11+0800,llvmss_stanford_intmm,wasm-aot,5,r82d0,5869112,ok,,wasmer,cranelift
2026-05-13T16:04:11+0800,llvmss_stanford_intmm,wasm-aot,5,r00c4,8562287,ok,,wasmer,cranelift
2026-05-13T16:04:11+0800,llvmss_stanford_intmm,wasm-aot,5,r01c4,1716738,ok,,wasmer,cranelift
2026-05-13T16:04:11+0800,llvmss_stanford_intmm,wasm-aot,5,r1c0,46344124,ok,,wasmer,cranelift
2026-05-13T16:04:11+0800,llvmss_stanford_intmm,wasm-aot,5,cpu-cycles,38061413,ok,,wasmer,cranelift
2026-05-13T16:04:11+0800,llvmss_stanford_intmm,wasm-aot,5,L1-icache-load-misses,928118,ok,,wasmer,cranelift
2026-05-13T16:04:11+0800,llvmss_stanford_intmm,wasm-aot,5,branch-misses,144453,ok,,wasmer,cranelift
2026-05-13T16:04:11+0800,llvmss_stanford_oscar,native,1,r81d0,2392453,ok,,wasmer,cranelift
2026-05-13T16:04:11+0800,llvmss_stanford_oscar,native,1,r82d0,1037613,ok,,wasmer,cranelift
2026-05-13T16:04:11+0800,llvmss_stanford_oscar,native,1,r00c4,659276,ok,,wasmer,cranelift
2026-05-13T16:04:11+0800,llvmss_stanford_oscar,native,1,r01c4,391931,ok,,wasmer,cranelift
2026-05-13T16:04:11+0800,llvmss_stanford_oscar,native,1,r1c0,7709848,ok,,wasmer,cranelift
2026-05-13T16:04:11+0800,llvmss_stanford_oscar,native,1,cpu-cycles,2650626,ok,,wasmer,cranelift
2026-05-13T16:04:11+0800,llvmss_stanford_oscar,native,1,L1-icache-load-misses,47858,ok,,wasmer,cranelift
2026-05-13T16:04:11+0800,llvmss_stanford_oscar,native,1,branch-misses,7597,ok,,wasmer,cranelift
2026-05-13T16:04:11+0800,llvmss_stanford_oscar,wasm-jit,1,r81d0,16803400,ok,,wasmer,cranelift
2026-05-13T16:04:11+0800,llvmss_stanford_oscar,wasm-jit,1,r82d0,9402926,ok,,wasmer,cranelift
2026-05-13T16:04:11+0800,llvmss_stanford_oscar,wasm-jit,1,r00c4,10041258,ok,,wasmer,cranelift
2026-05-13T16:04:11+0800,llvmss_stanford_oscar,wasm-jit,1,r01c4,2621657,ok,,wasmer,cranelift
2026-05-13T16:04:11+0800,llvmss_stanford_oscar,wasm-jit,1,r1c0,64027539,ok,,wasmer,cranelift
2026-05-13T16:04:11+0800,llvmss_stanford_oscar,wasm-jit,1,cpu-cycles,48151193,ok,,wasmer,cranelift
2026-05-13T16:04:11+0800,llvmss_stanford_oscar,wasm-jit,1,L1-icache-load-misses,1400182,ok,,wasmer,cranelift
2026-05-13T16:04:11+0800,llvmss_stanford_oscar,wasm-jit,1,branch-misses,156819,ok,,wasmer,cranelift
2026-05-13T16:04:11+0800,llvmss_stanford_oscar,wasm-aot,1,r81d0,15523358,ok,,wasmer,cranelift
2026-05-13T16:04:11+0800,llvmss_stanford_oscar,wasm-aot,1,r82d0,8551401,ok,,wasmer,cranelift
2026-05-13T16:04:11+0800,llvmss_stanford_oscar,wasm-aot,1,r00c4,9223219,ok,,wasmer,cranelift
2026-05-13T16:04:11+0800,llvmss_stanford_oscar,wasm-aot,1,r01c4,2466354,ok,,wasmer,cranelift
2026-05-13T16:04:11+0800,llvmss_stanford_oscar,wasm-aot,1,r1c0,59535250,ok,,wasmer,cranelift
2026-05-13T16:04:11+0800,llvmss_stanford_oscar,wasm-aot,1,cpu-cycles,44474386,ok,,wasmer,cranelift
2026-05-13T16:04:11+0800,llvmss_stanford_oscar,wasm-aot,1,L1-icache-load-misses,1295797,ok,,wasmer,cranelift
2026-05-13T16:04:11+0800,llvmss_stanford_oscar,wasm-aot,1,branch-misses,134106,ok,,wasmer,cranelift
2026-05-13T16:04:11+0800,llvmss_stanford_oscar,native,2,r81d0,2386916,ok,,wasmer,cranelift
2026-05-13T16:04:11+0800,llvmss_stanford_oscar,native,2,r82d0,1034546,ok,,wasmer,cranelift
2026-05-13T16:04:11+0800,llvmss_stanford_oscar,native,2,r00c4,655324,ok,,wasmer,cranelift
2026-05-13T16:04:11+0800,llvmss_stanford_oscar,native,2,r01c4,391002,ok,,wasmer,cranelift
2026-05-13T16:04:11+0800,llvmss_stanford_oscar,native,2,r1c0,7688292,ok,,wasmer,cranelift
2026-05-13T16:04:11+0800,llvmss_stanford_oscar,native,2,cpu-cycles,2689533,ok,,wasmer,cranelift
2026-05-13T16:04:11+0800,llvmss_stanford_oscar,native,2,L1-icache-load-misses,46117,ok,,wasmer,cranelift
2026-05-13T16:04:11+0800,llvmss_stanford_oscar,native,2,branch-misses,7668,ok,,wasmer,cranelift
2026-05-13T16:04:11+0800,llvmss_stanford_oscar,wasm-jit,2,r81d0,16761345,ok,,wasmer,cranelift
2026-05-13T16:04:11+0800,llvmss_stanford_oscar,wasm-jit,2,r82d0,9392595,ok,,wasmer,cranelift
2026-05-13T16:04:11+0800,llvmss_stanford_oscar,wasm-jit,2,r00c4,10000390,ok,,wasmer,cranelift
2026-05-13T16:04:11+0800,llvmss_stanford_oscar,wasm-jit,2,r01c4,2612710,ok,,wasmer,cranelift
2026-05-13T16:04:11+0800,llvmss_stanford_oscar,wasm-jit,2,r1c0,63847384,ok,,wasmer,cranelift
2026-05-13T16:04:11+0800,llvmss_stanford_oscar,wasm-jit,2,cpu-cycles,47857911,ok,,wasmer,cranelift
2026-05-13T16:04:11+0800,llvmss_stanford_oscar,wasm-jit,2,L1-icache-load-misses,1390945,ok,,wasmer,cranelift
2026-05-13T16:04:11+0800,llvmss_stanford_oscar,wasm-jit,2,branch-misses,157148,ok,,wasmer,cranelift
2026-05-13T16:04:11+0800,llvmss_stanford_oscar,wasm-aot,2,r81d0,15591663,ok,,wasmer,cranelift
2026-05-13T16:04:11+0800,llvmss_stanford_oscar,wasm-aot,2,r82d0,8583316,ok,,wasmer,cranelift
2026-05-13T16:04:11+0800,llvmss_stanford_oscar,wasm-aot,2,r00c4,9272330,ok,,wasmer,cranelift
2026-05-13T16:04:11+0800,llvmss_stanford_oscar,wasm-aot,2,r01c4,2479435,ok,,wasmer,cranelift
2026-05-13T16:04:11+0800,llvmss_stanford_oscar,wasm-aot,2,r1c0,59799204,ok,,wasmer,cranelift
2026-05-13T16:04:11+0800,llvmss_stanford_oscar,wasm-aot,2,cpu-cycles,44582889,ok,,wasmer,cranelift
2026-05-13T16:04:11+0800,llvmss_stanford_oscar,wasm-aot,2,L1-icache-load-misses,1309070,ok,,wasmer,cranelift
2026-05-13T16:04:11+0800,llvmss_stanford_oscar,wasm-aot,2,branch-misses,135060,ok,,wasmer,cranelift
2026-05-13T16:04:11+0800,llvmss_stanford_oscar,native,3,r81d0,2383811,ok,,wasmer,cranelift
2026-05-13T16:04:11+0800,llvmss_stanford_oscar,native,3,r82d0,1032600,ok,,wasmer,cranelift
2026-05-13T16:04:11+0800,llvmss_stanford_oscar,native,3,r00c4,653323,ok,,wasmer,cranelift
2026-05-13T16:04:11+0800,llvmss_stanford_oscar,native,3,r01c4,390661,ok,,wasmer,cranelift
2026-05-13T16:04:11+0800,llvmss_stanford_oscar,native,3,r1c0,7675081,ok,,wasmer,cranelift
2026-05-13T16:04:11+0800,llvmss_stanford_oscar,native,3,cpu-cycles,2624321,ok,,wasmer,cranelift
2026-05-13T16:04:11+0800,llvmss_stanford_oscar,native,3,L1-icache-load-misses,42712,ok,,wasmer,cranelift
2026-05-13T16:04:11+0800,llvmss_stanford_oscar,native,3,branch-misses,7068,ok,,wasmer,cranelift
2026-05-13T16:04:11+0800,llvmss_stanford_oscar,wasm-jit,3,r81d0,16822025,ok,,wasmer,cranelift
2026-05-13T16:04:11+0800,llvmss_stanford_oscar,wasm-jit,3,r82d0,9420498,ok,,wasmer,cranelift
2026-05-13T16:04:11+0800,llvmss_stanford_oscar,wasm-jit,3,r00c4,10049757,ok,,wasmer,cranelift
2026-05-13T16:04:11+0800,llvmss_stanford_oscar,wasm-jit,3,r01c4,2627137,ok,,wasmer,cranelift
2026-05-13T16:04:11+0800,llvmss_stanford_oscar,wasm-jit,3,r1c0,64094215,ok,,wasmer,cranelift
2026-05-13T16:04:11+0800,llvmss_stanford_oscar,wasm-jit,3,cpu-cycles,45363914,ok,,wasmer,cranelift
2026-05-13T16:04:11+0800,llvmss_stanford_oscar,wasm-jit,3,L1-icache-load-misses,1405067,ok,,wasmer,cranelift
2026-05-13T16:04:11+0800,llvmss_stanford_oscar,wasm-jit,3,branch-misses,156732,ok,,wasmer,cranelift
2026-05-13T16:04:11+0800,llvmss_stanford_oscar,wasm-aot,3,r81d0,15662567,ok,,wasmer,cranelift
2026-05-13T16:04:11+0800,llvmss_stanford_oscar,wasm-aot,3,r82d0,8623570,ok,,wasmer,cranelift
2026-05-13T16:04:11+0800,llvmss_stanford_oscar,wasm-aot,3,r00c4,9334970,ok,,wasmer,cranelift
2026-05-13T16:04:11+0800,llvmss_stanford_oscar,wasm-aot,3,r01c4,2494320,ok,,wasmer,cranelift
2026-05-13T16:04:11+0800,llvmss_stanford_oscar,wasm-aot,3,r1c0,60112753,ok,,wasmer,cranelift
2026-05-13T16:04:11+0800,llvmss_stanford_oscar,wasm-aot,3,cpu-cycles,46881977,ok,,wasmer,cranelift
2026-05-13T16:04:11+0800,llvmss_stanford_oscar,wasm-aot,3,L1-icache-load-misses,1308957,ok,,wasmer,cranelift
2026-05-13T16:04:11+0800,llvmss_stanford_oscar,wasm-aot,3,branch-misses,139332,ok,,wasmer,cranelift
2026-05-13T16:04:11+0800,llvmss_stanford_oscar,native,4,r81d0,2394457,ok,,wasmer,cranelift
2026-05-13T16:04:11+0800,llvmss_stanford_oscar,native,4,r82d0,1038799,ok,,wasmer,cranelift
2026-05-13T16:04:11+0800,llvmss_stanford_oscar,native,4,r00c4,660757,ok,,wasmer,cranelift
2026-05-13T16:04:11+0800,llvmss_stanford_oscar,native,4,r01c4,392415,ok,,wasmer,cranelift
2026-05-13T16:04:11+0800,llvmss_stanford_oscar,native,4,r1c0,7718776,ok,,wasmer,cranelift
2026-05-13T16:04:11+0800,llvmss_stanford_oscar,native,4,cpu-cycles,2625469,ok,,wasmer,cranelift
2026-05-13T16:04:11+0800,llvmss_stanford_oscar,native,4,L1-icache-load-misses,49598,ok,,wasmer,cranelift
2026-05-13T16:04:11+0800,llvmss_stanford_oscar,native,4,branch-misses,7715,ok,,wasmer,cranelift
2026-05-13T16:04:11+0800,llvmss_stanford_oscar,wasm-jit,4,r81d0,16832307,ok,,wasmer,cranelift
2026-05-13T16:04:11+0800,llvmss_stanford_oscar,wasm-jit,4,r82d0,9426576,ok,,wasmer,cranelift
2026-05-13T16:04:11+0800,llvmss_stanford_oscar,wasm-jit,4,r00c4,10064237,ok,,wasmer,cranelift
2026-05-13T16:04:11+0800,llvmss_stanford_oscar,wasm-jit,4,r01c4,2630835,ok,,wasmer,cranelift
2026-05-13T16:04:11+0800,llvmss_stanford_oscar,wasm-jit,4,r1c0,64149981,ok,,wasmer,cranelift
2026-05-13T16:04:11+0800,llvmss_stanford_oscar,wasm-jit,4,cpu-cycles,48774734,ok,,wasmer,cranelift
2026-05-13T16:04:11+0800,llvmss_stanford_oscar,wasm-jit,4,L1-icache-load-misses,1388498,ok,,wasmer,cranelift
2026-05-13T16:04:11+0800,llvmss_stanford_oscar,wasm-jit,4,branch-misses,157688,ok,,wasmer,cranelift
2026-05-13T16:04:11+0800,llvmss_stanford_oscar,wasm-aot,4,r81d0,15518919,ok,,wasmer,cranelift
2026-05-13T16:04:11+0800,llvmss_stanford_oscar,wasm-aot,4,r82d0,8553637,ok,,wasmer,cranelift
2026-05-13T16:04:11+0800,llvmss_stanford_oscar,wasm-aot,4,r00c4,9224804,ok,,wasmer,cranelift
2026-05-13T16:04:11+0800,llvmss_stanford_oscar,wasm-aot,4,r01c4,2469545,ok,,wasmer,cranelift
2026-05-13T16:04:11+0800,llvmss_stanford_oscar,wasm-aot,4,r1c0,59554073,ok,,wasmer,cranelift
2026-05-13T16:04:11+0800,llvmss_stanford_oscar,wasm-aot,4,cpu-cycles,46231260,ok,,wasmer,cranelift
2026-05-13T16:04:11+0800,llvmss_stanford_oscar,wasm-aot,4,L1-icache-load-misses,1286569,ok,,wasmer,cranelift
2026-05-13T16:04:11+0800,llvmss_stanford_oscar,wasm-aot,4,branch-misses,132974,ok,,wasmer,cranelift
2026-05-13T16:04:11+0800,llvmss_stanford_oscar,native,5,r81d0,2388515,ok,,wasmer,cranelift
2026-05-13T16:04:11+0800,llvmss_stanford_oscar,native,5,r82d0,1035480,ok,,wasmer,cranelift
2026-05-13T16:04:11+0800,llvmss_stanford_oscar,native,5,r00c4,656120,ok,,wasmer,cranelift
2026-05-13T16:04:11+0800,llvmss_stanford_oscar,native,5,r01c4,391460,ok,,wasmer,cranelift
2026-05-13T16:04:11+0800,llvmss_stanford_oscar,native,5,r1c0,7695570,ok,,wasmer,cranelift
2026-05-13T16:04:11+0800,llvmss_stanford_oscar,native,5,cpu-cycles,2529639,ok,,wasmer,cranelift
2026-05-13T16:04:11+0800,llvmss_stanford_oscar,native,5,L1-icache-load-misses,43166,ok,,wasmer,cranelift
2026-05-13T16:04:11+0800,llvmss_stanford_oscar,native,5,branch-misses,7154,ok,,wasmer,cranelift
2026-05-13T16:04:11+0800,llvmss_stanford_oscar,wasm-jit,5,r81d0,16866737,ok,,wasmer,cranelift
2026-05-13T16:04:11+0800,llvmss_stanford_oscar,wasm-jit,5,r82d0,9447601,ok,,wasmer,cranelift
2026-05-13T16:04:11+0800,llvmss_stanford_oscar,wasm-jit,5,r00c4,10089154,ok,,wasmer,cranelift
2026-05-13T16:04:11+0800,llvmss_stanford_oscar,wasm-jit,5,r01c4,2635861,ok,,wasmer,cranelift
2026-05-13T16:04:11+0800,llvmss_stanford_oscar,wasm-jit,5,r1c0,64288307,ok,,wasmer,cranelift
2026-05-13T16:04:11+0800,llvmss_stanford_oscar,wasm-jit,5,cpu-cycles,49174071,ok,,wasmer,cranelift
2026-05-13T16:04:11+0800,llvmss_stanford_oscar,wasm-jit,5,L1-icache-load-misses,1406552,ok,,wasmer,cranelift
2026-05-13T16:04:11+0800,llvmss_stanford_oscar,wasm-jit,5,branch-misses,157477,ok,,wasmer,cranelift
2026-05-13T16:04:11+0800,llvmss_stanford_oscar,wasm-aot,5,r81d0,15587989,ok,,wasmer,cranelift
2026-05-13T16:04:11+0800,llvmss_stanford_oscar,wasm-aot,5,r82d0,8593186,ok,,wasmer,cranelift
2026-05-13T16:04:11+0800,llvmss_stanford_oscar,wasm-aot,5,r00c4,9270180,ok,,wasmer,cranelift
2026-05-13T16:04:11+0800,llvmss_stanford_oscar,wasm-aot,5,r01c4,2475805,ok,,wasmer,cranelift
2026-05-13T16:04:11+0800,llvmss_stanford_oscar,wasm-aot,5,r1c0,59806338,ok,,wasmer,cranelift
2026-05-13T16:04:11+0800,llvmss_stanford_oscar,wasm-aot,5,cpu-cycles,45801979,ok,,wasmer,cranelift
2026-05-13T16:04:11+0800,llvmss_stanford_oscar,wasm-aot,5,L1-icache-load-misses,1322651,ok,,wasmer,cranelift
2026-05-13T16:04:11+0800,llvmss_stanford_oscar,wasm-aot,5,branch-misses,140907,ok,,wasmer,cranelift
2026-05-13T16:04:11+0800,llvmss_stanford_perm,native,1,r81d0,28025464,ok,,wasmer,cranelift
2026-05-13T16:04:11+0800,llvmss_stanford_perm,native,1,r82d0,27935931,ok,,wasmer,cranelift
2026-05-13T16:04:11+0800,llvmss_stanford_perm,native,1,r00c4,17506386,ok,,wasmer,cranelift
2026-05-13T16:04:11+0800,llvmss_stanford_perm,native,1,r01c4,3272537,ok,,wasmer,cranelift
2026-05-13T16:04:11+0800,llvmss_stanford_perm,native,1,r1c0,93401725,ok,,wasmer,cranelift
2026-05-13T16:04:11+0800,llvmss_stanford_perm,native,1,cpu-cycles,30389221,ok,,wasmer,cranelift
2026-05-13T16:04:11+0800,llvmss_stanford_perm,native,1,L1-icache-load-misses,48346,ok,,wasmer,cranelift
2026-05-13T16:04:11+0800,llvmss_stanford_perm,native,1,branch-misses,33250,ok,,wasmer,cranelift
2026-05-13T16:04:11+0800,llvmss_stanford_perm,wasm-jit,1,r81d0,75958726,ok,,wasmer,cranelift
2026-05-13T16:04:11+0800,llvmss_stanford_perm,wasm-jit,1,r82d0,56724779,ok,,wasmer,cranelift
2026-05-13T16:04:11+0800,llvmss_stanford_perm,wasm-jit,1,r00c4,26491995,ok,,wasmer,cranelift
2026-05-13T16:04:11+0800,llvmss_stanford_perm,wasm-jit,1,r01c4,5331471,ok,,wasmer,cranelift
2026-05-13T16:04:11+0800,llvmss_stanford_perm,wasm-jit,1,r1c0,215177852,ok,,wasmer,cranelift
2026-05-13T16:04:11+0800,llvmss_stanford_perm,wasm-jit,1,cpu-cycles,125549414,ok,,wasmer,cranelift
2026-05-13T16:04:11+0800,llvmss_stanford_perm,wasm-jit,1,L1-icache-load-misses,1482498,ok,,wasmer,cranelift
2026-05-13T16:04:11+0800,llvmss_stanford_perm,wasm-jit,1,branch-misses,178394,ok,,wasmer,cranelift
2026-05-13T16:04:11+0800,llvmss_stanford_perm,wasm-aot,1,r81d0,74667341,ok,,wasmer,cranelift
2026-05-13T16:04:11+0800,llvmss_stanford_perm,wasm-aot,1,r82d0,55858511,ok,,wasmer,cranelift
2026-05-13T16:04:11+0800,llvmss_stanford_perm,wasm-aot,1,r00c4,25651635,ok,,wasmer,cranelift
2026-05-13T16:04:11+0800,llvmss_stanford_perm,wasm-aot,1,r01c4,5167573,ok,,wasmer,cranelift
2026-05-13T16:04:11+0800,llvmss_stanford_perm,wasm-aot,1,r1c0,210582687,ok,,wasmer,cranelift
2026-05-13T16:04:11+0800,llvmss_stanford_perm,wasm-aot,1,cpu-cycles,120959120,ok,,wasmer,cranelift
2026-05-13T16:04:11+0800,llvmss_stanford_perm,wasm-aot,1,L1-icache-load-misses,1394312,ok,,wasmer,cranelift
2026-05-13T16:04:11+0800,llvmss_stanford_perm,wasm-aot,1,branch-misses,164445,ok,,wasmer,cranelift
2026-05-13T16:04:11+0800,llvmss_stanford_perm,native,2,r81d0,28022850,ok,,wasmer,cranelift
2026-05-13T16:04:11+0800,llvmss_stanford_perm,native,2,r82d0,27934416,ok,,wasmer,cranelift
2026-05-13T16:04:11+0800,llvmss_stanford_perm,native,2,r00c4,17504674,ok,,wasmer,cranelift
2026-05-13T16:04:11+0800,llvmss_stanford_perm,native,2,r01c4,3271922,ok,,wasmer,cranelift
2026-05-13T16:04:11+0800,llvmss_stanford_perm,native,2,r1c0,93390800,ok,,wasmer,cranelift
2026-05-13T16:04:11+0800,llvmss_stanford_perm,native,2,cpu-cycles,30410958,ok,,wasmer,cranelift
2026-05-13T16:04:11+0800,llvmss_stanford_perm,native,2,L1-icache-load-misses,54190,ok,,wasmer,cranelift
2026-05-13T16:04:11+0800,llvmss_stanford_perm,native,2,branch-misses,33854,ok,,wasmer,cranelift
2026-05-13T16:04:11+0800,llvmss_stanford_perm,wasm-jit,2,r81d0,75877750,ok,,wasmer,cranelift
2026-05-13T16:04:11+0800,llvmss_stanford_perm,wasm-jit,2,r82d0,56671044,ok,,wasmer,cranelift
2026-05-13T16:04:11+0800,llvmss_stanford_perm,wasm-jit,2,r00c4,26419903,ok,,wasmer,cranelift
2026-05-13T16:04:11+0800,llvmss_stanford_perm,wasm-jit,2,r01c4,5319195,ok,,wasmer,cranelift
2026-05-13T16:04:11+0800,llvmss_stanford_perm,wasm-jit,2,r1c0,214816378,ok,,wasmer,cranelift
2026-05-13T16:04:11+0800,llvmss_stanford_perm,wasm-jit,2,cpu-cycles,125817026,ok,,wasmer,cranelift
2026-05-13T16:04:11+0800,llvmss_stanford_perm,wasm-jit,2,L1-icache-load-misses,1500101,ok,,wasmer,cranelift
2026-05-13T16:04:11+0800,llvmss_stanford_perm,wasm-jit,2,branch-misses,183520,ok,,wasmer,cranelift
2026-05-13T16:04:12+0800,llvmss_stanford_perm,wasm-aot,2,r81d0,74748788,ok,,wasmer,cranelift
2026-05-13T16:04:12+0800,llvmss_stanford_perm,wasm-aot,2,r82d0,55906861,ok,,wasmer,cranelift
2026-05-13T16:04:12+0800,llvmss_stanford_perm,wasm-aot,2,r00c4,25704984,ok,,wasmer,cranelift
2026-05-13T16:04:12+0800,llvmss_stanford_perm,wasm-aot,2,r01c4,5177746,ok,,wasmer,cranelift
2026-05-13T16:04:12+0800,llvmss_stanford_perm,wasm-aot,2,r1c0,210894717,ok,,wasmer,cranelift
2026-05-13T16:04:12+0800,llvmss_stanford_perm,wasm-aot,2,cpu-cycles,120955356,ok,,wasmer,cranelift
2026-05-13T16:04:12+0800,llvmss_stanford_perm,wasm-aot,2,L1-icache-load-misses,1387285,ok,,wasmer,cranelift
2026-05-13T16:04:12+0800,llvmss_stanford_perm,wasm-aot,2,branch-misses,160265,ok,,wasmer,cranelift
2026-05-13T16:04:12+0800,llvmss_stanford_perm,native,3,r81d0,28028671,ok,,wasmer,cranelift
2026-05-13T16:04:12+0800,llvmss_stanford_perm,native,3,r82d0,27938102,ok,,wasmer,cranelift
2026-05-13T16:04:12+0800,llvmss_stanford_perm,native,3,r00c4,17508532,ok,,wasmer,cranelift
2026-05-13T16:04:12+0800,llvmss_stanford_perm,native,3,r01c4,3272945,ok,,wasmer,cranelift
2026-05-13T16:04:12+0800,llvmss_stanford_perm,native,3,r1c0,93415323,ok,,wasmer,cranelift
2026-05-13T16:04:12+0800,llvmss_stanford_perm,native,3,cpu-cycles,30409325,ok,,wasmer,cranelift
2026-05-13T16:04:12+0800,llvmss_stanford_perm,native,3,L1-icache-load-misses,51871,ok,,wasmer,cranelift
2026-05-13T16:04:12+0800,llvmss_stanford_perm,native,3,branch-misses,34136,ok,,wasmer,cranelift
2026-05-13T16:04:12+0800,llvmss_stanford_perm,wasm-jit,3,r81d0,75973085,ok,,wasmer,cranelift
2026-05-13T16:04:12+0800,llvmss_stanford_perm,wasm-jit,3,r82d0,56728360,ok,,wasmer,cranelift
2026-05-13T16:04:12+0800,llvmss_stanford_perm,wasm-jit,3,r00c4,26490985,ok,,wasmer,cranelift
2026-05-13T16:04:12+0800,llvmss_stanford_perm,wasm-jit,3,r01c4,5331903,ok,,wasmer,cranelift
2026-05-13T16:04:12+0800,llvmss_stanford_perm,wasm-jit,3,r1c0,215204055,ok,,wasmer,cranelift
2026-05-13T16:04:12+0800,llvmss_stanford_perm,wasm-jit,3,cpu-cycles,120846114,ok,,wasmer,cranelift
2026-05-13T16:04:12+0800,llvmss_stanford_perm,wasm-jit,3,L1-icache-load-misses,1485495,ok,,wasmer,cranelift
2026-05-13T16:04:12+0800,llvmss_stanford_perm,wasm-jit,3,branch-misses,182609,ok,,wasmer,cranelift
2026-05-13T16:04:12+0800,llvmss_stanford_perm,wasm-aot,3,r81d0,74809140,ok,,wasmer,cranelift
2026-05-13T16:04:12+0800,llvmss_stanford_perm,wasm-aot,3,r82d0,55927158,ok,,wasmer,cranelift
2026-05-13T16:04:12+0800,llvmss_stanford_perm,wasm-aot,3,r00c4,25765919,ok,,wasmer,cranelift
2026-05-13T16:04:12+0800,llvmss_stanford_perm,wasm-aot,3,r01c4,5196497,ok,,wasmer,cranelift
2026-05-13T16:04:12+0800,llvmss_stanford_perm,wasm-aot,3,r1c0,211161454,ok,,wasmer,cranelift
2026-05-13T16:04:12+0800,llvmss_stanford_perm,wasm-aot,3,cpu-cycles,121372389,ok,,wasmer,cranelift
2026-05-13T16:04:12+0800,llvmss_stanford_perm,wasm-aot,3,L1-icache-load-misses,1391037,ok,,wasmer,cranelift
2026-05-13T16:04:12+0800,llvmss_stanford_perm,wasm-aot,3,branch-misses,163236,ok,,wasmer,cranelift
2026-05-13T16:04:12+0800,llvmss_stanford_perm,native,4,r81d0,28019570,ok,,wasmer,cranelift
2026-05-13T16:04:12+0800,llvmss_stanford_perm,native,4,r82d0,27931879,ok,,wasmer,cranelift
2026-05-13T16:04:12+0800,llvmss_stanford_perm,native,4,r00c4,17502375,ok,,wasmer,cranelift
2026-05-13T16:04:12+0800,llvmss_stanford_perm,native,4,r01c4,3271837,ok,,wasmer,cranelift
2026-05-13T16:04:12+0800,llvmss_stanford_perm,native,4,r1c0,93377449,ok,,wasmer,cranelift
2026-05-13T16:04:12+0800,llvmss_stanford_perm,native,4,cpu-cycles,30650770,ok,,wasmer,cranelift
2026-05-13T16:04:12+0800,llvmss_stanford_perm,native,4,L1-icache-load-misses,50048,ok,,wasmer,cranelift
2026-05-13T16:04:12+0800,llvmss_stanford_perm,native,4,branch-misses,34041,ok,,wasmer,cranelift
2026-05-13T16:04:12+0800,llvmss_stanford_perm,wasm-jit,4,r81d0,76043176,ok,,wasmer,cranelift
2026-05-13T16:04:12+0800,llvmss_stanford_perm,wasm-jit,4,r82d0,56777886,ok,,wasmer,cranelift
2026-05-13T16:04:12+0800,llvmss_stanford_perm,wasm-jit,4,r00c4,26549039,ok,,wasmer,cranelift
2026-05-13T16:04:12+0800,llvmss_stanford_perm,wasm-jit,4,r01c4,5346600,ok,,wasmer,cranelift
2026-05-13T16:04:12+0800,llvmss_stanford_perm,wasm-jit,4,r1c0,215511176,ok,,wasmer,cranelift
2026-05-13T16:04:12+0800,llvmss_stanford_perm,wasm-jit,4,cpu-cycles,125633020,ok,,wasmer,cranelift
2026-05-13T16:04:12+0800,llvmss_stanford_perm,wasm-jit,4,L1-icache-load-misses,1481767,ok,,wasmer,cranelift
2026-05-13T16:04:12+0800,llvmss_stanford_perm,wasm-jit,4,branch-misses,180998,ok,,wasmer,cranelift
2026-05-13T16:04:12+0800,llvmss_stanford_perm,wasm-aot,4,r81d0,74776648,ok,,wasmer,cranelift
2026-05-13T16:04:12+0800,llvmss_stanford_perm,wasm-aot,4,r82d0,55917891,ok,,wasmer,cranelift
2026-05-13T16:04:12+0800,llvmss_stanford_perm,wasm-aot,4,r00c4,25740006,ok,,wasmer,cranelift
2026-05-13T16:04:12+0800,llvmss_stanford_perm,wasm-aot,4,r01c4,5188160,ok,,wasmer,cranelift
2026-05-13T16:04:12+0800,llvmss_stanford_perm,wasm-aot,4,r1c0,211036492,ok,,wasmer,cranelift
2026-05-13T16:04:12+0800,llvmss_stanford_perm,wasm-aot,4,cpu-cycles,122545973,ok,,wasmer,cranelift
2026-05-13T16:04:12+0800,llvmss_stanford_perm,wasm-aot,4,L1-icache-load-misses,1381790,ok,,wasmer,cranelift
2026-05-13T16:04:12+0800,llvmss_stanford_perm,wasm-aot,4,branch-misses,162204,ok,,wasmer,cranelift
2026-05-13T16:04:12+0800,llvmss_stanford_perm,native,5,r81d0,28050304,ok,,wasmer,cranelift
2026-05-13T16:04:12+0800,llvmss_stanford_perm,native,5,r82d0,27951140,ok,,wasmer,cranelift
2026-05-13T16:04:12+0800,llvmss_stanford_perm,native,5,r00c4,17524407,ok,,wasmer,cranelift
2026-05-13T16:04:12+0800,llvmss_stanford_perm,native,5,r01c4,3275930,ok,,wasmer,cranelift
2026-05-13T16:04:12+0800,llvmss_stanford_perm,native,5,r1c0,93505191,ok,,wasmer,cranelift
2026-05-13T16:04:12+0800,llvmss_stanford_perm,native,5,cpu-cycles,30695879,ok,,wasmer,cranelift
2026-05-13T16:04:12+0800,llvmss_stanford_perm,native,5,L1-icache-load-misses,53165,ok,,wasmer,cranelift
2026-05-13T16:04:12+0800,llvmss_stanford_perm,native,5,branch-misses,33961,ok,,wasmer,cranelift
2026-05-13T16:04:12+0800,llvmss_stanford_perm,wasm-jit,5,r81d0,75961982,ok,,wasmer,cranelift
2026-05-13T16:04:12+0800,llvmss_stanford_perm,wasm-jit,5,r82d0,56714856,ok,,wasmer,cranelift
2026-05-13T16:04:12+0800,llvmss_stanford_perm,wasm-jit,5,r00c4,26486265,ok,,wasmer,cranelift
2026-05-13T16:04:12+0800,llvmss_stanford_perm,wasm-jit,5,r01c4,5330562,ok,,wasmer,cranelift
2026-05-13T16:04:12+0800,llvmss_stanford_perm,wasm-jit,5,r1c0,215151736,ok,,wasmer,cranelift
2026-05-13T16:04:12+0800,llvmss_stanford_perm,wasm-jit,5,cpu-cycles,124897094,ok,,wasmer,cranelift
2026-05-13T16:04:12+0800,llvmss_stanford_perm,wasm-jit,5,L1-icache-load-misses,1471123,ok,,wasmer,cranelift
2026-05-13T16:04:12+0800,llvmss_stanford_perm,wasm-jit,5,branch-misses,180456,ok,,wasmer,cranelift
2026-05-13T16:04:12+0800,llvmss_stanford_perm,wasm-aot,5,r81d0,74806034,ok,,wasmer,cranelift
2026-05-13T16:04:12+0800,llvmss_stanford_perm,wasm-aot,5,r82d0,55945899,ok,,wasmer,cranelift
2026-05-13T16:04:12+0800,llvmss_stanford_perm,wasm-aot,5,r00c4,25758437,ok,,wasmer,cranelift
2026-05-13T16:04:12+0800,llvmss_stanford_perm,wasm-aot,5,r01c4,5189444,ok,,wasmer,cranelift
2026-05-13T16:04:12+0800,llvmss_stanford_perm,wasm-aot,5,r1c0,211180975,ok,,wasmer,cranelift
2026-05-13T16:04:12+0800,llvmss_stanford_perm,wasm-aot,5,cpu-cycles,123229778,ok,,wasmer,cranelift
2026-05-13T16:04:12+0800,llvmss_stanford_perm,wasm-aot,5,L1-icache-load-misses,1410528,ok,,wasmer,cranelift
2026-05-13T16:04:12+0800,llvmss_stanford_perm,wasm-aot,5,branch-misses,163789,ok,,wasmer,cranelift
2026-05-13T16:04:12+0800,llvmss_stanford_puzzle,native,1,r81d0,78013743,ok,,wasmer,cranelift
2026-05-13T16:04:12+0800,llvmss_stanford_puzzle,native,1,r82d0,5599536,ok,,wasmer,cranelift
2026-05-13T16:04:12+0800,llvmss_stanford_puzzle,native,1,r00c4,155296399,ok,,wasmer,cranelift
2026-05-13T16:04:12+0800,llvmss_stanford_puzzle,native,1,r01c4,77470020,ok,,wasmer,cranelift
2026-05-13T16:04:12+0800,llvmss_stanford_puzzle,native,1,r1c0,455008294,ok,,wasmer,cranelift
2026-05-13T16:04:12+0800,llvmss_stanford_puzzle,native,1,cpu-cycles,187055820,ok,,wasmer,cranelift
2026-05-13T16:04:12+0800,llvmss_stanford_puzzle,native,1,L1-icache-load-misses,62918,ok,,wasmer,cranelift
2026-05-13T16:04:12+0800,llvmss_stanford_puzzle,native,1,branch-misses,2099611,ok,,wasmer,cranelift
2026-05-13T16:04:12+0800,llvmss_stanford_puzzle,wasm-jit,1,r81d0,186927542,ok,,wasmer,cranelift
2026-05-13T16:04:12+0800,llvmss_stanford_puzzle,wasm-jit,1,r82d0,19598751,ok,,wasmer,cranelift
2026-05-13T16:04:12+0800,llvmss_stanford_puzzle,wasm-jit,1,r00c4,184806560,ok,,wasmer,cranelift
2026-05-13T16:04:12+0800,llvmss_stanford_puzzle,wasm-jit,1,r01c4,152647728,ok,,wasmer,cranelift
2026-05-13T16:04:12+0800,llvmss_stanford_puzzle,wasm-jit,1,r1c0,909057799,ok,,wasmer,cranelift
2026-05-13T16:04:12+0800,llvmss_stanford_puzzle,wasm-jit,1,cpu-cycles,303372900,ok,,wasmer,cranelift
2026-05-13T16:04:12+0800,llvmss_stanford_puzzle,wasm-jit,1,L1-icache-load-misses,2010814,ok,,wasmer,cranelift
2026-05-13T16:04:12+0800,llvmss_stanford_puzzle,wasm-jit,1,branch-misses,2357619,ok,,wasmer,cranelift
2026-05-13T16:04:12+0800,llvmss_stanford_puzzle,wasm-aot,1,r81d0,185627192,ok,,wasmer,cranelift
2026-05-13T16:04:12+0800,llvmss_stanford_puzzle,wasm-aot,1,r82d0,18733025,ok,,wasmer,cranelift
2026-05-13T16:04:12+0800,llvmss_stanford_puzzle,wasm-aot,1,r00c4,183993203,ok,,wasmer,cranelift
2026-05-13T16:04:12+0800,llvmss_stanford_puzzle,wasm-aot,1,r01c4,152494732,ok,,wasmer,cranelift
2026-05-13T16:04:12+0800,llvmss_stanford_puzzle,wasm-aot,1,r1c0,904557443,ok,,wasmer,cranelift
2026-05-13T16:04:12+0800,llvmss_stanford_puzzle,wasm-aot,1,cpu-cycles,304160954,ok,,wasmer,cranelift
2026-05-13T16:04:12+0800,llvmss_stanford_puzzle,wasm-aot,1,L1-icache-load-misses,1963912,ok,,wasmer,cranelift
2026-05-13T16:04:12+0800,llvmss_stanford_puzzle,wasm-aot,1,branch-misses,2328421,ok,,wasmer,cranelift
2026-05-13T16:04:13+0800,llvmss_stanford_puzzle,native,2,r81d0,78038527,ok,,wasmer,cranelift
2026-05-13T16:04:13+0800,llvmss_stanford_puzzle,native,2,r82d0,5616668,ok,,wasmer,cranelift
2026-05-13T16:04:13+0800,llvmss_stanford_puzzle,native,2,r00c4,155311717,ok,,wasmer,cranelift
2026-05-13T16:04:13+0800,llvmss_stanford_puzzle,native,2,r01c4,77472995,ok,,wasmer,cranelift
2026-05-13T16:04:13+0800,llvmss_stanford_puzzle,native,2,r1c0,455108840,ok,,wasmer,cranelift
2026-05-13T16:04:13+0800,llvmss_stanford_puzzle,native,2,cpu-cycles,187214148,ok,,wasmer,cranelift
2026-05-13T16:04:13+0800,llvmss_stanford_puzzle,native,2,L1-icache-load-misses,69408,ok,,wasmer,cranelift
2026-05-13T16:04:13+0800,llvmss_stanford_puzzle,native,2,branch-misses,2106755,ok,,wasmer,cranelift
2026-05-13T16:04:13+0800,llvmss_stanford_puzzle,wasm-jit,2,r81d0,186981674,ok,,wasmer,cranelift
2026-05-13T16:04:13+0800,llvmss_stanford_puzzle,wasm-jit,2,r82d0,19650811,ok,,wasmer,cranelift
2026-05-13T16:04:13+0800,llvmss_stanford_puzzle,wasm-jit,2,r00c4,184864871,ok,,wasmer,cranelift
2026-05-13T16:04:13+0800,llvmss_stanford_puzzle,wasm-jit,2,r01c4,152665347,ok,,wasmer,cranelift
2026-05-13T16:04:13+0800,llvmss_stanford_puzzle,wasm-jit,2,r1c0,909338320,ok,,wasmer,cranelift
2026-05-13T16:04:13+0800,llvmss_stanford_puzzle,wasm-jit,2,cpu-cycles,304210353,ok,,wasmer,cranelift
2026-05-13T16:04:13+0800,llvmss_stanford_puzzle,wasm-jit,2,L1-icache-load-misses,2080065,ok,,wasmer,cranelift
2026-05-13T16:04:13+0800,llvmss_stanford_puzzle,wasm-jit,2,branch-misses,2340754,ok,,wasmer,cranelift
2026-05-13T16:04:13+0800,llvmss_stanford_puzzle,wasm-aot,2,r81d0,185655096,ok,,wasmer,cranelift
2026-05-13T16:04:13+0800,llvmss_stanford_puzzle,wasm-aot,2,r82d0,18744904,ok,,wasmer,cranelift
2026-05-13T16:04:13+0800,llvmss_stanford_puzzle,wasm-aot,2,r00c4,184006230,ok,,wasmer,cranelift
2026-05-13T16:04:13+0800,llvmss_stanford_puzzle,wasm-aot,2,r01c4,152496992,ok,,wasmer,cranelift
2026-05-13T16:04:13+0800,llvmss_stanford_puzzle,wasm-aot,2,r1c0,904638378,ok,,wasmer,cranelift
2026-05-13T16:04:13+0800,llvmss_stanford_puzzle,wasm-aot,2,cpu-cycles,304661316,ok,,wasmer,cranelift
2026-05-13T16:04:13+0800,llvmss_stanford_puzzle,wasm-aot,2,L1-icache-load-misses,1967264,ok,,wasmer,cranelift
2026-05-13T16:04:13+0800,llvmss_stanford_puzzle,wasm-aot,2,branch-misses,2348806,ok,,wasmer,cranelift
2026-05-13T16:04:13+0800,llvmss_stanford_puzzle,native,3,r81d0,78049041,ok,,wasmer,cranelift
2026-05-13T16:04:13+0800,llvmss_stanford_puzzle,native,3,r82d0,5623660,ok,,wasmer,cranelift
2026-05-13T16:04:13+0800,llvmss_stanford_puzzle,native,3,r00c4,155319496,ok,,wasmer,cranelift
2026-05-13T16:04:13+0800,llvmss_stanford_puzzle,native,3,r01c4,77474427,ok,,wasmer,cranelift
2026-05-13T16:04:13+0800,llvmss_stanford_puzzle,native,3,r1c0,455147701,ok,,wasmer,cranelift
2026-05-13T16:04:13+0800,llvmss_stanford_puzzle,native,3,cpu-cycles,187921797,ok,,wasmer,cranelift
2026-05-13T16:04:13+0800,llvmss_stanford_puzzle,native,3,L1-icache-load-misses,72570,ok,,wasmer,cranelift
2026-05-13T16:04:13+0800,llvmss_stanford_puzzle,native,3,branch-misses,2121626,ok,,wasmer,cranelift
2026-05-13T16:04:13+0800,llvmss_stanford_puzzle,wasm-jit,3,r81d0,186973983,ok,,wasmer,cranelift
2026-05-13T16:04:13+0800,llvmss_stanford_puzzle,wasm-jit,3,r82d0,19632870,ok,,wasmer,cranelift
2026-05-13T16:04:13+0800,llvmss_stanford_puzzle,wasm-jit,3,r00c4,184844758,ok,,wasmer,cranelift
2026-05-13T16:04:13+0800,llvmss_stanford_puzzle,wasm-jit,3,r01c4,152658048,ok,,wasmer,cranelift
2026-05-13T16:04:13+0800,llvmss_stanford_puzzle,wasm-jit,3,r1c0,909265716,ok,,wasmer,cranelift
2026-05-13T16:04:13+0800,llvmss_stanford_puzzle,wasm-jit,3,cpu-cycles,307151048,ok,,wasmer,cranelift
2026-05-13T16:04:13+0800,llvmss_stanford_puzzle,wasm-jit,3,L1-icache-load-misses,2002640,ok,,wasmer,cranelift
2026-05-13T16:04:13+0800,llvmss_stanford_puzzle,wasm-jit,3,branch-misses,2356948,ok,,wasmer,cranelift
2026-05-13T16:04:13+0800,llvmss_stanford_puzzle,wasm-aot,3,r81d0,185798361,ok,,wasmer,cranelift
2026-05-13T16:04:13+0800,llvmss_stanford_puzzle,wasm-aot,3,r82d0,18837216,ok,,wasmer,cranelift
2026-05-13T16:04:13+0800,llvmss_stanford_puzzle,wasm-aot,3,r00c4,184124723,ok,,wasmer,cranelift
2026-05-13T16:04:13+0800,llvmss_stanford_puzzle,wasm-aot,3,r01c4,152521310,ok,,wasmer,cranelift
2026-05-13T16:04:13+0800,llvmss_stanford_puzzle,wasm-aot,3,r1c0,905255486,ok,,wasmer,cranelift
2026-05-13T16:04:13+0800,llvmss_stanford_puzzle,wasm-aot,3,cpu-cycles,299659933,ok,,wasmer,cranelift
2026-05-13T16:04:13+0800,llvmss_stanford_puzzle,wasm-aot,3,L1-icache-load-misses,2001688,ok,,wasmer,cranelift
2026-05-13T16:04:13+0800,llvmss_stanford_puzzle,wasm-aot,3,branch-misses,2328594,ok,,wasmer,cranelift
2026-05-13T16:04:13+0800,llvmss_stanford_puzzle,native,4,r81d0,78019671,ok,,wasmer,cranelift
2026-05-13T16:04:13+0800,llvmss_stanford_puzzle,native,4,r82d0,5603167,ok,,wasmer,cranelift
2026-05-13T16:04:13+0800,llvmss_stanford_puzzle,native,4,r00c4,155300451,ok,,wasmer,cranelift
2026-05-13T16:04:13+0800,llvmss_stanford_puzzle,native,4,r01c4,77470748,ok,,wasmer,cranelift
2026-05-13T16:04:13+0800,llvmss_stanford_puzzle,native,4,r1c0,455032259,ok,,wasmer,cranelift
2026-05-13T16:04:13+0800,llvmss_stanford_puzzle,native,4,cpu-cycles,187153230,ok,,wasmer,cranelift
2026-05-13T16:04:13+0800,llvmss_stanford_puzzle,native,4,L1-icache-load-misses,58957,ok,,wasmer,cranelift
2026-05-13T16:04:13+0800,llvmss_stanford_puzzle,native,4,branch-misses,2113245,ok,,wasmer,cranelift
2026-05-13T16:04:13+0800,llvmss_stanford_puzzle,wasm-jit,4,r81d0,186933262,ok,,wasmer,cranelift
2026-05-13T16:04:13+0800,llvmss_stanford_puzzle,wasm-jit,4,r82d0,19617078,ok,,wasmer,cranelift
2026-05-13T16:04:13+0800,llvmss_stanford_puzzle,wasm-jit,4,r00c4,184827182,ok,,wasmer,cranelift
2026-05-13T16:04:13+0800,llvmss_stanford_puzzle,wasm-jit,4,r01c4,152656864,ok,,wasmer,cranelift
2026-05-13T16:04:13+0800,llvmss_stanford_puzzle,wasm-jit,4,r1c0,909151098,ok,,wasmer,cranelift
2026-05-13T16:04:13+0800,llvmss_stanford_puzzle,wasm-jit,4,cpu-cycles,305831169,ok,,wasmer,cranelift
2026-05-13T16:04:13+0800,llvmss_stanford_puzzle,wasm-jit,4,L1-icache-load-misses,2049995,ok,,wasmer,cranelift
2026-05-13T16:04:13+0800,llvmss_stanford_puzzle,wasm-jit,4,branch-misses,2356103,ok,,wasmer,cranelift
2026-05-13T16:04:13+0800,llvmss_stanford_puzzle,wasm-aot,4,r81d0,185688374,ok,,wasmer,cranelift
2026-05-13T16:04:13+0800,llvmss_stanford_puzzle,wasm-aot,4,r82d0,18760530,ok,,wasmer,cranelift
2026-05-13T16:04:13+0800,llvmss_stanford_puzzle,wasm-aot,4,r00c4,184039950,ok,,wasmer,cranelift
2026-05-13T16:04:13+0800,llvmss_stanford_puzzle,wasm-aot,4,r01c4,152506863,ok,,wasmer,cranelift
2026-05-13T16:04:13+0800,llvmss_stanford_puzzle,wasm-aot,4,r1c0,904788809,ok,,wasmer,cranelift
2026-05-13T16:04:13+0800,llvmss_stanford_puzzle,wasm-aot,4,cpu-cycles,303188015,ok,,wasmer,cranelift
2026-05-13T16:04:13+0800,llvmss_stanford_puzzle,wasm-aot,4,L1-icache-load-misses,1949666,ok,,wasmer,cranelift
2026-05-13T16:04:13+0800,llvmss_stanford_puzzle,wasm-aot,4,branch-misses,2351236,ok,,wasmer,cranelift
2026-05-13T16:04:13+0800,llvmss_stanford_puzzle,native,5,r81d0,78018383,ok,,wasmer,cranelift
2026-05-13T16:04:13+0800,llvmss_stanford_puzzle,native,5,r82d0,5603291,ok,,wasmer,cranelift
2026-05-13T16:04:13+0800,llvmss_stanford_puzzle,native,5,r00c4,155298368,ok,,wasmer,cranelift
2026-05-13T16:04:13+0800,llvmss_stanford_puzzle,native,5,r01c4,77470813,ok,,wasmer,cranelift
2026-05-13T16:04:13+0800,llvmss_stanford_puzzle,native,5,r1c0,455023798,ok,,wasmer,cranelift
2026-05-13T16:04:13+0800,llvmss_stanford_puzzle,native,5,cpu-cycles,186681510,ok,,wasmer,cranelift
2026-05-13T16:04:13+0800,llvmss_stanford_puzzle,native,5,L1-icache-load-misses,69908,ok,,wasmer,cranelift
2026-05-13T16:04:13+0800,llvmss_stanford_puzzle,native,5,branch-misses,2100681,ok,,wasmer,cranelift
2026-05-13T16:04:13+0800,llvmss_stanford_puzzle,wasm-jit,5,r81d0,186919370,ok,,wasmer,cranelift
2026-05-13T16:04:13+0800,llvmss_stanford_puzzle,wasm-jit,5,r82d0,19588518,ok,,wasmer,cranelift
2026-05-13T16:04:13+0800,llvmss_stanford_puzzle,wasm-jit,5,r00c4,184808402,ok,,wasmer,cranelift
2026-05-13T16:04:13+0800,llvmss_stanford_puzzle,wasm-jit,5,r01c4,152645635,ok,,wasmer,cranelift
2026-05-13T16:04:13+0800,llvmss_stanford_puzzle,wasm-jit,5,r1c0,909053731,ok,,wasmer,cranelift
2026-05-13T16:04:13+0800,llvmss_stanford_puzzle,wasm-jit,5,cpu-cycles,303361279,ok,,wasmer,cranelift
2026-05-13T16:04:13+0800,llvmss_stanford_puzzle,wasm-jit,5,L1-icache-load-misses,2007831,ok,,wasmer,cranelift
2026-05-13T16:04:13+0800,llvmss_stanford_puzzle,wasm-jit,5,branch-misses,2360351,ok,,wasmer,cranelift
2026-05-13T16:04:14+0800,llvmss_stanford_puzzle,wasm-aot,5,r81d0,185648420,ok,,wasmer,cranelift
2026-05-13T16:04:14+0800,llvmss_stanford_puzzle,wasm-aot,5,r82d0,18738339,ok,,wasmer,cranelift
2026-05-13T16:04:14+0800,llvmss_stanford_puzzle,wasm-aot,5,r00c4,184006278,ok,,wasmer,cranelift
2026-05-13T16:04:14+0800,llvmss_stanford_puzzle,wasm-aot,5,r01c4,152491596,ok,,wasmer,cranelift
2026-05-13T16:04:14+0800,llvmss_stanford_puzzle,wasm-aot,5,r1c0,904633340,ok,,wasmer,cranelift
2026-05-13T16:04:14+0800,llvmss_stanford_puzzle,wasm-aot,5,cpu-cycles,303088952,ok,,wasmer,cranelift
2026-05-13T16:04:14+0800,llvmss_stanford_puzzle,wasm-aot,5,L1-icache-load-misses,1921713,ok,,wasmer,cranelift
2026-05-13T16:04:14+0800,llvmss_stanford_puzzle,wasm-aot,5,branch-misses,2328488,ok,,wasmer,cranelift
2026-05-13T16:04:14+0800,llvmss_stanford_queens,native,1,r81d0,15346191,ok,,wasmer,cranelift
2026-05-13T16:04:14+0800,llvmss_stanford_queens,native,1,r82d0,15335834,ok,,wasmer,cranelift
2026-05-13T16:04:14+0800,llvmss_stanford_queens,native,1,r00c4,18351023,ok,,wasmer,cranelift
2026-05-13T16:04:14+0800,llvmss_stanford_queens,native,1,r01c4,8397547,ok,,wasmer,cranelift
2026-05-13T16:04:14+0800,llvmss_stanford_queens,native,1,r1c0,77105463,ok,,wasmer,cranelift
2026-05-13T16:04:14+0800,llvmss_stanford_queens,native,1,cpu-cycles,20045922,ok,,wasmer,cranelift
2026-05-13T16:04:14+0800,llvmss_stanford_queens,native,1,L1-icache-load-misses,47171,ok,,wasmer,cranelift
2026-05-13T16:04:14+0800,llvmss_stanford_queens,native,1,branch-misses,7418,ok,,wasmer,cranelift
2026-05-13T16:04:14+0800,llvmss_stanford_queens,wasm-jit,1,r81d0,66045528,ok,,wasmer,cranelift
2026-05-13T16:04:14+0800,llvmss_stanford_queens,wasm-jit,1,r82d0,43730921,ok,,wasmer,cranelift
2026-05-13T16:04:14+0800,llvmss_stanford_queens,wasm-jit,1,r00c4,35602267,ok,,wasmer,cranelift
2026-05-13T16:04:14+0800,llvmss_stanford_queens,wasm-jit,1,r01c4,6239890,ok,,wasmer,cranelift
2026-05-13T16:04:14+0800,llvmss_stanford_queens,wasm-jit,1,r1c0,223847585,ok,,wasmer,cranelift
2026-05-13T16:04:14+0800,llvmss_stanford_queens,wasm-jit,1,cpu-cycles,99799746,ok,,wasmer,cranelift
2026-05-13T16:04:14+0800,llvmss_stanford_queens,wasm-jit,1,L1-icache-load-misses,1490148,ok,,wasmer,cranelift
2026-05-13T16:04:14+0800,llvmss_stanford_queens,wasm-jit,1,branch-misses,165093,ok,,wasmer,cranelift
2026-05-13T16:04:14+0800,llvmss_stanford_queens,wasm-aot,1,r81d0,64923078,ok,,wasmer,cranelift
2026-05-13T16:04:14+0800,llvmss_stanford_queens,wasm-aot,1,r82d0,42998757,ok,,wasmer,cranelift
2026-05-13T16:04:14+0800,llvmss_stanford_queens,wasm-aot,1,r00c4,34902680,ok,,wasmer,cranelift
2026-05-13T16:04:14+0800,llvmss_stanford_queens,wasm-aot,1,r01c4,6111884,ok,,wasmer,cranelift
2026-05-13T16:04:14+0800,llvmss_stanford_queens,wasm-aot,1,r1c0,220025664,ok,,wasmer,cranelift
2026-05-13T16:04:14+0800,llvmss_stanford_queens,wasm-aot,1,cpu-cycles,96864721,ok,,wasmer,cranelift
2026-05-13T16:04:14+0800,llvmss_stanford_queens,wasm-aot,1,L1-icache-load-misses,1414759,ok,,wasmer,cranelift
2026-05-13T16:04:14+0800,llvmss_stanford_queens,wasm-aot,1,branch-misses,147591,ok,,wasmer,cranelift
2026-05-13T16:04:14+0800,llvmss_stanford_queens,native,2,r81d0,15345349,ok,,wasmer,cranelift
2026-05-13T16:04:14+0800,llvmss_stanford_queens,native,2,r82d0,15335665,ok,,wasmer,cranelift
2026-05-13T16:04:14+0800,llvmss_stanford_queens,native,2,r00c4,18350158,ok,,wasmer,cranelift
2026-05-13T16:04:14+0800,llvmss_stanford_queens,native,2,r01c4,8397135,ok,,wasmer,cranelift
2026-05-13T16:04:14+0800,llvmss_stanford_queens,native,2,r1c0,77101849,ok,,wasmer,cranelift
2026-05-13T16:04:14+0800,llvmss_stanford_queens,native,2,cpu-cycles,20201652,ok,,wasmer,cranelift
2026-05-13T16:04:14+0800,llvmss_stanford_queens,native,2,L1-icache-load-misses,47630,ok,,wasmer,cranelift
2026-05-13T16:04:14+0800,llvmss_stanford_queens,native,2,branch-misses,7485,ok,,wasmer,cranelift
2026-05-13T16:04:14+0800,llvmss_stanford_queens,wasm-jit,2,r81d0,66146045,ok,,wasmer,cranelift
2026-05-13T16:04:14+0800,llvmss_stanford_queens,wasm-jit,2,r82d0,43804285,ok,,wasmer,cranelift
2026-05-13T16:04:14+0800,llvmss_stanford_queens,wasm-jit,2,r00c4,35664300,ok,,wasmer,cranelift
2026-05-13T16:04:14+0800,llvmss_stanford_queens,wasm-jit,2,r01c4,6257172,ok,,wasmer,cranelift
2026-05-13T16:04:14+0800,llvmss_stanford_queens,wasm-jit,2,r1c0,224237626,ok,,wasmer,cranelift
2026-05-13T16:04:14+0800,llvmss_stanford_queens,wasm-jit,2,cpu-cycles,99595223,ok,,wasmer,cranelift
2026-05-13T16:04:14+0800,llvmss_stanford_queens,wasm-jit,2,L1-icache-load-misses,1476928,ok,,wasmer,cranelift
2026-05-13T16:04:14+0800,llvmss_stanford_queens,wasm-jit,2,branch-misses,167621,ok,,wasmer,cranelift
2026-05-13T16:04:14+0800,llvmss_stanford_queens,wasm-aot,2,r81d0,64836572,ok,,wasmer,cranelift
2026-05-13T16:04:14+0800,llvmss_stanford_queens,wasm-aot,2,r82d0,42934193,ok,,wasmer,cranelift
2026-05-13T16:04:14+0800,llvmss_stanford_queens,wasm-aot,2,r00c4,34834988,ok,,wasmer,cranelift
2026-05-13T16:04:14+0800,llvmss_stanford_queens,wasm-aot,2,r01c4,6098313,ok,,wasmer,cranelift
2026-05-13T16:04:14+0800,llvmss_stanford_queens,wasm-aot,2,r1c0,219644592,ok,,wasmer,cranelift
2026-05-13T16:04:14+0800,llvmss_stanford_queens,wasm-aot,2,cpu-cycles,97553527,ok,,wasmer,cranelift
2026-05-13T16:04:14+0800,llvmss_stanford_queens,wasm-aot,2,L1-icache-load-misses,1414200,ok,,wasmer,cranelift
2026-05-13T16:04:14+0800,llvmss_stanford_queens,wasm-aot,2,branch-misses,148377,ok,,wasmer,cranelift
2026-05-13T16:04:14+0800,llvmss_stanford_queens,native,3,r81d0,15334441,ok,,wasmer,cranelift
2026-05-13T16:04:14+0800,llvmss_stanford_queens,native,3,r82d0,15328512,ok,,wasmer,cranelift
2026-05-13T16:04:14+0800,llvmss_stanford_queens,native,3,r00c4,18342358,ok,,wasmer,cranelift
2026-05-13T16:04:14+0800,llvmss_stanford_queens,native,3,r01c4,8396128,ok,,wasmer,cranelift
2026-05-13T16:04:14+0800,llvmss_stanford_queens,native,3,r1c0,77057342,ok,,wasmer,cranelift
2026-05-13T16:04:14+0800,llvmss_stanford_queens,native,3,cpu-cycles,19624870,ok,,wasmer,cranelift
2026-05-13T16:04:14+0800,llvmss_stanford_queens,native,3,L1-icache-load-misses,48216,ok,,wasmer,cranelift
2026-05-13T16:04:14+0800,llvmss_stanford_queens,native,3,branch-misses,7704,ok,,wasmer,cranelift
2026-05-13T16:04:14+0800,llvmss_stanford_queens,wasm-jit,3,r81d0,66010615,ok,,wasmer,cranelift
2026-05-13T16:04:14+0800,llvmss_stanford_queens,wasm-jit,3,r82d0,43724147,ok,,wasmer,cranelift
2026-05-13T16:04:14+0800,llvmss_stanford_queens,wasm-jit,3,r00c4,35578613,ok,,wasmer,cranelift
2026-05-13T16:04:14+0800,llvmss_stanford_queens,wasm-jit,3,r01c4,6240229,ok,,wasmer,cranelift
2026-05-13T16:04:14+0800,llvmss_stanford_queens,wasm-jit,3,r1c0,223721966,ok,,wasmer,cranelift
2026-05-13T16:04:14+0800,llvmss_stanford_queens,wasm-jit,3,cpu-cycles,101226416,ok,,wasmer,cranelift
2026-05-13T16:04:14+0800,llvmss_stanford_queens,wasm-jit,3,L1-icache-load-misses,1505899,ok,,wasmer,cranelift
2026-05-13T16:04:14+0800,llvmss_stanford_queens,wasm-jit,3,branch-misses,168741,ok,,wasmer,cranelift
2026-05-13T16:04:14+0800,llvmss_stanford_queens,wasm-aot,3,r81d0,64844895,ok,,wasmer,cranelift
2026-05-13T16:04:14+0800,llvmss_stanford_queens,wasm-aot,3,r82d0,42948195,ok,,wasmer,cranelift
2026-05-13T16:04:14+0800,llvmss_stanford_queens,wasm-aot,3,r00c4,34846090,ok,,wasmer,cranelift
2026-05-13T16:04:14+0800,llvmss_stanford_queens,wasm-aot,3,r01c4,6099551,ok,,wasmer,cranelift
2026-05-13T16:04:14+0800,llvmss_stanford_queens,wasm-aot,3,r1c0,219703234,ok,,wasmer,cranelift
2026-05-13T16:04:14+0800,llvmss_stanford_queens,wasm-aot,3,cpu-cycles,97420497,ok,,wasmer,cranelift
2026-05-13T16:04:14+0800,llvmss_stanford_queens,wasm-aot,3,L1-icache-load-misses,1416135,ok,,wasmer,cranelift
2026-05-13T16:04:14+0800,llvmss_stanford_queens,wasm-aot,3,branch-misses,151285,ok,,wasmer,cranelift
2026-05-13T16:04:14+0800,llvmss_stanford_queens,native,4,r81d0,15338873,ok,,wasmer,cranelift
2026-05-13T16:04:14+0800,llvmss_stanford_queens,native,4,r82d0,15331082,ok,,wasmer,cranelift
2026-05-13T16:04:14+0800,llvmss_stanford_queens,native,4,r00c4,18345924,ok,,wasmer,cranelift
2026-05-13T16:04:14+0800,llvmss_stanford_queens,native,4,r01c4,8396811,ok,,wasmer,cranelift
2026-05-13T16:04:14+0800,llvmss_stanford_queens,native,4,r1c0,77076014,ok,,wasmer,cranelift
2026-05-13T16:04:14+0800,llvmss_stanford_queens,native,4,cpu-cycles,20507091,ok,,wasmer,cranelift
2026-05-13T16:04:14+0800,llvmss_stanford_queens,native,4,L1-icache-load-misses,51438,ok,,wasmer,cranelift
2026-05-13T16:04:14+0800,llvmss_stanford_queens,native,4,branch-misses,19436,ok,,wasmer,cranelift
2026-05-13T16:04:14+0800,llvmss_stanford_queens,wasm-jit,4,r81d0,66064639,ok,,wasmer,cranelift
2026-05-13T16:04:14+0800,llvmss_stanford_queens,wasm-jit,4,r82d0,43764588,ok,,wasmer,cranelift
2026-05-13T16:04:14+0800,llvmss_stanford_queens,wasm-jit,4,r00c4,35611774,ok,,wasmer,cranelift
2026-05-13T16:04:14+0800,llvmss_stanford_queens,wasm-jit,4,r01c4,6247291,ok,,wasmer,cranelift
2026-05-13T16:04:14+0800,llvmss_stanford_queens,wasm-jit,4,r1c0,223931844,ok,,wasmer,cranelift
2026-05-13T16:04:14+0800,llvmss_stanford_queens,wasm-jit,4,cpu-cycles,99380512,ok,,wasmer,cranelift
2026-05-13T16:04:14+0800,llvmss_stanford_queens,wasm-jit,4,L1-icache-load-misses,1473145,ok,,wasmer,cranelift
2026-05-13T16:04:14+0800,llvmss_stanford_queens,wasm-jit,4,branch-misses,165029,ok,,wasmer,cranelift
2026-05-13T16:04:14+0800,llvmss_stanford_queens,wasm-aot,4,r81d0,64840053,ok,,wasmer,cranelift
2026-05-13T16:04:14+0800,llvmss_stanford_queens,wasm-aot,4,r82d0,42929834,ok,,wasmer,cranelift
2026-05-13T16:04:14+0800,llvmss_stanford_queens,wasm-aot,4,r00c4,34827834,ok,,wasmer,cranelift
2026-05-13T16:04:14+0800,llvmss_stanford_queens,wasm-aot,4,r01c4,6093009,ok,,wasmer,cranelift
2026-05-13T16:04:14+0800,llvmss_stanford_queens,wasm-aot,4,r1c0,219644482,ok,,wasmer,cranelift
2026-05-13T16:04:14+0800,llvmss_stanford_queens,wasm-aot,4,cpu-cycles,98614359,ok,,wasmer,cranelift
2026-05-13T16:04:14+0800,llvmss_stanford_queens,wasm-aot,4,L1-icache-load-misses,1388931,ok,,wasmer,cranelift
2026-05-13T16:04:14+0800,llvmss_stanford_queens,wasm-aot,4,branch-misses,148691,ok,,wasmer,cranelift
2026-05-13T16:04:14+0800,llvmss_stanford_queens,native,5,r81d0,15351735,ok,,wasmer,cranelift
2026-05-13T16:04:14+0800,llvmss_stanford_queens,native,5,r82d0,15339365,ok,,wasmer,cranelift
2026-05-13T16:04:14+0800,llvmss_stanford_queens,native,5,r00c4,18355385,ok,,wasmer,cranelift
2026-05-13T16:04:14+0800,llvmss_stanford_queens,native,5,r01c4,8398210,ok,,wasmer,cranelift
2026-05-13T16:04:14+0800,llvmss_stanford_queens,native,5,r1c0,77127666,ok,,wasmer,cranelift
2026-05-13T16:04:14+0800,llvmss_stanford_queens,native,5,cpu-cycles,19845675,ok,,wasmer,cranelift
2026-05-13T16:04:14+0800,llvmss_stanford_queens,native,5,L1-icache-load-misses,52869,ok,,wasmer,cranelift
2026-05-13T16:04:14+0800,llvmss_stanford_queens,native,5,branch-misses,8072,ok,,wasmer,cranelift
2026-05-13T16:04:14+0800,llvmss_stanford_queens,wasm-jit,5,r81d0,66088231,ok,,wasmer,cranelift
2026-05-13T16:04:14+0800,llvmss_stanford_queens,wasm-jit,5,r82d0,43774965,ok,,wasmer,cranelift
2026-05-13T16:04:14+0800,llvmss_stanford_queens,wasm-jit,5,r00c4,35632149,ok,,wasmer,cranelift
2026-05-13T16:04:14+0800,llvmss_stanford_queens,wasm-jit,5,r01c4,6252796,ok,,wasmer,cranelift
2026-05-13T16:04:14+0800,llvmss_stanford_queens,wasm-jit,5,r1c0,224031308,ok,,wasmer,cranelift
2026-05-13T16:04:14+0800,llvmss_stanford_queens,wasm-jit,5,cpu-cycles,102009261,ok,,wasmer,cranelift
2026-05-13T16:04:14+0800,llvmss_stanford_queens,wasm-jit,5,L1-icache-load-misses,1483609,ok,,wasmer,cranelift
2026-05-13T16:04:14+0800,llvmss_stanford_queens,wasm-jit,5,branch-misses,168117,ok,,wasmer,cranelift
2026-05-13T16:04:14+0800,llvmss_stanford_queens,wasm-aot,5,r81d0,64879208,ok,,wasmer,cranelift
2026-05-13T16:04:14+0800,llvmss_stanford_queens,wasm-aot,5,r82d0,42960213,ok,,wasmer,cranelift
2026-05-13T16:04:14+0800,llvmss_stanford_queens,wasm-aot,5,r00c4,34865308,ok,,wasmer,cranelift
2026-05-13T16:04:14+0800,llvmss_stanford_queens,wasm-aot,5,r01c4,6102909,ok,,wasmer,cranelift
2026-05-13T16:04:14+0800,llvmss_stanford_queens,wasm-aot,5,r1c0,219815479,ok,,wasmer,cranelift
2026-05-13T16:04:14+0800,llvmss_stanford_queens,wasm-aot,5,cpu-cycles,98061885,ok,,wasmer,cranelift
2026-05-13T16:04:14+0800,llvmss_stanford_queens,wasm-aot,5,L1-icache-load-misses,1397609,ok,,wasmer,cranelift
2026-05-13T16:04:14+0800,llvmss_stanford_queens,wasm-aot,5,branch-misses,148609,ok,,wasmer,cranelift
2026-05-13T16:04:14+0800,llvmss_stanford_quicksort,native,1,r81d0,10163515,ok,,wasmer,cranelift
2026-05-13T16:04:14+0800,llvmss_stanford_quicksort,native,1,r82d0,5089615,ok,,wasmer,cranelift
2026-05-13T16:04:14+0800,llvmss_stanford_quicksort,native,1,r00c4,17749609,ok,,wasmer,cranelift
2026-05-13T16:04:14+0800,llvmss_stanford_quicksort,native,1,r01c4,6029509,ok,,wasmer,cranelift
2026-05-13T16:04:14+0800,llvmss_stanford_quicksort,native,1,r1c0,92509404,ok,,wasmer,cranelift
2026-05-13T16:04:14+0800,llvmss_stanford_quicksort,native,1,cpu-cycles,93722898,ok,,wasmer,cranelift
2026-05-13T16:04:14+0800,llvmss_stanford_quicksort,native,1,L1-icache-load-misses,61526,ok,,wasmer,cranelift
2026-05-13T16:04:14+0800,llvmss_stanford_quicksort,native,1,branch-misses,3005992,ok,,wasmer,cranelift
2026-05-13T16:04:14+0800,llvmss_stanford_quicksort,wasm-jit,1,r81d0,27979742,ok,,wasmer,cranelift
2026-05-13T16:04:14+0800,llvmss_stanford_quicksort,wasm-jit,1,r82d0,13228189,ok,,wasmer,cranelift
2026-05-13T16:04:14+0800,llvmss_stanford_quicksort,wasm-jit,1,r00c4,29654026,ok,,wasmer,cranelift
2026-05-13T16:04:14+0800,llvmss_stanford_quicksort,wasm-jit,1,r01c4,8347911,ok,,wasmer,cranelift
2026-05-13T16:04:14+0800,llvmss_stanford_quicksort,wasm-jit,1,r1c0,146357593,ok,,wasmer,cranelift
2026-05-13T16:04:14+0800,llvmss_stanford_quicksort,wasm-jit,1,cpu-cycles,147701280,ok,,wasmer,cranelift
2026-05-13T16:04:14+0800,llvmss_stanford_quicksort,wasm-jit,1,L1-icache-load-misses,1485825,ok,,wasmer,cranelift
2026-05-13T16:04:14+0800,llvmss_stanford_quicksort,wasm-jit,1,branch-misses,3196343,ok,,wasmer,cranelift
2026-05-13T16:04:15+0800,llvmss_stanford_quicksort,wasm-aot,1,r81d0,27011172,ok,,wasmer,cranelift
2026-05-13T16:04:15+0800,llvmss_stanford_quicksort,wasm-aot,1,r82d0,12584136,ok,,wasmer,cranelift
2026-05-13T16:04:15+0800,llvmss_stanford_quicksort,wasm-aot,1,r00c4,29057323,ok,,wasmer,cranelift
2026-05-13T16:04:15+0800,llvmss_stanford_quicksort,wasm-aot,1,r01c4,8238361,ok,,wasmer,cranelift
2026-05-13T16:04:15+0800,llvmss_stanford_quicksort,wasm-aot,1,r1c0,143098489,ok,,wasmer,cranelift
2026-05-13T16:04:15+0800,llvmss_stanford_quicksort,wasm-aot,1,cpu-cycles,146773753,ok,,wasmer,cranelift
2026-05-13T16:04:15+0800,llvmss_stanford_quicksort,wasm-aot,1,L1-icache-load-misses,1441011,ok,,wasmer,cranelift
2026-05-13T16:04:15+0800,llvmss_stanford_quicksort,wasm-aot,1,branch-misses,3143876,ok,,wasmer,cranelift
2026-05-13T16:04:15+0800,llvmss_stanford_quicksort,native,2,r81d0,10175149,ok,,wasmer,cranelift
2026-05-13T16:04:15+0800,llvmss_stanford_quicksort,native,2,r82d0,5097536,ok,,wasmer,cranelift
2026-05-13T16:04:15+0800,llvmss_stanford_quicksort,native,2,r00c4,17757820,ok,,wasmer,cranelift
2026-05-13T16:04:15+0800,llvmss_stanford_quicksort,native,2,r01c4,6030516,ok,,wasmer,cranelift
2026-05-13T16:04:15+0800,llvmss_stanford_quicksort,native,2,r1c0,92556436,ok,,wasmer,cranelift
2026-05-13T16:04:15+0800,llvmss_stanford_quicksort,native,2,cpu-cycles,94363635,ok,,wasmer,cranelift
2026-05-13T16:04:15+0800,llvmss_stanford_quicksort,native,2,L1-icache-load-misses,61632,ok,,wasmer,cranelift
2026-05-13T16:04:15+0800,llvmss_stanford_quicksort,native,2,branch-misses,3037533,ok,,wasmer,cranelift
2026-05-13T16:04:15+0800,llvmss_stanford_quicksort,wasm-jit,2,r81d0,27921846,ok,,wasmer,cranelift
2026-05-13T16:04:15+0800,llvmss_stanford_quicksort,wasm-jit,2,r82d0,13208506,ok,,wasmer,cranelift
2026-05-13T16:04:15+0800,llvmss_stanford_quicksort,wasm-jit,2,r00c4,29603317,ok,,wasmer,cranelift
2026-05-13T16:04:15+0800,llvmss_stanford_quicksort,wasm-jit,2,r01c4,8340199,ok,,wasmer,cranelift
2026-05-13T16:04:15+0800,llvmss_stanford_quicksort,wasm-jit,2,r1c0,146108846,ok,,wasmer,cranelift
2026-05-13T16:04:15+0800,llvmss_stanford_quicksort,wasm-jit,2,cpu-cycles,147619518,ok,,wasmer,cranelift
2026-05-13T16:04:15+0800,llvmss_stanford_quicksort,wasm-jit,2,L1-icache-load-misses,1459868,ok,,wasmer,cranelift
2026-05-13T16:04:15+0800,llvmss_stanford_quicksort,wasm-jit,2,branch-misses,3157124,ok,,wasmer,cranelift
2026-05-13T16:04:15+0800,llvmss_stanford_quicksort,wasm-aot,2,r81d0,26873517,ok,,wasmer,cranelift
2026-05-13T16:04:15+0800,llvmss_stanford_quicksort,wasm-aot,2,r82d0,12482518,ok,,wasmer,cranelift
2026-05-13T16:04:15+0800,llvmss_stanford_quicksort,wasm-aot,2,r00c4,28973400,ok,,wasmer,cranelift
2026-05-13T16:04:15+0800,llvmss_stanford_quicksort,wasm-aot,2,r01c4,8227412,ok,,wasmer,cranelift
2026-05-13T16:04:15+0800,llvmss_stanford_quicksort,wasm-aot,2,r1c0,142570435,ok,,wasmer,cranelift
2026-05-13T16:04:15+0800,llvmss_stanford_quicksort,wasm-aot,2,cpu-cycles,143905515,ok,,wasmer,cranelift
2026-05-13T16:04:15+0800,llvmss_stanford_quicksort,wasm-aot,2,L1-icache-load-misses,1439181,ok,,wasmer,cranelift
2026-05-13T16:04:15+0800,llvmss_stanford_quicksort,wasm-aot,2,branch-misses,3125466,ok,,wasmer,cranelift
2026-05-13T16:04:15+0800,llvmss_stanford_quicksort,native,3,r81d0,10160897,ok,,wasmer,cranelift
2026-05-13T16:04:15+0800,llvmss_stanford_quicksort,native,3,r82d0,5088736,ok,,wasmer,cranelift
2026-05-13T16:04:15+0800,llvmss_stanford_quicksort,native,3,r00c4,17747406,ok,,wasmer,cranelift
2026-05-13T16:04:15+0800,llvmss_stanford_quicksort,native,3,r01c4,6028822,ok,,wasmer,cranelift
2026-05-13T16:04:15+0800,llvmss_stanford_quicksort,native,3,r1c0,92498052,ok,,wasmer,cranelift
2026-05-13T16:04:15+0800,llvmss_stanford_quicksort,native,3,cpu-cycles,93645744,ok,,wasmer,cranelift
2026-05-13T16:04:15+0800,llvmss_stanford_quicksort,native,3,L1-icache-load-misses,61618,ok,,wasmer,cranelift
2026-05-13T16:04:15+0800,llvmss_stanford_quicksort,native,3,branch-misses,2959688,ok,,wasmer,cranelift
2026-05-13T16:04:15+0800,llvmss_stanford_quicksort,wasm-jit,3,r81d0,28113092,ok,,wasmer,cranelift
2026-05-13T16:04:15+0800,llvmss_stanford_quicksort,wasm-jit,3,r82d0,13324287,ok,,wasmer,cranelift
2026-05-13T16:04:15+0800,llvmss_stanford_quicksort,wasm-jit,3,r00c4,29750648,ok,,wasmer,cranelift
2026-05-13T16:04:15+0800,llvmss_stanford_quicksort,wasm-jit,3,r01c4,8369550,ok,,wasmer,cranelift
2026-05-13T16:04:15+0800,llvmss_stanford_quicksort,wasm-jit,3,r1c0,146906932,ok,,wasmer,cranelift
2026-05-13T16:04:15+0800,llvmss_stanford_quicksort,wasm-jit,3,cpu-cycles,150084763,ok,,wasmer,cranelift
2026-05-13T16:04:15+0800,llvmss_stanford_quicksort,wasm-jit,3,L1-icache-load-misses,1485325,ok,,wasmer,cranelift
2026-05-13T16:04:15+0800,llvmss_stanford_quicksort,wasm-jit,3,branch-misses,3134824,ok,,wasmer,cranelift
2026-05-13T16:04:15+0800,llvmss_stanford_quicksort,wasm-aot,3,r81d0,26702774,ok,,wasmer,cranelift
2026-05-13T16:04:15+0800,llvmss_stanford_quicksort,wasm-aot,3,r82d0,12372022,ok,,wasmer,cranelift
2026-05-13T16:04:15+0800,llvmss_stanford_quicksort,wasm-aot,3,r00c4,28831092,ok,,wasmer,cranelift
2026-05-13T16:04:15+0800,llvmss_stanford_quicksort,wasm-aot,3,r01c4,8189136,ok,,wasmer,cranelift
2026-05-13T16:04:15+0800,llvmss_stanford_quicksort,wasm-aot,3,r1c0,141855580,ok,,wasmer,cranelift
2026-05-13T16:04:15+0800,llvmss_stanford_quicksort,wasm-aot,3,cpu-cycles,142934454,ok,,wasmer,cranelift
2026-05-13T16:04:15+0800,llvmss_stanford_quicksort,wasm-aot,3,L1-icache-load-misses,1379967,ok,,wasmer,cranelift
2026-05-13T16:04:15+0800,llvmss_stanford_quicksort,wasm-aot,3,branch-misses,3080669,ok,,wasmer,cranelift
2026-05-13T16:04:15+0800,llvmss_stanford_quicksort,native,4,r81d0,10174705,ok,,wasmer,cranelift
2026-05-13T16:04:15+0800,llvmss_stanford_quicksort,native,4,r82d0,5096728,ok,,wasmer,cranelift
2026-05-13T16:04:15+0800,llvmss_stanford_quicksort,native,4,r00c4,17758365,ok,,wasmer,cranelift
2026-05-13T16:04:15+0800,llvmss_stanford_quicksort,native,4,r01c4,6030793,ok,,wasmer,cranelift
2026-05-13T16:04:15+0800,llvmss_stanford_quicksort,native,4,r1c0,92558254,ok,,wasmer,cranelift
2026-05-13T16:04:15+0800,llvmss_stanford_quicksort,native,4,cpu-cycles,93626709,ok,,wasmer,cranelift
2026-05-13T16:04:15+0800,llvmss_stanford_quicksort,native,4,L1-icache-load-misses,60284,ok,,wasmer,cranelift
2026-05-13T16:04:15+0800,llvmss_stanford_quicksort,native,4,branch-misses,2980860,ok,,wasmer,cranelift
2026-05-13T16:04:15+0800,llvmss_stanford_quicksort,wasm-jit,4,r81d0,27958347,ok,,wasmer,cranelift
2026-05-13T16:04:15+0800,llvmss_stanford_quicksort,wasm-jit,4,r82d0,13230329,ok,,wasmer,cranelift
2026-05-13T16:04:15+0800,llvmss_stanford_quicksort,wasm-jit,4,r00c4,29627309,ok,,wasmer,cranelift
2026-05-13T16:04:15+0800,llvmss_stanford_quicksort,wasm-jit,4,r01c4,8343181,ok,,wasmer,cranelift
2026-05-13T16:04:15+0800,llvmss_stanford_quicksort,wasm-jit,4,r1c0,146249171,ok,,wasmer,cranelift
2026-05-13T16:04:15+0800,llvmss_stanford_quicksort,wasm-jit,4,cpu-cycles,141641092,ok,,wasmer,cranelift
2026-05-13T16:04:15+0800,llvmss_stanford_quicksort,wasm-jit,4,L1-icache-load-misses,1491919,ok,,wasmer,cranelift
2026-05-13T16:04:15+0800,llvmss_stanford_quicksort,wasm-jit,4,branch-misses,3083008,ok,,wasmer,cranelift
2026-05-13T16:04:15+0800,llvmss_stanford_quicksort,wasm-aot,4,r81d0,26753978,ok,,wasmer,cranelift
2026-05-13T16:04:15+0800,llvmss_stanford_quicksort,wasm-aot,4,r82d0,12406690,ok,,wasmer,cranelift
2026-05-13T16:04:15+0800,llvmss_stanford_quicksort,wasm-aot,4,r00c4,28875653,ok,,wasmer,cranelift
2026-05-13T16:04:15+0800,llvmss_stanford_quicksort,wasm-aot,4,r01c4,8202631,ok,,wasmer,cranelift
2026-05-13T16:04:15+0800,llvmss_stanford_quicksort,wasm-aot,4,r1c0,142061879,ok,,wasmer,cranelift
2026-05-13T16:04:15+0800,llvmss_stanford_quicksort,wasm-aot,4,cpu-cycles,146649091,ok,,wasmer,cranelift
2026-05-13T16:04:15+0800,llvmss_stanford_quicksort,wasm-aot,4,L1-icache-load-misses,1398671,ok,,wasmer,cranelift
2026-05-13T16:04:15+0800,llvmss_stanford_quicksort,wasm-aot,4,branch-misses,3172523,ok,,wasmer,cranelift
2026-05-13T16:04:15+0800,llvmss_stanford_quicksort,native,5,r81d0,10173593,ok,,wasmer,cranelift
2026-05-13T16:04:15+0800,llvmss_stanford_quicksort,native,5,r82d0,5095992,ok,,wasmer,cranelift
2026-05-13T16:04:15+0800,llvmss_stanford_quicksort,native,5,r00c4,17756561,ok,,wasmer,cranelift
2026-05-13T16:04:15+0800,llvmss_stanford_quicksort,native,5,r01c4,6030705,ok,,wasmer,cranelift
2026-05-13T16:04:15+0800,llvmss_stanford_quicksort,native,5,r1c0,92553216,ok,,wasmer,cranelift
2026-05-13T16:04:15+0800,llvmss_stanford_quicksort,native,5,cpu-cycles,94350417,ok,,wasmer,cranelift
2026-05-13T16:04:15+0800,llvmss_stanford_quicksort,native,5,L1-icache-load-misses,54557,ok,,wasmer,cranelift
2026-05-13T16:04:15+0800,llvmss_stanford_quicksort,native,5,branch-misses,3032560,ok,,wasmer,cranelift
2026-05-13T16:04:15+0800,llvmss_stanford_quicksort,wasm-jit,5,r81d0,27854210,ok,,wasmer,cranelift
2026-05-13T16:04:15+0800,llvmss_stanford_quicksort,wasm-jit,5,r82d0,13155263,ok,,wasmer,cranelift
2026-05-13T16:04:15+0800,llvmss_stanford_quicksort,wasm-jit,5,r00c4,29551613,ok,,wasmer,cranelift
2026-05-13T16:04:15+0800,llvmss_stanford_quicksort,wasm-jit,5,r01c4,8325205,ok,,wasmer,cranelift
2026-05-13T16:04:15+0800,llvmss_stanford_quicksort,wasm-jit,5,r1c0,145828461,ok,,wasmer,cranelift
2026-05-13T16:04:15+0800,llvmss_stanford_quicksort,wasm-jit,5,cpu-cycles,146416769,ok,,wasmer,cranelift
2026-05-13T16:04:15+0800,llvmss_stanford_quicksort,wasm-jit,5,L1-icache-load-misses,1464767,ok,,wasmer,cranelift
2026-05-13T16:04:15+0800,llvmss_stanford_quicksort,wasm-jit,5,branch-misses,3177797,ok,,wasmer,cranelift
2026-05-13T16:04:15+0800,llvmss_stanford_quicksort,wasm-aot,5,r81d0,26807933,ok,,wasmer,cranelift
2026-05-13T16:04:15+0800,llvmss_stanford_quicksort,wasm-aot,5,r82d0,12437253,ok,,wasmer,cranelift
2026-05-13T16:04:15+0800,llvmss_stanford_quicksort,wasm-aot,5,r00c4,28908609,ok,,wasmer,cranelift
2026-05-13T16:04:15+0800,llvmss_stanford_quicksort,wasm-aot,5,r01c4,8207403,ok,,wasmer,cranelift
2026-05-13T16:04:15+0800,llvmss_stanford_quicksort,wasm-aot,5,r1c0,142250682,ok,,wasmer,cranelift
2026-05-13T16:04:15+0800,llvmss_stanford_quicksort,wasm-aot,5,cpu-cycles,143753410,ok,,wasmer,cranelift
2026-05-13T16:04:15+0800,llvmss_stanford_quicksort,wasm-aot,5,L1-icache-load-misses,1382405,ok,,wasmer,cranelift
2026-05-13T16:04:15+0800,llvmss_stanford_quicksort,wasm-aot,5,branch-misses,3083590,ok,,wasmer,cranelift
2026-05-13T16:04:15+0800,llvmss_stanford_realmm,native,1,r81d0,1501617,ok,,wasmer,cranelift
2026-05-13T16:04:15+0800,llvmss_stanford_realmm,native,1,r82d0,182477,ok,,wasmer,cranelift
2026-05-13T16:04:15+0800,llvmss_stanford_realmm,native,1,r00c4,544587,ok,,wasmer,cranelift
2026-05-13T16:04:15+0800,llvmss_stanford_realmm,native,1,r01c4,392642,ok,,wasmer,cranelift
2026-05-13T16:04:15+0800,llvmss_stanford_realmm,native,1,r1c0,4829600,ok,,wasmer,cranelift
2026-05-13T16:04:15+0800,llvmss_stanford_realmm,native,1,cpu-cycles,2385495,ok,,wasmer,cranelift
2026-05-13T16:04:15+0800,llvmss_stanford_realmm,native,1,L1-icache-load-misses,45011,ok,,wasmer,cranelift
2026-05-13T16:04:15+0800,llvmss_stanford_realmm,native,1,branch-misses,7552,ok,,wasmer,cranelift
2026-05-13T16:04:15+0800,llvmss_stanford_realmm,wasm-jit,1,r81d0,11819433,ok,,wasmer,cranelift
2026-05-13T16:04:15+0800,llvmss_stanford_realmm,wasm-jit,1,r82d0,6633985,ok,,wasmer,cranelift
2026-05-13T16:04:15+0800,llvmss_stanford_realmm,wasm-jit,1,r00c4,9262590,ok,,wasmer,cranelift
2026-05-13T16:04:15+0800,llvmss_stanford_realmm,wasm-jit,1,r01c4,1851606,ok,,wasmer,cranelift
2026-05-13T16:04:15+0800,llvmss_stanford_realmm,wasm-jit,1,r1c0,50321756,ok,,wasmer,cranelift
2026-05-13T16:04:15+0800,llvmss_stanford_realmm,wasm-jit,1,cpu-cycles,42725533,ok,,wasmer,cranelift
2026-05-13T16:04:15+0800,llvmss_stanford_realmm,wasm-jit,1,L1-icache-load-misses,993573,ok,,wasmer,cranelift
2026-05-13T16:04:15+0800,llvmss_stanford_realmm,wasm-jit,1,branch-misses,150092,ok,,wasmer,cranelift
2026-05-13T16:04:15+0800,llvmss_stanford_realmm,wasm-aot,1,r81d0,10586278,ok,,wasmer,cranelift
2026-05-13T16:04:15+0800,llvmss_stanford_realmm,wasm-aot,1,r82d0,5804644,ok,,wasmer,cranelift
2026-05-13T16:04:15+0800,llvmss_stanford_realmm,wasm-aot,1,r00c4,8479032,ok,,wasmer,cranelift
2026-05-13T16:04:15+0800,llvmss_stanford_realmm,wasm-aot,1,r01c4,1701765,ok,,wasmer,cranelift
2026-05-13T16:04:15+0800,llvmss_stanford_realmm,wasm-aot,1,r1c0,45986357,ok,,wasmer,cranelift
2026-05-13T16:04:15+0800,llvmss_stanford_realmm,wasm-aot,1,cpu-cycles,38185723,ok,,wasmer,cranelift
2026-05-13T16:04:15+0800,llvmss_stanford_realmm,wasm-aot,1,L1-icache-load-misses,870331,ok,,wasmer,cranelift
2026-05-13T16:04:15+0800,llvmss_stanford_realmm,wasm-aot,1,branch-misses,126175,ok,,wasmer,cranelift
2026-05-13T16:04:15+0800,llvmss_stanford_realmm,native,2,r81d0,1502546,ok,,wasmer,cranelift
2026-05-13T16:04:15+0800,llvmss_stanford_realmm,native,2,r82d0,183196,ok,,wasmer,cranelift
2026-05-13T16:04:15+0800,llvmss_stanford_realmm,native,2,r00c4,545187,ok,,wasmer,cranelift
2026-05-13T16:04:15+0800,llvmss_stanford_realmm,native,2,r01c4,392606,ok,,wasmer,cranelift
2026-05-13T16:04:15+0800,llvmss_stanford_realmm,native,2,r1c0,4833980,ok,,wasmer,cranelift
2026-05-13T16:04:15+0800,llvmss_stanford_realmm,native,2,cpu-cycles,2869242,ok,,wasmer,cranelift
2026-05-13T16:04:15+0800,llvmss_stanford_realmm,native,2,L1-icache-load-misses,51524,ok,,wasmer,cranelift
2026-05-13T16:04:15+0800,llvmss_stanford_realmm,native,2,branch-misses,7754,ok,,wasmer,cranelift
2026-05-13T16:04:15+0800,llvmss_stanford_realmm,wasm-jit,2,r81d0,11758839,ok,,wasmer,cranelift
2026-05-13T16:04:15+0800,llvmss_stanford_realmm,wasm-jit,2,r82d0,6594015,ok,,wasmer,cranelift
2026-05-13T16:04:15+0800,llvmss_stanford_realmm,wasm-jit,2,r00c4,9218042,ok,,wasmer,cranelift
2026-05-13T16:04:15+0800,llvmss_stanford_realmm,wasm-jit,2,r01c4,1841928,ok,,wasmer,cranelift
2026-05-13T16:04:15+0800,llvmss_stanford_realmm,wasm-jit,2,r1c0,50054687,ok,,wasmer,cranelift
2026-05-13T16:04:15+0800,llvmss_stanford_realmm,wasm-jit,2,cpu-cycles,40625671,ok,,wasmer,cranelift
2026-05-13T16:04:15+0800,llvmss_stanford_realmm,wasm-jit,2,L1-icache-load-misses,986113,ok,,wasmer,cranelift
2026-05-13T16:04:15+0800,llvmss_stanford_realmm,wasm-jit,2,branch-misses,148769,ok,,wasmer,cranelift
2026-05-13T16:04:15+0800,llvmss_stanford_realmm,wasm-aot,2,r81d0,10637640,ok,,wasmer,cranelift
2026-05-13T16:04:15+0800,llvmss_stanford_realmm,wasm-aot,2,r82d0,5841685,ok,,wasmer,cranelift
2026-05-13T16:04:15+0800,llvmss_stanford_realmm,wasm-aot,2,r00c4,8512414,ok,,wasmer,cranelift
2026-05-13T16:04:15+0800,llvmss_stanford_realmm,wasm-aot,2,r01c4,1704601,ok,,wasmer,cranelift
2026-05-13T16:04:15+0800,llvmss_stanford_realmm,wasm-aot,2,r1c0,46194765,ok,,wasmer,cranelift
2026-05-13T16:04:15+0800,llvmss_stanford_realmm,wasm-aot,2,cpu-cycles,40723292,ok,,wasmer,cranelift
2026-05-13T16:04:15+0800,llvmss_stanford_realmm,wasm-aot,2,L1-icache-load-misses,905218,ok,,wasmer,cranelift
2026-05-13T16:04:15+0800,llvmss_stanford_realmm,wasm-aot,2,branch-misses,131302,ok,,wasmer,cranelift
2026-05-13T16:04:15+0800,llvmss_stanford_realmm,native,3,r81d0,1501948,ok,,wasmer,cranelift
2026-05-13T16:04:15+0800,llvmss_stanford_realmm,native,3,r82d0,182856,ok,,wasmer,cranelift
2026-05-13T16:04:15+0800,llvmss_stanford_realmm,native,3,r00c4,544521,ok,,wasmer,cranelift
2026-05-13T16:04:15+0800,llvmss_stanford_realmm,native,3,r01c4,392514,ok,,wasmer,cranelift
2026-05-13T16:04:15+0800,llvmss_stanford_realmm,native,3,r1c0,4831291,ok,,wasmer,cranelift
2026-05-13T16:04:15+0800,llvmss_stanford_realmm,native,3,cpu-cycles,2417938,ok,,wasmer,cranelift
2026-05-13T16:04:15+0800,llvmss_stanford_realmm,native,3,L1-icache-load-misses,47949,ok,,wasmer,cranelift
2026-05-13T16:04:15+0800,llvmss_stanford_realmm,native,3,branch-misses,8214,ok,,wasmer,cranelift
2026-05-13T16:04:15+0800,llvmss_stanford_realmm,wasm-jit,3,r81d0,11795071,ok,,wasmer,cranelift
2026-05-13T16:04:15+0800,llvmss_stanford_realmm,wasm-jit,3,r82d0,6616724,ok,,wasmer,cranelift
2026-05-13T16:04:15+0800,llvmss_stanford_realmm,wasm-jit,3,r00c4,9251794,ok,,wasmer,cranelift
2026-05-13T16:04:15+0800,llvmss_stanford_realmm,wasm-jit,3,r01c4,1850538,ok,,wasmer,cranelift
2026-05-13T16:04:15+0800,llvmss_stanford_realmm,wasm-jit,3,r1c0,50220433,ok,,wasmer,cranelift
2026-05-13T16:04:15+0800,llvmss_stanford_realmm,wasm-jit,3,cpu-cycles,42537412,ok,,wasmer,cranelift
2026-05-13T16:04:15+0800,llvmss_stanford_realmm,wasm-jit,3,L1-icache-load-misses,980646,ok,,wasmer,cranelift
2026-05-13T16:04:15+0800,llvmss_stanford_realmm,wasm-jit,3,branch-misses,148144,ok,,wasmer,cranelift
2026-05-13T16:04:15+0800,llvmss_stanford_realmm,wasm-aot,3,r81d0,10649851,ok,,wasmer,cranelift
2026-05-13T16:04:15+0800,llvmss_stanford_realmm,wasm-aot,3,r82d0,5847797,ok,,wasmer,cranelift
2026-05-13T16:04:15+0800,llvmss_stanford_realmm,wasm-aot,3,r00c4,8521484,ok,,wasmer,cranelift
2026-05-13T16:04:15+0800,llvmss_stanford_realmm,wasm-aot,3,r01c4,1707806,ok,,wasmer,cranelift
2026-05-13T16:04:15+0800,llvmss_stanford_realmm,wasm-aot,3,r1c0,46239771,ok,,wasmer,cranelift
2026-05-13T16:04:15+0800,llvmss_stanford_realmm,wasm-aot,3,cpu-cycles,37892732,ok,,wasmer,cranelift
2026-05-13T16:04:15+0800,llvmss_stanford_realmm,wasm-aot,3,L1-icache-load-misses,917473,ok,,wasmer,cranelift
2026-05-13T16:04:15+0800,llvmss_stanford_realmm,wasm-aot,3,branch-misses,130273,ok,,wasmer,cranelift
2026-05-13T16:04:15+0800,llvmss_stanford_realmm,native,4,r81d0,1504217,ok,,wasmer,cranelift
2026-05-13T16:04:15+0800,llvmss_stanford_realmm,native,4,r82d0,183983,ok,,wasmer,cranelift
2026-05-13T16:04:15+0800,llvmss_stanford_realmm,native,4,r00c4,546677,ok,,wasmer,cranelift
2026-05-13T16:04:15+0800,llvmss_stanford_realmm,native,4,r01c4,392899,ok,,wasmer,cranelift
2026-05-13T16:04:15+0800,llvmss_stanford_realmm,native,4,r1c0,4839520,ok,,wasmer,cranelift
2026-05-13T16:04:15+0800,llvmss_stanford_realmm,native,4,cpu-cycles,2474427,ok,,wasmer,cranelift
2026-05-13T16:04:15+0800,llvmss_stanford_realmm,native,4,L1-icache-load-misses,49558,ok,,wasmer,cranelift
2026-05-13T16:04:15+0800,llvmss_stanford_realmm,native,4,branch-misses,6280,ok,,wasmer,cranelift
2026-05-13T16:04:16+0800,llvmss_stanford_realmm,wasm-jit,4,r81d0,11806634,ok,,wasmer,cranelift
2026-05-13T16:04:16+0800,llvmss_stanford_realmm,wasm-jit,4,r82d0,6617129,ok,,wasmer,cranelift
2026-05-13T16:04:16+0800,llvmss_stanford_realmm,wasm-jit,4,r00c4,9263914,ok,,wasmer,cranelift
2026-05-13T16:04:16+0800,llvmss_stanford_realmm,wasm-jit,4,r01c4,1850507,ok,,wasmer,cranelift
2026-05-13T16:04:16+0800,llvmss_stanford_realmm,wasm-jit,4,r1c0,50279600,ok,,wasmer,cranelift
2026-05-13T16:04:16+0800,llvmss_stanford_realmm,wasm-jit,4,cpu-cycles,40261742,ok,,wasmer,cranelift
2026-05-13T16:04:16+0800,llvmss_stanford_realmm,wasm-jit,4,L1-icache-load-misses,998057,ok,,wasmer,cranelift
2026-05-13T16:04:16+0800,llvmss_stanford_realmm,wasm-jit,4,branch-misses,148251,ok,,wasmer,cranelift
2026-05-13T16:04:16+0800,llvmss_stanford_realmm,wasm-aot,4,r81d0,10595156,ok,,wasmer,cranelift
2026-05-13T16:04:16+0800,llvmss_stanford_realmm,wasm-aot,4,r82d0,5810726,ok,,wasmer,cranelift
2026-05-13T16:04:16+0800,llvmss_stanford_realmm,wasm-aot,4,r00c4,8482388,ok,,wasmer,cranelift
2026-05-13T16:04:16+0800,llvmss_stanford_realmm,wasm-aot,4,r01c4,1700672,ok,,wasmer,cranelift
2026-05-13T16:04:16+0800,llvmss_stanford_realmm,wasm-aot,4,r1c0,46016973,ok,,wasmer,cranelift
2026-05-13T16:04:16+0800,llvmss_stanford_realmm,wasm-aot,4,cpu-cycles,39817524,ok,,wasmer,cranelift
2026-05-13T16:04:16+0800,llvmss_stanford_realmm,wasm-aot,4,L1-icache-load-misses,895819,ok,,wasmer,cranelift
2026-05-13T16:04:16+0800,llvmss_stanford_realmm,wasm-aot,4,branch-misses,128954,ok,,wasmer,cranelift
2026-05-13T16:04:16+0800,llvmss_stanford_realmm,native,5,r81d0,1499510,ok,,wasmer,cranelift
2026-05-13T16:04:16+0800,llvmss_stanford_realmm,native,5,r82d0,181326,ok,,wasmer,cranelift
2026-05-13T16:04:16+0800,llvmss_stanford_realmm,native,5,r00c4,543028,ok,,wasmer,cranelift
2026-05-13T16:04:16+0800,llvmss_stanford_realmm,native,5,r01c4,392179,ok,,wasmer,cranelift
2026-05-13T16:04:16+0800,llvmss_stanford_realmm,native,5,r1c0,4820427,ok,,wasmer,cranelift
2026-05-13T16:04:16+0800,llvmss_stanford_realmm,native,5,cpu-cycles,2434928,ok,,wasmer,cranelift
2026-05-13T16:04:16+0800,llvmss_stanford_realmm,native,5,L1-icache-load-misses,47214,ok,,wasmer,cranelift
2026-05-13T16:04:16+0800,llvmss_stanford_realmm,native,5,branch-misses,7401,ok,,wasmer,cranelift
2026-05-13T16:04:16+0800,llvmss_stanford_realmm,wasm-jit,5,r81d0,11774654,ok,,wasmer,cranelift
2026-05-13T16:04:16+0800,llvmss_stanford_realmm,wasm-jit,5,r82d0,6604582,ok,,wasmer,cranelift
2026-05-13T16:04:16+0800,llvmss_stanford_realmm,wasm-jit,5,r00c4,9225464,ok,,wasmer,cranelift
2026-05-13T16:04:16+0800,llvmss_stanford_realmm,wasm-jit,5,r01c4,1842085,ok,,wasmer,cranelift
2026-05-13T16:04:16+0800,llvmss_stanford_realmm,wasm-jit,5,r1c0,50109517,ok,,wasmer,cranelift
2026-05-13T16:04:16+0800,llvmss_stanford_realmm,wasm-jit,5,cpu-cycles,36893833,ok,,wasmer,cranelift
2026-05-13T16:04:16+0800,llvmss_stanford_realmm,wasm-jit,5,L1-icache-load-misses,994521,ok,,wasmer,cranelift
2026-05-13T16:04:16+0800,llvmss_stanford_realmm,wasm-jit,5,branch-misses,151260,ok,,wasmer,cranelift
2026-05-13T16:04:16+0800,llvmss_stanford_realmm,wasm-aot,5,r81d0,10605171,ok,,wasmer,cranelift
2026-05-13T16:04:16+0800,llvmss_stanford_realmm,wasm-aot,5,r82d0,5807845,ok,,wasmer,cranelift
2026-05-13T16:04:16+0800,llvmss_stanford_realmm,wasm-aot,5,r00c4,8492365,ok,,wasmer,cranelift
2026-05-13T16:04:16+0800,llvmss_stanford_realmm,wasm-aot,5,r01c4,1703587,ok,,wasmer,cranelift
2026-05-13T16:04:16+0800,llvmss_stanford_realmm,wasm-aot,5,r1c0,46054260,ok,,wasmer,cranelift
2026-05-13T16:04:16+0800,llvmss_stanford_realmm,wasm-aot,5,cpu-cycles,38861689,ok,,wasmer,cranelift
2026-05-13T16:04:16+0800,llvmss_stanford_realmm,wasm-aot,5,L1-icache-load-misses,909030,ok,,wasmer,cranelift
2026-05-13T16:04:16+0800,llvmss_stanford_realmm,wasm-aot,5,branch-misses,129951,ok,,wasmer,cranelift
2026-05-13T16:04:16+0800,llvmss_stanford_towers,native,1,r81d0,28061667,ok,,wasmer,cranelift
2026-05-13T16:04:16+0800,llvmss_stanford_towers,native,1,r82d0,27182371,ok,,wasmer,cranelift
2026-05-13T16:04:16+0800,llvmss_stanford_towers,native,1,r00c4,16137402,ok,,wasmer,cranelift
2026-05-13T16:04:16+0800,llvmss_stanford_towers,native,1,r01c4,887997,ok,,wasmer,cranelift
2026-05-13T16:04:16+0800,llvmss_stanford_towers,native,1,r1c0,96367015,ok,,wasmer,cranelift
2026-05-13T16:04:16+0800,llvmss_stanford_towers,native,1,cpu-cycles,26865152,ok,,wasmer,cranelift
2026-05-13T16:04:16+0800,llvmss_stanford_towers,native,1,L1-icache-load-misses,54337,ok,,wasmer,cranelift
2026-05-13T16:04:16+0800,llvmss_stanford_towers,native,1,branch-misses,38248,ok,,wasmer,cranelift
2026-05-13T16:04:16+0800,llvmss_stanford_towers,wasm-jit,1,r81d0,60417165,ok,,wasmer,cranelift
2026-05-13T16:04:16+0800,llvmss_stanford_towers,wasm-jit,1,r82d0,41282606,ok,,wasmer,cranelift
2026-05-13T16:04:16+0800,llvmss_stanford_towers,wasm-jit,1,r00c4,26359786,ok,,wasmer,cranelift
2026-05-13T16:04:16+0800,llvmss_stanford_towers,wasm-jit,1,r01c4,4561279,ok,,wasmer,cranelift
2026-05-13T16:04:16+0800,llvmss_stanford_towers,wasm-jit,1,r1c0,209791273,ok,,wasmer,cranelift
2026-05-13T16:04:16+0800,llvmss_stanford_towers,wasm-jit,1,cpu-cycles,83525519,ok,,wasmer,cranelift
2026-05-13T16:04:16+0800,llvmss_stanford_towers,wasm-jit,1,L1-icache-load-misses,1504428,ok,,wasmer,cranelift
2026-05-13T16:04:16+0800,llvmss_stanford_towers,wasm-jit,1,branch-misses,212836,ok,,wasmer,cranelift
2026-05-13T16:04:16+0800,llvmss_stanford_towers,wasm-aot,1,r81d0,59310464,ok,,wasmer,cranelift
2026-05-13T16:04:16+0800,llvmss_stanford_towers,wasm-aot,1,r82d0,40534473,ok,,wasmer,cranelift
2026-05-13T16:04:16+0800,llvmss_stanford_towers,wasm-aot,1,r00c4,25659055,ok,,wasmer,cranelift
2026-05-13T16:04:16+0800,llvmss_stanford_towers,wasm-aot,1,r01c4,4431864,ok,,wasmer,cranelift
2026-05-13T16:04:16+0800,llvmss_stanford_towers,wasm-aot,1,r1c0,205965355,ok,,wasmer,cranelift
2026-05-13T16:04:16+0800,llvmss_stanford_towers,wasm-aot,1,cpu-cycles,82718090,ok,,wasmer,cranelift
2026-05-13T16:04:16+0800,llvmss_stanford_towers,wasm-aot,1,L1-icache-load-misses,1400564,ok,,wasmer,cranelift
2026-05-13T16:04:16+0800,llvmss_stanford_towers,wasm-aot,1,branch-misses,192868,ok,,wasmer,cranelift
2026-05-13T16:04:16+0800,llvmss_stanford_towers,native,2,r81d0,28075190,ok,,wasmer,cranelift
2026-05-13T16:04:16+0800,llvmss_stanford_towers,native,2,r82d0,27191125,ok,,wasmer,cranelift
2026-05-13T16:04:16+0800,llvmss_stanford_towers,native,2,r00c4,16146952,ok,,wasmer,cranelift
2026-05-13T16:04:16+0800,llvmss_stanford_towers,native,2,r01c4,889856,ok,,wasmer,cranelift
2026-05-13T16:04:16+0800,llvmss_stanford_towers,native,2,r1c0,96423692,ok,,wasmer,cranelift
2026-05-13T16:04:16+0800,llvmss_stanford_towers,native,2,cpu-cycles,23824759,ok,,wasmer,cranelift
2026-05-13T16:04:16+0800,llvmss_stanford_towers,native,2,L1-icache-load-misses,50972,ok,,wasmer,cranelift
2026-05-13T16:04:16+0800,llvmss_stanford_towers,native,2,branch-misses,39168,ok,,wasmer,cranelift
2026-05-13T16:04:16+0800,llvmss_stanford_towers,wasm-jit,2,r81d0,60278164,ok,,wasmer,cranelift
2026-05-13T16:04:16+0800,llvmss_stanford_towers,wasm-jit,2,r82d0,41196517,ok,,wasmer,cranelift
2026-05-13T16:04:16+0800,llvmss_stanford_towers,wasm-jit,2,r00c4,26247836,ok,,wasmer,cranelift
2026-05-13T16:04:16+0800,llvmss_stanford_towers,wasm-jit,2,r01c4,4536501,ok,,wasmer,cranelift
2026-05-13T16:04:16+0800,llvmss_stanford_towers,wasm-jit,2,r1c0,209210187,ok,,wasmer,cranelift
2026-05-13T16:04:16+0800,llvmss_stanford_towers,wasm-jit,2,cpu-cycles,84561296,ok,,wasmer,cranelift
2026-05-13T16:04:16+0800,llvmss_stanford_towers,wasm-jit,2,L1-icache-load-misses,1442470,ok,,wasmer,cranelift
2026-05-13T16:04:16+0800,llvmss_stanford_towers,wasm-jit,2,branch-misses,209429,ok,,wasmer,cranelift
2026-05-13T16:04:16+0800,llvmss_stanford_towers,wasm-aot,2,r81d0,59280418,ok,,wasmer,cranelift
2026-05-13T16:04:16+0800,llvmss_stanford_towers,wasm-aot,2,r82d0,40504776,ok,,wasmer,cranelift
2026-05-13T16:04:16+0800,llvmss_stanford_towers,wasm-aot,2,r00c4,25656091,ok,,wasmer,cranelift
2026-05-13T16:04:16+0800,llvmss_stanford_towers,wasm-aot,2,r01c4,4433186,ok,,wasmer,cranelift
2026-05-13T16:04:16+0800,llvmss_stanford_towers,wasm-aot,2,r1c0,205879568,ok,,wasmer,cranelift
2026-05-13T16:04:16+0800,llvmss_stanford_towers,wasm-aot,2,cpu-cycles,82223678,ok,,wasmer,cranelift
2026-05-13T16:04:16+0800,llvmss_stanford_towers,wasm-aot,2,L1-icache-load-misses,1419708,ok,,wasmer,cranelift
2026-05-13T16:04:16+0800,llvmss_stanford_towers,wasm-aot,2,branch-misses,194978,ok,,wasmer,cranelift
2026-05-13T16:04:16+0800,llvmss_stanford_towers,native,3,r81d0,28079799,ok,,wasmer,cranelift
2026-05-13T16:04:16+0800,llvmss_stanford_towers,native,3,r82d0,27193545,ok,,wasmer,cranelift
2026-05-13T16:04:16+0800,llvmss_stanford_towers,native,3,r00c4,16149880,ok,,wasmer,cranelift
2026-05-13T16:04:16+0800,llvmss_stanford_towers,native,3,r01c4,890660,ok,,wasmer,cranelift
2026-05-13T16:04:16+0800,llvmss_stanford_towers,native,3,r1c0,96442519,ok,,wasmer,cranelift
2026-05-13T16:04:16+0800,llvmss_stanford_towers,native,3,cpu-cycles,23909533,ok,,wasmer,cranelift
2026-05-13T16:04:16+0800,llvmss_stanford_towers,native,3,L1-icache-load-misses,49273,ok,,wasmer,cranelift
2026-05-13T16:04:16+0800,llvmss_stanford_towers,native,3,branch-misses,36202,ok,,wasmer,cranelift
2026-05-13T16:04:16+0800,llvmss_stanford_towers,wasm-jit,3,r81d0,60339892,ok,,wasmer,cranelift
2026-05-13T16:04:16+0800,llvmss_stanford_towers,wasm-jit,3,r82d0,41220375,ok,,wasmer,cranelift
2026-05-13T16:04:16+0800,llvmss_stanford_towers,wasm-jit,3,r00c4,26300965,ok,,wasmer,cranelift
2026-05-13T16:04:16+0800,llvmss_stanford_towers,wasm-jit,3,r01c4,4547364,ok,,wasmer,cranelift
2026-05-13T16:04:16+0800,llvmss_stanford_towers,wasm-jit,3,r1c0,209469425,ok,,wasmer,cranelift
2026-05-13T16:04:16+0800,llvmss_stanford_towers,wasm-jit,3,cpu-cycles,84200859,ok,,wasmer,cranelift
2026-05-13T16:04:16+0800,llvmss_stanford_towers,wasm-jit,3,L1-icache-load-misses,1448431,ok,,wasmer,cranelift
2026-05-13T16:04:16+0800,llvmss_stanford_towers,wasm-jit,3,branch-misses,205977,ok,,wasmer,cranelift
2026-05-13T16:04:16+0800,llvmss_stanford_towers,wasm-aot,3,r81d0,59260995,ok,,wasmer,cranelift
2026-05-13T16:04:16+0800,llvmss_stanford_towers,wasm-aot,3,r82d0,40483086,ok,,wasmer,cranelift
2026-05-13T16:04:16+0800,llvmss_stanford_towers,wasm-aot,3,r00c4,25630029,ok,,wasmer,cranelift
2026-05-13T16:04:16+0800,llvmss_stanford_towers,wasm-aot,3,r01c4,4425032,ok,,wasmer,cranelift
2026-05-13T16:04:16+0800,llvmss_stanford_towers,wasm-aot,3,r1c0,205765818,ok,,wasmer,cranelift
2026-05-13T16:04:16+0800,llvmss_stanford_towers,wasm-aot,3,cpu-cycles,80810039,ok,,wasmer,cranelift
2026-05-13T16:04:16+0800,llvmss_stanford_towers,wasm-aot,3,L1-icache-load-misses,1379113,ok,,wasmer,cranelift
2026-05-13T16:04:16+0800,llvmss_stanford_towers,wasm-aot,3,branch-misses,192310,ok,,wasmer,cranelift
2026-05-13T16:04:16+0800,llvmss_stanford_towers,native,4,r81d0,28061719,ok,,wasmer,cranelift
2026-05-13T16:04:16+0800,llvmss_stanford_towers,native,4,r82d0,27182423,ok,,wasmer,cranelift
2026-05-13T16:04:16+0800,llvmss_stanford_towers,native,4,r00c4,16136907,ok,,wasmer,cranelift
2026-05-13T16:04:16+0800,llvmss_stanford_towers,native,4,r01c4,888229,ok,,wasmer,cranelift
2026-05-13T16:04:16+0800,llvmss_stanford_towers,native,4,r1c0,96369970,ok,,wasmer,cranelift
2026-05-13T16:04:16+0800,llvmss_stanford_towers,native,4,cpu-cycles,23749655,ok,,wasmer,cranelift
2026-05-13T16:04:16+0800,llvmss_stanford_towers,native,4,L1-icache-load-misses,50550,ok,,wasmer,cranelift
2026-05-13T16:04:16+0800,llvmss_stanford_towers,native,4,branch-misses,36849,ok,,wasmer,cranelift
2026-05-13T16:04:16+0800,llvmss_stanford_towers,wasm-jit,4,r81d0,60340806,ok,,wasmer,cranelift
2026-05-13T16:04:16+0800,llvmss_stanford_towers,wasm-jit,4,r82d0,41226517,ok,,wasmer,cranelift
2026-05-13T16:04:16+0800,llvmss_stanford_towers,wasm-jit,4,r00c4,26299415,ok,,wasmer,cranelift
2026-05-13T16:04:16+0800,llvmss_stanford_towers,wasm-jit,4,r01c4,4548546,ok,,wasmer,cranelift
2026-05-13T16:04:16+0800,llvmss_stanford_towers,wasm-jit,4,r1c0,209462235,ok,,wasmer,cranelift
2026-05-13T16:04:16+0800,llvmss_stanford_towers,wasm-jit,4,cpu-cycles,81673505,ok,,wasmer,cranelift
2026-05-13T16:04:16+0800,llvmss_stanford_towers,wasm-jit,4,L1-icache-load-misses,1466468,ok,,wasmer,cranelift
2026-05-13T16:04:16+0800,llvmss_stanford_towers,wasm-jit,4,branch-misses,209344,ok,,wasmer,cranelift
2026-05-13T16:04:16+0800,llvmss_stanford_towers,wasm-aot,4,r81d0,59219110,ok,,wasmer,cranelift
2026-05-13T16:04:16+0800,llvmss_stanford_towers,wasm-aot,4,r82d0,40484292,ok,,wasmer,cranelift
2026-05-13T16:04:16+0800,llvmss_stanford_towers,wasm-aot,4,r00c4,25602376,ok,,wasmer,cranelift
2026-05-13T16:04:16+0800,llvmss_stanford_towers,wasm-aot,4,r01c4,4420318,ok,,wasmer,cranelift
2026-05-13T16:04:16+0800,llvmss_stanford_towers,wasm-aot,4,r1c0,205635522,ok,,wasmer,cranelift
2026-05-13T16:04:16+0800,llvmss_stanford_towers,wasm-aot,4,cpu-cycles,82509944,ok,,wasmer,cranelift
2026-05-13T16:04:16+0800,llvmss_stanford_towers,wasm-aot,4,L1-icache-load-misses,1376096,ok,,wasmer,cranelift
2026-05-13T16:04:16+0800,llvmss_stanford_towers,wasm-aot,4,branch-misses,192608,ok,,wasmer,cranelift
2026-05-13T16:04:16+0800,llvmss_stanford_towers,native,5,r81d0,28070497,ok,,wasmer,cranelift
2026-05-13T16:04:16+0800,llvmss_stanford_towers,native,5,r82d0,27187973,ok,,wasmer,cranelift
2026-05-13T16:04:16+0800,llvmss_stanford_towers,native,5,r00c4,16143094,ok,,wasmer,cranelift
2026-05-13T16:04:16+0800,llvmss_stanford_towers,native,5,r01c4,889085,ok,,wasmer,cranelift
2026-05-13T16:04:16+0800,llvmss_stanford_towers,native,5,r1c0,96404747,ok,,wasmer,cranelift
2026-05-13T16:04:16+0800,llvmss_stanford_towers,native,5,cpu-cycles,23807701,ok,,wasmer,cranelift
2026-05-13T16:04:16+0800,llvmss_stanford_towers,native,5,L1-icache-load-misses,46935,ok,,wasmer,cranelift
2026-05-13T16:04:16+0800,llvmss_stanford_towers,native,5,branch-misses,36031,ok,,wasmer,cranelift
2026-05-13T16:04:16+0800,llvmss_stanford_towers,wasm-jit,5,r81d0,60376817,ok,,wasmer,cranelift
2026-05-13T16:04:16+0800,llvmss_stanford_towers,wasm-jit,5,r82d0,41255224,ok,,wasmer,cranelift
2026-05-13T16:04:16+0800,llvmss_stanford_towers,wasm-jit,5,r00c4,26324232,ok,,wasmer,cranelift
2026-05-13T16:04:16+0800,llvmss_stanford_towers,wasm-jit,5,r01c4,4554110,ok,,wasmer,cranelift
2026-05-13T16:04:16+0800,llvmss_stanford_towers,wasm-jit,5,r1c0,209612657,ok,,wasmer,cranelift
2026-05-13T16:04:16+0800,llvmss_stanford_towers,wasm-jit,5,cpu-cycles,83866514,ok,,wasmer,cranelift
2026-05-13T16:04:16+0800,llvmss_stanford_towers,wasm-jit,5,L1-icache-load-misses,1466309,ok,,wasmer,cranelift
2026-05-13T16:04:16+0800,llvmss_stanford_towers,wasm-jit,5,branch-misses,211559,ok,,wasmer,cranelift
2026-05-13T16:04:16+0800,llvmss_stanford_towers,wasm-aot,5,r81d0,59193782,ok,,wasmer,cranelift
2026-05-13T16:04:16+0800,llvmss_stanford_towers,wasm-aot,5,r82d0,40455066,ok,,wasmer,cranelift
2026-05-13T16:04:16+0800,llvmss_stanford_towers,wasm-aot,5,r00c4,25572417,ok,,wasmer,cranelift
2026-05-13T16:04:16+0800,llvmss_stanford_towers,wasm-aot,5,r01c4,4408492,ok,,wasmer,cranelift
2026-05-13T16:04:16+0800,llvmss_stanford_towers,wasm-aot,5,r1c0,205500899,ok,,wasmer,cranelift
2026-05-13T16:04:16+0800,llvmss_stanford_towers,wasm-aot,5,cpu-cycles,80645514,ok,,wasmer,cranelift
2026-05-13T16:04:16+0800,llvmss_stanford_towers,wasm-aot,5,L1-icache-load-misses,1385434,ok,,wasmer,cranelift
2026-05-13T16:04:16+0800,llvmss_stanford_towers,wasm-aot,5,branch-misses,193605,ok,,wasmer,cranelift
2026-05-13T16:04:16+0800,llvmss_stanford_treesort,native,1,r81d0,41966777,ok,,wasmer,cranelift
2026-05-13T16:04:16+0800,llvmss_stanford_treesort,native,1,r82d0,15455362,ok,,wasmer,cranelift
2026-05-13T16:04:16+0800,llvmss_stanford_treesort,native,1,r00c4,48006322,ok,,wasmer,cranelift
2026-05-13T16:04:16+0800,llvmss_stanford_treesort,native,1,r01c4,13279010,ok,,wasmer,cranelift
2026-05-13T16:04:16+0800,llvmss_stanford_treesort,native,1,r1c0,185060343,ok,,wasmer,cranelift
2026-05-13T16:04:16+0800,llvmss_stanford_treesort,native,1,cpu-cycles,172325092,ok,,wasmer,cranelift
2026-05-13T16:04:16+0800,llvmss_stanford_treesort,native,1,L1-icache-load-misses,255587,ok,,wasmer,cranelift
2026-05-13T16:04:16+0800,llvmss_stanford_treesort,native,1,branch-misses,3063687,ok,,wasmer,cranelift
2026-05-13T16:04:17+0800,llvmss_stanford_treesort,wasm-jit,1,r81d0,65115731,ok,,wasmer,cranelift
2026-05-13T16:04:17+0800,llvmss_stanford_treesort,wasm-jit,1,r82d0,22902922,ok,,wasmer,cranelift
2026-05-13T16:04:17+0800,llvmss_stanford_treesort,wasm-jit,1,r00c4,42414286,ok,,wasmer,cranelift
2026-05-13T16:04:17+0800,llvmss_stanford_treesort,wasm-jit,1,r01c4,16480510,ok,,wasmer,cranelift
2026-05-13T16:04:17+0800,llvmss_stanford_treesort,wasm-jit,1,r1c0,213309554,ok,,wasmer,cranelift
2026-05-13T16:04:17+0800,llvmss_stanford_treesort,wasm-jit,1,cpu-cycles,211470197,ok,,wasmer,cranelift
2026-05-13T16:04:17+0800,llvmss_stanford_treesort,wasm-jit,1,L1-icache-load-misses,1776943,ok,,wasmer,cranelift
2026-05-13T16:04:17+0800,llvmss_stanford_treesort,wasm-jit,1,branch-misses,3001832,ok,,wasmer,cranelift
2026-05-13T16:04:17+0800,llvmss_stanford_treesort,wasm-aot,1,r81d0,63407217,ok,,wasmer,cranelift
2026-05-13T16:04:17+0800,llvmss_stanford_treesort,wasm-aot,1,r82d0,21743022,ok,,wasmer,cranelift
2026-05-13T16:04:17+0800,llvmss_stanford_treesort,wasm-aot,1,r00c4,41356612,ok,,wasmer,cranelift
2026-05-13T16:04:17+0800,llvmss_stanford_treesort,wasm-aot,1,r01c4,16279618,ok,,wasmer,cranelift
2026-05-13T16:04:17+0800,llvmss_stanford_treesort,wasm-aot,1,r1c0,207293410,ok,,wasmer,cranelift
2026-05-13T16:04:17+0800,llvmss_stanford_treesort,wasm-aot,1,cpu-cycles,203091945,ok,,wasmer,cranelift
2026-05-13T16:04:17+0800,llvmss_stanford_treesort,wasm-aot,1,L1-icache-load-misses,1620623,ok,,wasmer,cranelift
2026-05-13T16:04:17+0800,llvmss_stanford_treesort,wasm-aot,1,branch-misses,2904396,ok,,wasmer,cranelift
2026-05-13T16:04:17+0800,llvmss_stanford_treesort,native,2,r81d0,41982051,ok,,wasmer,cranelift
2026-05-13T16:04:17+0800,llvmss_stanford_treesort,native,2,r82d0,15467207,ok,,wasmer,cranelift
2026-05-13T16:04:17+0800,llvmss_stanford_treesort,native,2,r00c4,48017526,ok,,wasmer,cranelift
2026-05-13T16:04:17+0800,llvmss_stanford_treesort,native,2,r01c4,13279817,ok,,wasmer,cranelift
2026-05-13T16:04:17+0800,llvmss_stanford_treesort,native,2,r1c0,185120590,ok,,wasmer,cranelift
2026-05-13T16:04:17+0800,llvmss_stanford_treesort,native,2,cpu-cycles,171680912,ok,,wasmer,cranelift
2026-05-13T16:04:17+0800,llvmss_stanford_treesort,native,2,L1-icache-load-misses,257561,ok,,wasmer,cranelift
2026-05-13T16:04:17+0800,llvmss_stanford_treesort,native,2,branch-misses,3084616,ok,,wasmer,cranelift
2026-05-13T16:04:17+0800,llvmss_stanford_treesort,wasm-jit,2,r81d0,64916187,ok,,wasmer,cranelift
2026-05-13T16:04:17+0800,llvmss_stanford_treesort,wasm-jit,2,r82d0,22766925,ok,,wasmer,cranelift
2026-05-13T16:04:17+0800,llvmss_stanford_treesort,wasm-jit,2,r00c4,42268833,ok,,wasmer,cranelift
2026-05-13T16:04:17+0800,llvmss_stanford_treesort,wasm-jit,2,r01c4,16448433,ok,,wasmer,cranelift
2026-05-13T16:04:17+0800,llvmss_stanford_treesort,wasm-jit,2,r1c0,212396118,ok,,wasmer,cranelift
2026-05-13T16:04:17+0800,llvmss_stanford_treesort,wasm-jit,2,cpu-cycles,207075000,ok,,wasmer,cranelift
2026-05-13T16:04:17+0800,llvmss_stanford_treesort,wasm-jit,2,L1-icache-load-misses,1725427,ok,,wasmer,cranelift
2026-05-13T16:04:17+0800,llvmss_stanford_treesort,wasm-jit,2,branch-misses,2976623,ok,,wasmer,cranelift
2026-05-13T16:04:17+0800,llvmss_stanford_treesort,wasm-aot,2,r81d0,63401985,ok,,wasmer,cranelift
2026-05-13T16:04:17+0800,llvmss_stanford_treesort,wasm-aot,2,r82d0,21739445,ok,,wasmer,cranelift
2026-05-13T16:04:17+0800,llvmss_stanford_treesort,wasm-aot,2,r00c4,41335922,ok,,wasmer,cranelift
2026-05-13T16:04:17+0800,llvmss_stanford_treesort,wasm-aot,2,r01c4,16270040,ok,,wasmer,cranelift
2026-05-13T16:04:17+0800,llvmss_stanford_treesort,wasm-aot,2,r1c0,207255850,ok,,wasmer,cranelift
2026-05-13T16:04:17+0800,llvmss_stanford_treesort,wasm-aot,2,cpu-cycles,204919311,ok,,wasmer,cranelift
2026-05-13T16:04:17+0800,llvmss_stanford_treesort,wasm-aot,2,L1-icache-load-misses,1682639,ok,,wasmer,cranelift
2026-05-13T16:04:17+0800,llvmss_stanford_treesort,wasm-aot,2,branch-misses,2942437,ok,,wasmer,cranelift
2026-05-13T16:04:17+0800,llvmss_stanford_treesort,native,3,r81d0,41945526,ok,,wasmer,cranelift
2026-05-13T16:04:17+0800,llvmss_stanford_treesort,native,3,r82d0,15441790,ok,,wasmer,cranelift
2026-05-13T16:04:17+0800,llvmss_stanford_treesort,native,3,r00c4,47992672,ok,,wasmer,cranelift
2026-05-13T16:04:17+0800,llvmss_stanford_treesort,native,3,r01c4,13275638,ok,,wasmer,cranelift
2026-05-13T16:04:17+0800,llvmss_stanford_treesort,native,3,r1c0,184975285,ok,,wasmer,cranelift
2026-05-13T16:04:17+0800,llvmss_stanford_treesort,native,3,cpu-cycles,171773738,ok,,wasmer,cranelift
2026-05-13T16:04:17+0800,llvmss_stanford_treesort,native,3,L1-icache-load-misses,245293,ok,,wasmer,cranelift
2026-05-13T16:04:17+0800,llvmss_stanford_treesort,native,3,branch-misses,3087785,ok,,wasmer,cranelift
2026-05-13T16:04:17+0800,llvmss_stanford_treesort,wasm-jit,3,r81d0,64923578,ok,,wasmer,cranelift
2026-05-13T16:04:17+0800,llvmss_stanford_treesort,wasm-jit,3,r82d0,22765680,ok,,wasmer,cranelift
2026-05-13T16:04:17+0800,llvmss_stanford_treesort,wasm-jit,3,r00c4,42270176,ok,,wasmer,cranelift
2026-05-13T16:04:17+0800,llvmss_stanford_treesort,wasm-jit,3,r01c4,16442514,ok,,wasmer,cranelift
2026-05-13T16:04:17+0800,llvmss_stanford_treesort,wasm-jit,3,r1c0,212441621,ok,,wasmer,cranelift
2026-05-13T16:04:17+0800,llvmss_stanford_treesort,wasm-jit,3,cpu-cycles,205934818,ok,,wasmer,cranelift
2026-05-13T16:04:17+0800,llvmss_stanford_treesort,wasm-jit,3,L1-icache-load-misses,1701647,ok,,wasmer,cranelift
2026-05-13T16:04:17+0800,llvmss_stanford_treesort,wasm-jit,3,branch-misses,2959169,ok,,wasmer,cranelift
2026-05-13T16:04:17+0800,llvmss_stanford_treesort,wasm-aot,3,r81d0,63480533,ok,,wasmer,cranelift
2026-05-13T16:04:17+0800,llvmss_stanford_treesort,wasm-aot,3,r82d0,21808684,ok,,wasmer,cranelift
2026-05-13T16:04:17+0800,llvmss_stanford_treesort,wasm-aot,3,r00c4,41396308,ok,,wasmer,cranelift
2026-05-13T16:04:17+0800,llvmss_stanford_treesort,wasm-aot,3,r01c4,16283150,ok,,wasmer,cranelift
2026-05-13T16:04:17+0800,llvmss_stanford_treesort,wasm-aot,3,r1c0,207587935,ok,,wasmer,cranelift
2026-05-13T16:04:17+0800,llvmss_stanford_treesort,wasm-aot,3,cpu-cycles,206895384,ok,,wasmer,cranelift
2026-05-13T16:04:17+0800,llvmss_stanford_treesort,wasm-aot,3,L1-icache-load-misses,1728734,ok,,wasmer,cranelift
2026-05-13T16:04:17+0800,llvmss_stanford_treesort,wasm-aot,3,branch-misses,2981910,ok,,wasmer,cranelift
2026-05-13T16:04:17+0800,llvmss_stanford_treesort,native,4,r81d0,41969768,ok,,wasmer,cranelift
2026-05-13T16:04:17+0800,llvmss_stanford_treesort,native,4,r82d0,15461969,ok,,wasmer,cranelift
2026-05-13T16:04:17+0800,llvmss_stanford_treesort,native,4,r00c4,48009594,ok,,wasmer,cranelift
2026-05-13T16:04:17+0800,llvmss_stanford_treesort,native,4,r01c4,13278187,ok,,wasmer,cranelift
2026-05-13T16:04:17+0800,llvmss_stanford_treesort,native,4,r1c0,185079812,ok,,wasmer,cranelift
2026-05-13T16:04:17+0800,llvmss_stanford_treesort,native,4,cpu-cycles,171238010,ok,,wasmer,cranelift
2026-05-13T16:04:17+0800,llvmss_stanford_treesort,native,4,L1-icache-load-misses,248840,ok,,wasmer,cranelift
2026-05-13T16:04:17+0800,llvmss_stanford_treesort,native,4,branch-misses,3062684,ok,,wasmer,cranelift
2026-05-13T16:04:17+0800,llvmss_stanford_treesort,wasm-jit,4,r81d0,65003345,ok,,wasmer,cranelift
2026-05-13T16:04:17+0800,llvmss_stanford_treesort,wasm-jit,4,r82d0,22818039,ok,,wasmer,cranelift
2026-05-13T16:04:17+0800,llvmss_stanford_treesort,wasm-jit,4,r00c4,42347663,ok,,wasmer,cranelift
2026-05-13T16:04:17+0800,llvmss_stanford_treesort,wasm-jit,4,r01c4,16464310,ok,,wasmer,cranelift
2026-05-13T16:04:17+0800,llvmss_stanford_treesort,wasm-jit,4,r1c0,212809913,ok,,wasmer,cranelift
2026-05-13T16:04:17+0800,llvmss_stanford_treesort,wasm-jit,4,cpu-cycles,208353152,ok,,wasmer,cranelift
2026-05-13T16:04:17+0800,llvmss_stanford_treesort,wasm-jit,4,L1-icache-load-misses,1784490,ok,,wasmer,cranelift
2026-05-13T16:04:17+0800,llvmss_stanford_treesort,wasm-jit,4,branch-misses,2988842,ok,,wasmer,cranelift
2026-05-13T16:04:17+0800,llvmss_stanford_treesort,wasm-aot,4,r81d0,63377834,ok,,wasmer,cranelift
2026-05-13T16:04:17+0800,llvmss_stanford_treesort,wasm-aot,4,r82d0,21726380,ok,,wasmer,cranelift
2026-05-13T16:04:17+0800,llvmss_stanford_treesort,wasm-aot,4,r00c4,41311843,ok,,wasmer,cranelift
2026-05-13T16:04:17+0800,llvmss_stanford_treesort,wasm-aot,4,r01c4,16263323,ok,,wasmer,cranelift
2026-05-13T16:04:17+0800,llvmss_stanford_treesort,wasm-aot,4,r1c0,207106617,ok,,wasmer,cranelift
2026-05-13T16:04:17+0800,llvmss_stanford_treesort,wasm-aot,4,cpu-cycles,200646855,ok,,wasmer,cranelift
2026-05-13T16:04:17+0800,llvmss_stanford_treesort,wasm-aot,4,L1-icache-load-misses,1630583,ok,,wasmer,cranelift
2026-05-13T16:04:17+0800,llvmss_stanford_treesort,wasm-aot,4,branch-misses,2873450,ok,,wasmer,cranelift
2026-05-13T16:04:17+0800,llvmss_stanford_treesort,native,5,r81d0,41930009,ok,,wasmer,cranelift
2026-05-13T16:04:17+0800,llvmss_stanford_treesort,native,5,r82d0,15433191,ok,,wasmer,cranelift
2026-05-13T16:04:17+0800,llvmss_stanford_treesort,native,5,r00c4,47980408,ok,,wasmer,cranelift
2026-05-13T16:04:17+0800,llvmss_stanford_treesort,native,5,r01c4,13273017,ok,,wasmer,cranelift
2026-05-13T16:04:17+0800,llvmss_stanford_treesort,native,5,r1c0,184909903,ok,,wasmer,cranelift
2026-05-13T16:04:17+0800,llvmss_stanford_treesort,native,5,cpu-cycles,171466533,ok,,wasmer,cranelift
2026-05-13T16:04:17+0800,llvmss_stanford_treesort,native,5,L1-icache-load-misses,245109,ok,,wasmer,cranelift
2026-05-13T16:04:17+0800,llvmss_stanford_treesort,native,5,branch-misses,3098483,ok,,wasmer,cranelift
2026-05-13T16:04:17+0800,llvmss_stanford_treesort,wasm-jit,5,r81d0,64872315,ok,,wasmer,cranelift
2026-05-13T16:04:17+0800,llvmss_stanford_treesort,wasm-jit,5,r82d0,22741585,ok,,wasmer,cranelift
2026-05-13T16:04:17+0800,llvmss_stanford_treesort,wasm-jit,5,r00c4,42229931,ok,,wasmer,cranelift
2026-05-13T16:04:17+0800,llvmss_stanford_treesort,wasm-jit,5,r01c4,16430892,ok,,wasmer,cranelift
2026-05-13T16:04:17+0800,llvmss_stanford_treesort,wasm-jit,5,r1c0,212238859,ok,,wasmer,cranelift
2026-05-13T16:04:17+0800,llvmss_stanford_treesort,wasm-jit,5,cpu-cycles,208052432,ok,,wasmer,cranelift
2026-05-13T16:04:17+0800,llvmss_stanford_treesort,wasm-jit,5,L1-icache-load-misses,1749910,ok,,wasmer,cranelift
2026-05-13T16:04:17+0800,llvmss_stanford_treesort,wasm-jit,5,branch-misses,2979073,ok,,wasmer,cranelift
2026-05-13T16:04:18+0800,llvmss_stanford_treesort,wasm-aot,5,r81d0,63392009,ok,,wasmer,cranelift
2026-05-13T16:04:18+0800,llvmss_stanford_treesort,wasm-aot,5,r82d0,21738056,ok,,wasmer,cranelift
2026-05-13T16:04:18+0800,llvmss_stanford_treesort,wasm-aot,5,r00c4,41320796,ok,,wasmer,cranelift
2026-05-13T16:04:18+0800,llvmss_stanford_treesort,wasm-aot,5,r01c4,16266436,ok,,wasmer,cranelift
2026-05-13T16:04:18+0800,llvmss_stanford_treesort,wasm-aot,5,r1c0,207168502,ok,,wasmer,cranelift
2026-05-13T16:04:18+0800,llvmss_stanford_treesort,wasm-aot,5,cpu-cycles,204740915,ok,,wasmer,cranelift
2026-05-13T16:04:18+0800,llvmss_stanford_treesort,wasm-aot,5,L1-icache-load-misses,1664828,ok,,wasmer,cranelift
2026-05-13T16:04:18+0800,llvmss_stanford_treesort,wasm-aot,5,branch-misses,2982352,ok,,wasmer,cranelift
