timestamp,program,mode,run_index,event,value,status,stderr_note
2026-04-24T15:02:52+0800,llvmss_benchmarkgame_puzzle,native,1,r81d0,131559427,ok,
2026-04-24T15:02:52+0800,llvmss_benchmarkgame_puzzle,native,1,r82d0,6612293,ok,
2026-04-24T15:02:52+0800,llvmss_benchmarkgame_puzzle,native,1,r00c4,35027776,ok,
2026-04-24T15:02:52+0800,llvmss_benchmarkgame_puzzle,native,1,r01c4,34071918,ok,
2026-04-24T15:02:52+0800,llvmss_benchmarkgame_puzzle,native,1,r1c0,926076539,ok,
2026-04-24T15:02:52+0800,llvmss_benchmarkgame_puzzle,native,1,cpu-cycles,237201942,ok,
2026-04-24T15:02:52+0800,llvmss_benchmarkgame_puzzle,native,1,L1-icache-load-misses,80451,ok,
2026-04-24T15:02:52+0800,llvmss_benchmarkgame_puzzle,native,1,branch-misses,9042,ok,
2026-04-24T15:02:52+0800,llvmss_benchmarkgame_puzzle,wasm-jit,1,r81d0,515473860,ok,
2026-04-24T15:02:52+0800,llvmss_benchmarkgame_puzzle,wasm-jit,1,r82d0,10858200,ok,
2026-04-24T15:02:52+0800,llvmss_benchmarkgame_puzzle,wasm-jit,1,r00c4,1019205681,ok,
2026-04-24T15:02:52+0800,llvmss_benchmarkgame_puzzle,wasm-jit,1,r01c4,3473852,ok,
2026-04-24T15:02:52+0800,llvmss_benchmarkgame_puzzle,wasm-jit,1,r1c0,6165300154,ok,
2026-04-24T15:02:52+0800,llvmss_benchmarkgame_puzzle,wasm-jit,1,cpu-cycles,1236720644,ok,
2026-04-24T15:02:52+0800,llvmss_benchmarkgame_puzzle,wasm-jit,1,L1-icache-load-misses,604169,ok,
2026-04-24T15:02:52+0800,llvmss_benchmarkgame_puzzle,wasm-jit,1,branch-misses,66460,ok,
2026-04-24T15:02:52+0800,llvmss_benchmarkgame_puzzle,wasm-aot,1,r81d0,514865359,ok,
2026-04-24T15:02:52+0800,llvmss_benchmarkgame_puzzle,wasm-aot,1,r82d0,10555655,ok,
2026-04-24T15:02:52+0800,llvmss_benchmarkgame_puzzle,wasm-aot,1,r00c4,1018840640,ok,
2026-04-24T15:02:52+0800,llvmss_benchmarkgame_puzzle,wasm-aot,1,r01c4,3394859,ok,
2026-04-24T15:02:52+0800,llvmss_benchmarkgame_puzzle,wasm-aot,1,r1c0,6162891804,ok,
2026-04-24T15:02:52+0800,llvmss_benchmarkgame_puzzle,wasm-aot,1,cpu-cycles,1235737377,ok,
2026-04-24T15:02:52+0800,llvmss_benchmarkgame_puzzle,wasm-aot,1,L1-icache-load-misses,555052,ok,
2026-04-24T15:02:52+0800,llvmss_benchmarkgame_puzzle,wasm-aot,1,branch-misses,55955,ok,
2026-04-24T15:02:52+0800,llvmss_benchmarkgame_puzzle,native,2,r81d0,131577473,ok,
2026-04-24T15:02:52+0800,llvmss_benchmarkgame_puzzle,native,2,r82d0,6623358,ok,
2026-04-24T15:02:52+0800,llvmss_benchmarkgame_puzzle,native,2,r00c4,35040319,ok,
2026-04-24T15:02:52+0800,llvmss_benchmarkgame_puzzle,native,2,r01c4,34074111,ok,
2026-04-24T15:02:52+0800,llvmss_benchmarkgame_puzzle,native,2,r1c0,926159226,ok,
2026-04-24T15:02:52+0800,llvmss_benchmarkgame_puzzle,native,2,cpu-cycles,236174529,ok,
2026-04-24T15:02:52+0800,llvmss_benchmarkgame_puzzle,native,2,L1-icache-load-misses,83710,ok,
2026-04-24T15:02:52+0800,llvmss_benchmarkgame_puzzle,native,2,branch-misses,9272,ok,
2026-04-24T15:02:53+0800,llvmss_benchmarkgame_puzzle,wasm-jit,2,r81d0,515544908,ok,
2026-04-24T15:02:53+0800,llvmss_benchmarkgame_puzzle,wasm-jit,2,r82d0,10897720,ok,
2026-04-24T15:02:53+0800,llvmss_benchmarkgame_puzzle,wasm-jit,2,r00c4,1019265737,ok,
2026-04-24T15:02:53+0800,llvmss_benchmarkgame_puzzle,wasm-jit,2,r01c4,3487696,ok,
2026-04-24T15:02:53+0800,llvmss_benchmarkgame_puzzle,wasm-jit,2,r1c0,6165606448,ok,
2026-04-24T15:02:53+0800,llvmss_benchmarkgame_puzzle,wasm-jit,2,cpu-cycles,1236833265,ok,
2026-04-24T15:02:53+0800,llvmss_benchmarkgame_puzzle,wasm-jit,2,L1-icache-load-misses,622232,ok,
2026-04-24T15:02:53+0800,llvmss_benchmarkgame_puzzle,wasm-jit,2,branch-misses,67183,ok,
2026-04-24T15:02:53+0800,llvmss_benchmarkgame_puzzle,wasm-aot,2,r81d0,514888677,ok,
2026-04-24T15:02:53+0800,llvmss_benchmarkgame_puzzle,wasm-aot,2,r82d0,10567310,ok,
2026-04-24T15:02:53+0800,llvmss_benchmarkgame_puzzle,wasm-aot,2,r00c4,1018853731,ok,
2026-04-24T15:02:53+0800,llvmss_benchmarkgame_puzzle,wasm-aot,2,r01c4,3396719,ok,
2026-04-24T15:02:53+0800,llvmss_benchmarkgame_puzzle,wasm-aot,2,r1c0,6162968297,ok,
2026-04-24T15:02:53+0800,llvmss_benchmarkgame_puzzle,wasm-aot,2,cpu-cycles,1234037314,ok,
2026-04-24T15:02:53+0800,llvmss_benchmarkgame_puzzle,wasm-aot,2,L1-icache-load-misses,552401,ok,
2026-04-24T15:02:53+0800,llvmss_benchmarkgame_puzzle,wasm-aot,2,branch-misses,57733,ok,
2026-04-24T15:02:53+0800,llvmss_benchmarkgame_puzzle,native,3,r81d0,131535462,ok,
2026-04-24T15:02:53+0800,llvmss_benchmarkgame_puzzle,native,3,r82d0,6597016,ok,
2026-04-24T15:02:53+0800,llvmss_benchmarkgame_puzzle,native,3,r00c4,35011124,ok,
2026-04-24T15:02:53+0800,llvmss_benchmarkgame_puzzle,native,3,r01c4,34069369,ok,
2026-04-24T15:02:53+0800,llvmss_benchmarkgame_puzzle,native,3,r1c0,925981343,ok,
2026-04-24T15:02:53+0800,llvmss_benchmarkgame_puzzle,native,3,cpu-cycles,235422894,ok,
2026-04-24T15:02:53+0800,llvmss_benchmarkgame_puzzle,native,3,L1-icache-load-misses,84698,ok,
2026-04-24T15:02:53+0800,llvmss_benchmarkgame_puzzle,native,3,branch-misses,9342,ok,
2026-04-24T15:02:54+0800,llvmss_benchmarkgame_puzzle,wasm-jit,3,r81d0,515527291,ok,
2026-04-24T15:02:54+0800,llvmss_benchmarkgame_puzzle,wasm-jit,3,r82d0,10892622,ok,
2026-04-24T15:02:54+0800,llvmss_benchmarkgame_puzzle,wasm-jit,3,r00c4,1019242238,ok,
2026-04-24T15:02:54+0800,llvmss_benchmarkgame_puzzle,wasm-jit,3,r01c4,3482616,ok,
2026-04-24T15:02:54+0800,llvmss_benchmarkgame_puzzle,wasm-jit,3,r1c0,6165540593,ok,
2026-04-24T15:02:54+0800,llvmss_benchmarkgame_puzzle,wasm-jit,3,cpu-cycles,1238450840,ok,
2026-04-24T15:02:54+0800,llvmss_benchmarkgame_puzzle,wasm-jit,3,L1-icache-load-misses,608357,ok,
2026-04-24T15:02:54+0800,llvmss_benchmarkgame_puzzle,wasm-jit,3,branch-misses,68660,ok,
2026-04-24T15:02:54+0800,llvmss_benchmarkgame_puzzle,wasm-aot,3,r81d0,514818093,ok,
2026-04-24T15:02:54+0800,llvmss_benchmarkgame_puzzle,wasm-aot,3,r82d0,10512789,ok,
2026-04-24T15:02:54+0800,llvmss_benchmarkgame_puzzle,wasm-aot,3,r00c4,1018828430,ok,
2026-04-24T15:02:54+0800,llvmss_benchmarkgame_puzzle,wasm-aot,3,r01c4,3399699,ok,
2026-04-24T15:02:54+0800,llvmss_benchmarkgame_puzzle,wasm-aot,3,r1c0,6162771047,ok,
2026-04-24T15:02:54+0800,llvmss_benchmarkgame_puzzle,wasm-aot,3,cpu-cycles,1237346539,ok,
2026-04-24T15:02:54+0800,llvmss_benchmarkgame_puzzle,wasm-aot,3,L1-icache-load-misses,491155,ok,
2026-04-24T15:02:54+0800,llvmss_benchmarkgame_puzzle,wasm-aot,3,branch-misses,53287,ok,
2026-04-24T15:02:54+0800,llvmss_benchmarkgame_puzzle,native,4,r81d0,131541230,ok,
2026-04-24T15:02:54+0800,llvmss_benchmarkgame_puzzle,native,4,r82d0,6599608,ok,
2026-04-24T15:02:54+0800,llvmss_benchmarkgame_puzzle,native,4,r00c4,35016722,ok,
2026-04-24T15:02:54+0800,llvmss_benchmarkgame_puzzle,native,4,r01c4,34070748,ok,
2026-04-24T15:02:54+0800,llvmss_benchmarkgame_puzzle,native,4,r1c0,926013033,ok,
2026-04-24T15:02:54+0800,llvmss_benchmarkgame_puzzle,native,4,cpu-cycles,239794403,ok,
2026-04-24T15:02:54+0800,llvmss_benchmarkgame_puzzle,native,4,L1-icache-load-misses,80616,ok,
2026-04-24T15:02:54+0800,llvmss_benchmarkgame_puzzle,native,4,branch-misses,9366,ok,
2026-04-24T15:02:54+0800,llvmss_benchmarkgame_puzzle,wasm-jit,4,r81d0,515554799,ok,
2026-04-24T15:02:54+0800,llvmss_benchmarkgame_puzzle,wasm-jit,4,r82d0,10903253,ok,
2026-04-24T15:02:54+0800,llvmss_benchmarkgame_puzzle,wasm-jit,4,r00c4,1019270968,ok,
2026-04-24T15:02:54+0800,llvmss_benchmarkgame_puzzle,wasm-jit,4,r01c4,3491934,ok,
2026-04-24T15:02:54+0800,llvmss_benchmarkgame_puzzle,wasm-jit,4,r1c0,6165641114,ok,
2026-04-24T15:02:54+0800,llvmss_benchmarkgame_puzzle,wasm-jit,4,cpu-cycles,1239575601,ok,
2026-04-24T15:02:54+0800,llvmss_benchmarkgame_puzzle,wasm-jit,4,L1-icache-load-misses,615119,ok,
2026-04-24T15:02:54+0800,llvmss_benchmarkgame_puzzle,wasm-jit,4,branch-misses,67358,ok,
2026-04-24T15:02:55+0800,llvmss_benchmarkgame_puzzle,wasm-aot,4,r81d0,514932219,ok,
2026-04-24T15:02:55+0800,llvmss_benchmarkgame_puzzle,wasm-aot,4,r82d0,10593148,ok,
2026-04-24T15:02:55+0800,llvmss_benchmarkgame_puzzle,wasm-aot,4,r00c4,1018890301,ok,
2026-04-24T15:02:55+0800,llvmss_benchmarkgame_puzzle,wasm-aot,4,r01c4,3405611,ok,
2026-04-24T15:02:55+0800,llvmss_benchmarkgame_puzzle,wasm-aot,4,r1c0,6163147915,ok,
2026-04-24T15:02:55+0800,llvmss_benchmarkgame_puzzle,wasm-aot,4,cpu-cycles,1238306686,ok,
2026-04-24T15:02:55+0800,llvmss_benchmarkgame_puzzle,wasm-aot,4,L1-icache-load-misses,566535,ok,
2026-04-24T15:02:55+0800,llvmss_benchmarkgame_puzzle,wasm-aot,4,branch-misses,61324,ok,
2026-04-24T15:02:55+0800,llvmss_benchmarkgame_puzzle,native,5,r81d0,131565901,ok,
2026-04-24T15:02:55+0800,llvmss_benchmarkgame_puzzle,native,5,r82d0,6616452,ok,
2026-04-24T15:02:55+0800,llvmss_benchmarkgame_puzzle,native,5,r00c4,35032372,ok,
2026-04-24T15:02:55+0800,llvmss_benchmarkgame_puzzle,native,5,r01c4,34072955,ok,
2026-04-24T15:02:55+0800,llvmss_benchmarkgame_puzzle,native,5,r1c0,926108168,ok,
2026-04-24T15:02:55+0800,llvmss_benchmarkgame_puzzle,native,5,cpu-cycles,235915260,ok,
2026-04-24T15:02:55+0800,llvmss_benchmarkgame_puzzle,native,5,L1-icache-load-misses,79541,ok,
2026-04-24T15:02:55+0800,llvmss_benchmarkgame_puzzle,native,5,branch-misses,9071,ok,
2026-04-24T15:02:55+0800,llvmss_benchmarkgame_puzzle,wasm-jit,5,r81d0,515526619,ok,
2026-04-24T15:02:55+0800,llvmss_benchmarkgame_puzzle,wasm-jit,5,r82d0,10890705,ok,
2026-04-24T15:02:55+0800,llvmss_benchmarkgame_puzzle,wasm-jit,5,r00c4,1019239106,ok,
2026-04-24T15:02:55+0800,llvmss_benchmarkgame_puzzle,wasm-jit,5,r01c4,3479298,ok,
2026-04-24T15:02:55+0800,llvmss_benchmarkgame_puzzle,wasm-jit,5,r1c0,6165521063,ok,
2026-04-24T15:02:55+0800,llvmss_benchmarkgame_puzzle,wasm-jit,5,cpu-cycles,1238326427,ok,
2026-04-24T15:02:55+0800,llvmss_benchmarkgame_puzzle,wasm-jit,5,L1-icache-load-misses,610271,ok,
2026-04-24T15:02:55+0800,llvmss_benchmarkgame_puzzle,wasm-jit,5,branch-misses,68383,ok,
2026-04-24T15:02:55+0800,llvmss_benchmarkgame_puzzle,wasm-aot,5,r81d0,514901902,ok,
2026-04-24T15:02:55+0800,llvmss_benchmarkgame_puzzle,wasm-aot,5,r82d0,10576020,ok,
2026-04-24T15:02:55+0800,llvmss_benchmarkgame_puzzle,wasm-aot,5,r00c4,1018868485,ok,
2026-04-24T15:02:55+0800,llvmss_benchmarkgame_puzzle,wasm-aot,5,r01c4,3404652,ok,
2026-04-24T15:02:55+0800,llvmss_benchmarkgame_puzzle,wasm-aot,5,r1c0,6163034075,ok,
2026-04-24T15:02:55+0800,llvmss_benchmarkgame_puzzle,wasm-aot,5,cpu-cycles,1237531370,ok,
2026-04-24T15:02:55+0800,llvmss_benchmarkgame_puzzle,wasm-aot,5,L1-icache-load-misses,555872,ok,
2026-04-24T15:02:55+0800,llvmss_benchmarkgame_puzzle,wasm-aot,5,branch-misses,58186,ok,
2026-04-24T15:02:59+0800,llvmss_misc_evalloop,native,1,r81d0,820240764,ok,
2026-04-24T15:02:59+0800,llvmss_misc_evalloop,native,1,r82d0,410248000,ok,
2026-04-24T15:02:59+0800,llvmss_misc_evalloop,native,1,r00c4,813439662,ok,
2026-04-24T15:02:59+0800,llvmss_misc_evalloop,native,1,r01c4,235198,ok,
2026-04-24T15:02:59+0800,llvmss_misc_evalloop,native,1,r1c0,1841497291,ok,
2026-04-24T15:02:59+0800,llvmss_misc_evalloop,native,1,cpu-cycles,1514775245,ok,
2026-04-24T15:02:59+0800,llvmss_misc_evalloop,native,1,L1-icache-load-misses,122942,ok,
2026-04-24T15:02:59+0800,llvmss_misc_evalloop,native,1,branch-misses,125851,ok,
2026-04-24T15:02:59+0800,llvmss_misc_evalloop,wasm-jit,1,r81d0,1432320655,ok,
2026-04-24T15:02:59+0800,llvmss_misc_evalloop,wasm-jit,1,r82d0,617697799,ok,
2026-04-24T15:02:59+0800,llvmss_misc_evalloop,wasm-jit,1,r00c4,1014663117,ok,
2026-04-24T15:02:59+0800,llvmss_misc_evalloop,wasm-jit,1,r01c4,7494544,ok,
2026-04-24T15:02:59+0800,llvmss_misc_evalloop,wasm-jit,1,r1c0,5895298607,ok,
2026-04-24T15:02:59+0800,llvmss_misc_evalloop,wasm-jit,1,cpu-cycles,1773443261,ok,
2026-04-24T15:02:59+0800,llvmss_misc_evalloop,wasm-jit,1,L1-icache-load-misses,648047,ok,
2026-04-24T15:02:59+0800,llvmss_misc_evalloop,wasm-jit,1,branch-misses,168822,ok,
2026-04-24T15:03:00+0800,llvmss_misc_evalloop,wasm-aot,1,r81d0,1431802939,ok,
2026-04-24T15:03:00+0800,llvmss_misc_evalloop,wasm-aot,1,r82d0,617428128,ok,
2026-04-24T15:03:00+0800,llvmss_misc_evalloop,wasm-aot,1,r00c4,1014341171,ok,
2026-04-24T15:03:00+0800,llvmss_misc_evalloop,wasm-aot,1,r01c4,7423103,ok,
2026-04-24T15:03:00+0800,llvmss_misc_evalloop,wasm-aot,1,r1c0,5893205398,ok,
2026-04-24T15:03:00+0800,llvmss_misc_evalloop,wasm-aot,1,cpu-cycles,1767814523,ok,
2026-04-24T15:03:00+0800,llvmss_misc_evalloop,wasm-aot,1,L1-icache-load-misses,574905,ok,
2026-04-24T15:03:00+0800,llvmss_misc_evalloop,wasm-aot,1,branch-misses,159945,ok,
2026-04-24T15:03:00+0800,llvmss_misc_evalloop,native,2,r81d0,820279174,ok,
2026-04-24T15:03:00+0800,llvmss_misc_evalloop,native,2,r82d0,410273280,ok,
2026-04-24T15:03:00+0800,llvmss_misc_evalloop,native,2,r00c4,813464897,ok,
2026-04-24T15:03:00+0800,llvmss_misc_evalloop,native,2,r01c4,240252,ok,
2026-04-24T15:03:00+0800,llvmss_misc_evalloop,native,2,r1c0,1841657404,ok,
2026-04-24T15:03:00+0800,llvmss_misc_evalloop,native,2,cpu-cycles,1514497569,ok,
2026-04-24T15:03:00+0800,llvmss_misc_evalloop,native,2,L1-icache-load-misses,131634,ok,
2026-04-24T15:03:00+0800,llvmss_misc_evalloop,native,2,branch-misses,111549,ok,
2026-04-24T15:03:01+0800,llvmss_misc_evalloop,wasm-jit,2,r81d0,1432305127,ok,
2026-04-24T15:03:01+0800,llvmss_misc_evalloop,wasm-jit,2,r82d0,617684696,ok,
2026-04-24T15:03:01+0800,llvmss_misc_evalloop,wasm-jit,2,r00c4,1014648262,ok,
2026-04-24T15:03:01+0800,llvmss_misc_evalloop,wasm-jit,2,r01c4,7489501,ok,
2026-04-24T15:03:01+0800,llvmss_misc_evalloop,wasm-jit,2,r1c0,5895219281,ok,
2026-04-24T15:03:01+0800,llvmss_misc_evalloop,wasm-jit,2,cpu-cycles,1766382373,ok,
2026-04-24T15:03:01+0800,llvmss_misc_evalloop,wasm-jit,2,L1-icache-load-misses,638376,ok,
2026-04-24T15:03:01+0800,llvmss_misc_evalloop,wasm-jit,2,branch-misses,168671,ok,
2026-04-24T15:03:01+0800,llvmss_misc_evalloop,wasm-aot,2,r81d0,1431760046,ok,
2026-04-24T15:03:01+0800,llvmss_misc_evalloop,wasm-aot,2,r82d0,617397650,ok,
2026-04-24T15:03:01+0800,llvmss_misc_evalloop,wasm-aot,2,r00c4,1014310913,ok,
2026-04-24T15:03:01+0800,llvmss_misc_evalloop,wasm-aot,2,r01c4,7417508,ok,
2026-04-24T15:03:01+0800,llvmss_misc_evalloop,wasm-aot,2,r1c0,5893042369,ok,
2026-04-24T15:03:01+0800,llvmss_misc_evalloop,wasm-aot,2,cpu-cycles,1763468402,ok,
2026-04-24T15:03:01+0800,llvmss_misc_evalloop,wasm-aot,2,L1-icache-load-misses,550082,ok,
2026-04-24T15:03:01+0800,llvmss_misc_evalloop,wasm-aot,2,branch-misses,157396,ok,
2026-04-24T15:03:02+0800,llvmss_misc_evalloop,native,3,r81d0,820242328,ok,
2026-04-24T15:03:02+0800,llvmss_misc_evalloop,native,3,r82d0,410251635,ok,
2026-04-24T15:03:02+0800,llvmss_misc_evalloop,native,3,r00c4,813441025,ok,
2026-04-24T15:03:02+0800,llvmss_misc_evalloop,native,3,r01c4,236912,ok,
2026-04-24T15:03:02+0800,llvmss_misc_evalloop,native,3,r1c0,1841516939,ok,
2026-04-24T15:03:02+0800,llvmss_misc_evalloop,native,3,cpu-cycles,1513549374,ok,
2026-04-24T15:03:02+0800,llvmss_misc_evalloop,native,3,L1-icache-load-misses,121640,ok,
2026-04-24T15:03:02+0800,llvmss_misc_evalloop,native,3,branch-misses,111489,ok,
2026-04-24T15:03:02+0800,llvmss_misc_evalloop,wasm-jit,3,r81d0,1432344465,ok,
2026-04-24T15:03:02+0800,llvmss_misc_evalloop,wasm-jit,3,r82d0,617707336,ok,
2026-04-24T15:03:02+0800,llvmss_misc_evalloop,wasm-jit,3,r00c4,1014683305,ok,
2026-04-24T15:03:02+0800,llvmss_misc_evalloop,wasm-jit,3,r01c4,7498928,ok,
2026-04-24T15:03:02+0800,llvmss_misc_evalloop,wasm-jit,3,r1c0,5895388991,ok,
2026-04-24T15:03:02+0800,llvmss_misc_evalloop,wasm-jit,3,cpu-cycles,1768001976,ok,
2026-04-24T15:03:02+0800,llvmss_misc_evalloop,wasm-jit,3,L1-icache-load-misses,625103,ok,
2026-04-24T15:03:02+0800,llvmss_misc_evalloop,wasm-jit,3,branch-misses,166177,ok,
2026-04-24T15:03:03+0800,llvmss_misc_evalloop,wasm-aot,3,r81d0,1431792171,ok,
2026-04-24T15:03:03+0800,llvmss_misc_evalloop,wasm-aot,3,r82d0,617410873,ok,
2026-04-24T15:03:03+0800,llvmss_misc_evalloop,wasm-aot,3,r00c4,1014345842,ok,
2026-04-24T15:03:03+0800,llvmss_misc_evalloop,wasm-aot,3,r01c4,7432600,ok,
2026-04-24T15:03:03+0800,llvmss_misc_evalloop,wasm-aot,3,r1c0,5893201580,ok,
2026-04-24T15:03:03+0800,llvmss_misc_evalloop,wasm-aot,3,cpu-cycles,1771228133,ok,
2026-04-24T15:03:03+0800,llvmss_misc_evalloop,wasm-aot,3,L1-icache-load-misses,565519,ok,
2026-04-24T15:03:03+0800,llvmss_misc_evalloop,wasm-aot,3,branch-misses,159229,ok,
2026-04-24T15:03:03+0800,llvmss_misc_evalloop,native,4,r81d0,820256281,ok,
2026-04-24T15:03:03+0800,llvmss_misc_evalloop,native,4,r82d0,410260306,ok,
2026-04-24T15:03:03+0800,llvmss_misc_evalloop,native,4,r00c4,813449936,ok,
2026-04-24T15:03:03+0800,llvmss_misc_evalloop,native,4,r01c4,239909,ok,
2026-04-24T15:03:03+0800,llvmss_misc_evalloop,native,4,r1c0,1841581987,ok,
2026-04-24T15:03:03+0800,llvmss_misc_evalloop,native,4,cpu-cycles,1517895120,ok,
2026-04-24T15:03:03+0800,llvmss_misc_evalloop,native,4,L1-icache-load-misses,136630,ok,
2026-04-24T15:03:03+0800,llvmss_misc_evalloop,native,4,branch-misses,217900,ok,
2026-04-24T15:03:04+0800,llvmss_misc_evalloop,wasm-jit,4,r81d0,1432331297,ok,
2026-04-24T15:03:04+0800,llvmss_misc_evalloop,wasm-jit,4,r82d0,617708842,ok,
2026-04-24T15:03:04+0800,llvmss_misc_evalloop,wasm-jit,4,r00c4,1014666944,ok,
2026-04-24T15:03:04+0800,llvmss_misc_evalloop,wasm-jit,4,r01c4,7492916,ok,
2026-04-24T15:03:04+0800,llvmss_misc_evalloop,wasm-jit,4,r1c0,5895325890,ok,
2026-04-24T15:03:04+0800,llvmss_misc_evalloop,wasm-jit,4,cpu-cycles,1766786382,ok,
2026-04-24T15:03:04+0800,llvmss_misc_evalloop,wasm-jit,4,L1-icache-load-misses,640539,ok,
2026-04-24T15:03:04+0800,llvmss_misc_evalloop,wasm-jit,4,branch-misses,169948,ok,
2026-04-24T15:03:04+0800,llvmss_misc_evalloop,wasm-aot,4,r81d0,1431843058,ok,
2026-04-24T15:03:04+0800,llvmss_misc_evalloop,wasm-aot,4,r82d0,617443763,ok,
2026-04-24T15:03:04+0800,llvmss_misc_evalloop,wasm-aot,4,r00c4,1014369037,ok,
2026-04-24T15:03:04+0800,llvmss_misc_evalloop,wasm-aot,4,r01c4,7428438,ok,
2026-04-24T15:03:04+0800,llvmss_misc_evalloop,wasm-aot,4,r1c0,5893362952,ok,
2026-04-24T15:03:04+0800,llvmss_misc_evalloop,wasm-aot,4,cpu-cycles,1762735062,ok,
2026-04-24T15:03:04+0800,llvmss_misc_evalloop,wasm-aot,4,L1-icache-load-misses,590049,ok,
2026-04-24T15:03:04+0800,llvmss_misc_evalloop,wasm-aot,4,branch-misses,160293,ok,
2026-04-24T15:03:05+0800,llvmss_misc_evalloop,native,5,r81d0,820234783,ok,
2026-04-24T15:03:05+0800,llvmss_misc_evalloop,native,5,r82d0,410245600,ok,
2026-04-24T15:03:05+0800,llvmss_misc_evalloop,native,5,r00c4,813435652,ok,
2026-04-24T15:03:05+0800,llvmss_misc_evalloop,native,5,r01c4,236448,ok,
2026-04-24T15:03:05+0800,llvmss_misc_evalloop,native,5,r1c0,1841484755,ok,
2026-04-24T15:03:05+0800,llvmss_misc_evalloop,native,5,cpu-cycles,1513855411,ok,
2026-04-24T15:03:05+0800,llvmss_misc_evalloop,native,5,L1-icache-load-misses,120653,ok,
2026-04-24T15:03:05+0800,llvmss_misc_evalloop,native,5,branch-misses,111517,ok,
2026-04-24T15:03:05+0800,llvmss_misc_evalloop,wasm-jit,5,r81d0,1432304692,ok,
2026-04-24T15:03:05+0800,llvmss_misc_evalloop,wasm-jit,5,r82d0,617685946,ok,
2026-04-24T15:03:05+0800,llvmss_misc_evalloop,wasm-jit,5,r00c4,1014652626,ok,
2026-04-24T15:03:05+0800,llvmss_misc_evalloop,wasm-jit,5,r01c4,7490598,ok,
2026-04-24T15:03:05+0800,llvmss_misc_evalloop,wasm-jit,5,r1c0,5895214839,ok,
2026-04-24T15:03:05+0800,llvmss_misc_evalloop,wasm-jit,5,cpu-cycles,1767255836,ok,
2026-04-24T15:03:05+0800,llvmss_misc_evalloop,wasm-jit,5,L1-icache-load-misses,621993,ok,
2026-04-24T15:03:05+0800,llvmss_misc_evalloop,wasm-jit,5,branch-misses,167079,ok,
2026-04-24T15:03:06+0800,llvmss_misc_evalloop,wasm-aot,5,r81d0,1431788282,ok,
2026-04-24T15:03:06+0800,llvmss_misc_evalloop,wasm-aot,5,r82d0,617419083,ok,
2026-04-24T15:03:06+0800,llvmss_misc_evalloop,wasm-aot,5,r00c4,1014328489,ok,
2026-04-24T15:03:06+0800,llvmss_misc_evalloop,wasm-aot,5,r01c4,7424423,ok,
2026-04-24T15:03:06+0800,llvmss_misc_evalloop,wasm-aot,5,r1c0,5893157948,ok,
2026-04-24T15:03:06+0800,llvmss_misc_evalloop,wasm-aot,5,cpu-cycles,1770393497,ok,
2026-04-24T15:03:06+0800,llvmss_misc_evalloop,wasm-aot,5,L1-icache-load-misses,554685,ok,
2026-04-24T15:03:06+0800,llvmss_misc_evalloop,wasm-aot,5,branch-misses,156543,ok,
2026-04-24T15:03:10+0800,llvmss_misc_flops-1,native,1,r81d0,1386814,ok,
2026-04-24T15:03:10+0800,llvmss_misc_flops-1,native,1,r82d0,869347,ok,
2026-04-24T15:03:10+0800,llvmss_misc_flops-1,native,1,r00c4,313476057,ok,
2026-04-24T15:03:10+0800,llvmss_misc_flops-1,native,1,r01c4,312678410,ok,
2026-04-24T15:03:10+0800,llvmss_misc_flops-1,native,1,r1c0,5943079876,ok,
2026-04-24T15:03:10+0800,llvmss_misc_flops-1,native,1,cpu-cycles,2161455463,ok,
2026-04-24T15:03:10+0800,llvmss_misc_flops-1,native,1,L1-icache-load-misses,157032,ok,
2026-04-24T15:03:10+0800,llvmss_misc_flops-1,native,1,branch-misses,12038,ok,
2026-04-24T15:03:11+0800,llvmss_misc_flops-1,wasm-jit,1,r81d0,5550864,ok,
2026-04-24T15:03:11+0800,llvmss_misc_flops-1,wasm-jit,1,r82d0,3415044,ok,
2026-04-24T15:03:11+0800,llvmss_misc_flops-1,wasm-jit,1,r00c4,316732215,ok,
2026-04-24T15:03:11+0800,llvmss_misc_flops-1,wasm-jit,1,r01c4,313461012,ok,
2026-04-24T15:03:11+0800,llvmss_misc_flops-1,wasm-jit,1,r1c0,5335491838,ok,
2026-04-24T15:03:11+0800,llvmss_misc_flops-1,wasm-jit,1,cpu-cycles,2639511169,ok,
2026-04-24T15:03:11+0800,llvmss_misc_flops-1,wasm-jit,1,L1-icache-load-misses,671464,ok,
2026-04-24T15:03:11+0800,llvmss_misc_flops-1,wasm-jit,1,branch-misses,67084,ok,
2026-04-24T15:03:12+0800,llvmss_misc_flops-1,wasm-aot,1,r81d0,4966274,ok,
2026-04-24T15:03:12+0800,llvmss_misc_flops-1,wasm-aot,1,r82d0,3115569,ok,
2026-04-24T15:03:12+0800,llvmss_misc_flops-1,wasm-aot,1,r00c4,316353406,ok,
2026-04-24T15:03:12+0800,llvmss_misc_flops-1,wasm-aot,1,r01c4,313378641,ok,
2026-04-24T15:03:12+0800,llvmss_misc_flops-1,wasm-aot,1,r1c0,5333143031,ok,
2026-04-24T15:03:12+0800,llvmss_misc_flops-1,wasm-aot,1,cpu-cycles,2636121531,ok,
2026-04-24T15:03:12+0800,llvmss_misc_flops-1,wasm-aot,1,L1-icache-load-misses,609580,ok,
2026-04-24T15:03:12+0800,llvmss_misc_flops-1,wasm-aot,1,branch-misses,58241,ok,
2026-04-24T15:03:13+0800,llvmss_misc_flops-1,native,2,r81d0,1449217,ok,
2026-04-24T15:03:13+0800,llvmss_misc_flops-1,native,2,r82d0,905171,ok,
2026-04-24T15:03:13+0800,llvmss_misc_flops-1,native,2,r00c4,313521068,ok,
2026-04-24T15:03:13+0800,llvmss_misc_flops-1,native,2,r01c4,312685678,ok,
2026-04-24T15:03:13+0800,llvmss_misc_flops-1,native,2,r1c0,5943346148,ok,
2026-04-24T15:03:13+0800,llvmss_misc_flops-1,native,2,cpu-cycles,2194869945,ok,
2026-04-24T15:03:13+0800,llvmss_misc_flops-1,native,2,L1-icache-load-misses,149365,ok,
2026-04-24T15:03:13+0800,llvmss_misc_flops-1,native,2,branch-misses,10282,ok,
2026-04-24T15:03:13+0800,llvmss_misc_flops-1,wasm-jit,2,r81d0,5461836,ok,
2026-04-24T15:03:13+0800,llvmss_misc_flops-1,wasm-jit,2,r82d0,3372622,ok,
2026-04-24T15:03:13+0800,llvmss_misc_flops-1,wasm-jit,2,r00c4,316663429,ok,
2026-04-24T15:03:13+0800,llvmss_misc_flops-1,wasm-jit,2,r01c4,313449018,ok,
2026-04-24T15:03:13+0800,llvmss_misc_flops-1,wasm-jit,2,r1c0,5335143917,ok,
2026-04-24T15:03:13+0800,llvmss_misc_flops-1,wasm-jit,2,cpu-cycles,2638787792,ok,
2026-04-24T15:03:13+0800,llvmss_misc_flops-1,wasm-jit,2,L1-icache-load-misses,663884,ok,
2026-04-24T15:03:13+0800,llvmss_misc_flops-1,wasm-jit,2,branch-misses,65780,ok,
2026-04-24T15:03:14+0800,llvmss_misc_flops-1,wasm-aot,2,r81d0,4991075,ok,
2026-04-24T15:03:14+0800,llvmss_misc_flops-1,wasm-aot,2,r82d0,3133602,ok,
2026-04-24T15:03:14+0800,llvmss_misc_flops-1,wasm-aot,2,r00c4,316377283,ok,
2026-04-24T15:03:14+0800,llvmss_misc_flops-1,wasm-aot,2,r01c4,313384970,ok,
2026-04-24T15:03:14+0800,llvmss_misc_flops-1,wasm-aot,2,r1c0,5333256858,ok,
2026-04-24T15:03:14+0800,llvmss_misc_flops-1,wasm-aot,2,cpu-cycles,2679701310,ok,
2026-04-24T15:03:14+0800,llvmss_misc_flops-1,wasm-aot,2,L1-icache-load-misses,592553,ok,
2026-04-24T15:03:14+0800,llvmss_misc_flops-1,wasm-aot,2,branch-misses,57558,ok,
2026-04-24T15:03:15+0800,llvmss_misc_flops-1,native,3,r81d0,1416153,ok,
2026-04-24T15:03:15+0800,llvmss_misc_flops-1,native,3,r82d0,887924,ok,
2026-04-24T15:03:15+0800,llvmss_misc_flops-1,native,3,r00c4,313496356,ok,
2026-04-24T15:03:15+0800,llvmss_misc_flops-1,native,3,r01c4,312680302,ok,
2026-04-24T15:03:15+0800,llvmss_misc_flops-1,native,3,r1c0,5943207864,ok,
2026-04-24T15:03:15+0800,llvmss_misc_flops-1,native,3,cpu-cycles,2272992903,ok,
2026-04-24T15:03:15+0800,llvmss_misc_flops-1,native,3,L1-icache-load-misses,144415,ok,
2026-04-24T15:03:15+0800,llvmss_misc_flops-1,native,3,branch-misses,10653,ok,
2026-04-24T15:03:15+0800,llvmss_misc_flops-1,wasm-jit,3,r81d0,5385391,ok,
2026-04-24T15:03:15+0800,llvmss_misc_flops-1,wasm-jit,3,r82d0,3325642,ok,
2026-04-24T15:03:15+0800,llvmss_misc_flops-1,wasm-jit,3,r00c4,316607774,ok,
2026-04-24T15:03:15+0800,llvmss_misc_flops-1,wasm-jit,3,r01c4,313435678,ok,
2026-04-24T15:03:15+0800,llvmss_misc_flops-1,wasm-jit,3,r1c0,5334815082,ok,
2026-04-24T15:03:15+0800,llvmss_misc_flops-1,wasm-jit,3,cpu-cycles,2638217255,ok,
2026-04-24T15:03:15+0800,llvmss_misc_flops-1,wasm-jit,3,L1-icache-load-misses,655106,ok,
2026-04-24T15:03:15+0800,llvmss_misc_flops-1,wasm-jit,3,branch-misses,66130,ok,
2026-04-24T15:03:16+0800,llvmss_misc_flops-1,wasm-aot,3,r81d0,4979172,ok,
2026-04-24T15:03:16+0800,llvmss_misc_flops-1,wasm-aot,3,r82d0,3122521,ok,
2026-04-24T15:03:16+0800,llvmss_misc_flops-1,wasm-aot,3,r00c4,316370961,ok,
2026-04-24T15:03:16+0800,llvmss_misc_flops-1,wasm-aot,3,r01c4,313383618,ok,
2026-04-24T15:03:16+0800,llvmss_misc_flops-1,wasm-aot,3,r1c0,5333193537,ok,
2026-04-24T15:03:16+0800,llvmss_misc_flops-1,wasm-aot,3,cpu-cycles,2636855583,ok,
2026-04-24T15:03:16+0800,llvmss_misc_flops-1,wasm-aot,3,L1-icache-load-misses,615555,ok,
2026-04-24T15:03:16+0800,llvmss_misc_flops-1,wasm-aot,3,branch-misses,59812,ok,
2026-04-24T15:03:17+0800,llvmss_misc_flops-1,native,4,r81d0,1388250,ok,
2026-04-24T15:03:17+0800,llvmss_misc_flops-1,native,4,r82d0,867916,ok,
2026-04-24T15:03:17+0800,llvmss_misc_flops-1,native,4,r00c4,313481552,ok,
2026-04-24T15:03:17+0800,llvmss_misc_flops-1,native,4,r01c4,312677407,ok,
2026-04-24T15:03:17+0800,llvmss_misc_flops-1,native,4,r1c0,5943096719,ok,
2026-04-24T15:03:17+0800,llvmss_misc_flops-1,native,4,cpu-cycles,2107578469,ok,
2026-04-24T15:03:17+0800,llvmss_misc_flops-1,native,4,L1-icache-load-misses,153148,ok,
2026-04-24T15:03:17+0800,llvmss_misc_flops-1,native,4,branch-misses,11261,ok,
2026-04-24T15:03:18+0800,llvmss_misc_flops-1,wasm-jit,4,r81d0,5507597,ok,
2026-04-24T15:03:18+0800,llvmss_misc_flops-1,wasm-jit,4,r82d0,3388645,ok,
2026-04-24T15:03:18+0800,llvmss_misc_flops-1,wasm-jit,4,r00c4,316695767,ok,
2026-04-24T15:03:18+0800,llvmss_misc_flops-1,wasm-jit,4,r01c4,313451553,ok,
2026-04-24T15:03:18+0800,llvmss_misc_flops-1,wasm-jit,4,r1c0,5335294919,ok,
2026-04-24T15:03:18+0800,llvmss_misc_flops-1,wasm-jit,4,cpu-cycles,2639307590,ok,
2026-04-24T15:03:18+0800,llvmss_misc_flops-1,wasm-jit,4,L1-icache-load-misses,685933,ok,
2026-04-24T15:03:18+0800,llvmss_misc_flops-1,wasm-jit,4,branch-misses,69688,ok,
2026-04-24T15:03:18+0800,llvmss_misc_flops-1,wasm-aot,4,r81d0,4961515,ok,
2026-04-24T15:03:18+0800,llvmss_misc_flops-1,wasm-aot,4,r82d0,3108954,ok,
2026-04-24T15:03:18+0800,llvmss_misc_flops-1,wasm-aot,4,r00c4,316356177,ok,
2026-04-24T15:03:18+0800,llvmss_misc_flops-1,wasm-aot,4,r01c4,313378847,ok,
2026-04-24T15:03:18+0800,llvmss_misc_flops-1,wasm-aot,4,r1c0,5333120402,ok,
2026-04-24T15:03:18+0800,llvmss_misc_flops-1,wasm-aot,4,cpu-cycles,2636778941,ok,
2026-04-24T15:03:18+0800,llvmss_misc_flops-1,wasm-aot,4,L1-icache-load-misses,612713,ok,
2026-04-24T15:03:18+0800,llvmss_misc_flops-1,wasm-aot,4,branch-misses,59898,ok,
2026-04-24T15:03:19+0800,llvmss_misc_flops-1,native,5,r81d0,1377711,ok,
2026-04-24T15:03:19+0800,llvmss_misc_flops-1,native,5,r82d0,862134,ok,
2026-04-24T15:03:19+0800,llvmss_misc_flops-1,native,5,r00c4,313469974,ok,
2026-04-24T15:03:19+0800,llvmss_misc_flops-1,native,5,r01c4,312676446,ok,
2026-04-24T15:03:19+0800,llvmss_misc_flops-1,native,5,r1c0,5943057153,ok,
2026-04-24T15:03:19+0800,llvmss_misc_flops-1,native,5,cpu-cycles,2107604834,ok,
2026-04-24T15:03:19+0800,llvmss_misc_flops-1,native,5,L1-icache-load-misses,149356,ok,
2026-04-24T15:03:19+0800,llvmss_misc_flops-1,native,5,branch-misses,11063,ok,
2026-04-24T15:03:20+0800,llvmss_misc_flops-1,wasm-jit,5,r81d0,5455964,ok,
2026-04-24T15:03:20+0800,llvmss_misc_flops-1,wasm-jit,5,r82d0,3366971,ok,
2026-04-24T15:03:20+0800,llvmss_misc_flops-1,wasm-jit,5,r00c4,316659898,ok,
2026-04-24T15:03:20+0800,llvmss_misc_flops-1,wasm-jit,5,r01c4,313446356,ok,
2026-04-24T15:03:20+0800,llvmss_misc_flops-1,wasm-jit,5,r1c0,5335107055,ok,
2026-04-24T15:03:20+0800,llvmss_misc_flops-1,wasm-jit,5,cpu-cycles,2639561794,ok,
2026-04-24T15:03:20+0800,llvmss_misc_flops-1,wasm-jit,5,L1-icache-load-misses,657212,ok,
2026-04-24T15:03:20+0800,llvmss_misc_flops-1,wasm-jit,5,branch-misses,66249,ok,
2026-04-24T15:03:20+0800,llvmss_misc_flops-1,wasm-aot,5,r81d0,5042929,ok,
2026-04-24T15:03:20+0800,llvmss_misc_flops-1,wasm-aot,5,r82d0,3158464,ok,
2026-04-24T15:03:20+0800,llvmss_misc_flops-1,wasm-aot,5,r00c4,316418772,ok,
2026-04-24T15:03:20+0800,llvmss_misc_flops-1,wasm-aot,5,r01c4,313391836,ok,
2026-04-24T15:03:20+0800,llvmss_misc_flops-1,wasm-aot,5,r1c0,5333466626,ok,
2026-04-24T15:03:20+0800,llvmss_misc_flops-1,wasm-aot,5,cpu-cycles,2637549504,ok,
2026-04-24T15:03:20+0800,llvmss_misc_flops-1,wasm-aot,5,L1-icache-load-misses,627970,ok,
2026-04-24T15:03:20+0800,llvmss_misc_flops-1,wasm-aot,5,branch-misses,62627,ok,
2026-04-24T15:03:23+0800,llvmss_misc_flops-2,native,1,r81d0,1043368,ok,
2026-04-24T15:03:23+0800,llvmss_misc_flops-2,native,1,r82d0,649023,ok,
2026-04-24T15:03:23+0800,llvmss_misc_flops-2,native,1,r00c4,98397429,ok,
2026-04-24T15:03:23+0800,llvmss_misc_flops-2,native,1,r01c4,97792693,ok,
2026-04-24T15:03:23+0800,llvmss_misc_flops-2,native,1,r1c0,1449516132,ok,
2026-04-24T15:03:23+0800,llvmss_misc_flops-2,native,1,cpu-cycles,1505740113,ok,
2026-04-24T15:03:23+0800,llvmss_misc_flops-2,native,1,L1-icache-load-misses,124862,ok,
2026-04-24T15:03:23+0800,llvmss_misc_flops-2,native,1,branch-misses,10019,ok,
2026-04-24T15:03:24+0800,llvmss_misc_flops-2,wasm-jit,1,r81d0,4888610,ok,
2026-04-24T15:03:24+0800,llvmss_misc_flops-2,wasm-jit,1,r82d0,3001858,ok,
2026-04-24T15:03:24+0800,llvmss_misc_flops-2,wasm-jit,1,r00c4,472520485,ok,
2026-04-24T15:03:24+0800,llvmss_misc_flops-2,wasm-jit,1,r01c4,157132735,ok,
2026-04-24T15:03:24+0800,llvmss_misc_flops-2,wasm-jit,1,r1c0,3145342777,ok,
2026-04-24T15:03:24+0800,llvmss_misc_flops-2,wasm-jit,1,cpu-cycles,1480580547,ok,
2026-04-24T15:03:24+0800,llvmss_misc_flops-2,wasm-jit,1,L1-icache-load-misses,597862,ok,
2026-04-24T15:03:24+0800,llvmss_misc_flops-2,wasm-jit,1,branch-misses,64705,ok,
2026-04-24T15:03:24+0800,llvmss_misc_flops-2,wasm-aot,1,r81d0,4360507,ok,
2026-04-24T15:03:24+0800,llvmss_misc_flops-2,wasm-aot,1,r82d0,2735176,ok,
2026-04-24T15:03:24+0800,llvmss_misc_flops-2,wasm-aot,1,r00c4,472192345,ok,
2026-04-24T15:03:24+0800,llvmss_misc_flops-2,wasm-aot,1,r01c4,157064991,ok,
2026-04-24T15:03:24+0800,llvmss_misc_flops-2,wasm-aot,1,r1c0,3143230674,ok,
2026-04-24T15:03:24+0800,llvmss_misc_flops-2,wasm-aot,1,cpu-cycles,1479209965,ok,
2026-04-24T15:03:24+0800,llvmss_misc_flops-2,wasm-aot,1,L1-icache-load-misses,562446,ok,
2026-04-24T15:03:24+0800,llvmss_misc_flops-2,wasm-aot,1,branch-misses,58266,ok,
2026-04-24T15:03:25+0800,llvmss_misc_flops-2,native,2,r81d0,1014993,ok,
2026-04-24T15:03:25+0800,llvmss_misc_flops-2,native,2,r82d0,631906,ok,
2026-04-24T15:03:25+0800,llvmss_misc_flops-2,native,2,r00c4,98378685,ok,
2026-04-24T15:03:25+0800,llvmss_misc_flops-2,native,2,r01c4,97790623,ok,
2026-04-24T15:03:25+0800,llvmss_misc_flops-2,native,2,r1c0,1449415479,ok,
2026-04-24T15:03:25+0800,llvmss_misc_flops-2,native,2,cpu-cycles,1505341139,ok,
2026-04-24T15:03:25+0800,llvmss_misc_flops-2,native,2,L1-icache-load-misses,112790,ok,
2026-04-24T15:03:25+0800,llvmss_misc_flops-2,native,2,branch-misses,10023,ok,
2026-04-24T15:03:25+0800,llvmss_misc_flops-2,wasm-jit,2,r81d0,4805863,ok,
2026-04-24T15:03:25+0800,llvmss_misc_flops-2,wasm-jit,2,r82d0,2958143,ok,
2026-04-24T15:03:25+0800,llvmss_misc_flops-2,wasm-jit,2,r00c4,472458060,ok,
2026-04-24T15:03:25+0800,llvmss_misc_flops-2,wasm-jit,2,r01c4,157114504,ok,
2026-04-24T15:03:25+0800,llvmss_misc_flops-2,wasm-jit,2,r1c0,3144997395,ok,
2026-04-24T15:03:25+0800,llvmss_misc_flops-2,wasm-jit,2,cpu-cycles,1479463896,ok,
2026-04-24T15:03:25+0800,llvmss_misc_flops-2,wasm-jit,2,L1-icache-load-misses,619166,ok,
2026-04-24T15:03:25+0800,llvmss_misc_flops-2,wasm-jit,2,branch-misses,67573,ok,
2026-04-24T15:03:26+0800,llvmss_misc_flops-2,wasm-aot,2,r81d0,4306993,ok,
2026-04-24T15:03:26+0800,llvmss_misc_flops-2,wasm-aot,2,r82d0,2703662,ok,
2026-04-24T15:03:26+0800,llvmss_misc_flops-2,wasm-aot,2,r00c4,472154473,ok,
2026-04-24T15:03:26+0800,llvmss_misc_flops-2,wasm-aot,2,r01c4,157049760,ok,
2026-04-24T15:03:26+0800,llvmss_misc_flops-2,wasm-aot,2,r1c0,3143012327,ok,
2026-04-24T15:03:26+0800,llvmss_misc_flops-2,wasm-aot,2,cpu-cycles,1478230063,ok,
2026-04-24T15:03:26+0800,llvmss_misc_flops-2,wasm-aot,2,L1-icache-load-misses,552944,ok,
2026-04-24T15:03:26+0800,llvmss_misc_flops-2,wasm-aot,2,branch-misses,57657,ok,
2026-04-24T15:03:26+0800,llvmss_misc_flops-2,native,3,r81d0,1000075,ok,
2026-04-24T15:03:26+0800,llvmss_misc_flops-2,native,3,r82d0,625726,ok,
2026-04-24T15:03:26+0800,llvmss_misc_flops-2,native,3,r00c4,98366467,ok,
2026-04-24T15:03:26+0800,llvmss_misc_flops-2,native,3,r01c4,97788848,ok,
2026-04-24T15:03:26+0800,llvmss_misc_flops-2,native,3,r1c0,1449358592,ok,
2026-04-24T15:03:26+0800,llvmss_misc_flops-2,native,3,cpu-cycles,1436711187,ok,
2026-04-24T15:03:26+0800,llvmss_misc_flops-2,native,3,L1-icache-load-misses,112594,ok,
2026-04-24T15:03:26+0800,llvmss_misc_flops-2,native,3,branch-misses,9892,ok,
2026-04-24T15:03:26+0800,llvmss_misc_flops-2,wasm-jit,3,r81d0,4905038,ok,
2026-04-24T15:03:26+0800,llvmss_misc_flops-2,wasm-jit,3,r82d0,3018790,ok,
2026-04-24T15:03:26+0800,llvmss_misc_flops-2,wasm-jit,3,r00c4,472531706,ok,
2026-04-24T15:03:26+0800,llvmss_misc_flops-2,wasm-jit,3,r01c4,157133033,ok,
2026-04-24T15:03:26+0800,llvmss_misc_flops-2,wasm-jit,3,r1c0,3145392841,ok,
2026-04-24T15:03:26+0800,llvmss_misc_flops-2,wasm-jit,3,cpu-cycles,1481125969,ok,
2026-04-24T15:03:26+0800,llvmss_misc_flops-2,wasm-jit,3,L1-icache-load-misses,637599,ok,
2026-04-24T15:03:26+0800,llvmss_misc_flops-2,wasm-jit,3,branch-misses,68462,ok,
2026-04-24T15:03:27+0800,llvmss_misc_flops-2,wasm-aot,3,r81d0,4364233,ok,
2026-04-24T15:03:27+0800,llvmss_misc_flops-2,wasm-aot,3,r82d0,2734597,ok,
2026-04-24T15:03:27+0800,llvmss_misc_flops-2,wasm-aot,3,r00c4,472197395,ok,
2026-04-24T15:03:27+0800,llvmss_misc_flops-2,wasm-aot,3,r01c4,157062456,ok,
2026-04-24T15:03:27+0800,llvmss_misc_flops-2,wasm-aot,3,r1c0,3143250002,ok,
2026-04-24T15:03:27+0800,llvmss_misc_flops-2,wasm-aot,3,cpu-cycles,1477969790,ok,
2026-04-24T15:03:27+0800,llvmss_misc_flops-2,wasm-aot,3,L1-icache-load-misses,566651,ok,
2026-04-24T15:03:27+0800,llvmss_misc_flops-2,wasm-aot,3,branch-misses,58185,ok,
2026-04-24T15:03:27+0800,llvmss_misc_flops-2,native,4,r81d0,1002148,ok,
2026-04-24T15:03:27+0800,llvmss_misc_flops-2,native,4,r82d0,625006,ok,
2026-04-24T15:03:27+0800,llvmss_misc_flops-2,native,4,r00c4,98368711,ok,
2026-04-24T15:03:27+0800,llvmss_misc_flops-2,native,4,r01c4,97788448,ok,
2026-04-24T15:03:27+0800,llvmss_misc_flops-2,native,4,r1c0,1449360415,ok,
2026-04-24T15:03:27+0800,llvmss_misc_flops-2,native,4,cpu-cycles,1436480820,ok,
2026-04-24T15:03:27+0800,llvmss_misc_flops-2,native,4,L1-icache-load-misses,117535,ok,
2026-04-24T15:03:27+0800,llvmss_misc_flops-2,native,4,branch-misses,10052,ok,
2026-04-24T15:03:28+0800,llvmss_misc_flops-2,wasm-jit,4,r81d0,4875314,ok,
2026-04-24T15:03:28+0800,llvmss_misc_flops-2,wasm-jit,4,r82d0,3004820,ok,
2026-04-24T15:03:28+0800,llvmss_misc_flops-2,wasm-jit,4,r00c4,472509754,ok,
2026-04-24T15:03:28+0800,llvmss_misc_flops-2,wasm-jit,4,r01c4,157124500,ok,
2026-04-24T15:03:28+0800,llvmss_misc_flops-2,wasm-jit,4,r1c0,3145278189,ok,
2026-04-24T15:03:28+0800,llvmss_misc_flops-2,wasm-jit,4,cpu-cycles,1480735025,ok,
2026-04-24T15:03:28+0800,llvmss_misc_flops-2,wasm-jit,4,L1-icache-load-misses,617007,ok,
2026-04-24T15:03:28+0800,llvmss_misc_flops-2,wasm-jit,4,branch-misses,65390,ok,
2026-04-24T15:03:28+0800,llvmss_misc_flops-2,wasm-aot,4,r81d0,4314086,ok,
2026-04-24T15:03:28+0800,llvmss_misc_flops-2,wasm-aot,4,r82d0,2707156,ok,
2026-04-24T15:03:28+0800,llvmss_misc_flops-2,wasm-aot,4,r00c4,472162963,ok,
2026-04-24T15:03:28+0800,llvmss_misc_flops-2,wasm-aot,4,r01c4,157055382,ok,
2026-04-24T15:03:28+0800,llvmss_misc_flops-2,wasm-aot,4,r1c0,3143041800,ok,
2026-04-24T15:03:28+0800,llvmss_misc_flops-2,wasm-aot,4,cpu-cycles,1477740045,ok,
2026-04-24T15:03:28+0800,llvmss_misc_flops-2,wasm-aot,4,L1-icache-load-misses,548268,ok,
2026-04-24T15:03:28+0800,llvmss_misc_flops-2,wasm-aot,4,branch-misses,56099,ok,
2026-04-24T15:03:29+0800,llvmss_misc_flops-2,native,5,r81d0,1023098,ok,
2026-04-24T15:03:29+0800,llvmss_misc_flops-2,native,5,r82d0,639154,ok,
2026-04-24T15:03:29+0800,llvmss_misc_flops-2,native,5,r00c4,98382498,ok,
2026-04-24T15:03:29+0800,llvmss_misc_flops-2,native,5,r01c4,97791700,ok,
2026-04-24T15:03:29+0800,llvmss_misc_flops-2,native,5,r1c0,1449437374,ok,
2026-04-24T15:03:29+0800,llvmss_misc_flops-2,native,5,cpu-cycles,1506132010,ok,
2026-04-24T15:03:29+0800,llvmss_misc_flops-2,native,5,L1-icache-load-misses,119417,ok,
2026-04-24T15:03:29+0800,llvmss_misc_flops-2,native,5,branch-misses,8906,ok,
2026-04-24T15:03:29+0800,llvmss_misc_flops-2,wasm-jit,5,r81d0,4899400,ok,
2026-04-24T15:03:29+0800,llvmss_misc_flops-2,wasm-jit,5,r82d0,3018334,ok,
2026-04-24T15:03:29+0800,llvmss_misc_flops-2,wasm-jit,5,r00c4,472526562,ok,
2026-04-24T15:03:29+0800,llvmss_misc_flops-2,wasm-jit,5,r01c4,157129788,ok,
2026-04-24T15:03:29+0800,llvmss_misc_flops-2,wasm-jit,5,r1c0,3145389635,ok,
2026-04-24T15:03:29+0800,llvmss_misc_flops-2,wasm-jit,5,cpu-cycles,1480227426,ok,
2026-04-24T15:03:29+0800,llvmss_misc_flops-2,wasm-jit,5,L1-icache-load-misses,612160,ok,
2026-04-24T15:03:29+0800,llvmss_misc_flops-2,wasm-jit,5,branch-misses,65938,ok,
2026-04-24T15:03:29+0800,llvmss_misc_flops-2,wasm-aot,5,r81d0,4388883,ok,
2026-04-24T15:03:29+0800,llvmss_misc_flops-2,wasm-aot,5,r82d0,2752367,ok,
2026-04-24T15:03:29+0800,llvmss_misc_flops-2,wasm-aot,5,r00c4,472216353,ok,
2026-04-24T15:03:29+0800,llvmss_misc_flops-2,wasm-aot,5,r01c4,157067479,ok,
2026-04-24T15:03:29+0800,llvmss_misc_flops-2,wasm-aot,5,r1c0,3143352480,ok,
2026-04-24T15:03:29+0800,llvmss_misc_flops-2,wasm-aot,5,cpu-cycles,1478860289,ok,
2026-04-24T15:03:29+0800,llvmss_misc_flops-2,wasm-aot,5,L1-icache-load-misses,578080,ok,
2026-04-24T15:03:29+0800,llvmss_misc_flops-2,wasm-aot,5,branch-misses,58805,ok,
2026-04-24T15:03:36+0800,llvmss_misc_flops-3,native,1,r81d0,1957076,ok,
2026-04-24T15:03:36+0800,llvmss_misc_flops-3,native,1,r82d0,1221965,ok,
2026-04-24T15:03:36+0800,llvmss_misc_flops-3,native,1,r00c4,313867437,ok,
2026-04-24T15:03:36+0800,llvmss_misc_flops-3,native,1,r01c4,312742425,ok,
2026-04-24T15:03:36+0800,llvmss_misc_flops-3,native,1,r1c0,6882824595,ok,
2026-04-24T15:03:36+0800,llvmss_misc_flops-3,native,1,cpu-cycles,3210333706,ok,
2026-04-24T15:03:36+0800,llvmss_misc_flops-3,native,1,L1-icache-load-misses,193317,ok,
2026-04-24T15:03:36+0800,llvmss_misc_flops-3,native,1,branch-misses,12088,ok,
2026-04-24T15:03:37+0800,llvmss_misc_flops-3,wasm-jit,1,r81d0,5883907,ok,
2026-04-24T15:03:37+0800,llvmss_misc_flops-3,wasm-jit,1,r82d0,3634571,ok,
2026-04-24T15:03:37+0800,llvmss_misc_flops-3,wasm-jit,1,r00c4,316954627,ok,
2026-04-24T15:03:37+0800,llvmss_misc_flops-3,wasm-jit,1,r01c4,313498451,ok,
2026-04-24T15:03:37+0800,llvmss_misc_flops-3,wasm-jit,1,r1c0,6274318424,ok,
2026-04-24T15:03:37+0800,llvmss_misc_flops-3,wasm-jit,1,cpu-cycles,3329177648,ok,
2026-04-24T15:03:37+0800,llvmss_misc_flops-3,wasm-jit,1,L1-icache-load-misses,717007,ok,
2026-04-24T15:03:37+0800,llvmss_misc_flops-3,wasm-jit,1,branch-misses,70298,ok,
2026-04-24T15:03:37+0800,llvmss_misc_flops-3,wasm-aot,1,r81d0,5195395,ok,
2026-04-24T15:03:37+0800,llvmss_misc_flops-3,wasm-aot,1,r82d0,3261638,ok,
2026-04-24T15:03:37+0800,llvmss_misc_flops-3,wasm-aot,1,r00c4,316509266,ok,
2026-04-24T15:03:37+0800,llvmss_misc_flops-3,wasm-aot,1,r01c4,313403792,ok,
2026-04-24T15:03:37+0800,llvmss_misc_flops-3,wasm-aot,1,r1c0,6271536535,ok,
2026-04-24T15:03:37+0800,llvmss_misc_flops-3,wasm-aot,1,cpu-cycles,3062770035,ok,
2026-04-24T15:03:37+0800,llvmss_misc_flops-3,wasm-aot,1,L1-icache-load-misses,637724,ok,
2026-04-24T15:03:37+0800,llvmss_misc_flops-3,wasm-aot,1,branch-misses,61236,ok,
2026-04-24T15:03:38+0800,llvmss_misc_flops-3,native,2,r81d0,2004617,ok,
2026-04-24T15:03:38+0800,llvmss_misc_flops-3,native,2,r82d0,1259402,ok,
2026-04-24T15:03:38+0800,llvmss_misc_flops-3,native,2,r00c4,313898435,ok,
2026-04-24T15:03:38+0800,llvmss_misc_flops-3,native,2,r01c4,312749214,ok,
2026-04-24T15:03:38+0800,llvmss_misc_flops-3,native,2,r1c0,6883061593,ok,
2026-04-24T15:03:38+0800,llvmss_misc_flops-3,native,2,cpu-cycles,3349242875,ok,
2026-04-24T15:03:38+0800,llvmss_misc_flops-3,native,2,L1-icache-load-misses,186886,ok,
2026-04-24T15:03:38+0800,llvmss_misc_flops-3,native,2,branch-misses,12600,ok,
2026-04-24T15:03:39+0800,llvmss_misc_flops-3,wasm-jit,2,r81d0,5665650,ok,
2026-04-24T15:03:39+0800,llvmss_misc_flops-3,wasm-jit,2,r82d0,3498827,ok,
2026-04-24T15:03:39+0800,llvmss_misc_flops-3,wasm-jit,2,r00c4,316806683,ok,
2026-04-24T15:03:39+0800,llvmss_misc_flops-3,wasm-jit,2,r01c4,313471401,ok,
2026-04-24T15:03:39+0800,llvmss_misc_flops-3,wasm-jit,2,r1c0,6273436628,ok,
2026-04-24T15:03:39+0800,llvmss_misc_flops-3,wasm-jit,2,cpu-cycles,3064856768,ok,
2026-04-24T15:03:39+0800,llvmss_misc_flops-3,wasm-jit,2,L1-icache-load-misses,689325,ok,
2026-04-24T15:03:39+0800,llvmss_misc_flops-3,wasm-jit,2,branch-misses,68269,ok,
2026-04-24T15:03:40+0800,llvmss_misc_flops-3,wasm-aot,2,r81d0,5177345,ok,
2026-04-24T15:03:40+0800,llvmss_misc_flops-3,wasm-aot,2,r82d0,3254454,ok,
2026-04-24T15:03:40+0800,llvmss_misc_flops-3,wasm-aot,2,r00c4,316499642,ok,
2026-04-24T15:03:40+0800,llvmss_misc_flops-3,wasm-aot,2,r01c4,313405512,ok,
2026-04-24T15:03:40+0800,llvmss_misc_flops-3,wasm-aot,2,r1c0,6271483502,ok,
2026-04-24T15:03:40+0800,llvmss_misc_flops-3,wasm-aot,2,cpu-cycles,3065237508,ok,
2026-04-24T15:03:40+0800,llvmss_misc_flops-3,wasm-aot,2,L1-icache-load-misses,620661,ok,
2026-04-24T15:03:40+0800,llvmss_misc_flops-3,wasm-aot,2,branch-misses,57960,ok,
2026-04-24T15:03:41+0800,llvmss_misc_flops-3,native,3,r81d0,2048803,ok,
2026-04-24T15:03:41+0800,llvmss_misc_flops-3,native,3,r82d0,1279394,ok,
2026-04-24T15:03:41+0800,llvmss_misc_flops-3,native,3,r00c4,313941136,ok,
2026-04-24T15:03:41+0800,llvmss_misc_flops-3,native,3,r01c4,312755939,ok,
2026-04-24T15:03:41+0800,llvmss_misc_flops-3,native,3,r1c0,6883246054,ok,
2026-04-24T15:03:41+0800,llvmss_misc_flops-3,native,3,cpu-cycles,3351205751,ok,
2026-04-24T15:03:41+0800,llvmss_misc_flops-3,native,3,L1-icache-load-misses,204172,ok,
2026-04-24T15:03:41+0800,llvmss_misc_flops-3,native,3,branch-misses,15814,ok,
2026-04-24T15:03:42+0800,llvmss_misc_flops-3,wasm-jit,3,r81d0,5757270,ok,
2026-04-24T15:03:42+0800,llvmss_misc_flops-3,wasm-jit,3,r82d0,3558654,ok,
2026-04-24T15:03:42+0800,llvmss_misc_flops-3,wasm-jit,3,r00c4,316875293,ok,
2026-04-24T15:03:42+0800,llvmss_misc_flops-3,wasm-jit,3,r01c4,313482945,ok,
2026-04-24T15:03:42+0800,llvmss_misc_flops-3,wasm-jit,3,r1c0,6273840672,ok,
2026-04-24T15:03:42+0800,llvmss_misc_flops-3,wasm-jit,3,cpu-cycles,3065513872,ok,
2026-04-24T15:03:42+0800,llvmss_misc_flops-3,wasm-jit,3,L1-icache-load-misses,682099,ok,
2026-04-24T15:03:42+0800,llvmss_misc_flops-3,wasm-jit,3,branch-misses,72667,ok,
2026-04-24T15:03:43+0800,llvmss_misc_flops-3,wasm-aot,3,r81d0,5278057,ok,
2026-04-24T15:03:43+0800,llvmss_misc_flops-3,wasm-aot,3,r82d0,3312451,ok,
2026-04-24T15:03:43+0800,llvmss_misc_flops-3,wasm-aot,3,r00c4,316571797,ok,
2026-04-24T15:03:43+0800,llvmss_misc_flops-3,wasm-aot,3,r01c4,313412086,ok,
2026-04-24T15:03:43+0800,llvmss_misc_flops-3,wasm-aot,3,r1c0,6271898087,ok,
2026-04-24T15:03:43+0800,llvmss_misc_flops-3,wasm-aot,3,cpu-cycles,3275175805,ok,
2026-04-24T15:03:43+0800,llvmss_misc_flops-3,wasm-aot,3,L1-icache-load-misses,614985,ok,
2026-04-24T15:03:43+0800,llvmss_misc_flops-3,wasm-aot,3,branch-misses,61244,ok,
2026-04-24T15:03:44+0800,llvmss_misc_flops-3,native,4,r81d0,1904366,ok,
2026-04-24T15:03:44+0800,llvmss_misc_flops-3,native,4,r82d0,1190886,ok,
2026-04-24T15:03:44+0800,llvmss_misc_flops-3,native,4,r00c4,313835982,ok,
2026-04-24T15:03:44+0800,llvmss_misc_flops-3,native,4,r01c4,312735690,ok,
2026-04-24T15:03:44+0800,llvmss_misc_flops-3,native,4,r1c0,6882635079,ok,
2026-04-24T15:03:44+0800,llvmss_misc_flops-3,native,4,cpu-cycles,3251011020,ok,
2026-04-24T15:03:44+0800,llvmss_misc_flops-3,native,4,L1-icache-load-misses,172818,ok,
2026-04-24T15:03:44+0800,llvmss_misc_flops-3,native,4,branch-misses,10871,ok,
2026-04-24T15:03:45+0800,llvmss_misc_flops-3,wasm-jit,4,r81d0,5695423,ok,
2026-04-24T15:03:45+0800,llvmss_misc_flops-3,wasm-jit,4,r82d0,3510568,ok,
2026-04-24T15:03:45+0800,llvmss_misc_flops-3,wasm-jit,4,r00c4,316830681,ok,
2026-04-24T15:03:45+0800,llvmss_misc_flops-3,wasm-jit,4,r01c4,313474879,ok,
2026-04-24T15:03:45+0800,llvmss_misc_flops-3,wasm-jit,4,r1c0,6273586090,ok,
2026-04-24T15:03:45+0800,llvmss_misc_flops-3,wasm-jit,4,cpu-cycles,3064293844,ok,
2026-04-24T15:03:45+0800,llvmss_misc_flops-3,wasm-jit,4,L1-icache-load-misses,654552,ok,
2026-04-24T15:03:45+0800,llvmss_misc_flops-3,wasm-jit,4,branch-misses,67003,ok,
2026-04-24T15:03:46+0800,llvmss_misc_flops-3,wasm-aot,4,r81d0,5146476,ok,
2026-04-24T15:03:46+0800,llvmss_misc_flops-3,wasm-aot,4,r82d0,3225633,ok,
2026-04-24T15:03:46+0800,llvmss_misc_flops-3,wasm-aot,4,r00c4,316487347,ok,
2026-04-24T15:03:46+0800,llvmss_misc_flops-3,wasm-aot,4,r01c4,313401808,ok,
2026-04-24T15:03:46+0800,llvmss_misc_flops-3,wasm-aot,4,r1c0,6271366964,ok,
2026-04-24T15:03:46+0800,llvmss_misc_flops-3,wasm-aot,4,cpu-cycles,3061813203,ok,
2026-04-24T15:03:46+0800,llvmss_misc_flops-3,wasm-aot,4,L1-icache-load-misses,596377,ok,
2026-04-24T15:03:46+0800,llvmss_misc_flops-3,wasm-aot,4,branch-misses,58273,ok,
2026-04-24T15:03:47+0800,llvmss_misc_flops-3,native,5,r81d0,2029955,ok,
2026-04-24T15:03:47+0800,llvmss_misc_flops-3,native,5,r82d0,1270898,ok,
2026-04-24T15:03:47+0800,llvmss_misc_flops-3,native,5,r00c4,313921459,ok,
2026-04-24T15:03:47+0800,llvmss_misc_flops-3,native,5,r01c4,312752850,ok,
2026-04-24T15:03:47+0800,llvmss_misc_flops-3,native,5,r1c0,6883179658,ok,
2026-04-24T15:03:47+0800,llvmss_misc_flops-3,native,5,cpu-cycles,3349220478,ok,
2026-04-24T15:03:47+0800,llvmss_misc_flops-3,native,5,L1-icache-load-misses,168090,ok,
2026-04-24T15:03:47+0800,llvmss_misc_flops-3,native,5,branch-misses,11925,ok,
2026-04-24T15:03:47+0800,llvmss_misc_flops-3,wasm-jit,5,r81d0,5908512,ok,
2026-04-24T15:03:47+0800,llvmss_misc_flops-3,wasm-jit,5,r82d0,3649521,ok,
2026-04-24T15:03:47+0800,llvmss_misc_flops-3,wasm-jit,5,r00c4,316977972,ok,
2026-04-24T15:03:47+0800,llvmss_misc_flops-3,wasm-jit,5,r01c4,313498125,ok,
2026-04-24T15:03:47+0800,llvmss_misc_flops-3,wasm-jit,5,r1c0,6274427131,ok,
2026-04-24T15:03:47+0800,llvmss_misc_flops-3,wasm-jit,5,cpu-cycles,3351168210,ok,
2026-04-24T15:03:47+0800,llvmss_misc_flops-3,wasm-jit,5,L1-icache-load-misses,693553,ok,
2026-04-24T15:03:47+0800,llvmss_misc_flops-3,wasm-jit,5,branch-misses,70002,ok,
2026-04-24T15:03:48+0800,llvmss_misc_flops-3,wasm-aot,5,r81d0,5176181,ok,
2026-04-24T15:03:48+0800,llvmss_misc_flops-3,wasm-aot,5,r82d0,3243898,ok,
2026-04-24T15:03:48+0800,llvmss_misc_flops-3,wasm-aot,5,r00c4,316500388,ok,
2026-04-24T15:03:48+0800,llvmss_misc_flops-3,wasm-aot,5,r01c4,313397097,ok,
2026-04-24T15:03:48+0800,llvmss_misc_flops-3,wasm-aot,5,r1c0,6271477357,ok,
2026-04-24T15:03:48+0800,llvmss_misc_flops-3,wasm-aot,5,cpu-cycles,3062117364,ok,
2026-04-24T15:03:48+0800,llvmss_misc_flops-3,wasm-aot,5,L1-icache-load-misses,599436,ok,
2026-04-24T15:03:48+0800,llvmss_misc_flops-3,wasm-aot,5,branch-misses,56831,ok,
2026-04-24T15:03:51+0800,llvmss_misc_flops-4,native,1,r81d0,1031046,ok,
2026-04-24T15:03:51+0800,llvmss_misc_flops-4,native,1,r82d0,640021,ok,
2026-04-24T15:03:51+0800,llvmss_misc_flops-4,native,1,r00c4,156982544,ok,
2026-04-24T15:03:51+0800,llvmss_misc_flops-4,native,1,r01c4,156383888,ok,
2026-04-24T15:03:51+0800,llvmss_misc_flops-4,native,1,r1c0,3285398947,ok,
2026-04-24T15:03:51+0800,llvmss_misc_flops-4,native,1,cpu-cycles,1540202038,ok,
2026-04-24T15:03:51+0800,llvmss_misc_flops-4,native,1,L1-icache-load-misses,106557,ok,
2026-04-24T15:03:51+0800,llvmss_misc_flops-4,native,1,branch-misses,9097,ok,
2026-04-24T15:03:52+0800,llvmss_misc_flops-4,wasm-jit,1,r81d0,317347401,ok,
2026-04-24T15:03:52+0800,llvmss_misc_flops-4,wasm-jit,1,r82d0,2980061,ok,
2026-04-24T15:03:52+0800,llvmss_misc_flops-4,wasm-jit,1,r00c4,159994377,ok,
2026-04-24T15:03:52+0800,llvmss_misc_flops-4,wasm-jit,1,r01c4,157125128,ok,
2026-04-24T15:03:52+0800,llvmss_misc_flops-4,wasm-jit,1,r1c0,3145178145,ok,
2026-04-24T15:03:52+0800,llvmss_misc_flops-4,wasm-jit,1,cpu-cycles,1491653910,ok,
2026-04-24T15:03:52+0800,llvmss_misc_flops-4,wasm-jit,1,L1-icache-load-misses,613834,ok,
2026-04-24T15:03:52+0800,llvmss_misc_flops-4,wasm-jit,1,branch-misses,66166,ok,
2026-04-24T15:03:52+0800,llvmss_misc_flops-4,wasm-aot,1,r81d0,316823781,ok,
2026-04-24T15:03:52+0800,llvmss_misc_flops-4,wasm-aot,1,r82d0,2710651,ok,
2026-04-24T15:03:52+0800,llvmss_misc_flops-4,wasm-aot,1,r00c4,159665016,ok,
2026-04-24T15:03:52+0800,llvmss_misc_flops-4,wasm-aot,1,r01c4,157049700,ok,
2026-04-24T15:03:52+0800,llvmss_misc_flops-4,wasm-aot,1,r1c0,3143070281,ok,
2026-04-24T15:03:52+0800,llvmss_misc_flops-4,wasm-aot,1,cpu-cycles,1489243692,ok,
2026-04-24T15:03:52+0800,llvmss_misc_flops-4,wasm-aot,1,L1-icache-load-misses,541036,ok,
2026-04-24T15:03:52+0800,llvmss_misc_flops-4,wasm-aot,1,branch-misses,55863,ok,
2026-04-24T15:03:53+0800,llvmss_misc_flops-4,native,2,r81d0,1101897,ok,
2026-04-24T15:03:53+0800,llvmss_misc_flops-4,native,2,r82d0,691313,ok,
2026-04-24T15:03:53+0800,llvmss_misc_flops-4,native,2,r00c4,157029088,ok,
2026-04-24T15:03:53+0800,llvmss_misc_flops-4,native,2,r01c4,156394957,ok,
2026-04-24T15:03:53+0800,llvmss_misc_flops-4,native,2,r1c0,3285711979,ok,
2026-04-24T15:03:53+0800,llvmss_misc_flops-4,native,2,cpu-cycles,1577404688,ok,
2026-04-24T15:03:53+0800,llvmss_misc_flops-4,native,2,L1-icache-load-misses,124957,ok,
2026-04-24T15:03:53+0800,llvmss_misc_flops-4,native,2,branch-misses,10851,ok,
2026-04-24T15:03:53+0800,llvmss_misc_flops-4,wasm-jit,2,r81d0,317428183,ok,
2026-04-24T15:03:53+0800,llvmss_misc_flops-4,wasm-jit,2,r82d0,3033701,ok,
2026-04-24T15:03:53+0800,llvmss_misc_flops-4,wasm-jit,2,r00c4,160051217,ok,
2026-04-24T15:03:53+0800,llvmss_misc_flops-4,wasm-jit,2,r01c4,157137188,ok,
2026-04-24T15:03:53+0800,llvmss_misc_flops-4,wasm-jit,2,r1c0,3145504618,ok,
2026-04-24T15:03:53+0800,llvmss_misc_flops-4,wasm-jit,2,cpu-cycles,1492614935,ok,
2026-04-24T15:03:53+0800,llvmss_misc_flops-4,wasm-jit,2,L1-icache-load-misses,629279,ok,
2026-04-24T15:03:53+0800,llvmss_misc_flops-4,wasm-jit,2,branch-misses,66533,ok,
2026-04-24T15:03:54+0800,llvmss_misc_flops-4,wasm-aot,2,r81d0,316835340,ok,
2026-04-24T15:03:54+0800,llvmss_misc_flops-4,wasm-aot,2,r82d0,2719922,ok,
2026-04-24T15:03:54+0800,llvmss_misc_flops-4,wasm-aot,2,r00c4,159674048,ok,
2026-04-24T15:03:54+0800,llvmss_misc_flops-4,wasm-aot,2,r01c4,157052330,ok,
2026-04-24T15:03:54+0800,llvmss_misc_flops-4,wasm-aot,2,r1c0,3143130935,ok,
2026-04-24T15:03:54+0800,llvmss_misc_flops-4,wasm-aot,2,cpu-cycles,1488742771,ok,
2026-04-24T15:03:54+0800,llvmss_misc_flops-4,wasm-aot,2,L1-icache-load-misses,547683,ok,
2026-04-24T15:03:54+0800,llvmss_misc_flops-4,wasm-aot,2,branch-misses,57209,ok,
2026-04-24T15:03:54+0800,llvmss_misc_flops-4,native,3,r81d0,1032985,ok,
2026-04-24T15:03:54+0800,llvmss_misc_flops-4,native,3,r82d0,645163,ok,
2026-04-24T15:03:54+0800,llvmss_misc_flops-4,native,3,r00c4,156985237,ok,
2026-04-24T15:03:54+0800,llvmss_misc_flops-4,native,3,r01c4,156384420,ok,
2026-04-24T15:03:54+0800,llvmss_misc_flops-4,native,3,r1c0,3285418571,ok,
2026-04-24T15:03:54+0800,llvmss_misc_flops-4,native,3,cpu-cycles,1491172712,ok,
2026-04-24T15:03:54+0800,llvmss_misc_flops-4,native,3,L1-icache-load-misses,107821,ok,
2026-04-24T15:03:54+0800,llvmss_misc_flops-4,native,3,branch-misses,8980,ok,
2026-04-24T15:03:54+0800,llvmss_misc_flops-4,wasm-jit,3,r81d0,317350319,ok,
2026-04-24T15:03:54+0800,llvmss_misc_flops-4,wasm-jit,3,r82d0,2986961,ok,
2026-04-24T15:03:54+0800,llvmss_misc_flops-4,wasm-jit,3,r00c4,159994354,ok,
2026-04-24T15:03:54+0800,llvmss_misc_flops-4,wasm-jit,3,r01c4,157121169,ok,
2026-04-24T15:03:54+0800,llvmss_misc_flops-4,wasm-jit,3,r1c0,3145172846,ok,
2026-04-24T15:03:54+0800,llvmss_misc_flops-4,wasm-jit,3,cpu-cycles,1491373562,ok,
2026-04-24T15:03:54+0800,llvmss_misc_flops-4,wasm-jit,3,L1-icache-load-misses,624417,ok,
2026-04-24T15:03:54+0800,llvmss_misc_flops-4,wasm-jit,3,branch-misses,68909,ok,
2026-04-24T15:03:55+0800,llvmss_misc_flops-4,wasm-aot,3,r81d0,316820207,ok,
2026-04-24T15:03:55+0800,llvmss_misc_flops-4,wasm-aot,3,r82d0,2715217,ok,
2026-04-24T15:03:55+0800,llvmss_misc_flops-4,wasm-aot,3,r00c4,159658257,ok,
2026-04-24T15:03:55+0800,llvmss_misc_flops-4,wasm-aot,3,r01c4,157050350,ok,
2026-04-24T15:03:55+0800,llvmss_misc_flops-4,wasm-aot,3,r1c0,3143073070,ok,
2026-04-24T15:03:55+0800,llvmss_misc_flops-4,wasm-aot,3,cpu-cycles,1489696679,ok,
2026-04-24T15:03:55+0800,llvmss_misc_flops-4,wasm-aot,3,L1-icache-load-misses,539794,ok,
2026-04-24T15:03:55+0800,llvmss_misc_flops-4,wasm-aot,3,branch-misses,55616,ok,
2026-04-24T15:03:55+0800,llvmss_misc_flops-4,native,4,r81d0,1093939,ok,
2026-04-24T15:03:55+0800,llvmss_misc_flops-4,native,4,r82d0,683215,ok,
2026-04-24T15:03:55+0800,llvmss_misc_flops-4,native,4,r00c4,157026924,ok,
2026-04-24T15:03:55+0800,llvmss_misc_flops-4,native,4,r01c4,156392047,ok,
2026-04-24T15:03:55+0800,llvmss_misc_flops-4,native,4,r1c0,3285672852,ok,
2026-04-24T15:03:55+0800,llvmss_misc_flops-4,native,4,cpu-cycles,1577497176,ok,
2026-04-24T15:03:55+0800,llvmss_misc_flops-4,native,4,L1-icache-load-misses,114529,ok,
2026-04-24T15:03:55+0800,llvmss_misc_flops-4,native,4,branch-misses,9682,ok,
2026-04-24T15:03:56+0800,llvmss_misc_flops-4,wasm-jit,4,r81d0,317303717,ok,
2026-04-24T15:03:56+0800,llvmss_misc_flops-4,wasm-jit,4,r82d0,2951749,ok,
2026-04-24T15:03:56+0800,llvmss_misc_flops-4,wasm-jit,4,r00c4,159962137,ok,
2026-04-24T15:03:56+0800,llvmss_misc_flops-4,wasm-jit,4,r01c4,157118517,ok,
2026-04-24T15:03:56+0800,llvmss_misc_flops-4,wasm-jit,4,r1c0,3144982129,ok,
2026-04-24T15:03:56+0800,llvmss_misc_flops-4,wasm-jit,4,cpu-cycles,1491239162,ok,
2026-04-24T15:03:56+0800,llvmss_misc_flops-4,wasm-jit,4,L1-icache-load-misses,595287,ok,
2026-04-24T15:03:56+0800,llvmss_misc_flops-4,wasm-jit,4,branch-misses,64453,ok,
2026-04-24T15:03:56+0800,llvmss_misc_flops-4,wasm-aot,4,r81d0,316846685,ok,
2026-04-24T15:03:56+0800,llvmss_misc_flops-4,wasm-aot,4,r82d0,2720177,ok,
2026-04-24T15:03:56+0800,llvmss_misc_flops-4,wasm-aot,4,r00c4,159681005,ok,
2026-04-24T15:03:56+0800,llvmss_misc_flops-4,wasm-aot,4,r01c4,157053886,ok,
2026-04-24T15:03:56+0800,llvmss_misc_flops-4,wasm-aot,4,r1c0,3143160321,ok,
2026-04-24T15:03:56+0800,llvmss_misc_flops-4,wasm-aot,4,cpu-cycles,1490855419,ok,
2026-04-24T15:03:56+0800,llvmss_misc_flops-4,wasm-aot,4,L1-icache-load-misses,535855,ok,
2026-04-24T15:03:56+0800,llvmss_misc_flops-4,wasm-aot,4,branch-misses,54669,ok,
2026-04-24T15:03:57+0800,llvmss_misc_flops-4,native,5,r81d0,1077716,ok,
2026-04-24T15:03:57+0800,llvmss_misc_flops-4,native,5,r82d0,671924,ok,
2026-04-24T15:03:57+0800,llvmss_misc_flops-4,native,5,r00c4,157014213,ok,
2026-04-24T15:03:57+0800,llvmss_misc_flops-4,native,5,r01c4,156389969,ok,
2026-04-24T15:03:57+0800,llvmss_misc_flops-4,native,5,r1c0,3285607392,ok,
2026-04-24T15:03:57+0800,llvmss_misc_flops-4,native,5,cpu-cycles,1559547263,ok,
2026-04-24T15:03:57+0800,llvmss_misc_flops-4,native,5,L1-icache-load-misses,105019,ok,
2026-04-24T15:03:57+0800,llvmss_misc_flops-4,native,5,branch-misses,10272,ok,
2026-04-24T15:03:57+0800,llvmss_misc_flops-4,wasm-jit,5,r81d0,317353636,ok,
2026-04-24T15:03:57+0800,llvmss_misc_flops-4,wasm-jit,5,r82d0,2987257,ok,
2026-04-24T15:03:57+0800,llvmss_misc_flops-4,wasm-jit,5,r00c4,159989953,ok,
2026-04-24T15:03:57+0800,llvmss_misc_flops-4,wasm-jit,5,r01c4,157121422,ok,
2026-04-24T15:03:57+0800,llvmss_misc_flops-4,wasm-jit,5,r1c0,3145188872,ok,
2026-04-24T15:03:57+0800,llvmss_misc_flops-4,wasm-jit,5,cpu-cycles,1491550918,ok,
2026-04-24T15:03:57+0800,llvmss_misc_flops-4,wasm-jit,5,L1-icache-load-misses,609655,ok,
2026-04-24T15:03:57+0800,llvmss_misc_flops-4,wasm-jit,5,branch-misses,66117,ok,
2026-04-24T15:03:57+0800,llvmss_misc_flops-4,wasm-aot,5,r81d0,316852003,ok,
2026-04-24T15:03:57+0800,llvmss_misc_flops-4,wasm-aot,5,r82d0,2725262,ok,
2026-04-24T15:03:57+0800,llvmss_misc_flops-4,wasm-aot,5,r00c4,159687424,ok,
2026-04-24T15:03:57+0800,llvmss_misc_flops-4,wasm-aot,5,r01c4,157056693,ok,
2026-04-24T15:03:57+0800,llvmss_misc_flops-4,wasm-aot,5,r1c0,3143197958,ok,
2026-04-24T15:03:57+0800,llvmss_misc_flops-4,wasm-aot,5,cpu-cycles,1489330957,ok,
2026-04-24T15:03:57+0800,llvmss_misc_flops-4,wasm-aot,5,L1-icache-load-misses,548039,ok,
2026-04-24T15:03:57+0800,llvmss_misc_flops-4,wasm-aot,5,branch-misses,54817,ok,
2026-04-24T15:04:03+0800,llvmss_misc_flops-5,native,1,r81d0,314337399,ok,
2026-04-24T15:04:03+0800,llvmss_misc_flops-5,native,1,r82d0,1150331,ok,
2026-04-24T15:04:03+0800,llvmss_misc_flops-5,native,1,r00c4,157539203,ok,
2026-04-24T15:04:03+0800,llvmss_misc_flops-5,native,1,r01c4,156476813,ok,
2026-04-24T15:04:03+0800,llvmss_misc_flops-5,native,1,r1c0,5788642407,ok,
2026-04-24T15:04:03+0800,llvmss_misc_flops-5,native,1,cpu-cycles,3051688464,ok,
2026-04-24T15:04:03+0800,llvmss_misc_flops-5,native,1,L1-icache-load-misses,158702,ok,
2026-04-24T15:04:03+0800,llvmss_misc_flops-5,native,1,branch-misses,11489,ok,
2026-04-24T15:04:04+0800,llvmss_misc_flops-5,wasm-jit,1,r81d0,786848722,ok,
2026-04-24T15:04:04+0800,llvmss_misc_flops-5,wasm-jit,1,r82d0,3455859,ok,
2026-04-24T15:04:04+0800,llvmss_misc_flops-5,wasm-jit,1,r00c4,160512278,ok,
2026-04-24T15:04:04+0800,llvmss_misc_flops-5,wasm-jit,1,r01c4,157208516,ok,
2026-04-24T15:04:04+0800,llvmss_misc_flops-5,wasm-jit,1,r1c0,5804424648,ok,
2026-04-24T15:04:04+0800,llvmss_misc_flops-5,wasm-jit,1,cpu-cycles,2927676581,ok,
2026-04-24T15:04:04+0800,llvmss_misc_flops-5,wasm-jit,1,L1-icache-load-misses,649749,ok,
2026-04-24T15:04:04+0800,llvmss_misc_flops-5,wasm-jit,1,branch-misses,66394,ok,
2026-04-24T15:04:05+0800,llvmss_misc_flops-5,wasm-aot,1,r81d0,786365450,ok,
2026-04-24T15:04:05+0800,llvmss_misc_flops-5,wasm-aot,1,r82d0,3207143,ok,
2026-04-24T15:04:05+0800,llvmss_misc_flops-5,wasm-aot,1,r00c4,160213525,ok,
2026-04-24T15:04:05+0800,llvmss_misc_flops-5,wasm-aot,1,r01c4,157144650,ok,
2026-04-24T15:04:05+0800,llvmss_misc_flops-5,wasm-aot,1,r1c0,5802488259,ok,
2026-04-24T15:04:05+0800,llvmss_misc_flops-5,wasm-aot,1,cpu-cycles,2925965935,ok,
2026-04-24T15:04:05+0800,llvmss_misc_flops-5,wasm-aot,1,L1-icache-load-misses,604440,ok,
2026-04-24T15:04:05+0800,llvmss_misc_flops-5,wasm-aot,1,branch-misses,57972,ok,
2026-04-24T15:04:06+0800,llvmss_misc_flops-5,native,2,r81d0,314229387,ok,
2026-04-24T15:04:06+0800,llvmss_misc_flops-5,native,2,r82d0,1081153,ok,
2026-04-24T15:04:06+0800,llvmss_misc_flops-5,native,2,r00c4,157463893,ok,
2026-04-24T15:04:06+0800,llvmss_misc_flops-5,native,2,r01c4,156464290,ok,
2026-04-24T15:04:06+0800,llvmss_misc_flops-5,native,2,r1c0,5788186555,ok,
2026-04-24T15:04:06+0800,llvmss_misc_flops-5,native,2,cpu-cycles,2909840606,ok,
2026-04-24T15:04:06+0800,llvmss_misc_flops-5,native,2,L1-icache-load-misses,148745,ok,
2026-04-24T15:04:06+0800,llvmss_misc_flops-5,native,2,branch-misses,10400,ok,
2026-04-24T15:04:07+0800,llvmss_misc_flops-5,wasm-jit,2,r81d0,786826470,ok,
2026-04-24T15:04:07+0800,llvmss_misc_flops-5,wasm-jit,2,r82d0,3432448,ok,
2026-04-24T15:04:07+0800,llvmss_misc_flops-5,wasm-jit,2,r00c4,160497113,ok,
2026-04-24T15:04:07+0800,llvmss_misc_flops-5,wasm-jit,2,r01c4,157205885,ok,
2026-04-24T15:04:07+0800,llvmss_misc_flops-5,wasm-jit,2,r1c0,5804329973,ok,
2026-04-24T15:04:07+0800,llvmss_misc_flops-5,wasm-jit,2,cpu-cycles,2927795577,ok,
2026-04-24T15:04:07+0800,llvmss_misc_flops-5,wasm-jit,2,L1-icache-load-misses,634255,ok,
2026-04-24T15:04:07+0800,llvmss_misc_flops-5,wasm-jit,2,branch-misses,65064,ok,
2026-04-24T15:04:07+0800,llvmss_misc_flops-5,wasm-aot,2,r81d0,786337445,ok,
2026-04-24T15:04:07+0800,llvmss_misc_flops-5,wasm-aot,2,r82d0,3191229,ok,
2026-04-24T15:04:07+0800,llvmss_misc_flops-5,wasm-aot,2,r00c4,160194686,ok,
2026-04-24T15:04:07+0800,llvmss_misc_flops-5,wasm-aot,2,r01c4,157139951,ok,
2026-04-24T15:04:07+0800,llvmss_misc_flops-5,wasm-aot,2,r1c0,5802390266,ok,
2026-04-24T15:04:07+0800,llvmss_misc_flops-5,wasm-aot,2,cpu-cycles,2925323756,ok,
2026-04-24T15:04:07+0800,llvmss_misc_flops-5,wasm-aot,2,L1-icache-load-misses,584273,ok,
2026-04-24T15:04:07+0800,llvmss_misc_flops-5,wasm-aot,2,branch-misses,56491,ok,
2026-04-24T15:04:08+0800,llvmss_misc_flops-5,native,3,r81d0,314337452,ok,
2026-04-24T15:04:08+0800,llvmss_misc_flops-5,native,3,r82d0,1147825,ok,
2026-04-24T15:04:08+0800,llvmss_misc_flops-5,native,3,r00c4,157541176,ok,
2026-04-24T15:04:08+0800,llvmss_misc_flops-5,native,3,r01c4,156476133,ok,
2026-04-24T15:04:08+0800,llvmss_misc_flops-5,native,3,r1c0,5788635657,ok,
2026-04-24T15:04:08+0800,llvmss_misc_flops-5,native,3,cpu-cycles,3040190215,ok,
2026-04-24T15:04:08+0800,llvmss_misc_flops-5,native,3,L1-icache-load-misses,154208,ok,
2026-04-24T15:04:08+0800,llvmss_misc_flops-5,native,3,branch-misses,10901,ok,
2026-04-24T15:04:09+0800,llvmss_misc_flops-5,wasm-jit,3,r81d0,786888384,ok,
2026-04-24T15:04:09+0800,llvmss_misc_flops-5,wasm-jit,3,r82d0,3476841,ok,
2026-04-24T15:04:09+0800,llvmss_misc_flops-5,wasm-jit,3,r00c4,160541261,ok,
2026-04-24T15:04:09+0800,llvmss_misc_flops-5,wasm-jit,3,r01c4,157217081,ok,
2026-04-24T15:04:09+0800,llvmss_misc_flops-5,wasm-jit,3,r1c0,5804593831,ok,
2026-04-24T15:04:09+0800,llvmss_misc_flops-5,wasm-jit,3,cpu-cycles,2927834689,ok,
2026-04-24T15:04:09+0800,llvmss_misc_flops-5,wasm-jit,3,L1-icache-load-misses,671565,ok,
2026-04-24T15:04:09+0800,llvmss_misc_flops-5,wasm-jit,3,branch-misses,67503,ok,
2026-04-24T15:04:10+0800,llvmss_misc_flops-5,wasm-aot,3,r81d0,786273690,ok,
2026-04-24T15:04:10+0800,llvmss_misc_flops-5,wasm-aot,3,r82d0,3152023,ok,
2026-04-24T15:04:10+0800,llvmss_misc_flops-5,wasm-aot,3,r00c4,160148185,ok,
2026-04-24T15:04:10+0800,llvmss_misc_flops-5,wasm-aot,3,r01c4,157129766,ok,
2026-04-24T15:04:10+0800,llvmss_misc_flops-5,wasm-aot,3,r1c0,5802099205,ok,
2026-04-24T15:04:10+0800,llvmss_misc_flops-5,wasm-aot,3,cpu-cycles,2925025432,ok,
2026-04-24T15:04:10+0800,llvmss_misc_flops-5,wasm-aot,3,L1-icache-load-misses,582044,ok,
2026-04-24T15:04:10+0800,llvmss_misc_flops-5,wasm-aot,3,branch-misses,57647,ok,
2026-04-24T15:04:11+0800,llvmss_misc_flops-5,native,4,r81d0,314337695,ok,
2026-04-24T15:04:11+0800,llvmss_misc_flops-5,native,4,r82d0,1151325,ok,
2026-04-24T15:04:11+0800,llvmss_misc_flops-5,native,4,r00c4,157540851,ok,
2026-04-24T15:04:11+0800,llvmss_misc_flops-5,native,4,r01c4,156476174,ok,
2026-04-24T15:04:11+0800,llvmss_misc_flops-5,native,4,r1c0,5788640876,ok,
2026-04-24T15:04:11+0800,llvmss_misc_flops-5,native,4,cpu-cycles,3085501243,ok,
2026-04-24T15:04:11+0800,llvmss_misc_flops-5,native,4,L1-icache-load-misses,159249,ok,
2026-04-24T15:04:11+0800,llvmss_misc_flops-5,native,4,branch-misses,10968,ok,
2026-04-24T15:04:12+0800,llvmss_misc_flops-5,wasm-jit,4,r81d0,786954383,ok,
2026-04-24T15:04:12+0800,llvmss_misc_flops-5,wasm-jit,4,r82d0,3522955,ok,
2026-04-24T15:04:12+0800,llvmss_misc_flops-5,wasm-jit,4,r00c4,160587113,ok,
2026-04-24T15:04:12+0800,llvmss_misc_flops-5,wasm-jit,4,r01c4,157225851,ok,
2026-04-24T15:04:12+0800,llvmss_misc_flops-5,wasm-jit,4,r1c0,5804859818,ok,
2026-04-24T15:04:12+0800,llvmss_misc_flops-5,wasm-jit,4,cpu-cycles,3071817321,ok,
2026-04-24T15:04:12+0800,llvmss_misc_flops-5,wasm-jit,4,L1-icache-load-misses,661520,ok,
2026-04-24T15:04:12+0800,llvmss_misc_flops-5,wasm-jit,4,branch-misses,69340,ok,
2026-04-24T15:04:13+0800,llvmss_misc_flops-5,wasm-aot,4,r81d0,786356701,ok,
2026-04-24T15:04:13+0800,llvmss_misc_flops-5,wasm-aot,4,r82d0,3202626,ok,
2026-04-24T15:04:13+0800,llvmss_misc_flops-5,wasm-aot,4,r00c4,160206629,ok,
2026-04-24T15:04:13+0800,llvmss_misc_flops-5,wasm-aot,4,r01c4,157143506,ok,
2026-04-24T15:04:13+0800,llvmss_misc_flops-5,wasm-aot,4,r1c0,5802438996,ok,
2026-04-24T15:04:13+0800,llvmss_misc_flops-5,wasm-aot,4,cpu-cycles,2925277810,ok,
2026-04-24T15:04:13+0800,llvmss_misc_flops-5,wasm-aot,4,L1-icache-load-misses,614731,ok,
2026-04-24T15:04:13+0800,llvmss_misc_flops-5,wasm-aot,4,branch-misses,60363,ok,
2026-04-24T15:04:13+0800,llvmss_misc_flops-5,native,5,r81d0,314245522,ok,
2026-04-24T15:04:13+0800,llvmss_misc_flops-5,native,5,r82d0,1091502,ok,
2026-04-24T15:04:13+0800,llvmss_misc_flops-5,native,5,r00c4,157472772,ok,
2026-04-24T15:04:13+0800,llvmss_misc_flops-5,native,5,r01c4,156467087,ok,
2026-04-24T15:04:13+0800,llvmss_misc_flops-5,native,5,r1c0,5788258628,ok,
2026-04-24T15:04:13+0800,llvmss_misc_flops-5,native,5,cpu-cycles,2910011854,ok,
2026-04-24T15:04:13+0800,llvmss_misc_flops-5,native,5,L1-icache-load-misses,150079,ok,
2026-04-24T15:04:13+0800,llvmss_misc_flops-5,native,5,branch-misses,10357,ok,
2026-04-24T15:04:14+0800,llvmss_misc_flops-5,wasm-jit,5,r81d0,786852187,ok,
2026-04-24T15:04:14+0800,llvmss_misc_flops-5,wasm-jit,5,r82d0,3448948,ok,
2026-04-24T15:04:14+0800,llvmss_misc_flops-5,wasm-jit,5,r00c4,160507711,ok,
2026-04-24T15:04:14+0800,llvmss_misc_flops-5,wasm-jit,5,r01c4,157205509,ok,
2026-04-24T15:04:14+0800,llvmss_misc_flops-5,wasm-jit,5,r1c0,5804398149,ok,
2026-04-24T15:04:14+0800,llvmss_misc_flops-5,wasm-jit,5,cpu-cycles,2926690228,ok,
2026-04-24T15:04:14+0800,llvmss_misc_flops-5,wasm-jit,5,L1-icache-load-misses,638956,ok,
2026-04-24T15:04:14+0800,llvmss_misc_flops-5,wasm-jit,5,branch-misses,67203,ok,
2026-04-24T15:04:15+0800,llvmss_misc_flops-5,wasm-aot,5,r81d0,786310500,ok,
2026-04-24T15:04:15+0800,llvmss_misc_flops-5,wasm-aot,5,r82d0,3172115,ok,
2026-04-24T15:04:15+0800,llvmss_misc_flops-5,wasm-aot,5,r00c4,160170842,ok,
2026-04-24T15:04:15+0800,llvmss_misc_flops-5,wasm-aot,5,r01c4,157134625,ok,
2026-04-24T15:04:15+0800,llvmss_misc_flops-5,wasm-aot,5,r1c0,5802227939,ok,
2026-04-24T15:04:15+0800,llvmss_misc_flops-5,wasm-aot,5,cpu-cycles,2925505572,ok,
2026-04-24T15:04:15+0800,llvmss_misc_flops-5,wasm-aot,5,L1-icache-load-misses,599914,ok,
2026-04-24T15:04:15+0800,llvmss_misc_flops-5,wasm-aot,5,branch-misses,59457,ok,
2026-04-24T15:04:21+0800,llvmss_misc_flops-6,native,1,r81d0,314221132,ok,
2026-04-24T15:04:21+0800,llvmss_misc_flops-6,native,1,r82d0,1074635,ok,
2026-04-24T15:04:21+0800,llvmss_misc_flops-6,native,1,r00c4,157460259,ok,
2026-04-24T15:04:21+0800,llvmss_misc_flops-6,native,1,r01c4,156462759,ok,
2026-04-24T15:04:21+0800,llvmss_misc_flops-6,native,1,r1c0,5788150962,ok,
2026-04-24T15:04:21+0800,llvmss_misc_flops-6,native,1,cpu-cycles,2841620976,ok,
2026-04-24T15:04:21+0800,llvmss_misc_flops-6,native,1,L1-icache-load-misses,160507,ok,
2026-04-24T15:04:21+0800,llvmss_misc_flops-6,native,1,branch-misses,11639,ok,
2026-04-24T15:04:22+0800,llvmss_misc_flops-6,wasm-jit,1,r81d0,786813839,ok,
2026-04-24T15:04:22+0800,llvmss_misc_flops-6,wasm-jit,1,r82d0,3434595,ok,
2026-04-24T15:04:22+0800,llvmss_misc_flops-6,wasm-jit,1,r00c4,160487068,ok,
2026-04-24T15:04:22+0800,llvmss_misc_flops-6,wasm-jit,1,r01c4,157206886,ok,
2026-04-24T15:04:22+0800,llvmss_misc_flops-6,wasm-jit,1,r1c0,5804305118,ok,
2026-04-24T15:04:22+0800,llvmss_misc_flops-6,wasm-jit,1,cpu-cycles,2847522346,ok,
2026-04-24T15:04:22+0800,llvmss_misc_flops-6,wasm-jit,1,L1-icache-load-misses,641448,ok,
2026-04-24T15:04:22+0800,llvmss_misc_flops-6,wasm-jit,1,branch-misses,66014,ok,
2026-04-24T15:04:22+0800,llvmss_misc_flops-6,wasm-aot,1,r81d0,786321489,ok,
2026-04-24T15:04:22+0800,llvmss_misc_flops-6,wasm-aot,1,r82d0,3176300,ok,
2026-04-24T15:04:22+0800,llvmss_misc_flops-6,wasm-aot,1,r00c4,160178606,ok,
2026-04-24T15:04:22+0800,llvmss_misc_flops-6,wasm-aot,1,r01c4,157137181,ok,
2026-04-24T15:04:22+0800,llvmss_misc_flops-6,wasm-aot,1,r1c0,5802302314,ok,
2026-04-24T15:04:22+0800,llvmss_misc_flops-6,wasm-aot,1,cpu-cycles,2845502312,ok,
2026-04-24T15:04:22+0800,llvmss_misc_flops-6,wasm-aot,1,L1-icache-load-misses,596387,ok,
2026-04-24T15:04:22+0800,llvmss_misc_flops-6,wasm-aot,1,branch-misses,57259,ok,
2026-04-24T15:04:23+0800,llvmss_misc_flops-6,native,2,r81d0,314203245,ok,
2026-04-24T15:04:23+0800,llvmss_misc_flops-6,native,2,r82d0,1063988,ok,
2026-04-24T15:04:23+0800,llvmss_misc_flops-6,native,2,r00c4,157448740,ok,
2026-04-24T15:04:23+0800,llvmss_misc_flops-6,native,2,r01c4,156461393,ok,
2026-04-24T15:04:23+0800,llvmss_misc_flops-6,native,2,r1c0,5788097530,ok,
2026-04-24T15:04:23+0800,llvmss_misc_flops-6,native,2,cpu-cycles,2841415630,ok,
2026-04-24T15:04:23+0800,llvmss_misc_flops-6,native,2,L1-icache-load-misses,144552,ok,
2026-04-24T15:04:23+0800,llvmss_misc_flops-6,native,2,branch-misses,9980,ok,
2026-04-24T15:04:24+0800,llvmss_misc_flops-6,wasm-jit,2,r81d0,786796288,ok,
2026-04-24T15:04:24+0800,llvmss_misc_flops-6,wasm-jit,2,r82d0,3418285,ok,
2026-04-24T15:04:24+0800,llvmss_misc_flops-6,wasm-jit,2,r00c4,160468521,ok,
2026-04-24T15:04:24+0800,llvmss_misc_flops-6,wasm-jit,2,r01c4,157202085,ok,
2026-04-24T15:04:24+0800,llvmss_misc_flops-6,wasm-jit,2,r1c0,5804198741,ok,
2026-04-24T15:04:24+0800,llvmss_misc_flops-6,wasm-jit,2,cpu-cycles,2847623580,ok,
2026-04-24T15:04:24+0800,llvmss_misc_flops-6,wasm-jit,2,L1-icache-load-misses,654786,ok,
2026-04-24T15:04:24+0800,llvmss_misc_flops-6,wasm-jit,2,branch-misses,67611,ok,
2026-04-24T15:04:25+0800,llvmss_misc_flops-6,wasm-aot,2,r81d0,786330283,ok,
2026-04-24T15:04:25+0800,llvmss_misc_flops-6,wasm-aot,2,r82d0,3186449,ok,
2026-04-24T15:04:25+0800,llvmss_misc_flops-6,wasm-aot,2,r00c4,160188308,ok,
2026-04-24T15:04:25+0800,llvmss_misc_flops-6,wasm-aot,2,r01c4,157138673,ok,
2026-04-24T15:04:25+0800,llvmss_misc_flops-6,wasm-aot,2,r1c0,5802334411,ok,
2026-04-24T15:04:25+0800,llvmss_misc_flops-6,wasm-aot,2,cpu-cycles,2845509075,ok,
2026-04-24T15:04:25+0800,llvmss_misc_flops-6,wasm-aot,2,L1-icache-load-misses,578599,ok,
2026-04-24T15:04:25+0800,llvmss_misc_flops-6,wasm-aot,2,branch-misses,56422,ok,
2026-04-24T15:04:26+0800,llvmss_misc_flops-6,native,3,r81d0,314204018,ok,
2026-04-24T15:04:26+0800,llvmss_misc_flops-6,native,3,r82d0,1065741,ok,
2026-04-24T15:04:26+0800,llvmss_misc_flops-6,native,3,r00c4,157446442,ok,
2026-04-24T15:04:26+0800,llvmss_misc_flops-6,native,3,r01c4,156463328,ok,
2026-04-24T15:04:26+0800,llvmss_misc_flops-6,native,3,r1c0,5788095217,ok,
2026-04-24T15:04:26+0800,llvmss_misc_flops-6,native,3,cpu-cycles,2841128275,ok,
2026-04-24T15:04:26+0800,llvmss_misc_flops-6,native,3,L1-icache-load-misses,140561,ok,
2026-04-24T15:04:26+0800,llvmss_misc_flops-6,native,3,branch-misses,10012,ok,
2026-04-24T15:04:26+0800,llvmss_misc_flops-6,wasm-jit,3,r81d0,786779259,ok,
2026-04-24T15:04:26+0800,llvmss_misc_flops-6,wasm-jit,3,r82d0,3409102,ok,
2026-04-24T15:04:26+0800,llvmss_misc_flops-6,wasm-jit,3,r00c4,160464327,ok,
2026-04-24T15:04:26+0800,llvmss_misc_flops-6,wasm-jit,3,r01c4,157201669,ok,
2026-04-24T15:04:26+0800,llvmss_misc_flops-6,wasm-jit,3,r1c0,5804128875,ok,
2026-04-24T15:04:26+0800,llvmss_misc_flops-6,wasm-jit,3,cpu-cycles,2847969825,ok,
2026-04-24T15:04:26+0800,llvmss_misc_flops-6,wasm-jit,3,L1-icache-load-misses,658897,ok,
2026-04-24T15:04:26+0800,llvmss_misc_flops-6,wasm-jit,3,branch-misses,69724,ok,
2026-04-24T15:04:27+0800,llvmss_misc_flops-6,wasm-aot,3,r81d0,786296602,ok,
2026-04-24T15:04:27+0800,llvmss_misc_flops-6,wasm-aot,3,r82d0,3159583,ok,
2026-04-24T15:04:27+0800,llvmss_misc_flops-6,wasm-aot,3,r00c4,160169315,ok,
2026-04-24T15:04:27+0800,llvmss_misc_flops-6,wasm-aot,3,r01c4,157137583,ok,
2026-04-24T15:04:27+0800,llvmss_misc_flops-6,wasm-aot,3,r1c0,5802205597,ok,
2026-04-24T15:04:27+0800,llvmss_misc_flops-6,wasm-aot,3,cpu-cycles,2845379216,ok,
2026-04-24T15:04:27+0800,llvmss_misc_flops-6,wasm-aot,3,L1-icache-load-misses,587928,ok,
2026-04-24T15:04:27+0800,llvmss_misc_flops-6,wasm-aot,3,branch-misses,58629,ok,
2026-04-24T15:04:28+0800,llvmss_misc_flops-6,native,4,r81d0,314229589,ok,
2026-04-24T15:04:28+0800,llvmss_misc_flops-6,native,4,r82d0,1082436,ok,
2026-04-24T15:04:28+0800,llvmss_misc_flops-6,native,4,r00c4,157465460,ok,
2026-04-24T15:04:28+0800,llvmss_misc_flops-6,native,4,r01c4,156466620,ok,
2026-04-24T15:04:28+0800,llvmss_misc_flops-6,native,4,r1c0,5788203504,ok,
2026-04-24T15:04:28+0800,llvmss_misc_flops-6,native,4,cpu-cycles,2841711156,ok,
2026-04-24T15:04:28+0800,llvmss_misc_flops-6,native,4,L1-icache-load-misses,156981,ok,
2026-04-24T15:04:28+0800,llvmss_misc_flops-6,native,4,branch-misses,11311,ok,
2026-04-24T15:04:29+0800,llvmss_misc_flops-6,wasm-jit,4,r81d0,786844017,ok,
2026-04-24T15:04:29+0800,llvmss_misc_flops-6,wasm-jit,4,r82d0,3443076,ok,
2026-04-24T15:04:29+0800,llvmss_misc_flops-6,wasm-jit,4,r00c4,160512786,ok,
2026-04-24T15:04:29+0800,llvmss_misc_flops-6,wasm-jit,4,r01c4,157212701,ok,
2026-04-24T15:04:29+0800,llvmss_misc_flops-6,wasm-jit,4,r1c0,5804396399,ok,
2026-04-24T15:04:29+0800,llvmss_misc_flops-6,wasm-jit,4,cpu-cycles,2847700139,ok,
2026-04-24T15:04:29+0800,llvmss_misc_flops-6,wasm-jit,4,L1-icache-load-misses,671916,ok,
2026-04-24T15:04:29+0800,llvmss_misc_flops-6,wasm-jit,4,branch-misses,70227,ok,
2026-04-24T15:04:30+0800,llvmss_misc_flops-6,wasm-aot,4,r81d0,786236421,ok,
2026-04-24T15:04:30+0800,llvmss_misc_flops-6,wasm-aot,4,r82d0,3127159,ok,
2026-04-24T15:04:30+0800,llvmss_misc_flops-6,wasm-aot,4,r00c4,160115097,ok,
2026-04-24T15:04:30+0800,llvmss_misc_flops-6,wasm-aot,4,r01c4,157125894,ok,
2026-04-24T15:04:30+0800,llvmss_misc_flops-6,wasm-aot,4,r1c0,5801936290,ok,
2026-04-24T15:04:30+0800,llvmss_misc_flops-6,wasm-aot,4,cpu-cycles,2845187423,ok,
2026-04-24T15:04:30+0800,llvmss_misc_flops-6,wasm-aot,4,L1-icache-load-misses,582045,ok,
2026-04-24T15:04:30+0800,llvmss_misc_flops-6,wasm-aot,4,branch-misses,57604,ok,
2026-04-24T15:04:30+0800,llvmss_misc_flops-6,native,5,r81d0,314247946,ok,
2026-04-24T15:04:30+0800,llvmss_misc_flops-6,native,5,r82d0,1089859,ok,
2026-04-24T15:04:30+0800,llvmss_misc_flops-6,native,5,r00c4,157480179,ok,
2026-04-24T15:04:30+0800,llvmss_misc_flops-6,native,5,r01c4,156468076,ok,
2026-04-24T15:04:30+0800,llvmss_misc_flops-6,native,5,r1c0,5788276687,ok,
2026-04-24T15:04:30+0800,llvmss_misc_flops-6,native,5,cpu-cycles,2841488541,ok,
2026-04-24T15:04:30+0800,llvmss_misc_flops-6,native,5,L1-icache-load-misses,145631,ok,
2026-04-24T15:04:30+0800,llvmss_misc_flops-6,native,5,branch-misses,10149,ok,
2026-04-24T15:04:31+0800,llvmss_misc_flops-6,wasm-jit,5,r81d0,786864658,ok,
2026-04-24T15:04:31+0800,llvmss_misc_flops-6,wasm-jit,5,r82d0,3457936,ok,
2026-04-24T15:04:31+0800,llvmss_misc_flops-6,wasm-jit,5,r00c4,160529472,ok,
2026-04-24T15:04:31+0800,llvmss_misc_flops-6,wasm-jit,5,r01c4,157217105,ok,
2026-04-24T15:04:31+0800,llvmss_misc_flops-6,wasm-jit,5,r1c0,5804488424,ok,
2026-04-24T15:04:31+0800,llvmss_misc_flops-6,wasm-jit,5,cpu-cycles,2847876756,ok,
2026-04-24T15:04:31+0800,llvmss_misc_flops-6,wasm-jit,5,L1-icache-load-misses,652610,ok,
2026-04-24T15:04:31+0800,llvmss_misc_flops-6,wasm-jit,5,branch-misses,67817,ok,
2026-04-24T15:04:32+0800,llvmss_misc_flops-6,wasm-aot,5,r81d0,786242178,ok,
2026-04-24T15:04:32+0800,llvmss_misc_flops-6,wasm-aot,5,r82d0,3128533,ok,
2026-04-24T15:04:32+0800,llvmss_misc_flops-6,wasm-aot,5,r00c4,160130901,ok,
2026-04-24T15:04:32+0800,llvmss_misc_flops-6,wasm-aot,5,r01c4,157133935,ok,
2026-04-24T15:04:32+0800,llvmss_misc_flops-6,wasm-aot,5,r1c0,5802004879,ok,
2026-04-24T15:04:32+0800,llvmss_misc_flops-6,wasm-aot,5,cpu-cycles,2845680317,ok,
2026-04-24T15:04:32+0800,llvmss_misc_flops-6,wasm-aot,5,L1-icache-load-misses,585235,ok,
2026-04-24T15:04:32+0800,llvmss_misc_flops-6,wasm-aot,5,branch-misses,58300,ok,
2026-04-24T15:04:36+0800,llvmss_misc_flops-7,native,1,r81d0,1215905,ok,
2026-04-24T15:04:36+0800,llvmss_misc_flops-7,native,1,r82d0,756997,ok,
2026-04-24T15:04:36+0800,llvmss_misc_flops-7,native,1,r00c4,157109029,ok,
2026-04-24T15:04:36+0800,llvmss_misc_flops-7,native,1,r01c4,156406232,ok,
2026-04-24T15:04:36+0800,llvmss_misc_flops-7,native,1,r1c0,3286134272,ok,
2026-04-24T15:04:36+0800,llvmss_misc_flops-7,native,1,cpu-cycles,1913616886,ok,
2026-04-24T15:04:36+0800,llvmss_misc_flops-7,native,1,L1-icache-load-misses,120123,ok,
2026-04-24T15:04:36+0800,llvmss_misc_flops-7,native,1,branch-misses,10199,ok,
2026-04-24T15:04:36+0800,llvmss_misc_flops-7,wasm-jit,1,r81d0,317562390,ok,
2026-04-24T15:04:36+0800,llvmss_misc_flops-7,wasm-jit,1,r82d0,3113371,ok,
2026-04-24T15:04:36+0800,llvmss_misc_flops-7,wasm-jit,1,r00c4,160149957,ok,
2026-04-24T15:04:36+0800,llvmss_misc_flops-7,wasm-jit,1,r01c4,157152871,ok,
2026-04-24T15:04:36+0800,llvmss_misc_flops-7,wasm-jit,1,r1c0,2521050250,ok,
2026-04-24T15:04:36+0800,llvmss_misc_flops-7,wasm-jit,1,cpu-cycles,1896653309,ok,
2026-04-24T15:04:36+0800,llvmss_misc_flops-7,wasm-jit,1,L1-icache-load-misses,617073,ok,
2026-04-24T15:04:36+0800,llvmss_misc_flops-7,wasm-jit,1,branch-misses,65844,ok,
2026-04-24T15:04:37+0800,llvmss_misc_flops-7,wasm-aot,1,r81d0,317036110,ok,
2026-04-24T15:04:37+0800,llvmss_misc_flops-7,wasm-aot,1,r82d0,2836553,ok,
2026-04-24T15:04:37+0800,llvmss_misc_flops-7,wasm-aot,1,r00c4,159818987,ok,
2026-04-24T15:04:37+0800,llvmss_misc_flops-7,wasm-aot,1,r01c4,157081625,ok,
2026-04-24T15:04:37+0800,llvmss_misc_flops-7,wasm-aot,1,r1c0,2518918839,ok,
2026-04-24T15:04:37+0800,llvmss_misc_flops-7,wasm-aot,1,cpu-cycles,1894385766,ok,
2026-04-24T15:04:37+0800,llvmss_misc_flops-7,wasm-aot,1,L1-icache-load-misses,546926,ok,
2026-04-24T15:04:37+0800,llvmss_misc_flops-7,wasm-aot,1,branch-misses,55354,ok,
2026-04-24T15:04:37+0800,llvmss_misc_flops-7,native,2,r81d0,1218814,ok,
2026-04-24T15:04:37+0800,llvmss_misc_flops-7,native,2,r82d0,759724,ok,
2026-04-24T15:04:37+0800,llvmss_misc_flops-7,native,2,r00c4,157113845,ok,
2026-04-24T15:04:37+0800,llvmss_misc_flops-7,native,2,r01c4,156406506,ok,
2026-04-24T15:04:37+0800,llvmss_misc_flops-7,native,2,r1c0,3286159858,ok,
2026-04-24T15:04:37+0800,llvmss_misc_flops-7,native,2,cpu-cycles,1913433506,ok,
2026-04-24T15:04:37+0800,llvmss_misc_flops-7,native,2,L1-icache-load-misses,114814,ok,
2026-04-24T15:04:37+0800,llvmss_misc_flops-7,native,2,branch-misses,8937,ok,
2026-04-24T15:04:38+0800,llvmss_misc_flops-7,wasm-jit,2,r81d0,317557290,ok,
2026-04-24T15:04:38+0800,llvmss_misc_flops-7,wasm-jit,2,r82d0,3112100,ok,
2026-04-24T15:04:38+0800,llvmss_misc_flops-7,wasm-jit,2,r00c4,160137718,ok,
2026-04-24T15:04:38+0800,llvmss_misc_flops-7,wasm-jit,2,r01c4,157148942,ok,
2026-04-24T15:04:38+0800,llvmss_misc_flops-7,wasm-jit,2,r1c0,2520995521,ok,
2026-04-24T15:04:38+0800,llvmss_misc_flops-7,wasm-jit,2,cpu-cycles,1896750611,ok,
2026-04-24T15:04:38+0800,llvmss_misc_flops-7,wasm-jit,2,L1-icache-load-misses,632442,ok,
2026-04-24T15:04:38+0800,llvmss_misc_flops-7,wasm-jit,2,branch-misses,68432,ok,
2026-04-24T15:04:39+0800,llvmss_misc_flops-7,wasm-aot,2,r81d0,317040605,ok,
2026-04-24T15:04:39+0800,llvmss_misc_flops-7,wasm-aot,2,r82d0,2845657,ok,
2026-04-24T15:04:39+0800,llvmss_misc_flops-7,wasm-aot,2,r00c4,159818918,ok,
2026-04-24T15:04:39+0800,llvmss_misc_flops-7,wasm-aot,2,r01c4,157078351,ok,
2026-04-24T15:04:39+0800,llvmss_misc_flops-7,wasm-aot,2,r1c0,2518949779,ok,
2026-04-24T15:04:39+0800,llvmss_misc_flops-7,wasm-aot,2,cpu-cycles,1893646056,ok,
2026-04-24T15:04:39+0800,llvmss_misc_flops-7,wasm-aot,2,L1-icache-load-misses,551563,ok,
2026-04-24T15:04:39+0800,llvmss_misc_flops-7,wasm-aot,2,branch-misses,56503,ok,
2026-04-24T15:04:39+0800,llvmss_misc_flops-7,native,3,r81d0,1245931,ok,
2026-04-24T15:04:39+0800,llvmss_misc_flops-7,native,3,r82d0,777348,ok,
2026-04-24T15:04:39+0800,llvmss_misc_flops-7,native,3,r00c4,157131583,ok,
2026-04-24T15:04:39+0800,llvmss_misc_flops-7,native,3,r01c4,156409243,ok,
2026-04-24T15:04:39+0800,llvmss_misc_flops-7,native,3,r1c0,3286270181,ok,
2026-04-24T15:04:39+0800,llvmss_misc_flops-7,native,3,cpu-cycles,1920601880,ok,
2026-04-24T15:04:39+0800,llvmss_misc_flops-7,native,3,L1-icache-load-misses,117812,ok,
2026-04-24T15:04:39+0800,llvmss_misc_flops-7,native,3,branch-misses,9549,ok,
2026-04-24T15:04:40+0800,llvmss_misc_flops-7,wasm-jit,3,r81d0,317524114,ok,
2026-04-24T15:04:40+0800,llvmss_misc_flops-7,wasm-jit,3,r82d0,3087633,ok,
2026-04-24T15:04:40+0800,llvmss_misc_flops-7,wasm-jit,3,r00c4,160111557,ok,
2026-04-24T15:04:40+0800,llvmss_misc_flops-7,wasm-jit,3,r01c4,157142034,ok,
2026-04-24T15:04:40+0800,llvmss_misc_flops-7,wasm-jit,3,r1c0,2520847577,ok,
2026-04-24T15:04:40+0800,llvmss_misc_flops-7,wasm-jit,3,cpu-cycles,1896228808,ok,
2026-04-24T15:04:40+0800,llvmss_misc_flops-7,wasm-jit,3,L1-icache-load-misses,607426,ok,
2026-04-24T15:04:40+0800,llvmss_misc_flops-7,wasm-jit,3,branch-misses,64461,ok,
2026-04-24T15:04:40+0800,llvmss_misc_flops-7,wasm-aot,3,r81d0,317031974,ok,
2026-04-24T15:04:40+0800,llvmss_misc_flops-7,wasm-aot,3,r82d0,2840993,ok,
2026-04-24T15:04:40+0800,llvmss_misc_flops-7,wasm-aot,3,r00c4,159811154,ok,
2026-04-24T15:04:40+0800,llvmss_misc_flops-7,wasm-aot,3,r01c4,157078183,ok,
2026-04-24T15:04:40+0800,llvmss_misc_flops-7,wasm-aot,3,r1c0,2518903162,ok,
2026-04-24T15:04:40+0800,llvmss_misc_flops-7,wasm-aot,3,cpu-cycles,1895154000,ok,
2026-04-24T15:04:40+0800,llvmss_misc_flops-7,wasm-aot,3,L1-icache-load-misses,574132,ok,
2026-04-24T15:04:40+0800,llvmss_misc_flops-7,wasm-aot,3,branch-misses,57678,ok,
2026-04-24T15:04:41+0800,llvmss_misc_flops-7,native,4,r81d0,1266690,ok,
2026-04-24T15:04:41+0800,llvmss_misc_flops-7,native,4,r82d0,789873,ok,
2026-04-24T15:04:41+0800,llvmss_misc_flops-7,native,4,r00c4,157146009,ok,
2026-04-24T15:04:41+0800,llvmss_misc_flops-7,native,4,r01c4,156411313,ok,
2026-04-24T15:04:41+0800,llvmss_misc_flops-7,native,4,r1c0,3286358863,ok,
2026-04-24T15:04:41+0800,llvmss_misc_flops-7,native,4,cpu-cycles,1910566841,ok,
2026-04-24T15:04:41+0800,llvmss_misc_flops-7,native,4,L1-icache-load-misses,119737,ok,
2026-04-24T15:04:41+0800,llvmss_misc_flops-7,native,4,branch-misses,9619,ok,
2026-04-24T15:04:41+0800,llvmss_misc_flops-7,wasm-jit,4,r81d0,317565208,ok,
2026-04-24T15:04:41+0800,llvmss_misc_flops-7,wasm-jit,4,r82d0,3116405,ok,
2026-04-24T15:04:41+0800,llvmss_misc_flops-7,wasm-jit,4,r00c4,160154627,ok,
2026-04-24T15:04:41+0800,llvmss_misc_flops-7,wasm-jit,4,r01c4,157155246,ok,
2026-04-24T15:04:41+0800,llvmss_misc_flops-7,wasm-jit,4,r1c0,2521056226,ok,
2026-04-24T15:04:41+0800,llvmss_misc_flops-7,wasm-jit,4,cpu-cycles,1897006063,ok,
2026-04-24T15:04:41+0800,llvmss_misc_flops-7,wasm-jit,4,L1-icache-load-misses,622977,ok,
2026-04-24T15:04:41+0800,llvmss_misc_flops-7,wasm-jit,4,branch-misses,67387,ok,
2026-04-24T15:04:42+0800,llvmss_misc_flops-7,wasm-aot,4,r81d0,316987217,ok,
2026-04-24T15:04:42+0800,llvmss_misc_flops-7,wasm-aot,4,r82d0,2814309,ok,
2026-04-24T15:04:42+0800,llvmss_misc_flops-7,wasm-aot,4,r00c4,159775807,ok,
2026-04-24T15:04:42+0800,llvmss_misc_flops-7,wasm-aot,4,r01c4,157068506,ok,
2026-04-24T15:04:42+0800,llvmss_misc_flops-7,wasm-aot,4,r1c0,2518709202,ok,
2026-04-24T15:04:42+0800,llvmss_misc_flops-7,wasm-aot,4,cpu-cycles,1893913421,ok,
2026-04-24T15:04:42+0800,llvmss_misc_flops-7,wasm-aot,4,L1-icache-load-misses,554104,ok,
2026-04-24T15:04:42+0800,llvmss_misc_flops-7,wasm-aot,4,branch-misses,56784,ok,
2026-04-24T15:04:42+0800,llvmss_misc_flops-7,native,5,r81d0,1245250,ok,
2026-04-24T15:04:42+0800,llvmss_misc_flops-7,native,5,r82d0,777675,ok,
2026-04-24T15:04:42+0800,llvmss_misc_flops-7,native,5,r00c4,157130998,ok,
2026-04-24T15:04:42+0800,llvmss_misc_flops-7,native,5,r01c4,156409973,ok,
2026-04-24T15:04:42+0800,llvmss_misc_flops-7,native,5,r1c0,3286271690,ok,
2026-04-24T15:04:42+0800,llvmss_misc_flops-7,native,5,cpu-cycles,1913985024,ok,
2026-04-24T15:04:42+0800,llvmss_misc_flops-7,native,5,L1-icache-load-misses,123594,ok,
2026-04-24T15:04:42+0800,llvmss_misc_flops-7,native,5,branch-misses,9860,ok,
2026-04-24T15:04:43+0800,llvmss_misc_flops-7,wasm-jit,5,r81d0,317530488,ok,
2026-04-24T15:04:43+0800,llvmss_misc_flops-7,wasm-jit,5,r82d0,3094290,ok,
2026-04-24T15:04:43+0800,llvmss_misc_flops-7,wasm-jit,5,r00c4,160122674,ok,
2026-04-24T15:04:43+0800,llvmss_misc_flops-7,wasm-jit,5,r01c4,157146832,ok,
2026-04-24T15:04:43+0800,llvmss_misc_flops-7,wasm-jit,5,r1c0,2520896229,ok,
2026-04-24T15:04:43+0800,llvmss_misc_flops-7,wasm-jit,5,cpu-cycles,1896005547,ok,
2026-04-24T15:04:43+0800,llvmss_misc_flops-7,wasm-jit,5,L1-icache-load-misses,638042,ok,
2026-04-24T15:04:43+0800,llvmss_misc_flops-7,wasm-jit,5,branch-misses,66901,ok,
2026-04-24T15:04:43+0800,llvmss_misc_flops-7,wasm-aot,5,r81d0,317071072,ok,
2026-04-24T15:04:43+0800,llvmss_misc_flops-7,wasm-aot,5,r82d0,2867084,ok,
2026-04-24T15:04:43+0800,llvmss_misc_flops-7,wasm-aot,5,r00c4,159836874,ok,
2026-04-24T15:04:43+0800,llvmss_misc_flops-7,wasm-aot,5,r01c4,157080123,ok,
2026-04-24T15:04:43+0800,llvmss_misc_flops-7,wasm-aot,5,r1c0,2519065246,ok,
2026-04-24T15:04:43+0800,llvmss_misc_flops-7,wasm-aot,5,cpu-cycles,1894756914,ok,
2026-04-24T15:04:43+0800,llvmss_misc_flops-7,wasm-aot,5,L1-icache-load-misses,556735,ok,
2026-04-24T15:04:43+0800,llvmss_misc_flops-7,wasm-aot,5,branch-misses,57346,ok,
2026-04-24T15:04:49+0800,llvmss_misc_flops-8,native,1,r81d0,314328161,ok,
2026-04-24T15:04:49+0800,llvmss_misc_flops-8,native,1,r82d0,1141813,ok,
2026-04-24T15:04:49+0800,llvmss_misc_flops-8,native,1,r00c4,157530821,ok,
2026-04-24T15:04:49+0800,llvmss_misc_flops-8,native,1,r01c4,156476050,ok,
2026-04-24T15:04:49+0800,llvmss_misc_flops-8,native,1,r1c0,5944834058,ok,
2026-04-24T15:04:49+0800,llvmss_misc_flops-8,native,1,cpu-cycles,3118026243,ok,
2026-04-24T15:04:49+0800,llvmss_misc_flops-8,native,1,L1-icache-load-misses,149512,ok,
2026-04-24T15:04:49+0800,llvmss_misc_flops-8,native,1,branch-misses,10163,ok,
2026-04-24T15:04:50+0800,llvmss_misc_flops-8,wasm-jit,1,r81d0,1099387190,ok,
2026-04-24T15:04:50+0800,llvmss_misc_flops-8,wasm-jit,1,r82d0,472224384,ok,
2026-04-24T15:04:50+0800,llvmss_misc_flops-8,wasm-jit,1,r00c4,316786743,ok,
2026-04-24T15:04:50+0800,llvmss_misc_flops-8,wasm-jit,1,r01c4,963661,ok,
2026-04-24T15:04:50+0800,llvmss_misc_flops-8,wasm-jit,1,r1c0,7210824536,ok,
2026-04-24T15:04:50+0800,llvmss_misc_flops-8,wasm-jit,1,cpu-cycles,2985561850,ok,
2026-04-24T15:04:50+0800,llvmss_misc_flops-8,wasm-jit,1,L1-icache-load-misses,660778,ok,
2026-04-24T15:04:50+0800,llvmss_misc_flops-8,wasm-jit,1,branch-misses,67882,ok,
2026-04-24T15:04:51+0800,llvmss_misc_flops-8,wasm-aot,1,r81d0,1098818745,ok,
2026-04-24T15:04:51+0800,llvmss_misc_flops-8,wasm-aot,1,r82d0,471926969,ok,
2026-04-24T15:04:51+0800,llvmss_misc_flops-8,wasm-aot,1,r00c4,316434087,ok,
2026-04-24T15:04:51+0800,llvmss_misc_flops-8,wasm-aot,1,r01c4,890789,ok,
2026-04-24T15:04:51+0800,llvmss_misc_flops-8,wasm-aot,1,r1c0,7208538581,ok,
2026-04-24T15:04:51+0800,llvmss_misc_flops-8,wasm-aot,1,cpu-cycles,2980809735,ok,
2026-04-24T15:04:51+0800,llvmss_misc_flops-8,wasm-aot,1,L1-icache-load-misses,596422,ok,
2026-04-24T15:04:51+0800,llvmss_misc_flops-8,wasm-aot,1,branch-misses,58397,ok,
2026-04-24T15:04:52+0800,llvmss_misc_flops-8,native,2,r81d0,314360156,ok,
2026-04-24T15:04:52+0800,llvmss_misc_flops-8,native,2,r82d0,1163240,ok,
2026-04-24T15:04:52+0800,llvmss_misc_flops-8,native,2,r00c4,157554385,ok,
2026-04-24T15:04:52+0800,llvmss_misc_flops-8,native,2,r01c4,156481980,ok,
2026-04-24T15:04:52+0800,llvmss_misc_flops-8,native,2,r1c0,5944965250,ok,
2026-04-24T15:04:52+0800,llvmss_misc_flops-8,native,2,cpu-cycles,3091570782,ok,
2026-04-24T15:04:52+0800,llvmss_misc_flops-8,native,2,L1-icache-load-misses,158719,ok,
2026-04-24T15:04:52+0800,llvmss_misc_flops-8,native,2,branch-misses,11527,ok,
2026-04-24T15:04:53+0800,llvmss_misc_flops-8,wasm-jit,2,r81d0,1099446876,ok,
2026-04-24T15:04:53+0800,llvmss_misc_flops-8,wasm-jit,2,r82d0,472258927,ok,
2026-04-24T15:04:53+0800,llvmss_misc_flops-8,wasm-jit,2,r00c4,316830261,ok,
2026-04-24T15:04:53+0800,llvmss_misc_flops-8,wasm-jit,2,r01c4,974222,ok,
2026-04-24T15:04:53+0800,llvmss_misc_flops-8,wasm-jit,2,r1c0,7211069330,ok,
2026-04-24T15:04:53+0800,llvmss_misc_flops-8,wasm-jit,2,cpu-cycles,2974985553,ok,
2026-04-24T15:04:53+0800,llvmss_misc_flops-8,wasm-jit,2,L1-icache-load-misses,665934,ok,
2026-04-24T15:04:53+0800,llvmss_misc_flops-8,wasm-jit,2,branch-misses,67954,ok,
2026-04-24T15:04:54+0800,llvmss_misc_flops-8,wasm-aot,2,r81d0,1098892837,ok,
2026-04-24T15:04:54+0800,llvmss_misc_flops-8,wasm-aot,2,r82d0,471972893,ok,
2026-04-24T15:04:54+0800,llvmss_misc_flops-8,wasm-aot,2,r00c4,316486163,ok,
2026-04-24T15:04:54+0800,llvmss_misc_flops-8,wasm-aot,2,r01c4,898990,ok,
2026-04-24T15:04:54+0800,llvmss_misc_flops-8,wasm-aot,2,r1c0,7208825811,ok,
2026-04-24T15:04:54+0800,llvmss_misc_flops-8,wasm-aot,2,cpu-cycles,3079209122,ok,
2026-04-24T15:04:54+0800,llvmss_misc_flops-8,wasm-aot,2,L1-icache-load-misses,594997,ok,
2026-04-24T15:04:54+0800,llvmss_misc_flops-8,wasm-aot,2,branch-misses,58525,ok,
2026-04-24T15:04:55+0800,llvmss_misc_flops-8,native,3,r81d0,314280439,ok,
2026-04-24T15:04:55+0800,llvmss_misc_flops-8,native,3,r82d0,1113697,ok,
2026-04-24T15:04:55+0800,llvmss_misc_flops-8,native,3,r00c4,157500096,ok,
2026-04-24T15:04:55+0800,llvmss_misc_flops-8,native,3,r01c4,156471059,ok,
2026-04-24T15:04:55+0800,llvmss_misc_flops-8,native,3,r1c0,5944656791,ok,
2026-04-24T15:04:55+0800,llvmss_misc_flops-8,native,3,cpu-cycles,2946739426,ok,
2026-04-24T15:04:55+0800,llvmss_misc_flops-8,native,3,L1-icache-load-misses,155622,ok,
2026-04-24T15:04:55+0800,llvmss_misc_flops-8,native,3,branch-misses,10820,ok,
2026-04-24T15:04:55+0800,llvmss_misc_flops-8,wasm-jit,3,r81d0,1099334985,ok,
2026-04-24T15:04:55+0800,llvmss_misc_flops-8,wasm-jit,3,r82d0,472193288,ok,
2026-04-24T15:04:55+0800,llvmss_misc_flops-8,wasm-jit,3,r00c4,316751894,ok,
2026-04-24T15:04:55+0800,llvmss_misc_flops-8,wasm-jit,3,r01c4,957240,ok,
2026-04-24T15:04:55+0800,llvmss_misc_flops-8,wasm-jit,3,r1c0,7210600609,ok,
2026-04-24T15:04:55+0800,llvmss_misc_flops-8,wasm-jit,3,cpu-cycles,2962525882,ok,
2026-04-24T15:04:55+0800,llvmss_misc_flops-8,wasm-jit,3,L1-icache-load-misses,653529,ok,
2026-04-24T15:04:55+0800,llvmss_misc_flops-8,wasm-jit,3,branch-misses,66687,ok,
2026-04-24T15:04:56+0800,llvmss_misc_flops-8,wasm-aot,3,r81d0,1098857066,ok,
2026-04-24T15:04:56+0800,llvmss_misc_flops-8,wasm-aot,3,r82d0,471951127,ok,
2026-04-24T15:04:56+0800,llvmss_misc_flops-8,wasm-aot,3,r00c4,316457593,ok,
2026-04-24T15:04:56+0800,llvmss_misc_flops-8,wasm-aot,3,r01c4,892910,ok,
2026-04-24T15:04:56+0800,llvmss_misc_flops-8,wasm-aot,3,r1c0,7208697838,ok,
2026-04-24T15:04:56+0800,llvmss_misc_flops-8,wasm-aot,3,cpu-cycles,2983499183,ok,
2026-04-24T15:04:56+0800,llvmss_misc_flops-8,wasm-aot,3,L1-icache-load-misses,589803,ok,
2026-04-24T15:04:56+0800,llvmss_misc_flops-8,wasm-aot,3,branch-misses,58263,ok,
2026-04-24T15:04:57+0800,llvmss_misc_flops-8,native,4,r81d0,314274300,ok,
2026-04-24T15:04:57+0800,llvmss_misc_flops-8,native,4,r82d0,1117437,ok,
2026-04-24T15:04:57+0800,llvmss_misc_flops-8,native,4,r00c4,157487618,ok,
2026-04-24T15:04:57+0800,llvmss_misc_flops-8,native,4,r01c4,156474500,ok,
2026-04-24T15:04:57+0800,llvmss_misc_flops-8,native,4,r1c0,5944639273,ok,
2026-04-24T15:04:57+0800,llvmss_misc_flops-8,native,4,cpu-cycles,2947824018,ok,
2026-04-24T15:04:57+0800,llvmss_misc_flops-8,native,4,L1-icache-load-misses,174364,ok,
2026-04-24T15:04:57+0800,llvmss_misc_flops-8,native,4,branch-misses,12354,ok,
2026-04-24T15:04:58+0800,llvmss_misc_flops-8,wasm-jit,4,r81d0,1099310574,ok,
2026-04-24T15:04:58+0800,llvmss_misc_flops-8,wasm-jit,4,r82d0,472178803,ok,
2026-04-24T15:04:58+0800,llvmss_misc_flops-8,wasm-jit,4,r00c4,316738948,ok,
2026-04-24T15:04:58+0800,llvmss_misc_flops-8,wasm-jit,4,r01c4,956349,ok,
2026-04-24T15:04:58+0800,llvmss_misc_flops-8,wasm-jit,4,r1c0,7210510206,ok,
2026-04-24T15:04:58+0800,llvmss_misc_flops-8,wasm-jit,4,cpu-cycles,2967260975,ok,
2026-04-24T15:04:58+0800,llvmss_misc_flops-8,wasm-jit,4,L1-icache-load-misses,659494,ok,
2026-04-24T15:04:58+0800,llvmss_misc_flops-8,wasm-jit,4,branch-misses,68282,ok,
2026-04-24T15:04:59+0800,llvmss_misc_flops-8,wasm-aot,4,r81d0,1098905068,ok,
2026-04-24T15:04:59+0800,llvmss_misc_flops-8,wasm-aot,4,r82d0,471978230,ok,
2026-04-24T15:04:59+0800,llvmss_misc_flops-8,wasm-aot,4,r00c4,316488001,ok,
2026-04-24T15:04:59+0800,llvmss_misc_flops-8,wasm-aot,4,r01c4,898701,ok,
2026-04-24T15:04:59+0800,llvmss_misc_flops-8,wasm-aot,4,r1c0,7208888211,ok,
2026-04-24T15:04:59+0800,llvmss_misc_flops-8,wasm-aot,4,cpu-cycles,2974269955,ok,
2026-04-24T15:04:59+0800,llvmss_misc_flops-8,wasm-aot,4,L1-icache-load-misses,614111,ok,
2026-04-24T15:04:59+0800,llvmss_misc_flops-8,wasm-aot,4,branch-misses,59660,ok,
2026-04-24T15:05:00+0800,llvmss_misc_flops-8,native,5,r81d0,314281057,ok,
2026-04-24T15:05:00+0800,llvmss_misc_flops-8,native,5,r82d0,1114659,ok,
2026-04-24T15:05:00+0800,llvmss_misc_flops-8,native,5,r00c4,157497570,ok,
2026-04-24T15:05:00+0800,llvmss_misc_flops-8,native,5,r01c4,156469841,ok,
2026-04-24T15:05:00+0800,llvmss_misc_flops-8,native,5,r1c0,5944643571,ok,
2026-04-24T15:05:00+0800,llvmss_misc_flops-8,native,5,cpu-cycles,2946650456,ok,
2026-04-24T15:05:00+0800,llvmss_misc_flops-8,native,5,L1-icache-load-misses,160416,ok,
2026-04-24T15:05:00+0800,llvmss_misc_flops-8,native,5,branch-misses,10642,ok,
2026-04-24T15:05:00+0800,llvmss_misc_flops-8,wasm-jit,5,r81d0,1099325070,ok,
2026-04-24T15:05:00+0800,llvmss_misc_flops-8,wasm-jit,5,r82d0,472191510,ok,
2026-04-24T15:05:00+0800,llvmss_misc_flops-8,wasm-jit,5,r00c4,316740365,ok,
2026-04-24T15:05:00+0800,llvmss_misc_flops-8,wasm-jit,5,r01c4,952412,ok,
2026-04-24T15:05:00+0800,llvmss_misc_flops-8,wasm-jit,5,r1c0,7210555828,ok,
2026-04-24T15:05:00+0800,llvmss_misc_flops-8,wasm-jit,5,cpu-cycles,2977545574,ok,
2026-04-24T15:05:00+0800,llvmss_misc_flops-8,wasm-jit,5,L1-icache-load-misses,652278,ok,
2026-04-24T15:05:00+0800,llvmss_misc_flops-8,wasm-jit,5,branch-misses,68095,ok,
2026-04-24T15:05:01+0800,llvmss_misc_flops-8,wasm-aot,5,r81d0,1098883885,ok,
2026-04-24T15:05:01+0800,llvmss_misc_flops-8,wasm-aot,5,r82d0,471971960,ok,
2026-04-24T15:05:01+0800,llvmss_misc_flops-8,wasm-aot,5,r00c4,316472721,ok,
2026-04-24T15:05:01+0800,llvmss_misc_flops-8,wasm-aot,5,r01c4,896602,ok,
2026-04-24T15:05:01+0800,llvmss_misc_flops-8,wasm-aot,5,r1c0,7208800989,ok,
2026-04-24T15:05:01+0800,llvmss_misc_flops-8,wasm-aot,5,cpu-cycles,3080775562,ok,
2026-04-24T15:05:01+0800,llvmss_misc_flops-8,wasm-aot,5,L1-icache-load-misses,569770,ok,
2026-04-24T15:05:01+0800,llvmss_misc_flops-8,wasm-aot,5,branch-misses,56217,ok,
2026-04-24T15:05:31+0800,llvmss_misc_flops,native,1,r81d0,384475651,ok,
2026-04-24T15:05:31+0800,llvmss_misc_flops,native,1,r82d0,4389348,ok,
2026-04-24T15:05:31+0800,llvmss_misc_flops,native,1,r00c4,1445615560,ok,
2026-04-24T15:05:31+0800,llvmss_misc_flops,native,1,r01c4,1441595549,ok,
2026-04-24T15:05:31+0800,llvmss_misc_flops,native,1,r1c0,31641257849,ok,
2026-04-24T15:05:31+0800,llvmss_misc_flops,native,1,cpu-cycles,13052313568,ok,
2026-04-24T15:05:31+0800,llvmss_misc_flops,native,1,L1-icache-load-misses,479497,ok,
2026-04-24T15:05:31+0800,llvmss_misc_flops,native,1,branch-misses,21663,ok,
2026-04-24T15:05:35+0800,llvmss_misc_flops,wasm-jit,1,r81d0,4451530697,ok,
2026-04-24T15:05:35+0800,llvmss_misc_flops,wasm-jit,1,r82d0,3502954713,ok,
2026-04-24T15:05:35+0800,llvmss_misc_flops,wasm-jit,1,r00c4,3063832415,ok,
2026-04-24T15:05:35+0800,llvmss_misc_flops,wasm-jit,1,r01c4,1822173,ok,
2026-04-24T15:05:35+0800,llvmss_misc_flops,wasm-jit,1,r1c0,37678812392,ok,
2026-04-24T15:05:35+0800,llvmss_misc_flops,wasm-jit,1,cpu-cycles,16440563398,ok,
2026-04-24T15:05:35+0800,llvmss_misc_flops,wasm-jit,1,L1-icache-load-misses,1136986,ok,
2026-04-24T15:05:35+0800,llvmss_misc_flops,wasm-jit,1,branch-misses,83724,ok,
2026-04-24T15:05:40+0800,llvmss_misc_flops,wasm-aot,1,r81d0,4450808407,ok,
2026-04-24T15:05:40+0800,llvmss_misc_flops,wasm-aot,1,r82d0,3502576236,ok,
2026-04-24T15:05:40+0800,llvmss_misc_flops,wasm-aot,1,r00c4,3063376639,ok,
2026-04-24T15:05:40+0800,llvmss_misc_flops,wasm-aot,1,r01c4,1724165,ok,
2026-04-24T15:05:40+0800,llvmss_misc_flops,wasm-aot,1,r1c0,37675858803,ok,
2026-04-24T15:05:40+0800,llvmss_misc_flops,wasm-aot,1,cpu-cycles,16439963321,ok,
2026-04-24T15:05:40+0800,llvmss_misc_flops,wasm-aot,1,L1-icache-load-misses,1026710,ok,
2026-04-24T15:05:40+0800,llvmss_misc_flops,wasm-aot,1,branch-misses,72781,ok,
2026-04-24T15:05:43+0800,llvmss_misc_flops,native,2,r81d0,384571510,ok,
2026-04-24T15:05:43+0800,llvmss_misc_flops,native,2,r82d0,4458213,ok,
2026-04-24T15:05:43+0800,llvmss_misc_flops,native,2,r00c4,1445670277,ok,
2026-04-24T15:05:43+0800,llvmss_misc_flops,native,2,r01c4,1441600806,ok,
2026-04-24T15:05:43+0800,llvmss_misc_flops,native,2,r1c0,31641666611,ok,
2026-04-24T15:05:43+0800,llvmss_misc_flops,native,2,cpu-cycles,13053091347,ok,
2026-04-24T15:05:43+0800,llvmss_misc_flops,native,2,L1-icache-load-misses,501815,ok,
2026-04-24T15:05:43+0800,llvmss_misc_flops,native,2,branch-misses,21767,ok,
2026-04-24T15:05:48+0800,llvmss_misc_flops,wasm-jit,2,r81d0,4451473915,ok,
2026-04-24T15:05:48+0800,llvmss_misc_flops,wasm-jit,2,r82d0,3502915478,ok,
2026-04-24T15:05:48+0800,llvmss_misc_flops,wasm-jit,2,r00c4,3063776480,ok,
2026-04-24T15:05:48+0800,llvmss_misc_flops,wasm-jit,2,r01c4,1797080,ok,
2026-04-24T15:05:48+0800,llvmss_misc_flops,wasm-jit,2,r1c0,37678444425,ok,
2026-04-24T15:05:48+0800,llvmss_misc_flops,wasm-jit,2,cpu-cycles,16441524306,ok,
2026-04-24T15:05:48+0800,llvmss_misc_flops,wasm-jit,2,L1-icache-load-misses,1084821,ok,
2026-04-24T15:05:48+0800,llvmss_misc_flops,wasm-jit,2,branch-misses,83870,ok,
2026-04-24T15:05:53+0800,llvmss_misc_flops,wasm-aot,2,r81d0,4450847913,ok,
2026-04-24T15:05:53+0800,llvmss_misc_flops,wasm-aot,2,r82d0,3502606034,ok,
2026-04-24T15:05:53+0800,llvmss_misc_flops,wasm-aot,2,r00c4,3063407596,ok,
2026-04-24T15:05:53+0800,llvmss_misc_flops,wasm-aot,2,r01c4,1719874,ok,
2026-04-24T15:05:53+0800,llvmss_misc_flops,wasm-aot,2,r1c0,37676026335,ok,
2026-04-24T15:05:53+0800,llvmss_misc_flops,wasm-aot,2,cpu-cycles,16438135312,ok,
2026-04-24T15:05:53+0800,llvmss_misc_flops,wasm-aot,2,L1-icache-load-misses,1058226,ok,
2026-04-24T15:05:53+0800,llvmss_misc_flops,wasm-aot,2,branch-misses,72509,ok,
2026-04-24T15:05:56+0800,llvmss_misc_flops,native,3,r81d0,384441238,ok,
2026-04-24T15:05:56+0800,llvmss_misc_flops,native,3,r82d0,4368376,ok,
2026-04-24T15:05:56+0800,llvmss_misc_flops,native,3,r00c4,1445588885,ok,
2026-04-24T15:05:56+0800,llvmss_misc_flops,native,3,r01c4,1441586336,ok,
2026-04-24T15:05:56+0800,llvmss_misc_flops,native,3,r1c0,31641120466,ok,
2026-04-24T15:05:56+0800,llvmss_misc_flops,native,3,cpu-cycles,13051557510,ok,
2026-04-24T15:05:56+0800,llvmss_misc_flops,native,3,L1-icache-load-misses,454166,ok,
2026-04-24T15:05:56+0800,llvmss_misc_flops,native,3,branch-misses,20465,ok,
2026-04-24T15:06:01+0800,llvmss_misc_flops,wasm-jit,3,r81d0,4451390157,ok,
2026-04-24T15:06:01+0800,llvmss_misc_flops,wasm-jit,3,r82d0,3502869277,ok,
2026-04-24T15:06:01+0800,llvmss_misc_flops,wasm-jit,3,r00c4,3063734242,ok,
2026-04-24T15:06:01+0800,llvmss_misc_flops,wasm-jit,3,r01c4,1794202,ok,
2026-04-24T15:06:01+0800,llvmss_misc_flops,wasm-jit,3,r1c0,37678223026,ok,
2026-04-24T15:06:01+0800,llvmss_misc_flops,wasm-jit,3,cpu-cycles,16439380227,ok,
2026-04-24T15:06:01+0800,llvmss_misc_flops,wasm-jit,3,L1-icache-load-misses,1072788,ok,
2026-04-24T15:06:01+0800,llvmss_misc_flops,wasm-jit,3,branch-misses,80080,ok,
2026-04-24T15:06:05+0800,llvmss_misc_flops,wasm-aot,3,r81d0,4450722147,ok,
2026-04-24T15:06:05+0800,llvmss_misc_flops,wasm-aot,3,r82d0,3502515013,ok,
2026-04-24T15:06:05+0800,llvmss_misc_flops,wasm-aot,3,r00c4,3063320197,ok,
2026-04-24T15:06:05+0800,llvmss_misc_flops,wasm-aot,3,r01c4,1711639,ok,
2026-04-24T15:06:05+0800,llvmss_misc_flops,wasm-aot,3,r1c0,37675445613,ok,
2026-04-24T15:06:05+0800,llvmss_misc_flops,wasm-aot,3,cpu-cycles,16436586560,ok,
2026-04-24T15:06:05+0800,llvmss_misc_flops,wasm-aot,3,L1-icache-load-misses,1006901,ok,
2026-04-24T15:06:05+0800,llvmss_misc_flops,wasm-aot,3,branch-misses,68956,ok,
2026-04-24T15:06:09+0800,llvmss_misc_flops,native,4,r81d0,384553736,ok,
2026-04-24T15:06:09+0800,llvmss_misc_flops,native,4,r82d0,4438339,ok,
2026-04-24T15:06:09+0800,llvmss_misc_flops,native,4,r00c4,1445672325,ok,
2026-04-24T15:06:09+0800,llvmss_misc_flops,native,4,r01c4,1441605123,ok,
2026-04-24T15:06:09+0800,llvmss_misc_flops,native,4,r1c0,31641625242,ok,
2026-04-24T15:06:09+0800,llvmss_misc_flops,native,4,cpu-cycles,13051498874,ok,
2026-04-24T15:06:09+0800,llvmss_misc_flops,native,4,L1-icache-load-misses,465863,ok,
2026-04-24T15:06:09+0800,llvmss_misc_flops,native,4,branch-misses,20824,ok,
2026-04-24T15:06:14+0800,llvmss_misc_flops,wasm-jit,4,r81d0,4451508515,ok,
2026-04-24T15:06:14+0800,llvmss_misc_flops,wasm-jit,4,r82d0,3502989275,ok,
2026-04-24T15:06:14+0800,llvmss_misc_flops,wasm-jit,4,r00c4,3063798034,ok,
2026-04-24T15:06:14+0800,llvmss_misc_flops,wasm-jit,4,r01c4,1843828,ok,
2026-04-24T15:06:14+0800,llvmss_misc_flops,wasm-jit,4,r1c0,37678780173,ok,
2026-04-24T15:06:14+0800,llvmss_misc_flops,wasm-jit,4,cpu-cycles,16446062233,ok,
2026-04-24T15:06:14+0800,llvmss_misc_flops,wasm-jit,4,L1-icache-load-misses,1237430,ok,
2026-04-24T15:06:14+0800,llvmss_misc_flops,wasm-jit,4,branch-misses,86026,ok,
2026-04-24T15:06:18+0800,llvmss_misc_flops,wasm-aot,4,r81d0,4450959572,ok,
2026-04-24T15:06:18+0800,llvmss_misc_flops,wasm-aot,4,r82d0,3502752309,ok,
2026-04-24T15:06:18+0800,llvmss_misc_flops,wasm-aot,4,r00c4,3063444120,ok,
2026-04-24T15:06:18+0800,llvmss_misc_flops,wasm-aot,4,r01c4,1790274,ok,
2026-04-24T15:06:18+0800,llvmss_misc_flops,wasm-aot,4,r1c0,37676670509,ok,
2026-04-24T15:06:18+0800,llvmss_misc_flops,wasm-aot,4,cpu-cycles,16447789158,ok,
2026-04-24T15:06:18+0800,llvmss_misc_flops,wasm-aot,4,L1-icache-load-misses,1299830,ok,
2026-04-24T15:06:18+0800,llvmss_misc_flops,wasm-aot,4,branch-misses,81127,ok,
2026-04-24T15:06:22+0800,llvmss_misc_flops,native,5,r81d0,384575849,ok,
2026-04-24T15:06:22+0800,llvmss_misc_flops,native,5,r82d0,4490381,ok,
2026-04-24T15:06:22+0800,llvmss_misc_flops,native,5,r00c4,1445669256,ok,
2026-04-24T15:06:22+0800,llvmss_misc_flops,native,5,r01c4,1441623899,ok,
2026-04-24T15:06:22+0800,llvmss_misc_flops,native,5,r1c0,31641795275,ok,
2026-04-24T15:06:22+0800,llvmss_misc_flops,native,5,cpu-cycles,13056252929,ok,
2026-04-24T15:06:22+0800,llvmss_misc_flops,native,5,L1-icache-load-misses,588459,ok,
2026-04-24T15:06:22+0800,llvmss_misc_flops,native,5,branch-misses,26806,ok,
2026-04-24T15:06:27+0800,llvmss_misc_flops,wasm-jit,5,r81d0,4451435889,ok,
2026-04-24T15:06:27+0800,llvmss_misc_flops,wasm-jit,5,r82d0,3502899121,ok,
2026-04-24T15:06:27+0800,llvmss_misc_flops,wasm-jit,5,r00c4,3063761502,ok,
2026-04-24T15:06:27+0800,llvmss_misc_flops,wasm-jit,5,r01c4,1798308,ok,
2026-04-24T15:06:27+0800,llvmss_misc_flops,wasm-jit,5,r1c0,37678390841,ok,
2026-04-24T15:06:27+0800,llvmss_misc_flops,wasm-jit,5,cpu-cycles,16438482284,ok,
2026-04-24T15:06:27+0800,llvmss_misc_flops,wasm-jit,5,L1-icache-load-misses,1085888,ok,
2026-04-24T15:06:27+0800,llvmss_misc_flops,wasm-jit,5,branch-misses,81934,ok,
2026-04-24T15:06:31+0800,llvmss_misc_flops,wasm-aot,5,r81d0,4450903985,ok,
2026-04-24T15:06:31+0800,llvmss_misc_flops,wasm-aot,5,r82d0,3502650999,ok,
2026-04-24T15:06:31+0800,llvmss_misc_flops,wasm-aot,5,r00c4,3063421300,ok,
2026-04-24T15:06:31+0800,llvmss_misc_flops,wasm-aot,5,r01c4,1726540,ok,
2026-04-24T15:06:31+0800,llvmss_misc_flops,wasm-aot,5,r1c0,37676186275,ok,
2026-04-24T15:06:31+0800,llvmss_misc_flops,wasm-aot,5,cpu-cycles,16439398845,ok,
2026-04-24T15:06:31+0800,llvmss_misc_flops,wasm-aot,5,L1-icache-load-misses,1099190,ok,
2026-04-24T15:06:31+0800,llvmss_misc_flops,wasm-aot,5,branch-misses,75608,ok,
2026-04-24T15:06:35+0800,llvmss_misc_mandel-2,native,1,r81d0,1838011,ok,
2026-04-24T15:06:35+0800,llvmss_misc_mandel-2,native,1,r82d0,1217595,ok,
2026-04-24T15:06:35+0800,llvmss_misc_mandel-2,native,1,r00c4,471824254,ok,
2026-04-24T15:06:35+0800,llvmss_misc_mandel-2,native,1,r01c4,157070356,ok,
2026-04-24T15:06:35+0800,llvmss_misc_mandel-2,native,1,r1c0,3457819446,ok,
2026-04-24T15:06:35+0800,llvmss_misc_mandel-2,native,1,cpu-cycles,2121840840,ok,
2026-04-24T15:06:35+0800,llvmss_misc_mandel-2,native,1,L1-icache-load-misses,159543,ok,
2026-04-24T15:06:35+0800,llvmss_misc_mandel-2,native,1,branch-misses,15868,ok,
2026-04-24T15:06:36+0800,llvmss_misc_mandel-2,wasm-jit,1,r81d0,476548802,ok,
2026-04-24T15:06:36+0800,llvmss_misc_mandel-2,wasm-jit,1,r82d0,317553514,ok,
2026-04-24T15:06:36+0800,llvmss_misc_mandel-2,wasm-jit,1,r00c4,945490433,ok,
2026-04-24T15:06:36+0800,llvmss_misc_mandel-2,wasm-jit,1,r01c4,157921960,ok,
2026-04-24T15:06:36+0800,llvmss_misc_mandel-2,wasm-jit,1,r1c0,4416326269,ok,
2026-04-24T15:06:36+0800,llvmss_misc_mandel-2,wasm-jit,1,cpu-cycles,2197603090,ok,
2026-04-24T15:06:36+0800,llvmss_misc_mandel-2,wasm-jit,1,L1-icache-load-misses,704783,ok,
2026-04-24T15:06:36+0800,llvmss_misc_mandel-2,wasm-jit,1,branch-misses,74304,ok,
2026-04-24T15:06:37+0800,llvmss_misc_mandel-2,wasm-aot,1,r81d0,475996829,ok,
2026-04-24T15:06:37+0800,llvmss_misc_mandel-2,wasm-aot,1,r82d0,317256449,ok,
2026-04-24T15:06:37+0800,llvmss_misc_mandel-2,wasm-aot,1,r00c4,945153144,ok,
2026-04-24T15:06:37+0800,llvmss_misc_mandel-2,wasm-aot,1,r01c4,157855105,ok,
2026-04-24T15:06:37+0800,llvmss_misc_mandel-2,wasm-aot,1,r1c0,4414128191,ok,
2026-04-24T15:06:37+0800,llvmss_misc_mandel-2,wasm-aot,1,cpu-cycles,2196241655,ok,
2026-04-24T15:06:37+0800,llvmss_misc_mandel-2,wasm-aot,1,L1-icache-load-misses,631287,ok,
2026-04-24T15:06:37+0800,llvmss_misc_mandel-2,wasm-aot,1,branch-misses,63347,ok,
2026-04-24T15:06:37+0800,llvmss_misc_mandel-2,native,2,r81d0,1846137,ok,
2026-04-24T15:06:37+0800,llvmss_misc_mandel-2,native,2,r82d0,1221056,ok,
2026-04-24T15:06:37+0800,llvmss_misc_mandel-2,native,2,r00c4,471834927,ok,
2026-04-24T15:06:37+0800,llvmss_misc_mandel-2,native,2,r01c4,157071565,ok,
2026-04-24T15:06:37+0800,llvmss_misc_mandel-2,native,2,r1c0,3457862849,ok,
2026-04-24T15:06:37+0800,llvmss_misc_mandel-2,native,2,cpu-cycles,2121654000,ok,
2026-04-24T15:06:37+0800,llvmss_misc_mandel-2,native,2,L1-icache-load-misses,152759,ok,
2026-04-24T15:06:37+0800,llvmss_misc_mandel-2,native,2,branch-misses,14871,ok,
2026-04-24T15:06:38+0800,llvmss_misc_mandel-2,wasm-jit,2,r81d0,476549976,ok,
2026-04-24T15:06:38+0800,llvmss_misc_mandel-2,wasm-jit,2,r82d0,317549445,ok,
2026-04-24T15:06:38+0800,llvmss_misc_mandel-2,wasm-jit,2,r00c4,945501055,ok,
2026-04-24T15:06:38+0800,llvmss_misc_mandel-2,wasm-jit,2,r01c4,157928685,ok,
2026-04-24T15:06:38+0800,llvmss_misc_mandel-2,wasm-jit,2,r1c0,4416351587,ok,
2026-04-24T15:06:38+0800,llvmss_misc_mandel-2,wasm-jit,2,cpu-cycles,2196411342,ok,
2026-04-24T15:06:38+0800,llvmss_misc_mandel-2,wasm-jit,2,L1-icache-load-misses,692293,ok,
2026-04-24T15:06:38+0800,llvmss_misc_mandel-2,wasm-jit,2,branch-misses,73403,ok,
2026-04-24T15:06:38+0800,llvmss_misc_mandel-2,wasm-aot,2,r81d0,476041454,ok,
2026-04-24T15:06:38+0800,llvmss_misc_mandel-2,wasm-aot,2,r82d0,317286171,ok,
2026-04-24T15:06:38+0800,llvmss_misc_mandel-2,wasm-aot,2,r00c4,945187583,ok,
2026-04-24T15:06:38+0800,llvmss_misc_mandel-2,wasm-aot,2,r01c4,157862489,ok,
2026-04-24T15:06:38+0800,llvmss_misc_mandel-2,wasm-aot,2,r1c0,4414318452,ok,
2026-04-24T15:06:38+0800,llvmss_misc_mandel-2,wasm-aot,2,cpu-cycles,2197073830,ok,
2026-04-24T15:06:38+0800,llvmss_misc_mandel-2,wasm-aot,2,L1-icache-load-misses,650581,ok,
2026-04-24T15:06:38+0800,llvmss_misc_mandel-2,wasm-aot,2,branch-misses,66527,ok,
2026-04-24T15:06:39+0800,llvmss_misc_mandel-2,native,3,r81d0,1889508,ok,
2026-04-24T15:06:39+0800,llvmss_misc_mandel-2,native,3,r82d0,1247881,ok,
2026-04-24T15:06:39+0800,llvmss_misc_mandel-2,native,3,r00c4,471866252,ok,
2026-04-24T15:06:39+0800,llvmss_misc_mandel-2,native,3,r01c4,157077423,ok,
2026-04-24T15:06:39+0800,llvmss_misc_mandel-2,native,3,r1c0,3458048467,ok,
2026-04-24T15:06:39+0800,llvmss_misc_mandel-2,native,3,cpu-cycles,2121862730,ok,
2026-04-24T15:06:39+0800,llvmss_misc_mandel-2,native,3,L1-icache-load-misses,156365,ok,
2026-04-24T15:06:39+0800,llvmss_misc_mandel-2,native,3,branch-misses,15592,ok,
2026-04-24T15:06:40+0800,llvmss_misc_mandel-2,wasm-jit,3,r81d0,476548754,ok,
2026-04-24T15:06:40+0800,llvmss_misc_mandel-2,wasm-jit,3,r82d0,317545030,ok,
2026-04-24T15:06:40+0800,llvmss_misc_mandel-2,wasm-jit,3,r00c4,945498092,ok,
2026-04-24T15:06:40+0800,llvmss_misc_mandel-2,wasm-jit,3,r01c4,157926895,ok,
2026-04-24T15:06:40+0800,llvmss_misc_mandel-2,wasm-jit,3,r1c0,4416346493,ok,
2026-04-24T15:06:40+0800,llvmss_misc_mandel-2,wasm-jit,3,cpu-cycles,2198064345,ok,
2026-04-24T15:06:40+0800,llvmss_misc_mandel-2,wasm-jit,3,L1-icache-load-misses,699826,ok,
2026-04-24T15:06:40+0800,llvmss_misc_mandel-2,wasm-jit,3,branch-misses,73203,ok,
2026-04-24T15:06:40+0800,llvmss_misc_mandel-2,wasm-aot,3,r81d0,476080628,ok,
2026-04-24T15:06:40+0800,llvmss_misc_mandel-2,wasm-aot,3,r82d0,317319682,ok,
2026-04-24T15:06:40+0800,llvmss_misc_mandel-2,wasm-aot,3,r00c4,945207847,ok,
2026-04-24T15:06:40+0800,llvmss_misc_mandel-2,wasm-aot,3,r01c4,157863007,ok,
2026-04-24T15:06:40+0800,llvmss_misc_mandel-2,wasm-aot,3,r1c0,4414483833,ok,
2026-04-24T15:06:40+0800,llvmss_misc_mandel-2,wasm-aot,3,cpu-cycles,2197127987,ok,
2026-04-24T15:06:40+0800,llvmss_misc_mandel-2,wasm-aot,3,L1-icache-load-misses,636225,ok,
2026-04-24T15:06:40+0800,llvmss_misc_mandel-2,wasm-aot,3,branch-misses,63384,ok,
2026-04-24T15:06:41+0800,llvmss_misc_mandel-2,native,4,r81d0,1870980,ok,
2026-04-24T15:06:41+0800,llvmss_misc_mandel-2,native,4,r82d0,1239005,ok,
2026-04-24T15:06:41+0800,llvmss_misc_mandel-2,native,4,r00c4,471851799,ok,
2026-04-24T15:06:41+0800,llvmss_misc_mandel-2,native,4,r01c4,157075435,ok,
2026-04-24T15:06:41+0800,llvmss_misc_mandel-2,native,4,r1c0,3457963109,ok,
2026-04-24T15:06:41+0800,llvmss_misc_mandel-2,native,4,cpu-cycles,2121927014,ok,
2026-04-24T15:06:41+0800,llvmss_misc_mandel-2,native,4,L1-icache-load-misses,165359,ok,
2026-04-24T15:06:41+0800,llvmss_misc_mandel-2,native,4,branch-misses,15711,ok,
2026-04-24T15:06:42+0800,llvmss_misc_mandel-2,wasm-jit,4,r81d0,476486109,ok,
2026-04-24T15:06:42+0800,llvmss_misc_mandel-2,wasm-jit,4,r82d0,317511334,ok,
2026-04-24T15:06:42+0800,llvmss_misc_mandel-2,wasm-jit,4,r00c4,945444139,ok,
2026-04-24T15:06:42+0800,llvmss_misc_mandel-2,wasm-jit,4,r01c4,157917117,ok,
2026-04-24T15:06:42+0800,llvmss_misc_mandel-2,wasm-jit,4,r1c0,4416082151,ok,
2026-04-24T15:06:42+0800,llvmss_misc_mandel-2,wasm-jit,4,cpu-cycles,2199960558,ok,
2026-04-24T15:06:42+0800,llvmss_misc_mandel-2,wasm-jit,4,L1-icache-load-misses,677421,ok,
2026-04-24T15:06:42+0800,llvmss_misc_mandel-2,wasm-jit,4,branch-misses,72551,ok,
2026-04-24T15:06:42+0800,llvmss_misc_mandel-2,wasm-aot,4,r81d0,476104033,ok,
2026-04-24T15:06:42+0800,llvmss_misc_mandel-2,wasm-aot,4,r82d0,317335346,ok,
2026-04-24T15:06:42+0800,llvmss_misc_mandel-2,wasm-aot,4,r00c4,945221999,ok,
2026-04-24T15:06:42+0800,llvmss_misc_mandel-2,wasm-aot,4,r01c4,157866302,ok,
2026-04-24T15:06:42+0800,llvmss_misc_mandel-2,wasm-aot,4,r1c0,4414574350,ok,
2026-04-24T15:06:42+0800,llvmss_misc_mandel-2,wasm-aot,4,cpu-cycles,2196838791,ok,
2026-04-24T15:06:42+0800,llvmss_misc_mandel-2,wasm-aot,4,L1-icache-load-misses,664890,ok,
2026-04-24T15:06:42+0800,llvmss_misc_mandel-2,wasm-aot,4,branch-misses,66706,ok,
2026-04-24T15:06:43+0800,llvmss_misc_mandel-2,native,5,r81d0,1878182,ok,
2026-04-24T15:06:43+0800,llvmss_misc_mandel-2,native,5,r82d0,1242925,ok,
2026-04-24T15:06:43+0800,llvmss_misc_mandel-2,native,5,r00c4,471855610,ok,
2026-04-24T15:06:43+0800,llvmss_misc_mandel-2,native,5,r01c4,157075599,ok,
2026-04-24T15:06:43+0800,llvmss_misc_mandel-2,native,5,r1c0,3458003830,ok,
2026-04-24T15:06:43+0800,llvmss_misc_mandel-2,native,5,cpu-cycles,2121541350,ok,
2026-04-24T15:06:43+0800,llvmss_misc_mandel-2,native,5,L1-icache-load-misses,156781,ok,
2026-04-24T15:06:43+0800,llvmss_misc_mandel-2,native,5,branch-misses,15447,ok,
2026-04-24T15:06:43+0800,llvmss_misc_mandel-2,wasm-jit,5,r81d0,476600183,ok,
2026-04-24T15:06:43+0800,llvmss_misc_mandel-2,wasm-jit,5,r82d0,317579860,ok,
2026-04-24T15:06:43+0800,llvmss_misc_mandel-2,wasm-jit,5,r00c4,945535041,ok,
2026-04-24T15:06:43+0800,llvmss_misc_mandel-2,wasm-jit,5,r01c4,157932012,ok,
2026-04-24T15:06:43+0800,llvmss_misc_mandel-2,wasm-jit,5,r1c0,4416557678,ok,
2026-04-24T15:06:43+0800,llvmss_misc_mandel-2,wasm-jit,5,cpu-cycles,2195629090,ok,
2026-04-24T15:06:43+0800,llvmss_misc_mandel-2,wasm-jit,5,L1-icache-load-misses,684096,ok,
2026-04-24T15:06:43+0800,llvmss_misc_mandel-2,wasm-jit,5,branch-misses,71246,ok,
2026-04-24T15:06:44+0800,llvmss_misc_mandel-2,wasm-aot,5,r81d0,476080445,ok,
2026-04-24T15:06:44+0800,llvmss_misc_mandel-2,wasm-aot,5,r82d0,317311932,ok,
2026-04-24T15:06:44+0800,llvmss_misc_mandel-2,wasm-aot,5,r00c4,945202820,ok,
2026-04-24T15:06:44+0800,llvmss_misc_mandel-2,wasm-aot,5,r01c4,157860650,ok,
2026-04-24T15:06:44+0800,llvmss_misc_mandel-2,wasm-aot,5,r1c0,4414431761,ok,
2026-04-24T15:06:44+0800,llvmss_misc_mandel-2,wasm-aot,5,cpu-cycles,2197557674,ok,
2026-04-24T15:06:44+0800,llvmss_misc_mandel-2,wasm-aot,5,L1-icache-load-misses,647938,ok,
2026-04-24T15:06:44+0800,llvmss_misc_mandel-2,wasm-aot,5,branch-misses,63224,ok,
2026-04-24T15:06:49+0800,llvmss_misc_matmul_f64_4x4,native,1,r81d0,1650974940,ok,
2026-04-24T15:06:49+0800,llvmss_misc_matmul_f64_4x4,native,1,r82d0,750608364,ok,
2026-04-24T15:06:49+0800,llvmss_misc_matmul_f64_4x4,native,1,r00c4,150693368,ok,
2026-04-24T15:06:49+0800,llvmss_misc_matmul_f64_4x4,native,1,r01c4,50128955,ok,
2026-04-24T15:06:49+0800,llvmss_misc_matmul_f64_4x4,native,1,r1c0,6803929842,ok,
2026-04-24T15:06:49+0800,llvmss_misc_matmul_f64_4x4,native,1,cpu-cycles,1454296035,ok,
2026-04-24T15:06:49+0800,llvmss_misc_matmul_f64_4x4,native,1,L1-icache-load-misses,111681,ok,
2026-04-24T15:06:49+0800,llvmss_misc_matmul_f64_4x4,native,1,branch-misses,11162,ok,
2026-04-24T15:06:50+0800,llvmss_misc_matmul_f64_4x4,wasm-jit,1,r81d0,4255746987,ok,
2026-04-24T15:06:50+0800,llvmss_misc_matmul_f64_4x4,wasm-jit,1,r82d0,1903547099,ok,
2026-04-24T15:06:50+0800,llvmss_misc_matmul_f64_4x4,wasm-jit,1,r00c4,204357385,ok,
2026-04-24T15:06:50+0800,llvmss_misc_matmul_f64_4x4,wasm-jit,1,r01c4,50980896,ok,
2026-04-24T15:06:50+0800,llvmss_misc_matmul_f64_4x4,wasm-jit,1,r1c0,13573772095,ok,
2026-04-24T15:06:50+0800,llvmss_misc_matmul_f64_4x4,wasm-jit,1,cpu-cycles,3225207699,ok,
2026-04-24T15:06:50+0800,llvmss_misc_matmul_f64_4x4,wasm-jit,1,L1-icache-load-misses,675757,ok,
2026-04-24T15:06:50+0800,llvmss_misc_matmul_f64_4x4,wasm-jit,1,branch-misses,69129,ok,
2026-04-24T15:06:51+0800,llvmss_misc_matmul_f64_4x4,wasm-aot,1,r81d0,4255309476,ok,
2026-04-24T15:06:51+0800,llvmss_misc_matmul_f64_4x4,wasm-aot,1,r82d0,1903333841,ok,
2026-04-24T15:06:51+0800,llvmss_misc_matmul_f64_4x4,wasm-aot,1,r00c4,204094447,ok,
2026-04-24T15:06:51+0800,llvmss_misc_matmul_f64_4x4,wasm-aot,1,r01c4,50922705,ok,
2026-04-24T15:06:51+0800,llvmss_misc_matmul_f64_4x4,wasm-aot,1,r1c0,13572030629,ok,
2026-04-24T15:06:51+0800,llvmss_misc_matmul_f64_4x4,wasm-aot,1,cpu-cycles,3222811936,ok,
2026-04-24T15:06:51+0800,llvmss_misc_matmul_f64_4x4,wasm-aot,1,L1-icache-load-misses,654141,ok,
2026-04-24T15:06:51+0800,llvmss_misc_matmul_f64_4x4,wasm-aot,1,branch-misses,63825,ok,
2026-04-24T15:06:51+0800,llvmss_misc_matmul_f64_4x4,native,2,r81d0,1651032326,ok,
2026-04-24T15:06:51+0800,llvmss_misc_matmul_f64_4x4,native,2,r82d0,750646041,ok,
2026-04-24T15:06:51+0800,llvmss_misc_matmul_f64_4x4,native,2,r00c4,150732953,ok,
2026-04-24T15:06:51+0800,llvmss_misc_matmul_f64_4x4,native,2,r01c4,50137587,ok,
2026-04-24T15:06:51+0800,llvmss_misc_matmul_f64_4x4,native,2,r1c0,6804174791,ok,
2026-04-24T15:06:51+0800,llvmss_misc_matmul_f64_4x4,native,2,cpu-cycles,1453223784,ok,
2026-04-24T15:06:51+0800,llvmss_misc_matmul_f64_4x4,native,2,L1-icache-load-misses,132651,ok,
2026-04-24T15:06:51+0800,llvmss_misc_matmul_f64_4x4,native,2,branch-misses,11174,ok,
2026-04-24T15:06:52+0800,llvmss_misc_matmul_f64_4x4,wasm-jit,2,r81d0,4255817213,ok,
2026-04-24T15:06:52+0800,llvmss_misc_matmul_f64_4x4,wasm-jit,2,r82d0,1903588947,ok,
2026-04-24T15:06:52+0800,llvmss_misc_matmul_f64_4x4,wasm-jit,2,r00c4,204405985,ok,
2026-04-24T15:06:52+0800,llvmss_misc_matmul_f64_4x4,wasm-jit,2,r01c4,50991830,ok,
2026-04-24T15:06:52+0800,llvmss_misc_matmul_f64_4x4,wasm-jit,2,r1c0,13574052383,ok,
2026-04-24T15:06:52+0800,llvmss_misc_matmul_f64_4x4,wasm-jit,2,cpu-cycles,3215096435,ok,
2026-04-24T15:06:52+0800,llvmss_misc_matmul_f64_4x4,wasm-jit,2,L1-icache-load-misses,684072,ok,
2026-04-24T15:06:52+0800,llvmss_misc_matmul_f64_4x4,wasm-jit,2,branch-misses,68932,ok,
2026-04-24T15:06:53+0800,llvmss_misc_matmul_f64_4x4,wasm-aot,2,r81d0,4255290728,ok,
2026-04-24T15:06:53+0800,llvmss_misc_matmul_f64_4x4,wasm-aot,2,r82d0,1903325054,ok,
2026-04-24T15:06:53+0800,llvmss_misc_matmul_f64_4x4,wasm-aot,2,r00c4,204079643,ok,
2026-04-24T15:06:53+0800,llvmss_misc_matmul_f64_4x4,wasm-aot,2,r01c4,50920203,ok,
2026-04-24T15:06:53+0800,llvmss_misc_matmul_f64_4x4,wasm-aot,2,r1c0,13571960803,ok,
2026-04-24T15:06:53+0800,llvmss_misc_matmul_f64_4x4,wasm-aot,2,cpu-cycles,3222684902,ok,
2026-04-24T15:06:53+0800,llvmss_misc_matmul_f64_4x4,wasm-aot,2,L1-icache-load-misses,660682,ok,
2026-04-24T15:06:53+0800,llvmss_misc_matmul_f64_4x4,wasm-aot,2,branch-misses,64891,ok,
2026-04-24T15:06:53+0800,llvmss_misc_matmul_f64_4x4,native,3,r81d0,1651044890,ok,
2026-04-24T15:06:53+0800,llvmss_misc_matmul_f64_4x4,native,3,r82d0,750652180,ok,
2026-04-24T15:06:53+0800,llvmss_misc_matmul_f64_4x4,native,3,r00c4,150744592,ok,
2026-04-24T15:06:53+0800,llvmss_misc_matmul_f64_4x4,native,3,r01c4,50137494,ok,
2026-04-24T15:06:53+0800,llvmss_misc_matmul_f64_4x4,native,3,r1c0,6804225578,ok,
2026-04-24T15:06:53+0800,llvmss_misc_matmul_f64_4x4,native,3,cpu-cycles,1455475079,ok,
2026-04-24T15:06:53+0800,llvmss_misc_matmul_f64_4x4,native,3,L1-icache-load-misses,127662,ok,
2026-04-24T15:06:53+0800,llvmss_misc_matmul_f64_4x4,native,3,branch-misses,10922,ok,
2026-04-24T15:06:54+0800,llvmss_misc_matmul_f64_4x4,wasm-jit,3,r81d0,4255836958,ok,
2026-04-24T15:06:54+0800,llvmss_misc_matmul_f64_4x4,wasm-jit,3,r82d0,1903601227,ok,
2026-04-24T15:06:54+0800,llvmss_misc_matmul_f64_4x4,wasm-jit,3,r00c4,204422778,ok,
2026-04-24T15:06:54+0800,llvmss_misc_matmul_f64_4x4,wasm-jit,3,r01c4,50991869,ok,
2026-04-24T15:06:54+0800,llvmss_misc_matmul_f64_4x4,wasm-jit,3,r1c0,13574128856,ok,
2026-04-24T15:06:54+0800,llvmss_misc_matmul_f64_4x4,wasm-jit,3,cpu-cycles,3216387597,ok,
2026-04-24T15:06:54+0800,llvmss_misc_matmul_f64_4x4,wasm-jit,3,L1-icache-load-misses,717728,ok,
2026-04-24T15:06:54+0800,llvmss_misc_matmul_f64_4x4,wasm-jit,3,branch-misses,71590,ok,
2026-04-24T15:06:55+0800,llvmss_misc_matmul_f64_4x4,wasm-aot,3,r81d0,4255240112,ok,
2026-04-24T15:06:55+0800,llvmss_misc_matmul_f64_4x4,wasm-aot,3,r82d0,1903284699,ok,
2026-04-24T15:06:55+0800,llvmss_misc_matmul_f64_4x4,wasm-aot,3,r00c4,204049172,ok,
2026-04-24T15:06:55+0800,llvmss_misc_matmul_f64_4x4,wasm-aot,3,r01c4,50911040,ok,
2026-04-24T15:06:55+0800,llvmss_misc_matmul_f64_4x4,wasm-aot,3,r1c0,13571720420,ok,
2026-04-24T15:06:55+0800,llvmss_misc_matmul_f64_4x4,wasm-aot,3,cpu-cycles,3223619525,ok,
2026-04-24T15:06:55+0800,llvmss_misc_matmul_f64_4x4,wasm-aot,3,L1-icache-load-misses,631969,ok,
2026-04-24T15:06:55+0800,llvmss_misc_matmul_f64_4x4,wasm-aot,3,branch-misses,61398,ok,
2026-04-24T15:06:56+0800,llvmss_misc_matmul_f64_4x4,native,4,r81d0,1651165304,ok,
2026-04-24T15:06:56+0800,llvmss_misc_matmul_f64_4x4,native,4,r82d0,750728204,ok,
2026-04-24T15:06:56+0800,llvmss_misc_matmul_f64_4x4,native,4,r00c4,150825945,ok,
2026-04-24T15:06:56+0800,llvmss_misc_matmul_f64_4x4,native,4,r01c4,50150110,ok,
2026-04-24T15:06:56+0800,llvmss_misc_matmul_f64_4x4,native,4,r1c0,6804697740,ok,
2026-04-24T15:06:56+0800,llvmss_misc_matmul_f64_4x4,native,4,cpu-cycles,1795250118,ok,
2026-04-24T15:06:56+0800,llvmss_misc_matmul_f64_4x4,native,4,L1-icache-load-misses,125442,ok,
2026-04-24T15:06:56+0800,llvmss_misc_matmul_f64_4x4,native,4,branch-misses,11258,ok,
2026-04-24T15:06:57+0800,llvmss_misc_matmul_f64_4x4,wasm-jit,4,r81d0,4255731639,ok,
2026-04-24T15:06:57+0800,llvmss_misc_matmul_f64_4x4,wasm-jit,4,r82d0,1903534462,ok,
2026-04-24T15:06:57+0800,llvmss_misc_matmul_f64_4x4,wasm-jit,4,r00c4,204344604,ok,
2026-04-24T15:06:57+0800,llvmss_misc_matmul_f64_4x4,wasm-jit,4,r01c4,50976130,ok,
2026-04-24T15:06:57+0800,llvmss_misc_matmul_f64_4x4,wasm-jit,4,r1c0,13573688387,ok,
2026-04-24T15:06:57+0800,llvmss_misc_matmul_f64_4x4,wasm-jit,4,cpu-cycles,3215168107,ok,
2026-04-24T15:06:57+0800,llvmss_misc_matmul_f64_4x4,wasm-jit,4,L1-icache-load-misses,678111,ok,
2026-04-24T15:06:57+0800,llvmss_misc_matmul_f64_4x4,wasm-jit,4,branch-misses,69936,ok,
2026-04-24T15:06:58+0800,llvmss_misc_matmul_f64_4x4,wasm-aot,4,r81d0,4255345905,ok,
2026-04-24T15:06:58+0800,llvmss_misc_matmul_f64_4x4,wasm-aot,4,r82d0,1903353934,ok,
2026-04-24T15:06:58+0800,llvmss_misc_matmul_f64_4x4,wasm-aot,4,r00c4,204131907,ok,
2026-04-24T15:06:58+0800,llvmss_misc_matmul_f64_4x4,wasm-aot,4,r01c4,50930265,ok,
2026-04-24T15:06:58+0800,llvmss_misc_matmul_f64_4x4,wasm-aot,4,r1c0,13572194621,ok,
2026-04-24T15:06:58+0800,llvmss_misc_matmul_f64_4x4,wasm-aot,4,cpu-cycles,3223677187,ok,
2026-04-24T15:06:58+0800,llvmss_misc_matmul_f64_4x4,wasm-aot,4,L1-icache-load-misses,652937,ok,
2026-04-24T15:06:58+0800,llvmss_misc_matmul_f64_4x4,wasm-aot,4,branch-misses,63603,ok,
2026-04-24T15:06:58+0800,llvmss_misc_matmul_f64_4x4,native,5,r81d0,1651028982,ok,
2026-04-24T15:06:58+0800,llvmss_misc_matmul_f64_4x4,native,5,r82d0,750643815,ok,
2026-04-24T15:06:58+0800,llvmss_misc_matmul_f64_4x4,native,5,r00c4,150729748,ok,
2026-04-24T15:06:58+0800,llvmss_misc_matmul_f64_4x4,native,5,r01c4,50136993,ok,
2026-04-24T15:06:58+0800,llvmss_misc_matmul_f64_4x4,native,5,r1c0,6804164977,ok,
2026-04-24T15:06:58+0800,llvmss_misc_matmul_f64_4x4,native,5,cpu-cycles,1452619613,ok,
2026-04-24T15:06:58+0800,llvmss_misc_matmul_f64_4x4,native,5,L1-icache-load-misses,122936,ok,
2026-04-24T15:06:58+0800,llvmss_misc_matmul_f64_4x4,native,5,branch-misses,10548,ok,
2026-04-24T15:06:59+0800,llvmss_misc_matmul_f64_4x4,wasm-jit,5,r81d0,4255824301,ok,
2026-04-24T15:06:59+0800,llvmss_misc_matmul_f64_4x4,wasm-jit,5,r82d0,1903591397,ok,
2026-04-24T15:06:59+0800,llvmss_misc_matmul_f64_4x4,wasm-jit,5,r00c4,204418364,ok,
2026-04-24T15:06:59+0800,llvmss_misc_matmul_f64_4x4,wasm-jit,5,r01c4,50993945,ok,
2026-04-24T15:06:59+0800,llvmss_misc_matmul_f64_4x4,wasm-jit,5,r1c0,13574079940,ok,
2026-04-24T15:06:59+0800,llvmss_misc_matmul_f64_4x4,wasm-jit,5,cpu-cycles,3216318514,ok,
2026-04-24T15:06:59+0800,llvmss_misc_matmul_f64_4x4,wasm-jit,5,L1-icache-load-misses,713435,ok,
2026-04-24T15:06:59+0800,llvmss_misc_matmul_f64_4x4,wasm-jit,5,branch-misses,69498,ok,
2026-04-24T15:07:00+0800,llvmss_misc_matmul_f64_4x4,wasm-aot,5,r81d0,4255268312,ok,
2026-04-24T15:07:00+0800,llvmss_misc_matmul_f64_4x4,wasm-aot,5,r82d0,1903309284,ok,
2026-04-24T15:07:00+0800,llvmss_misc_matmul_f64_4x4,wasm-aot,5,r00c4,204066849,ok,
2026-04-24T15:07:00+0800,llvmss_misc_matmul_f64_4x4,wasm-aot,5,r01c4,50916062,ok,
2026-04-24T15:07:00+0800,llvmss_misc_matmul_f64_4x4,wasm-aot,5,r1c0,13571846884,ok,
2026-04-24T15:07:00+0800,llvmss_misc_matmul_f64_4x4,wasm-aot,5,cpu-cycles,3221699993,ok,
2026-04-24T15:07:00+0800,llvmss_misc_matmul_f64_4x4,wasm-aot,5,L1-icache-load-misses,612453,ok,
2026-04-24T15:07:00+0800,llvmss_misc_matmul_f64_4x4,wasm-aot,5,branch-misses,58868,ok,
2026-04-24T15:07:20+0800,llvmss_misc_reedsolomon,native,1,r81d0,4622054836,ok,
2026-04-24T15:07:20+0800,llvmss_misc_reedsolomon,native,1,r82d0,2054964853,ok,
2026-04-24T15:07:20+0800,llvmss_misc_reedsolomon,native,1,r00c4,5403574605,ok,
2026-04-24T15:07:20+0800,llvmss_misc_reedsolomon,native,1,r01c4,338376659,ok,
2026-04-24T15:07:20+0800,llvmss_misc_reedsolomon,native,1,r1c0,38026654202,ok,
2026-04-24T15:07:20+0800,llvmss_misc_reedsolomon,native,1,cpu-cycles,10745013119,ok,
2026-04-24T15:07:20+0800,llvmss_misc_reedsolomon,native,1,L1-icache-load-misses,646995,ok,
2026-04-24T15:07:20+0800,llvmss_misc_reedsolomon,native,1,branch-misses,6802888,ok,
2026-04-24T15:07:23+0800,llvmss_misc_reedsolomon,wasm-jit,1,r81d0,5999581338,ok,
2026-04-24T15:07:23+0800,llvmss_misc_reedsolomon,wasm-jit,1,r82d0,2040457257,ok,
2026-04-24T15:07:23+0800,llvmss_misc_reedsolomon,wasm-jit,1,r00c4,3964474348,ok,
2026-04-24T15:07:23+0800,llvmss_misc_reedsolomon,wasm-jit,1,r01c4,1747552732,ok,
2026-04-24T15:07:23+0800,llvmss_misc_reedsolomon,wasm-jit,1,r1c0,40077055305,ok,
2026-04-24T15:07:23+0800,llvmss_misc_reedsolomon,wasm-jit,1,cpu-cycles,10082926396,ok,
2026-04-24T15:07:23+0800,llvmss_misc_reedsolomon,wasm-jit,1,L1-icache-load-misses,1200352,ok,
2026-04-24T15:07:23+0800,llvmss_misc_reedsolomon,wasm-jit,1,branch-misses,6823603,ok,
2026-04-24T15:07:26+0800,llvmss_misc_reedsolomon,wasm-aot,1,r81d0,5999010325,ok,
2026-04-24T15:07:26+0800,llvmss_misc_reedsolomon,wasm-aot,1,r82d0,2040156166,ok,
2026-04-24T15:07:26+0800,llvmss_misc_reedsolomon,wasm-aot,1,r00c4,3964126008,ok,
2026-04-24T15:07:26+0800,llvmss_misc_reedsolomon,wasm-aot,1,r01c4,1747484072,ok,
2026-04-24T15:07:26+0800,llvmss_misc_reedsolomon,wasm-aot,1,r1c0,40074727752,ok,
2026-04-24T15:07:26+0800,llvmss_misc_reedsolomon,wasm-aot,1,cpu-cycles,10080412090,ok,
2026-04-24T15:07:26+0800,llvmss_misc_reedsolomon,wasm-aot,1,L1-icache-load-misses,1136481,ok,
2026-04-24T15:07:26+0800,llvmss_misc_reedsolomon,wasm-aot,1,branch-misses,6852701,ok,
2026-04-24T15:07:29+0800,llvmss_misc_reedsolomon,native,2,r81d0,4622160013,ok,
2026-04-24T15:07:29+0800,llvmss_misc_reedsolomon,native,2,r82d0,2055029067,ok,
2026-04-24T15:07:29+0800,llvmss_misc_reedsolomon,native,2,r00c4,5403647424,ok,
2026-04-24T15:07:29+0800,llvmss_misc_reedsolomon,native,2,r01c4,338383239,ok,
2026-04-24T15:07:29+0800,llvmss_misc_reedsolomon,native,2,r1c0,38027086922,ok,
2026-04-24T15:07:29+0800,llvmss_misc_reedsolomon,native,2,cpu-cycles,10746454334,ok,
2026-04-24T15:07:29+0800,llvmss_misc_reedsolomon,native,2,L1-icache-load-misses,609228,ok,
2026-04-24T15:07:29+0800,llvmss_misc_reedsolomon,native,2,branch-misses,6833547,ok,
2026-04-24T15:07:32+0800,llvmss_misc_reedsolomon,wasm-jit,2,r81d0,5999635491,ok,
2026-04-24T15:07:32+0800,llvmss_misc_reedsolomon,wasm-jit,2,r82d0,2040487227,ok,
2026-04-24T15:07:32+0800,llvmss_misc_reedsolomon,wasm-jit,2,r00c4,3964516435,ok,
2026-04-24T15:07:32+0800,llvmss_misc_reedsolomon,wasm-jit,2,r01c4,1747573423,ok,
2026-04-24T15:07:32+0800,llvmss_misc_reedsolomon,wasm-jit,2,r1c0,40077248119,ok,
2026-04-24T15:07:32+0800,llvmss_misc_reedsolomon,wasm-jit,2,cpu-cycles,10085828399,ok,
2026-04-24T15:07:32+0800,llvmss_misc_reedsolomon,wasm-jit,2,L1-icache-load-misses,1218220,ok,
2026-04-24T15:07:32+0800,llvmss_misc_reedsolomon,wasm-jit,2,branch-misses,6991594,ok,
2026-04-24T15:07:34+0800,llvmss_misc_reedsolomon,wasm-aot,2,r81d0,5999042604,ok,
2026-04-24T15:07:34+0800,llvmss_misc_reedsolomon,wasm-aot,2,r82d0,2040186729,ok,
2026-04-24T15:07:34+0800,llvmss_misc_reedsolomon,wasm-aot,2,r00c4,3964146700,ok,
2026-04-24T15:07:34+0800,llvmss_misc_reedsolomon,wasm-aot,2,r01c4,1747485711,ok,
2026-04-24T15:07:34+0800,llvmss_misc_reedsolomon,wasm-aot,2,r1c0,40074916641,ok,
2026-04-24T15:07:34+0800,llvmss_misc_reedsolomon,wasm-aot,2,cpu-cycles,10081488765,ok,
2026-04-24T15:07:34+0800,llvmss_misc_reedsolomon,wasm-aot,2,L1-icache-load-misses,1107063,ok,
2026-04-24T15:07:34+0800,llvmss_misc_reedsolomon,wasm-aot,2,branch-misses,6921982,ok,
2026-04-24T15:07:37+0800,llvmss_misc_reedsolomon,native,3,r81d0,4622100151,ok,
2026-04-24T15:07:37+0800,llvmss_misc_reedsolomon,native,3,r82d0,2054991050,ok,
2026-04-24T15:07:37+0800,llvmss_misc_reedsolomon,native,3,r00c4,5403613780,ok,
2026-04-24T15:07:37+0800,llvmss_misc_reedsolomon,native,3,r01c4,338385839,ok,
2026-04-24T15:07:37+0800,llvmss_misc_reedsolomon,native,3,r1c0,38026876685,ok,
2026-04-24T15:07:37+0800,llvmss_misc_reedsolomon,native,3,cpu-cycles,10747139556,ok,
2026-04-24T15:07:37+0800,llvmss_misc_reedsolomon,native,3,L1-icache-load-misses,623498,ok,
2026-04-24T15:07:37+0800,llvmss_misc_reedsolomon,native,3,branch-misses,6794162,ok,
2026-04-24T15:07:40+0800,llvmss_misc_reedsolomon,wasm-jit,3,r81d0,5999518621,ok,
2026-04-24T15:07:40+0800,llvmss_misc_reedsolomon,wasm-jit,3,r82d0,2040411703,ok,
2026-04-24T15:07:40+0800,llvmss_misc_reedsolomon,wasm-jit,3,r00c4,3964424939,ok,
2026-04-24T15:07:40+0800,llvmss_misc_reedsolomon,wasm-jit,3,r01c4,1747556058,ok,
2026-04-24T15:07:40+0800,llvmss_misc_reedsolomon,wasm-jit,3,r1c0,40076753971,ok,
2026-04-24T15:07:40+0800,llvmss_misc_reedsolomon,wasm-jit,3,cpu-cycles,10082703510,ok,
2026-04-24T15:07:40+0800,llvmss_misc_reedsolomon,wasm-jit,3,L1-icache-load-misses,1180063,ok,
2026-04-24T15:07:40+0800,llvmss_misc_reedsolomon,wasm-jit,3,branch-misses,6934981,ok,
2026-04-24T15:07:43+0800,llvmss_misc_reedsolomon,wasm-aot,3,r81d0,5999050883,ok,
2026-04-24T15:07:43+0800,llvmss_misc_reedsolomon,wasm-aot,3,r82d0,2040181499,ok,
2026-04-24T15:07:43+0800,llvmss_misc_reedsolomon,wasm-aot,3,r00c4,3964164286,ok,
2026-04-24T15:07:43+0800,llvmss_misc_reedsolomon,wasm-aot,3,r01c4,1747494984,ok,
2026-04-24T15:07:43+0800,llvmss_misc_reedsolomon,wasm-aot,3,r1c0,40074983310,ok,
2026-04-24T15:07:43+0800,llvmss_misc_reedsolomon,wasm-aot,3,cpu-cycles,10079546623,ok,
2026-04-24T15:07:43+0800,llvmss_misc_reedsolomon,wasm-aot,3,L1-icache-load-misses,1106980,ok,
2026-04-24T15:07:43+0800,llvmss_misc_reedsolomon,wasm-aot,3,branch-misses,6880983,ok,
2026-04-24T15:07:46+0800,llvmss_misc_reedsolomon,native,4,r81d0,4622102576,ok,
2026-04-24T15:07:46+0800,llvmss_misc_reedsolomon,native,4,r82d0,2054987827,ok,
2026-04-24T15:07:46+0800,llvmss_misc_reedsolomon,native,4,r00c4,5403613656,ok,
2026-04-24T15:07:46+0800,llvmss_misc_reedsolomon,native,4,r01c4,338384223,ok,
2026-04-24T15:07:46+0800,llvmss_misc_reedsolomon,native,4,r1c0,38026819452,ok,
2026-04-24T15:07:46+0800,llvmss_misc_reedsolomon,native,4,cpu-cycles,10756439322,ok,
2026-04-24T15:07:46+0800,llvmss_misc_reedsolomon,native,4,L1-icache-load-misses,607326,ok,
2026-04-24T15:07:46+0800,llvmss_misc_reedsolomon,native,4,branch-misses,6764296,ok,
2026-04-24T15:07:49+0800,llvmss_misc_reedsolomon,wasm-jit,4,r81d0,5999671535,ok,
2026-04-24T15:07:49+0800,llvmss_misc_reedsolomon,wasm-jit,4,r82d0,2040501854,ok,
2026-04-24T15:07:49+0800,llvmss_misc_reedsolomon,wasm-jit,4,r00c4,3964552208,ok,
2026-04-24T15:07:49+0800,llvmss_misc_reedsolomon,wasm-jit,4,r01c4,1747576022,ok,
2026-04-24T15:07:49+0800,llvmss_misc_reedsolomon,wasm-jit,4,r1c0,40077457415,ok,
2026-04-24T15:07:49+0800,llvmss_misc_reedsolomon,wasm-jit,4,cpu-cycles,10083064836,ok,
2026-04-24T15:07:49+0800,llvmss_misc_reedsolomon,wasm-jit,4,L1-icache-load-misses,1167614,ok,
2026-04-24T15:07:49+0800,llvmss_misc_reedsolomon,wasm-jit,4,branch-misses,6839218,ok,
2026-04-24T15:07:52+0800,llvmss_misc_reedsolomon,wasm-aot,4,r81d0,5998975601,ok,
2026-04-24T15:07:52+0800,llvmss_misc_reedsolomon,wasm-aot,4,r82d0,2040130256,ok,
2026-04-24T15:07:52+0800,llvmss_misc_reedsolomon,wasm-aot,4,r00c4,3964108255,ok,
2026-04-24T15:07:52+0800,llvmss_misc_reedsolomon,wasm-aot,4,r01c4,1747485080,ok,
2026-04-24T15:07:52+0800,llvmss_misc_reedsolomon,wasm-aot,4,r1c0,40074586336,ok,
2026-04-24T15:07:52+0800,llvmss_misc_reedsolomon,wasm-aot,4,cpu-cycles,10078162228,ok,
2026-04-24T15:07:52+0800,llvmss_misc_reedsolomon,wasm-aot,4,L1-icache-load-misses,1090572,ok,
2026-04-24T15:07:52+0800,llvmss_misc_reedsolomon,wasm-aot,4,branch-misses,6769660,ok,
2026-04-24T15:07:55+0800,llvmss_misc_reedsolomon,native,5,r81d0,4622090100,ok,
2026-04-24T15:07:55+0800,llvmss_misc_reedsolomon,native,5,r82d0,2054984163,ok,
2026-04-24T15:07:55+0800,llvmss_misc_reedsolomon,native,5,r00c4,5403610580,ok,
2026-04-24T15:07:55+0800,llvmss_misc_reedsolomon,native,5,r01c4,338383080,ok,
2026-04-24T15:07:55+0800,llvmss_misc_reedsolomon,native,5,r1c0,38026847601,ok,
2026-04-24T15:07:55+0800,llvmss_misc_reedsolomon,native,5,cpu-cycles,10745810270,ok,
2026-04-24T15:07:55+0800,llvmss_misc_reedsolomon,native,5,L1-icache-load-misses,623984,ok,
2026-04-24T15:07:55+0800,llvmss_misc_reedsolomon,native,5,branch-misses,6812781,ok,
2026-04-24T15:07:57+0800,llvmss_misc_reedsolomon,wasm-jit,5,r81d0,5999580703,ok,
2026-04-24T15:07:57+0800,llvmss_misc_reedsolomon,wasm-jit,5,r82d0,2040454866,ok,
2026-04-24T15:07:57+0800,llvmss_misc_reedsolomon,wasm-jit,5,r00c4,3964482175,ok,
2026-04-24T15:07:57+0800,llvmss_misc_reedsolomon,wasm-jit,5,r01c4,1747562784,ok,
2026-04-24T15:07:57+0800,llvmss_misc_reedsolomon,wasm-jit,5,r1c0,40077045272,ok,
2026-04-24T15:07:57+0800,llvmss_misc_reedsolomon,wasm-jit,5,cpu-cycles,10082267445,ok,
2026-04-24T15:07:57+0800,llvmss_misc_reedsolomon,wasm-jit,5,L1-icache-load-misses,1168774,ok,
2026-04-24T15:07:57+0800,llvmss_misc_reedsolomon,wasm-jit,5,branch-misses,6810915,ok,
2026-04-24T15:08:00+0800,llvmss_misc_reedsolomon,wasm-aot,5,r81d0,5998987009,ok,
2026-04-24T15:08:00+0800,llvmss_misc_reedsolomon,wasm-aot,5,r82d0,2040138465,ok,
2026-04-24T15:08:00+0800,llvmss_misc_reedsolomon,wasm-aot,5,r00c4,3964115540,ok,
2026-04-24T15:08:00+0800,llvmss_misc_reedsolomon,wasm-aot,5,r01c4,1747487449,ok,
2026-04-24T15:08:00+0800,llvmss_misc_reedsolomon,wasm-aot,5,r1c0,40074679200,ok,
2026-04-24T15:08:00+0800,llvmss_misc_reedsolomon,wasm-aot,5,cpu-cycles,10079563918,ok,
2026-04-24T15:08:00+0800,llvmss_misc_reedsolomon,wasm-aot,5,L1-icache-load-misses,1084253,ok,
2026-04-24T15:08:00+0800,llvmss_misc_reedsolomon,wasm-aot,5,branch-misses,6856091,ok,
2026-04-24T15:08:05+0800,llvmss_misc_richards_benchmark,native,1,r81d0,1346857267,ok,
2026-04-24T15:08:05+0800,llvmss_misc_richards_benchmark,native,1,r82d0,885144182,ok,
2026-04-24T15:08:05+0800,llvmss_misc_richards_benchmark,native,1,r00c4,961987452,ok,
2026-04-24T15:08:05+0800,llvmss_misc_richards_benchmark,native,1,r01c4,237623593,ok,
2026-04-24T15:08:05+0800,llvmss_misc_richards_benchmark,native,1,r1c0,3944850676,ok,
2026-04-24T15:08:05+0800,llvmss_misc_richards_benchmark,native,1,cpu-cycles,1625401515,ok,
2026-04-24T15:08:05+0800,llvmss_misc_richards_benchmark,native,1,L1-icache-load-misses,121142,ok,
2026-04-24T15:08:05+0800,llvmss_misc_richards_benchmark,native,1,branch-misses,7394282,ok,
2026-04-24T15:08:06+0800,llvmss_misc_richards_benchmark,wasm-jit,1,r81d0,2172565681,ok,
2026-04-24T15:08:06+0800,llvmss_misc_richards_benchmark,wasm-jit,1,r82d0,1281466844,ok,
2026-04-24T15:08:06+0800,llvmss_misc_richards_benchmark,wasm-jit,1,r00c4,1399378691,ok,
2026-04-24T15:08:06+0800,llvmss_misc_richards_benchmark,wasm-jit,1,r01c4,209420833,ok,
2026-04-24T15:08:06+0800,llvmss_misc_richards_benchmark,wasm-jit,1,r1c0,8333625847,ok,
2026-04-24T15:08:06+0800,llvmss_misc_richards_benchmark,wasm-jit,1,cpu-cycles,2972627270,ok,
2026-04-24T15:08:06+0800,llvmss_misc_richards_benchmark,wasm-jit,1,L1-icache-load-misses,673621,ok,
2026-04-24T15:08:06+0800,llvmss_misc_richards_benchmark,wasm-jit,1,branch-misses,7653763,ok,
2026-04-24T15:08:07+0800,llvmss_misc_richards_benchmark,wasm-aot,1,r81d0,2171932157,ok,
2026-04-24T15:08:07+0800,llvmss_misc_richards_benchmark,wasm-aot,1,r82d0,1281150671,ok,
2026-04-24T15:08:07+0800,llvmss_misc_richards_benchmark,wasm-aot,1,r00c4,1399002743,ok,
2026-04-24T15:08:07+0800,llvmss_misc_richards_benchmark,wasm-aot,1,r01c4,209340553,ok,
2026-04-24T15:08:07+0800,llvmss_misc_richards_benchmark,wasm-aot,1,r1c0,8331120725,ok,
2026-04-24T15:08:07+0800,llvmss_misc_richards_benchmark,wasm-aot,1,cpu-cycles,2959678045,ok,
2026-04-24T15:08:07+0800,llvmss_misc_richards_benchmark,wasm-aot,1,L1-icache-load-misses,636096,ok,
2026-04-24T15:08:07+0800,llvmss_misc_richards_benchmark,wasm-aot,1,branch-misses,7650663,ok,
2026-04-24T15:08:07+0800,llvmss_misc_richards_benchmark,native,2,r81d0,1346897285,ok,
2026-04-24T15:08:07+0800,llvmss_misc_richards_benchmark,native,2,r82d0,885171839,ok,
2026-04-24T15:08:07+0800,llvmss_misc_richards_benchmark,native,2,r00c4,962013823,ok,
2026-04-24T15:08:07+0800,llvmss_misc_richards_benchmark,native,2,r01c4,237629682,ok,
2026-04-24T15:08:07+0800,llvmss_misc_richards_benchmark,native,2,r1c0,3945024903,ok,
2026-04-24T15:08:07+0800,llvmss_misc_richards_benchmark,native,2,cpu-cycles,1683845719,ok,
2026-04-24T15:08:07+0800,llvmss_misc_richards_benchmark,native,2,L1-icache-load-misses,126534,ok,
2026-04-24T15:08:07+0800,llvmss_misc_richards_benchmark,native,2,branch-misses,7349631,ok,
2026-04-24T15:08:08+0800,llvmss_misc_richards_benchmark,wasm-jit,2,r81d0,2172573755,ok,
2026-04-24T15:08:08+0800,llvmss_misc_richards_benchmark,wasm-jit,2,r82d0,1281470514,ok,
2026-04-24T15:08:08+0800,llvmss_misc_richards_benchmark,wasm-jit,2,r00c4,1399382805,ok,
2026-04-24T15:08:08+0800,llvmss_misc_richards_benchmark,wasm-jit,2,r01c4,209422366,ok,
2026-04-24T15:08:08+0800,llvmss_misc_richards_benchmark,wasm-jit,2,r1c0,8333654051,ok,
2026-04-24T15:08:08+0800,llvmss_misc_richards_benchmark,wasm-jit,2,cpu-cycles,2956668446,ok,
2026-04-24T15:08:08+0800,llvmss_misc_richards_benchmark,wasm-jit,2,L1-icache-load-misses,681855,ok,
2026-04-24T15:08:08+0800,llvmss_misc_richards_benchmark,wasm-jit,2,branch-misses,7637142,ok,
2026-04-24T15:08:09+0800,llvmss_misc_richards_benchmark,wasm-aot,2,r81d0,2171966781,ok,
2026-04-24T15:08:09+0800,llvmss_misc_richards_benchmark,wasm-aot,2,r82d0,1281175601,ok,
2026-04-24T15:08:09+0800,llvmss_misc_richards_benchmark,wasm-aot,2,r00c4,1399024091,ok,
2026-04-24T15:08:09+0800,llvmss_misc_richards_benchmark,wasm-aot,2,r01c4,209344837,ok,
2026-04-24T15:08:09+0800,llvmss_misc_richards_benchmark,wasm-aot,2,r1c0,8331266053,ok,
2026-04-24T15:08:09+0800,llvmss_misc_richards_benchmark,wasm-aot,2,cpu-cycles,2968616336,ok,
2026-04-24T15:08:09+0800,llvmss_misc_richards_benchmark,wasm-aot,2,L1-icache-load-misses,640116,ok,
2026-04-24T15:08:09+0800,llvmss_misc_richards_benchmark,wasm-aot,2,branch-misses,7621619,ok,
2026-04-24T15:08:09+0800,llvmss_misc_richards_benchmark,native,3,r81d0,1346906177,ok,
2026-04-24T15:08:09+0800,llvmss_misc_richards_benchmark,native,3,r82d0,885175431,ok,
2026-04-24T15:08:09+0800,llvmss_misc_richards_benchmark,native,3,r00c4,962022461,ok,
2026-04-24T15:08:09+0800,llvmss_misc_richards_benchmark,native,3,r01c4,237630303,ok,
2026-04-24T15:08:09+0800,llvmss_misc_richards_benchmark,native,3,r1c0,3945073541,ok,
2026-04-24T15:08:09+0800,llvmss_misc_richards_benchmark,native,3,cpu-cycles,1623144941,ok,
2026-04-24T15:08:09+0800,llvmss_misc_richards_benchmark,native,3,L1-icache-load-misses,124564,ok,
2026-04-24T15:08:09+0800,llvmss_misc_richards_benchmark,native,3,branch-misses,7383587,ok,
2026-04-24T15:08:10+0800,llvmss_misc_richards_benchmark,wasm-jit,3,r81d0,2172571749,ok,
2026-04-24T15:08:10+0800,llvmss_misc_richards_benchmark,wasm-jit,3,r82d0,1281472159,ok,
2026-04-24T15:08:10+0800,llvmss_misc_richards_benchmark,wasm-jit,3,r00c4,1399385308,ok,
2026-04-24T15:08:10+0800,llvmss_misc_richards_benchmark,wasm-jit,3,r01c4,209423287,ok,
2026-04-24T15:08:10+0800,llvmss_misc_richards_benchmark,wasm-jit,3,r1c0,8333664614,ok,
2026-04-24T15:08:10+0800,llvmss_misc_richards_benchmark,wasm-jit,3,cpu-cycles,2969492255,ok,
2026-04-24T15:08:10+0800,llvmss_misc_richards_benchmark,wasm-jit,3,L1-icache-load-misses,668333,ok,
2026-04-24T15:08:10+0800,llvmss_misc_richards_benchmark,wasm-jit,3,branch-misses,7632926,ok,
2026-04-24T15:08:11+0800,llvmss_misc_richards_benchmark,wasm-aot,3,r81d0,2171895990,ok,
2026-04-24T15:08:11+0800,llvmss_misc_richards_benchmark,wasm-aot,3,r82d0,1281130215,ok,
2026-04-24T15:08:11+0800,llvmss_misc_richards_benchmark,wasm-aot,3,r00c4,1398974324,ok,
2026-04-24T15:08:11+0800,llvmss_misc_richards_benchmark,wasm-aot,3,r01c4,209334291,ok,
2026-04-24T15:08:11+0800,llvmss_misc_richards_benchmark,wasm-aot,3,r1c0,8330956822,ok,
2026-04-24T15:08:11+0800,llvmss_misc_richards_benchmark,wasm-aot,3,cpu-cycles,2962351487,ok,
2026-04-24T15:08:11+0800,llvmss_misc_richards_benchmark,wasm-aot,3,L1-icache-load-misses,627123,ok,
2026-04-24T15:08:11+0800,llvmss_misc_richards_benchmark,wasm-aot,3,branch-misses,7602783,ok,
2026-04-24T15:08:11+0800,llvmss_misc_richards_benchmark,native,4,r81d0,1346850092,ok,
2026-04-24T15:08:11+0800,llvmss_misc_richards_benchmark,native,4,r82d0,885140217,ok,
2026-04-24T15:08:11+0800,llvmss_misc_richards_benchmark,native,4,r00c4,961982068,ok,
2026-04-24T15:08:11+0800,llvmss_misc_richards_benchmark,native,4,r01c4,237622629,ok,
2026-04-24T15:08:11+0800,llvmss_misc_richards_benchmark,native,4,r1c0,3944834354,ok,
2026-04-24T15:08:11+0800,llvmss_misc_richards_benchmark,native,4,cpu-cycles,1624178630,ok,
2026-04-24T15:08:11+0800,llvmss_misc_richards_benchmark,native,4,L1-icache-load-misses,119115,ok,
2026-04-24T15:08:11+0800,llvmss_misc_richards_benchmark,native,4,branch-misses,7367006,ok,
2026-04-24T15:08:12+0800,llvmss_misc_richards_benchmark,wasm-jit,4,r81d0,2172649027,ok,
2026-04-24T15:08:12+0800,llvmss_misc_richards_benchmark,wasm-jit,4,r82d0,1281528926,ok,
2026-04-24T15:08:12+0800,llvmss_misc_richards_benchmark,wasm-jit,4,r00c4,1399436955,ok,
2026-04-24T15:08:12+0800,llvmss_misc_richards_benchmark,wasm-jit,4,r01c4,209431296,ok,
2026-04-24T15:08:12+0800,llvmss_misc_richards_benchmark,wasm-jit,4,r1c0,8333999569,ok,
2026-04-24T15:08:12+0800,llvmss_misc_richards_benchmark,wasm-jit,4,cpu-cycles,2967130736,ok,
2026-04-24T15:08:12+0800,llvmss_misc_richards_benchmark,wasm-jit,4,L1-icache-load-misses,711612,ok,
2026-04-24T15:08:12+0800,llvmss_misc_richards_benchmark,wasm-jit,4,branch-misses,7642023,ok,
2026-04-24T15:08:13+0800,llvmss_misc_richards_benchmark,wasm-aot,4,r81d0,2171945074,ok,
2026-04-24T15:08:13+0800,llvmss_misc_richards_benchmark,wasm-aot,4,r82d0,1281157894,ok,
2026-04-24T15:08:13+0800,llvmss_misc_richards_benchmark,wasm-aot,4,r00c4,1399016738,ok,
2026-04-24T15:08:13+0800,llvmss_misc_richards_benchmark,wasm-aot,4,r01c4,209343786,ok,
2026-04-24T15:08:13+0800,llvmss_misc_richards_benchmark,wasm-aot,4,r1c0,8331196533,ok,
2026-04-24T15:08:13+0800,llvmss_misc_richards_benchmark,wasm-aot,4,cpu-cycles,2964560306,ok,
2026-04-24T15:08:13+0800,llvmss_misc_richards_benchmark,wasm-aot,4,L1-icache-load-misses,644032,ok,
2026-04-24T15:08:13+0800,llvmss_misc_richards_benchmark,wasm-aot,4,branch-misses,7640179,ok,
2026-04-24T15:08:14+0800,llvmss_misc_richards_benchmark,native,5,r81d0,1346895879,ok,
2026-04-24T15:08:14+0800,llvmss_misc_richards_benchmark,native,5,r82d0,885169777,ok,
2026-04-24T15:08:14+0800,llvmss_misc_richards_benchmark,native,5,r00c4,962014259,ok,
2026-04-24T15:08:14+0800,llvmss_misc_richards_benchmark,native,5,r01c4,237629479,ok,
2026-04-24T15:08:14+0800,llvmss_misc_richards_benchmark,native,5,r1c0,3945026188,ok,
2026-04-24T15:08:14+0800,llvmss_misc_richards_benchmark,native,5,cpu-cycles,1621043493,ok,
2026-04-24T15:08:14+0800,llvmss_misc_richards_benchmark,native,5,L1-icache-load-misses,125021,ok,
2026-04-24T15:08:14+0800,llvmss_misc_richards_benchmark,native,5,branch-misses,7390701,ok,
2026-04-24T15:08:14+0800,llvmss_misc_richards_benchmark,wasm-jit,5,r81d0,2172607027,ok,
2026-04-24T15:08:14+0800,llvmss_misc_richards_benchmark,wasm-jit,5,r82d0,1281490589,ok,
2026-04-24T15:08:14+0800,llvmss_misc_richards_benchmark,wasm-jit,5,r00c4,1399412660,ok,
2026-04-24T15:08:14+0800,llvmss_misc_richards_benchmark,wasm-jit,5,r01c4,209431076,ok,
2026-04-24T15:08:14+0800,llvmss_misc_richards_benchmark,wasm-jit,5,r1c0,8333831069,ok,
2026-04-24T15:08:14+0800,llvmss_misc_richards_benchmark,wasm-jit,5,cpu-cycles,2970851786,ok,
2026-04-24T15:08:14+0800,llvmss_misc_richards_benchmark,wasm-jit,5,L1-icache-load-misses,686408,ok,
2026-04-24T15:08:14+0800,llvmss_misc_richards_benchmark,wasm-jit,5,branch-misses,7643530,ok,
2026-04-24T15:08:15+0800,llvmss_misc_richards_benchmark,wasm-aot,5,r81d0,2171933686,ok,
2026-04-24T15:08:15+0800,llvmss_misc_richards_benchmark,wasm-aot,5,r82d0,1281153431,ok,
2026-04-24T15:08:15+0800,llvmss_misc_richards_benchmark,wasm-aot,5,r00c4,1398999957,ok,
2026-04-24T15:08:15+0800,llvmss_misc_richards_benchmark,wasm-aot,5,r01c4,209341310,ok,
2026-04-24T15:08:15+0800,llvmss_misc_richards_benchmark,wasm-aot,5,r1c0,8331106849,ok,
2026-04-24T15:08:15+0800,llvmss_misc_richards_benchmark,wasm-aot,5,cpu-cycles,2973854483,ok,
2026-04-24T15:08:15+0800,llvmss_misc_richards_benchmark,wasm-aot,5,L1-icache-load-misses,641663,ok,
2026-04-24T15:08:15+0800,llvmss_misc_richards_benchmark,wasm-aot,5,branch-misses,7625876,ok,
2026-04-24T15:08:45+0800,llvmss_misc_salsa20,native,1,r81d0,4882277638,ok,
2026-04-24T15:08:45+0800,llvmss_misc_salsa20,native,1,r82d0,4341627099,ok,
2026-04-24T15:08:45+0800,llvmss_misc_salsa20,native,1,r00c4,1517997341,ok,
2026-04-24T15:08:45+0800,llvmss_misc_salsa20,native,1,r01c4,807766304,ok,
2026-04-24T15:08:45+0800,llvmss_misc_salsa20,native,1,r1c0,44105381550,ok,
2026-04-24T15:08:45+0800,llvmss_misc_salsa20,native,1,cpu-cycles,13341131825,ok,
2026-04-24T15:08:45+0800,llvmss_misc_salsa20,native,1,L1-icache-load-misses,631823,ok,
2026-04-24T15:08:45+0800,llvmss_misc_salsa20,native,1,branch-misses,33609,ok,
2026-04-24T15:08:49+0800,llvmss_misc_salsa20,wasm-jit,1,r81d0,10838377821,ok,
2026-04-24T15:08:49+0800,llvmss_misc_salsa20,wasm-jit,1,r82d0,8043125985,ok,
2026-04-24T15:08:49+0800,llvmss_misc_salsa20,wasm-jit,1,r00c4,2866889553,ok,
2026-04-24T15:08:49+0800,llvmss_misc_salsa20,wasm-jit,1,r01c4,69043343,ok,
2026-04-24T15:08:49+0800,llvmss_misc_salsa20,wasm-jit,1,r1c0,62047001902,ok,
2026-04-24T15:08:49+0800,llvmss_misc_salsa20,wasm-jit,1,cpu-cycles,16301555511,ok,
2026-04-24T15:08:49+0800,llvmss_misc_salsa20,wasm-jit,1,L1-icache-load-misses,1252289,ok,
2026-04-24T15:08:49+0800,llvmss_misc_salsa20,wasm-jit,1,branch-misses,878486,ok,
2026-04-24T15:08:54+0800,llvmss_misc_salsa20,wasm-aot,1,r81d0,10837847539,ok,
2026-04-24T15:08:54+0800,llvmss_misc_salsa20,wasm-aot,1,r82d0,8042891996,ok,
2026-04-24T15:08:54+0800,llvmss_misc_salsa20,wasm-aot,1,r00c4,2866515379,ok,
2026-04-24T15:08:54+0800,llvmss_misc_salsa20,wasm-aot,1,r01c4,68993751,ok,
2026-04-24T15:08:54+0800,llvmss_misc_salsa20,wasm-aot,1,r1c0,62044957222,ok,
2026-04-24T15:08:54+0800,llvmss_misc_salsa20,wasm-aot,1,cpu-cycles,16314614766,ok,
2026-04-24T15:08:54+0800,llvmss_misc_salsa20,wasm-aot,1,L1-icache-load-misses,1322485,ok,
2026-04-24T15:08:54+0800,llvmss_misc_salsa20,wasm-aot,1,branch-misses,869838,ok,
2026-04-24T15:08:57+0800,llvmss_misc_salsa20,native,2,r81d0,4882244610,ok,
2026-04-24T15:08:57+0800,llvmss_misc_salsa20,native,2,r82d0,4341607882,ok,
2026-04-24T15:08:57+0800,llvmss_misc_salsa20,native,2,r00c4,1517982729,ok,
2026-04-24T15:08:57+0800,llvmss_misc_salsa20,native,2,r01c4,807763538,ok,
2026-04-24T15:08:57+0800,llvmss_misc_salsa20,native,2,r1c0,44105271623,ok,
2026-04-24T15:08:57+0800,llvmss_misc_salsa20,native,2,cpu-cycles,13343800281,ok,
2026-04-24T15:08:57+0800,llvmss_misc_salsa20,native,2,L1-icache-load-misses,599278,ok,
2026-04-24T15:08:57+0800,llvmss_misc_salsa20,native,2,branch-misses,35688,ok,
2026-04-24T15:09:02+0800,llvmss_misc_salsa20,wasm-jit,2,r81d0,10838344301,ok,
2026-04-24T15:09:02+0800,llvmss_misc_salsa20,wasm-jit,2,r82d0,8043108379,ok,
2026-04-24T15:09:02+0800,llvmss_misc_salsa20,wasm-jit,2,r00c4,2866863221,ok,
2026-04-24T15:09:02+0800,llvmss_misc_salsa20,wasm-jit,2,r01c4,69042870,ok,
2026-04-24T15:09:02+0800,llvmss_misc_salsa20,wasm-jit,2,r1c0,62046880204,ok,
2026-04-24T15:09:02+0800,llvmss_misc_salsa20,wasm-jit,2,cpu-cycles,16298971214,ok,
2026-04-24T15:09:02+0800,llvmss_misc_salsa20,wasm-jit,2,L1-icache-load-misses,1269318,ok,
2026-04-24T15:09:02+0800,llvmss_misc_salsa20,wasm-jit,2,branch-misses,798830,ok,
2026-04-24T15:09:07+0800,llvmss_misc_salsa20,wasm-aot,2,r81d0,10837811480,ok,
2026-04-24T15:09:07+0800,llvmss_misc_salsa20,wasm-aot,2,r82d0,8042858300,ok,
2026-04-24T15:09:07+0800,llvmss_misc_salsa20,wasm-aot,2,r00c4,2866509166,ok,
2026-04-24T15:09:07+0800,llvmss_misc_salsa20,wasm-aot,2,r01c4,68994040,ok,
2026-04-24T15:09:07+0800,llvmss_misc_salsa20,wasm-aot,2,r1c0,62044806015,ok,
2026-04-24T15:09:07+0800,llvmss_misc_salsa20,wasm-aot,2,cpu-cycles,16309060830,ok,
2026-04-24T15:09:07+0800,llvmss_misc_salsa20,wasm-aot,2,L1-icache-load-misses,1322296,ok,
2026-04-24T15:09:07+0800,llvmss_misc_salsa20,wasm-aot,2,branch-misses,820563,ok,
2026-04-24T15:09:10+0800,llvmss_misc_salsa20,native,3,r81d0,4882134227,ok,
2026-04-24T15:09:10+0800,llvmss_misc_salsa20,native,3,r82d0,4341530353,ok,
2026-04-24T15:09:10+0800,llvmss_misc_salsa20,native,3,r00c4,1517905293,ok,
2026-04-24T15:09:10+0800,llvmss_misc_salsa20,native,3,r01c4,807741460,ok,
2026-04-24T15:09:10+0800,llvmss_misc_salsa20,native,3,r1c0,44104777472,ok,
2026-04-24T15:09:10+0800,llvmss_misc_salsa20,native,3,cpu-cycles,13325914567,ok,
2026-04-24T15:09:10+0800,llvmss_misc_salsa20,native,3,L1-icache-load-misses,553937,ok,
2026-04-24T15:09:10+0800,llvmss_misc_salsa20,native,3,branch-misses,28979,ok,
2026-04-24T15:09:15+0800,llvmss_misc_salsa20,wasm-jit,3,r81d0,10838379940,ok,
2026-04-24T15:09:15+0800,llvmss_misc_salsa20,wasm-jit,3,r82d0,8043121578,ok,
2026-04-24T15:09:15+0800,llvmss_misc_salsa20,wasm-jit,3,r00c4,2866893974,ok,
2026-04-24T15:09:15+0800,llvmss_misc_salsa20,wasm-jit,3,r01c4,69043363,ok,
2026-04-24T15:09:15+0800,llvmss_misc_salsa20,wasm-jit,3,r1c0,62046992786,ok,
2026-04-24T15:09:15+0800,llvmss_misc_salsa20,wasm-jit,3,cpu-cycles,16300868603,ok,
2026-04-24T15:09:15+0800,llvmss_misc_salsa20,wasm-jit,3,L1-icache-load-misses,1183604,ok,
2026-04-24T15:09:15+0800,llvmss_misc_salsa20,wasm-jit,3,branch-misses,878263,ok,
2026-04-24T15:09:19+0800,llvmss_misc_salsa20,wasm-aot,3,r81d0,10837909313,ok,
2026-04-24T15:09:19+0800,llvmss_misc_salsa20,wasm-aot,3,r82d0,8042896355,ok,
2026-04-24T15:09:19+0800,llvmss_misc_salsa20,wasm-aot,3,r00c4,2866586098,ok,
2026-04-24T15:09:19+0800,llvmss_misc_salsa20,wasm-aot,3,r01c4,68981766,ok,
2026-04-24T15:09:19+0800,llvmss_misc_salsa20,wasm-aot,3,r1c0,62045112446,ok,
2026-04-24T15:09:19+0800,llvmss_misc_salsa20,wasm-aot,3,cpu-cycles,16296763153,ok,
2026-04-24T15:09:19+0800,llvmss_misc_salsa20,wasm-aot,3,L1-icache-load-misses,1168608,ok,
2026-04-24T15:09:19+0800,llvmss_misc_salsa20,wasm-aot,3,branch-misses,809546,ok,
2026-04-24T15:09:23+0800,llvmss_misc_salsa20,native,4,r81d0,4882297067,ok,
2026-04-24T15:09:23+0800,llvmss_misc_salsa20,native,4,r82d0,4341634454,ok,
2026-04-24T15:09:23+0800,llvmss_misc_salsa20,native,4,r00c4,1518012791,ok,
2026-04-24T15:09:23+0800,llvmss_misc_salsa20,native,4,r01c4,807754610,ok,
2026-04-24T15:09:23+0800,llvmss_misc_salsa20,native,4,r1c0,44105409034,ok,
2026-04-24T15:09:23+0800,llvmss_misc_salsa20,native,4,cpu-cycles,13541333168,ok,
2026-04-24T15:09:23+0800,llvmss_misc_salsa20,native,4,L1-icache-load-misses,567812,ok,
2026-04-24T15:09:23+0800,llvmss_misc_salsa20,native,4,branch-misses,31235,ok,
2026-04-24T15:09:28+0800,llvmss_misc_salsa20,wasm-jit,4,r81d0,10838187237,ok,
2026-04-24T15:09:28+0800,llvmss_misc_salsa20,wasm-jit,4,r82d0,8043002534,ok,
2026-04-24T15:09:28+0800,llvmss_misc_salsa20,wasm-jit,4,r00c4,2866753079,ok,
2026-04-24T15:09:28+0800,llvmss_misc_salsa20,wasm-jit,4,r01c4,68997128,ok,
2026-04-24T15:09:28+0800,llvmss_misc_salsa20,wasm-jit,4,r1c0,62046142155,ok,
2026-04-24T15:09:28+0800,llvmss_misc_salsa20,wasm-jit,4,cpu-cycles,16296776773,ok,
2026-04-24T15:09:28+0800,llvmss_misc_salsa20,wasm-jit,4,L1-icache-load-misses,1116345,ok,
2026-04-24T15:09:28+0800,llvmss_misc_salsa20,wasm-jit,4,branch-misses,823568,ok,
2026-04-24T15:09:32+0800,llvmss_misc_salsa20,wasm-aot,4,r81d0,10837654601,ok,
2026-04-24T15:09:32+0800,llvmss_misc_salsa20,wasm-aot,4,r82d0,8042716138,ok,
2026-04-24T15:09:32+0800,llvmss_misc_salsa20,wasm-aot,4,r00c4,2866427255,ok,
2026-04-24T15:09:32+0800,llvmss_misc_salsa20,wasm-aot,4,r01c4,68938610,ok,
2026-04-24T15:09:32+0800,llvmss_misc_salsa20,wasm-aot,4,r1c0,62044028702,ok,
2026-04-24T15:09:32+0800,llvmss_misc_salsa20,wasm-aot,4,cpu-cycles,16295492159,ok,
2026-04-24T15:09:32+0800,llvmss_misc_salsa20,wasm-aot,4,L1-icache-load-misses,1070172,ok,
2026-04-24T15:09:32+0800,llvmss_misc_salsa20,wasm-aot,4,branch-misses,887585,ok,
2026-04-24T15:09:36+0800,llvmss_misc_salsa20,native,5,r81d0,4882235071,ok,
2026-04-24T15:09:36+0800,llvmss_misc_salsa20,native,5,r82d0,4341593931,ok,
2026-04-24T15:09:36+0800,llvmss_misc_salsa20,native,5,r00c4,1517976446,ok,
2026-04-24T15:09:36+0800,llvmss_misc_salsa20,native,5,r01c4,807758429,ok,
2026-04-24T15:09:36+0800,llvmss_misc_salsa20,native,5,r1c0,44105177064,ok,
2026-04-24T15:09:36+0800,llvmss_misc_salsa20,native,5,cpu-cycles,13336033365,ok,
2026-04-24T15:09:36+0800,llvmss_misc_salsa20,native,5,L1-icache-load-misses,605222,ok,
2026-04-24T15:09:36+0800,llvmss_misc_salsa20,native,5,branch-misses,33000,ok,
2026-04-24T15:09:41+0800,llvmss_misc_salsa20,wasm-jit,5,r81d0,10838380008,ok,
2026-04-24T15:09:41+0800,llvmss_misc_salsa20,wasm-jit,5,r82d0,8043153622,ok,
2026-04-24T15:09:41+0800,llvmss_misc_salsa20,wasm-jit,5,r00c4,2866869908,ok,
2026-04-24T15:09:41+0800,llvmss_misc_salsa20,wasm-jit,5,r01c4,69053087,ok,
2026-04-24T15:09:41+0800,llvmss_misc_salsa20,wasm-jit,5,r1c0,62047136245,ok,
2026-04-24T15:09:41+0800,llvmss_misc_salsa20,wasm-jit,5,cpu-cycles,16311465567,ok,
2026-04-24T15:09:41+0800,llvmss_misc_salsa20,wasm-jit,5,L1-icache-load-misses,1243888,ok,
2026-04-24T15:09:41+0800,llvmss_misc_salsa20,wasm-jit,5,branch-misses,834028,ok,
2026-04-24T15:09:45+0800,llvmss_misc_salsa20,wasm-aot,5,r81d0,10837957644,ok,
2026-04-24T15:09:45+0800,llvmss_misc_salsa20,wasm-aot,5,r82d0,8042924797,ok,
2026-04-24T15:09:45+0800,llvmss_misc_salsa20,wasm-aot,5,r00c4,2866634619,ok,
2026-04-24T15:09:45+0800,llvmss_misc_salsa20,wasm-aot,5,r01c4,68988133,ok,
2026-04-24T15:09:45+0800,llvmss_misc_salsa20,wasm-aot,5,r1c0,62045335272,ok,
2026-04-24T15:09:45+0800,llvmss_misc_salsa20,wasm-aot,5,cpu-cycles,16299620979,ok,
2026-04-24T15:09:45+0800,llvmss_misc_salsa20,wasm-aot,5,L1-icache-load-misses,1241315,ok,
2026-04-24T15:09:45+0800,llvmss_misc_salsa20,wasm-aot,5,branch-misses,892616,ok,
2026-04-24T15:09:45+0800,llvmss_shootout_hello,native,1,r81d0,190525,ok,
2026-04-24T15:09:45+0800,llvmss_shootout_hello,native,1,r82d0,114632,ok,
2026-04-24T15:09:45+0800,llvmss_shootout_hello,native,1,r00c4,151179,ok,
2026-04-24T15:09:45+0800,llvmss_shootout_hello,native,1,r01c4,35201,ok,
2026-04-24T15:09:45+0800,llvmss_shootout_hello,native,1,r1c0,785691,ok,
2026-04-24T15:09:45+0800,llvmss_shootout_hello,native,1,cpu-cycles,920711,ok,
2026-04-24T15:09:45+0800,llvmss_shootout_hello,native,1,L1-icache-load-misses,39705,ok,
2026-04-24T15:09:45+0800,llvmss_shootout_hello,native,1,branch-misses,4467,ok,
2026-04-24T15:09:45+0800,llvmss_shootout_hello,wasm-jit,1,r81d0,4048530,ok,
2026-04-24T15:09:45+0800,llvmss_shootout_hello,wasm-jit,1,r82d0,2481839,ok,
2026-04-24T15:09:45+0800,llvmss_shootout_hello,wasm-jit,1,r00c4,3192693,ok,
2026-04-24T15:09:45+0800,llvmss_shootout_hello,wasm-jit,1,r01c4,778945,ok,
2026-04-24T15:09:45+0800,llvmss_shootout_hello,wasm-jit,1,r1c0,16965024,ok,
2026-04-24T15:09:45+0800,llvmss_shootout_hello,wasm-jit,1,cpu-cycles,18115415,ok,
2026-04-24T15:09:45+0800,llvmss_shootout_hello,wasm-jit,1,L1-icache-load-misses,525033,ok,
2026-04-24T15:09:45+0800,llvmss_shootout_hello,wasm-jit,1,branch-misses,61213,ok,
2026-04-24T15:09:45+0800,llvmss_shootout_hello,wasm-aot,1,r81d0,3568408,ok,
2026-04-24T15:09:45+0800,llvmss_shootout_hello,wasm-aot,1,r82d0,2238164,ok,
2026-04-24T15:09:45+0800,llvmss_shootout_hello,wasm-aot,1,r00c4,2899973,ok,
2026-04-24T15:09:45+0800,llvmss_shootout_hello,wasm-aot,1,r01c4,715238,ok,
2026-04-24T15:09:45+0800,llvmss_shootout_hello,wasm-aot,1,r1c0,15056947,ok,
2026-04-24T15:09:45+0800,llvmss_shootout_hello,wasm-aot,1,cpu-cycles,16101997,ok,
2026-04-24T15:09:45+0800,llvmss_shootout_hello,wasm-aot,1,L1-icache-load-misses,483687,ok,
2026-04-24T15:09:45+0800,llvmss_shootout_hello,wasm-aot,1,branch-misses,52798,ok,
2026-04-24T15:09:45+0800,llvmss_shootout_hello,native,2,r81d0,197485,ok,
2026-04-24T15:09:45+0800,llvmss_shootout_hello,native,2,r82d0,119070,ok,
2026-04-24T15:09:45+0800,llvmss_shootout_hello,native,2,r00c4,155586,ok,
2026-04-24T15:09:45+0800,llvmss_shootout_hello,native,2,r01c4,36355,ok,
2026-04-24T15:09:45+0800,llvmss_shootout_hello,native,2,r1c0,816080,ok,
2026-04-24T15:09:45+0800,llvmss_shootout_hello,native,2,cpu-cycles,870770,ok,
2026-04-24T15:09:45+0800,llvmss_shootout_hello,native,2,L1-icache-load-misses,42371,ok,
2026-04-24T15:09:45+0800,llvmss_shootout_hello,native,2,branch-misses,5749,ok,
2026-04-24T15:09:45+0800,llvmss_shootout_hello,wasm-jit,2,r81d0,4008723,ok,
2026-04-24T15:09:45+0800,llvmss_shootout_hello,wasm-jit,2,r82d0,2460243,ok,
2026-04-24T15:09:45+0800,llvmss_shootout_hello,wasm-jit,2,r00c4,3157455,ok,
2026-04-24T15:09:45+0800,llvmss_shootout_hello,wasm-jit,2,r01c4,767928,ok,
2026-04-24T15:09:45+0800,llvmss_shootout_hello,wasm-jit,2,r1c0,16774701,ok,
2026-04-24T15:09:45+0800,llvmss_shootout_hello,wasm-jit,2,cpu-cycles,15363595,ok,
2026-04-24T15:09:45+0800,llvmss_shootout_hello,wasm-jit,2,L1-icache-load-misses,528802,ok,
2026-04-24T15:09:45+0800,llvmss_shootout_hello,wasm-jit,2,branch-misses,62052,ok,
2026-04-24T15:09:45+0800,llvmss_shootout_hello,wasm-aot,2,r81d0,3521052,ok,
2026-04-24T15:09:45+0800,llvmss_shootout_hello,wasm-aot,2,r82d0,2206402,ok,
2026-04-24T15:09:45+0800,llvmss_shootout_hello,wasm-aot,2,r00c4,2854091,ok,
2026-04-24T15:09:45+0800,llvmss_shootout_hello,wasm-aot,2,r01c4,704220,ok,
2026-04-24T15:09:45+0800,llvmss_shootout_hello,wasm-aot,2,r1c0,14820794,ok,
2026-04-24T15:09:45+0800,llvmss_shootout_hello,wasm-aot,2,cpu-cycles,15313114,ok,
2026-04-24T15:09:45+0800,llvmss_shootout_hello,wasm-aot,2,L1-icache-load-misses,476717,ok,
2026-04-24T15:09:45+0800,llvmss_shootout_hello,wasm-aot,2,branch-misses,52901,ok,
2026-04-24T15:09:45+0800,llvmss_shootout_hello,native,3,r81d0,196030,ok,
2026-04-24T15:09:45+0800,llvmss_shootout_hello,native,3,r82d0,117972,ok,
2026-04-24T15:09:45+0800,llvmss_shootout_hello,native,3,r00c4,154768,ok,
2026-04-24T15:09:45+0800,llvmss_shootout_hello,native,3,r01c4,36152,ok,
2026-04-24T15:09:45+0800,llvmss_shootout_hello,native,3,r1c0,808674,ok,
2026-04-24T15:09:45+0800,llvmss_shootout_hello,native,3,cpu-cycles,828992,ok,
2026-04-24T15:09:45+0800,llvmss_shootout_hello,native,3,L1-icache-load-misses,40682,ok,
2026-04-24T15:09:45+0800,llvmss_shootout_hello,native,3,branch-misses,5543,ok,
2026-04-24T15:09:45+0800,llvmss_shootout_hello,wasm-jit,3,r81d0,4026435,ok,
2026-04-24T15:09:45+0800,llvmss_shootout_hello,wasm-jit,3,r82d0,2472291,ok,
2026-04-24T15:09:45+0800,llvmss_shootout_hello,wasm-jit,3,r00c4,3172682,ok,
2026-04-24T15:09:45+0800,llvmss_shootout_hello,wasm-jit,3,r01c4,771461,ok,
2026-04-24T15:09:45+0800,llvmss_shootout_hello,wasm-jit,3,r1c0,16863609,ok,
2026-04-24T15:09:45+0800,llvmss_shootout_hello,wasm-jit,3,cpu-cycles,17477981,ok,
2026-04-24T15:09:45+0800,llvmss_shootout_hello,wasm-jit,3,L1-icache-load-misses,525590,ok,
2026-04-24T15:09:45+0800,llvmss_shootout_hello,wasm-jit,3,branch-misses,60332,ok,
2026-04-24T15:09:45+0800,llvmss_shootout_hello,wasm-aot,3,r81d0,3520176,ok,
2026-04-24T15:09:45+0800,llvmss_shootout_hello,wasm-aot,3,r82d0,2205999,ok,
2026-04-24T15:09:45+0800,llvmss_shootout_hello,wasm-aot,3,r00c4,2857933,ok,
2026-04-24T15:09:45+0800,llvmss_shootout_hello,wasm-aot,3,r01c4,707477,ok,
2026-04-24T15:09:45+0800,llvmss_shootout_hello,wasm-aot,3,r1c0,14824462,ok,
2026-04-24T15:09:45+0800,llvmss_shootout_hello,wasm-aot,3,cpu-cycles,15702134,ok,
2026-04-24T15:09:45+0800,llvmss_shootout_hello,wasm-aot,3,L1-icache-load-misses,477425,ok,
2026-04-24T15:09:45+0800,llvmss_shootout_hello,wasm-aot,3,branch-misses,53485,ok,
2026-04-24T15:09:45+0800,llvmss_shootout_hello,native,4,r81d0,194842,ok,
2026-04-24T15:09:45+0800,llvmss_shootout_hello,native,4,r82d0,117288,ok,
2026-04-24T15:09:45+0800,llvmss_shootout_hello,native,4,r00c4,153912,ok,
2026-04-24T15:09:45+0800,llvmss_shootout_hello,native,4,r01c4,35960,ok,
2026-04-24T15:09:45+0800,llvmss_shootout_hello,native,4,r1c0,803702,ok,
2026-04-24T15:09:45+0800,llvmss_shootout_hello,native,4,cpu-cycles,849621,ok,
2026-04-24T15:09:45+0800,llvmss_shootout_hello,native,4,L1-icache-load-misses,41319,ok,
2026-04-24T15:09:45+0800,llvmss_shootout_hello,native,4,branch-misses,5354,ok,
2026-04-24T15:09:45+0800,llvmss_shootout_hello,wasm-jit,4,r81d0,4029021,ok,
2026-04-24T15:09:45+0800,llvmss_shootout_hello,wasm-jit,4,r82d0,2464619,ok,
2026-04-24T15:09:45+0800,llvmss_shootout_hello,wasm-jit,4,r00c4,3178802,ok,
2026-04-24T15:09:45+0800,llvmss_shootout_hello,wasm-jit,4,r01c4,776849,ok,
2026-04-24T15:09:45+0800,llvmss_shootout_hello,wasm-jit,4,r1c0,16865041,ok,
2026-04-24T15:09:45+0800,llvmss_shootout_hello,wasm-jit,4,cpu-cycles,17779658,ok,
2026-04-24T15:09:45+0800,llvmss_shootout_hello,wasm-jit,4,L1-icache-load-misses,530179,ok,
2026-04-24T15:09:45+0800,llvmss_shootout_hello,wasm-jit,4,branch-misses,60545,ok,
2026-04-24T15:09:45+0800,llvmss_shootout_hello,wasm-aot,4,r81d0,3538631,ok,
2026-04-24T15:09:45+0800,llvmss_shootout_hello,wasm-aot,4,r82d0,2215713,ok,
2026-04-24T15:09:45+0800,llvmss_shootout_hello,wasm-aot,4,r00c4,2874720,ok,
2026-04-24T15:09:45+0800,llvmss_shootout_hello,wasm-aot,4,r01c4,710049,ok,
2026-04-24T15:09:45+0800,llvmss_shootout_hello,wasm-aot,4,r1c0,14909848,ok,
2026-04-24T15:09:45+0800,llvmss_shootout_hello,wasm-aot,4,cpu-cycles,14371834,ok,
2026-04-24T15:09:45+0800,llvmss_shootout_hello,wasm-aot,4,L1-icache-load-misses,469699,ok,
2026-04-24T15:09:45+0800,llvmss_shootout_hello,wasm-aot,4,branch-misses,51303,ok,
2026-04-24T15:09:45+0800,llvmss_shootout_hello,native,5,r81d0,204553,ok,
2026-04-24T15:09:45+0800,llvmss_shootout_hello,native,5,r82d0,123267,ok,
2026-04-24T15:09:45+0800,llvmss_shootout_hello,native,5,r00c4,161029,ok,
2026-04-24T15:09:45+0800,llvmss_shootout_hello,native,5,r01c4,37516,ok,
2026-04-24T15:09:45+0800,llvmss_shootout_hello,native,5,r1c0,844279,ok,
2026-04-24T15:09:45+0800,llvmss_shootout_hello,native,5,cpu-cycles,919468,ok,
2026-04-24T15:09:45+0800,llvmss_shootout_hello,native,5,L1-icache-load-misses,51150,ok,
2026-04-24T15:09:45+0800,llvmss_shootout_hello,native,5,branch-misses,6621,ok,
2026-04-24T15:09:46+0800,llvmss_shootout_hello,wasm-jit,5,r81d0,4057757,ok,
2026-04-24T15:09:46+0800,llvmss_shootout_hello,wasm-jit,5,r82d0,2490796,ok,
2026-04-24T15:09:46+0800,llvmss_shootout_hello,wasm-jit,5,r00c4,3198486,ok,
2026-04-24T15:09:46+0800,llvmss_shootout_hello,wasm-jit,5,r01c4,778214,ok,
2026-04-24T15:09:46+0800,llvmss_shootout_hello,wasm-jit,5,r1c0,16998717,ok,
2026-04-24T15:09:46+0800,llvmss_shootout_hello,wasm-jit,5,cpu-cycles,17092690,ok,
2026-04-24T15:09:46+0800,llvmss_shootout_hello,wasm-jit,5,L1-icache-load-misses,542826,ok,
2026-04-24T15:09:46+0800,llvmss_shootout_hello,wasm-jit,5,branch-misses,62421,ok,
2026-04-24T15:09:46+0800,llvmss_shootout_hello,wasm-aot,5,r81d0,3528970,ok,
2026-04-24T15:09:46+0800,llvmss_shootout_hello,wasm-aot,5,r82d0,2207572,ok,
2026-04-24T15:09:46+0800,llvmss_shootout_hello,wasm-aot,5,r00c4,2873693,ok,
2026-04-24T15:09:46+0800,llvmss_shootout_hello,wasm-aot,5,r01c4,714320,ok,
2026-04-24T15:09:46+0800,llvmss_shootout_hello,wasm-aot,5,r1c0,14893098,ok,
2026-04-24T15:09:46+0800,llvmss_shootout_hello,wasm-aot,5,cpu-cycles,16387345,ok,
2026-04-24T15:09:46+0800,llvmss_shootout_hello,wasm-aot,5,L1-icache-load-misses,474431,ok,
2026-04-24T15:09:46+0800,llvmss_shootout_hello,wasm-aot,5,branch-misses,52077,ok,
2026-04-24T15:09:46+0800,llvmss_stanford_bubblesort,native,1,r81d0,12766567,ok,
2026-04-24T15:09:46+0800,llvmss_stanford_bubblesort,native,1,r82d0,13043142,ok,
2026-04-24T15:09:46+0800,llvmss_stanford_bubblesort,native,1,r00c4,31492753,ok,
2026-04-24T15:09:46+0800,llvmss_stanford_bubblesort,native,1,r01c4,6515539,ok,
2026-04-24T15:09:46+0800,llvmss_stanford_bubblesort,native,1,r1c0,101953898,ok,
2026-04-24T15:09:46+0800,llvmss_stanford_bubblesort,native,1,cpu-cycles,41275681,ok,
2026-04-24T15:09:46+0800,llvmss_stanford_bubblesort,native,1,L1-icache-load-misses,49081,ok,
2026-04-24T15:09:46+0800,llvmss_stanford_bubblesort,native,1,branch-misses,638041,ok,
2026-04-24T15:09:46+0800,llvmss_stanford_bubblesort,wasm-jit,1,r81d0,16617346,ok,
2026-04-24T15:09:46+0800,llvmss_stanford_bubblesort,wasm-jit,1,r82d0,15407738,ok,
2026-04-24T15:09:46+0800,llvmss_stanford_bubblesort,wasm-jit,1,r00c4,34518778,ok,
2026-04-24T15:09:46+0800,llvmss_stanford_bubblesort,wasm-jit,1,r01c4,19730486,ok,
2026-04-24T15:09:46+0800,llvmss_stanford_bubblesort,wasm-jit,1,r1c0,136968565,ok,
2026-04-24T15:09:46+0800,llvmss_stanford_bubblesort,wasm-jit,1,cpu-cycles,73825072,ok,
2026-04-24T15:09:46+0800,llvmss_stanford_bubblesort,wasm-jit,1,L1-icache-load-misses,543247,ok,
2026-04-24T15:09:46+0800,llvmss_stanford_bubblesort,wasm-jit,1,branch-misses,823391,ok,
2026-04-24T15:09:46+0800,llvmss_stanford_bubblesort,wasm-aot,1,r81d0,16148976,ok,
2026-04-24T15:09:46+0800,llvmss_stanford_bubblesort,wasm-aot,1,r82d0,15169117,ok,
2026-04-24T15:09:46+0800,llvmss_stanford_bubblesort,wasm-aot,1,r00c4,34234808,ok,
2026-04-24T15:09:46+0800,llvmss_stanford_bubblesort,wasm-aot,1,r01c4,19669747,ok,
2026-04-24T15:09:46+0800,llvmss_stanford_bubblesort,wasm-aot,1,r1c0,135105266,ok,
2026-04-24T15:09:46+0800,llvmss_stanford_bubblesort,wasm-aot,1,cpu-cycles,74109543,ok,
2026-04-24T15:09:46+0800,llvmss_stanford_bubblesort,wasm-aot,1,L1-icache-load-misses,494095,ok,
2026-04-24T15:09:46+0800,llvmss_stanford_bubblesort,wasm-aot,1,branch-misses,813869,ok,
2026-04-24T15:09:46+0800,llvmss_stanford_bubblesort,native,2,r81d0,12771849,ok,
2026-04-24T15:09:46+0800,llvmss_stanford_bubblesort,native,2,r82d0,13046527,ok,
2026-04-24T15:09:46+0800,llvmss_stanford_bubblesort,native,2,r00c4,31495670,ok,
2026-04-24T15:09:46+0800,llvmss_stanford_bubblesort,native,2,r01c4,6516287,ok,
2026-04-24T15:09:46+0800,llvmss_stanford_bubblesort,native,2,r1c0,101977535,ok,
2026-04-24T15:09:46+0800,llvmss_stanford_bubblesort,native,2,cpu-cycles,41497111,ok,
2026-04-24T15:09:46+0800,llvmss_stanford_bubblesort,native,2,L1-icache-load-misses,53329,ok,
2026-04-24T15:09:46+0800,llvmss_stanford_bubblesort,native,2,branch-misses,635688,ok,
2026-04-24T15:09:46+0800,llvmss_stanford_bubblesort,wasm-jit,2,r81d0,16641638,ok,
2026-04-24T15:09:46+0800,llvmss_stanford_bubblesort,wasm-jit,2,r82d0,15416935,ok,
2026-04-24T15:09:46+0800,llvmss_stanford_bubblesort,wasm-jit,2,r00c4,34539042,ok,
2026-04-24T15:09:46+0800,llvmss_stanford_bubblesort,wasm-jit,2,r01c4,19735194,ok,
2026-04-24T15:09:46+0800,llvmss_stanford_bubblesort,wasm-jit,2,r1c0,137068163,ok,
2026-04-24T15:09:46+0800,llvmss_stanford_bubblesort,wasm-jit,2,cpu-cycles,75594138,ok,
2026-04-24T15:09:46+0800,llvmss_stanford_bubblesort,wasm-jit,2,L1-icache-load-misses,548042,ok,
2026-04-24T15:09:46+0800,llvmss_stanford_bubblesort,wasm-jit,2,branch-misses,824391,ok,
2026-04-24T15:09:46+0800,llvmss_stanford_bubblesort,wasm-aot,2,r81d0,16079115,ok,
2026-04-24T15:09:46+0800,llvmss_stanford_bubblesort,wasm-aot,2,r82d0,15123219,ok,
2026-04-24T15:09:46+0800,llvmss_stanford_bubblesort,wasm-aot,2,r00c4,34181224,ok,
2026-04-24T15:09:46+0800,llvmss_stanford_bubblesort,wasm-aot,2,r01c4,19657559,ok,
2026-04-24T15:09:46+0800,llvmss_stanford_bubblesort,wasm-aot,2,r1c0,134813136,ok,
2026-04-24T15:09:46+0800,llvmss_stanford_bubblesort,wasm-aot,2,cpu-cycles,73610810,ok,
2026-04-24T15:09:46+0800,llvmss_stanford_bubblesort,wasm-aot,2,L1-icache-load-misses,496787,ok,
2026-04-24T15:09:46+0800,llvmss_stanford_bubblesort,wasm-aot,2,branch-misses,815538,ok,
2026-04-24T15:09:46+0800,llvmss_stanford_bubblesort,native,3,r81d0,12775041,ok,
2026-04-24T15:09:46+0800,llvmss_stanford_bubblesort,native,3,r82d0,13048528,ok,
2026-04-24T15:09:46+0800,llvmss_stanford_bubblesort,native,3,r00c4,31499083,ok,
2026-04-24T15:09:46+0800,llvmss_stanford_bubblesort,native,3,r01c4,6516741,ok,
2026-04-24T15:09:46+0800,llvmss_stanford_bubblesort,native,3,r1c0,101990292,ok,
2026-04-24T15:09:46+0800,llvmss_stanford_bubblesort,native,3,cpu-cycles,41378310,ok,
2026-04-24T15:09:46+0800,llvmss_stanford_bubblesort,native,3,L1-icache-load-misses,54588,ok,
2026-04-24T15:09:46+0800,llvmss_stanford_bubblesort,native,3,branch-misses,643732,ok,
2026-04-24T15:09:46+0800,llvmss_stanford_bubblesort,wasm-jit,3,r81d0,16593954,ok,
2026-04-24T15:09:46+0800,llvmss_stanford_bubblesort,wasm-jit,3,r82d0,15392027,ok,
2026-04-24T15:09:46+0800,llvmss_stanford_bubblesort,wasm-jit,3,r00c4,34504827,ok,
2026-04-24T15:09:46+0800,llvmss_stanford_bubblesort,wasm-jit,3,r01c4,19727830,ok,
2026-04-24T15:09:46+0800,llvmss_stanford_bubblesort,wasm-jit,3,r1c0,136879323,ok,
2026-04-24T15:09:46+0800,llvmss_stanford_bubblesort,wasm-jit,3,cpu-cycles,73881406,ok,
2026-04-24T15:09:46+0800,llvmss_stanford_bubblesort,wasm-jit,3,L1-icache-load-misses,543925,ok,
2026-04-24T15:09:46+0800,llvmss_stanford_bubblesort,wasm-jit,3,branch-misses,824288,ok,
2026-04-24T15:09:46+0800,llvmss_stanford_bubblesort,wasm-aot,3,r81d0,16156091,ok,
2026-04-24T15:09:46+0800,llvmss_stanford_bubblesort,wasm-aot,3,r82d0,15167554,ok,
2026-04-24T15:09:46+0800,llvmss_stanford_bubblesort,wasm-aot,3,r00c4,34240757,ok,
2026-04-24T15:09:46+0800,llvmss_stanford_bubblesort,wasm-aot,3,r01c4,19669695,ok,
2026-04-24T15:09:46+0800,llvmss_stanford_bubblesort,wasm-aot,3,r1c0,135137971,ok,
2026-04-24T15:09:46+0800,llvmss_stanford_bubblesort,wasm-aot,3,cpu-cycles,73683010,ok,
2026-04-24T15:09:46+0800,llvmss_stanford_bubblesort,wasm-aot,3,L1-icache-load-misses,503218,ok,
2026-04-24T15:09:46+0800,llvmss_stanford_bubblesort,wasm-aot,3,branch-misses,820125,ok,
2026-04-24T15:09:46+0800,llvmss_stanford_bubblesort,native,4,r81d0,12767710,ok,
2026-04-24T15:09:46+0800,llvmss_stanford_bubblesort,native,4,r82d0,13044140,ok,
2026-04-24T15:09:46+0800,llvmss_stanford_bubblesort,native,4,r00c4,31493156,ok,
2026-04-24T15:09:46+0800,llvmss_stanford_bubblesort,native,4,r01c4,6515584,ok,
2026-04-24T15:09:46+0800,llvmss_stanford_bubblesort,native,4,r1c0,101959873,ok,
2026-04-24T15:09:46+0800,llvmss_stanford_bubblesort,native,4,cpu-cycles,41501397,ok,
2026-04-24T15:09:46+0800,llvmss_stanford_bubblesort,native,4,L1-icache-load-misses,52509,ok,
2026-04-24T15:09:46+0800,llvmss_stanford_bubblesort,native,4,branch-misses,640658,ok,
2026-04-24T15:09:46+0800,llvmss_stanford_bubblesort,wasm-jit,4,r81d0,16617097,ok,
2026-04-24T15:09:46+0800,llvmss_stanford_bubblesort,wasm-jit,4,r82d0,15397898,ok,
2026-04-24T15:09:46+0800,llvmss_stanford_bubblesort,wasm-jit,4,r00c4,34531484,ok,
2026-04-24T15:09:46+0800,llvmss_stanford_bubblesort,wasm-jit,4,r01c4,19735605,ok,
2026-04-24T15:09:46+0800,llvmss_stanford_bubblesort,wasm-jit,4,r1c0,136994132,ok,
2026-04-24T15:09:46+0800,llvmss_stanford_bubblesort,wasm-jit,4,cpu-cycles,75797181,ok,
2026-04-24T15:09:46+0800,llvmss_stanford_bubblesort,wasm-jit,4,L1-icache-load-misses,547134,ok,
2026-04-24T15:09:46+0800,llvmss_stanford_bubblesort,wasm-jit,4,branch-misses,826820,ok,
2026-04-24T15:09:46+0800,llvmss_stanford_bubblesort,wasm-aot,4,r81d0,16112082,ok,
2026-04-24T15:09:46+0800,llvmss_stanford_bubblesort,wasm-aot,4,r82d0,15137338,ok,
2026-04-24T15:09:46+0800,llvmss_stanford_bubblesort,wasm-aot,4,r00c4,34204032,ok,
2026-04-24T15:09:46+0800,llvmss_stanford_bubblesort,wasm-aot,4,r01c4,19661426,ok,
2026-04-24T15:09:46+0800,llvmss_stanford_bubblesort,wasm-aot,4,r1c0,134939633,ok,
2026-04-24T15:09:46+0800,llvmss_stanford_bubblesort,wasm-aot,4,cpu-cycles,73567455,ok,
2026-04-24T15:09:46+0800,llvmss_stanford_bubblesort,wasm-aot,4,L1-icache-load-misses,483223,ok,
2026-04-24T15:09:46+0800,llvmss_stanford_bubblesort,wasm-aot,4,branch-misses,813246,ok,
2026-04-24T15:09:46+0800,llvmss_stanford_bubblesort,native,5,r81d0,12785031,ok,
2026-04-24T15:09:46+0800,llvmss_stanford_bubblesort,native,5,r82d0,13054468,ok,
2026-04-24T15:09:46+0800,llvmss_stanford_bubblesort,native,5,r00c4,31505410,ok,
2026-04-24T15:09:46+0800,llvmss_stanford_bubblesort,native,5,r01c4,6518346,ok,
2026-04-24T15:09:46+0800,llvmss_stanford_bubblesort,native,5,r1c0,102031455,ok,
2026-04-24T15:09:46+0800,llvmss_stanford_bubblesort,native,5,cpu-cycles,41425162,ok,
2026-04-24T15:09:46+0800,llvmss_stanford_bubblesort,native,5,L1-icache-load-misses,51988,ok,
2026-04-24T15:09:46+0800,llvmss_stanford_bubblesort,native,5,branch-misses,638863,ok,
2026-04-24T15:09:46+0800,llvmss_stanford_bubblesort,wasm-jit,5,r81d0,16653790,ok,
2026-04-24T15:09:46+0800,llvmss_stanford_bubblesort,wasm-jit,5,r82d0,15422390,ok,
2026-04-24T15:09:46+0800,llvmss_stanford_bubblesort,wasm-jit,5,r00c4,34549380,ok,
2026-04-24T15:09:46+0800,llvmss_stanford_bubblesort,wasm-jit,5,r01c4,19737170,ok,
2026-04-24T15:09:46+0800,llvmss_stanford_bubblesort,wasm-jit,5,r1c0,137127271,ok,
2026-04-24T15:09:46+0800,llvmss_stanford_bubblesort,wasm-jit,5,cpu-cycles,75920362,ok,
2026-04-24T15:09:46+0800,llvmss_stanford_bubblesort,wasm-jit,5,L1-icache-load-misses,554185,ok,
2026-04-24T15:09:46+0800,llvmss_stanford_bubblesort,wasm-jit,5,branch-misses,827353,ok,
2026-04-24T15:09:46+0800,llvmss_stanford_bubblesort,wasm-aot,5,r81d0,16114531,ok,
2026-04-24T15:09:46+0800,llvmss_stanford_bubblesort,wasm-aot,5,r82d0,15146578,ok,
2026-04-24T15:09:46+0800,llvmss_stanford_bubblesort,wasm-aot,5,r00c4,34211820,ok,
2026-04-24T15:09:46+0800,llvmss_stanford_bubblesort,wasm-aot,5,r01c4,19663234,ok,
2026-04-24T15:09:46+0800,llvmss_stanford_bubblesort,wasm-aot,5,r1c0,134982262,ok,
2026-04-24T15:09:46+0800,llvmss_stanford_bubblesort,wasm-aot,5,cpu-cycles,74165297,ok,
2026-04-24T15:09:46+0800,llvmss_stanford_bubblesort,wasm-aot,5,L1-icache-load-misses,482975,ok,
2026-04-24T15:09:46+0800,llvmss_stanford_bubblesort,wasm-aot,5,branch-misses,820295,ok,
2026-04-24T15:09:48+0800,llvmss_stanford_floatmm,native,1,r81d0,640627916,ok,
2026-04-24T15:09:48+0800,llvmss_stanford_floatmm,native,1,r82d0,24398747,ok,
2026-04-24T15:09:48+0800,llvmss_stanford_floatmm,native,1,r00c4,185063592,ok,
2026-04-24T15:09:48+0800,llvmss_stanford_floatmm,native,1,r01c4,176083184,ok,
2026-04-24T15:09:48+0800,llvmss_stanford_floatmm,native,1,r1c0,1958802152,ok,
2026-04-24T15:09:48+0800,llvmss_stanford_floatmm,native,1,cpu-cycles,674163231,ok,
2026-04-24T15:09:48+0800,llvmss_stanford_floatmm,native,1,L1-icache-load-misses,86363,ok,
2026-04-24T15:09:48+0800,llvmss_stanford_floatmm,native,1,branch-misses,623157,ok,
2026-04-24T15:09:48+0800,llvmss_stanford_floatmm,wasm-jit,1,r81d0,676740506,ok,
2026-04-24T15:09:48+0800,llvmss_stanford_floatmm,wasm-jit,1,r82d0,34943081,ok,
2026-04-24T15:09:48+0800,llvmss_stanford_floatmm,wasm-jit,1,r00c4,684249992,ok,
2026-04-24T15:09:48+0800,llvmss_stanford_floatmm,wasm-jit,1,r01c4,9469174,ok,
2026-04-24T15:09:48+0800,llvmss_stanford_floatmm,wasm-jit,1,r1c0,4247161307,ok,
2026-04-24T15:09:48+0800,llvmss_stanford_floatmm,wasm-jit,1,cpu-cycles,1208638538,ok,
2026-04-24T15:09:48+0800,llvmss_stanford_floatmm,wasm-jit,1,L1-icache-load-misses,621354,ok,
2026-04-24T15:09:48+0800,llvmss_stanford_floatmm,wasm-jit,1,branch-misses,8687507,ok,
2026-04-24T15:09:49+0800,llvmss_stanford_floatmm,wasm-aot,1,r81d0,676284244,ok,
2026-04-24T15:09:49+0800,llvmss_stanford_floatmm,wasm-aot,1,r82d0,34712018,ok,
2026-04-24T15:09:49+0800,llvmss_stanford_floatmm,wasm-aot,1,r00c4,683965371,ok,
2026-04-24T15:09:49+0800,llvmss_stanford_floatmm,wasm-aot,1,r01c4,9408965,ok,
2026-04-24T15:09:49+0800,llvmss_stanford_floatmm,wasm-aot,1,r1c0,4245339009,ok,
2026-04-24T15:09:49+0800,llvmss_stanford_floatmm,wasm-aot,1,cpu-cycles,1206803630,ok,
2026-04-24T15:09:49+0800,llvmss_stanford_floatmm,wasm-aot,1,L1-icache-load-misses,548388,ok,
2026-04-24T15:09:49+0800,llvmss_stanford_floatmm,wasm-aot,1,branch-misses,8675995,ok,
2026-04-24T15:09:49+0800,llvmss_stanford_floatmm,native,2,r81d0,640648986,ok,
2026-04-24T15:09:49+0800,llvmss_stanford_floatmm,native,2,r82d0,24412469,ok,
2026-04-24T15:09:49+0800,llvmss_stanford_floatmm,native,2,r00c4,185077689,ok,
2026-04-24T15:09:49+0800,llvmss_stanford_floatmm,native,2,r01c4,176086518,ok,
2026-04-24T15:09:49+0800,llvmss_stanford_floatmm,native,2,r1c0,1958885966,ok,
2026-04-24T15:09:49+0800,llvmss_stanford_floatmm,native,2,cpu-cycles,674295174,ok,
2026-04-24T15:09:49+0800,llvmss_stanford_floatmm,native,2,L1-icache-load-misses,84343,ok,
2026-04-24T15:09:49+0800,llvmss_stanford_floatmm,native,2,branch-misses,626958,ok,
2026-04-24T15:09:49+0800,llvmss_stanford_floatmm,wasm-jit,2,r81d0,676749910,ok,
2026-04-24T15:09:49+0800,llvmss_stanford_floatmm,wasm-jit,2,r82d0,34951346,ok,
2026-04-24T15:09:49+0800,llvmss_stanford_floatmm,wasm-jit,2,r00c4,684255112,ok,
2026-04-24T15:09:49+0800,llvmss_stanford_floatmm,wasm-jit,2,r01c4,9469839,ok,
2026-04-24T15:09:49+0800,llvmss_stanford_floatmm,wasm-jit,2,r1c0,4247206798,ok,
2026-04-24T15:09:49+0800,llvmss_stanford_floatmm,wasm-jit,2,cpu-cycles,1209135845,ok,
2026-04-24T15:09:49+0800,llvmss_stanford_floatmm,wasm-jit,2,L1-icache-load-misses,600081,ok,
2026-04-24T15:09:49+0800,llvmss_stanford_floatmm,wasm-jit,2,branch-misses,8682847,ok,
2026-04-24T15:09:50+0800,llvmss_stanford_floatmm,wasm-aot,2,r81d0,676260072,ok,
2026-04-24T15:09:50+0800,llvmss_stanford_floatmm,wasm-aot,2,r82d0,34692424,ok,
2026-04-24T15:09:50+0800,llvmss_stanford_floatmm,wasm-aot,2,r00c4,683957142,ok,
2026-04-24T15:09:50+0800,llvmss_stanford_floatmm,wasm-aot,2,r01c4,9410866,ok,
2026-04-24T15:09:50+0800,llvmss_stanford_floatmm,wasm-aot,2,r1c0,4245241493,ok,
2026-04-24T15:09:50+0800,llvmss_stanford_floatmm,wasm-aot,2,cpu-cycles,1207657906,ok,
2026-04-24T15:09:50+0800,llvmss_stanford_floatmm,wasm-aot,2,L1-icache-load-misses,544440,ok,
2026-04-24T15:09:50+0800,llvmss_stanford_floatmm,wasm-aot,2,branch-misses,8673596,ok,
2026-04-24T15:09:50+0800,llvmss_stanford_floatmm,native,3,r81d0,640686892,ok,
2026-04-24T15:09:50+0800,llvmss_stanford_floatmm,native,3,r82d0,24436095,ok,
2026-04-24T15:09:50+0800,llvmss_stanford_floatmm,native,3,r00c4,185103855,ok,
2026-04-24T15:09:50+0800,llvmss_stanford_floatmm,native,3,r01c4,176091685,ok,
2026-04-24T15:09:50+0800,llvmss_stanford_floatmm,native,3,r1c0,1959047306,ok,
2026-04-24T15:09:50+0800,llvmss_stanford_floatmm,native,3,cpu-cycles,675092842,ok,
2026-04-24T15:09:50+0800,llvmss_stanford_floatmm,native,3,L1-icache-load-misses,98184,ok,
2026-04-24T15:09:50+0800,llvmss_stanford_floatmm,native,3,branch-misses,624090,ok,
2026-04-24T15:09:50+0800,llvmss_stanford_floatmm,wasm-jit,3,r81d0,676772723,ok,
2026-04-24T15:09:50+0800,llvmss_stanford_floatmm,wasm-jit,3,r82d0,34962706,ok,
2026-04-24T15:09:50+0800,llvmss_stanford_floatmm,wasm-jit,3,r00c4,684271706,ok,
2026-04-24T15:09:50+0800,llvmss_stanford_floatmm,wasm-jit,3,r01c4,9472948,ok,
2026-04-24T15:09:50+0800,llvmss_stanford_floatmm,wasm-jit,3,r1c0,4247292768,ok,
2026-04-24T15:09:50+0800,llvmss_stanford_floatmm,wasm-jit,3,cpu-cycles,1208276703,ok,
2026-04-24T15:09:50+0800,llvmss_stanford_floatmm,wasm-jit,3,L1-icache-load-misses,595103,ok,
2026-04-24T15:09:50+0800,llvmss_stanford_floatmm,wasm-jit,3,branch-misses,8682927,ok,
2026-04-24T15:09:51+0800,llvmss_stanford_floatmm,wasm-aot,3,r81d0,676294681,ok,
2026-04-24T15:09:51+0800,llvmss_stanford_floatmm,wasm-aot,3,r82d0,34717894,ok,
2026-04-24T15:09:51+0800,llvmss_stanford_floatmm,wasm-aot,3,r00c4,683973729,ok,
2026-04-24T15:09:51+0800,llvmss_stanford_floatmm,wasm-aot,3,r01c4,9408923,ok,
2026-04-24T15:09:51+0800,llvmss_stanford_floatmm,wasm-aot,3,r1c0,4245377545,ok,
2026-04-24T15:09:51+0800,llvmss_stanford_floatmm,wasm-aot,3,cpu-cycles,1206479156,ok,
2026-04-24T15:09:51+0800,llvmss_stanford_floatmm,wasm-aot,3,L1-icache-load-misses,548730,ok,
2026-04-24T15:09:51+0800,llvmss_stanford_floatmm,wasm-aot,3,branch-misses,8674388,ok,
2026-04-24T15:09:51+0800,llvmss_stanford_floatmm,native,4,r81d0,640625235,ok,
2026-04-24T15:09:51+0800,llvmss_stanford_floatmm,native,4,r82d0,24399070,ok,
2026-04-24T15:09:51+0800,llvmss_stanford_floatmm,native,4,r00c4,185058778,ok,
2026-04-24T15:09:51+0800,llvmss_stanford_floatmm,native,4,r01c4,176083912,ok,
2026-04-24T15:09:51+0800,llvmss_stanford_floatmm,native,4,r1c0,1958796188,ok,
2026-04-24T15:09:51+0800,llvmss_stanford_floatmm,native,4,cpu-cycles,676480838,ok,
2026-04-24T15:09:51+0800,llvmss_stanford_floatmm,native,4,L1-icache-load-misses,85230,ok,
2026-04-24T15:09:51+0800,llvmss_stanford_floatmm,native,4,branch-misses,822286,ok,
2026-04-24T15:09:51+0800,llvmss_stanford_floatmm,wasm-jit,4,r81d0,676811737,ok,
2026-04-24T15:09:51+0800,llvmss_stanford_floatmm,wasm-jit,4,r82d0,34984525,ok,
2026-04-24T15:09:51+0800,llvmss_stanford_floatmm,wasm-jit,4,r00c4,684301805,ok,
2026-04-24T15:09:51+0800,llvmss_stanford_floatmm,wasm-jit,4,r01c4,9482910,ok,
2026-04-24T15:09:51+0800,llvmss_stanford_floatmm,wasm-jit,4,r1c0,4247444461,ok,
2026-04-24T15:09:51+0800,llvmss_stanford_floatmm,wasm-jit,4,cpu-cycles,1210682094,ok,
2026-04-24T15:09:51+0800,llvmss_stanford_floatmm,wasm-jit,4,L1-icache-load-misses,596448,ok,
2026-04-24T15:09:51+0800,llvmss_stanford_floatmm,wasm-jit,4,branch-misses,8683113,ok,
2026-04-24T15:09:52+0800,llvmss_stanford_floatmm,wasm-aot,4,r81d0,676272039,ok,
2026-04-24T15:09:52+0800,llvmss_stanford_floatmm,wasm-aot,4,r82d0,34703680,ok,
2026-04-24T15:09:52+0800,llvmss_stanford_floatmm,wasm-aot,4,r00c4,683968621,ok,
2026-04-24T15:09:52+0800,llvmss_stanford_floatmm,wasm-aot,4,r01c4,9411854,ok,
2026-04-24T15:09:52+0800,llvmss_stanford_floatmm,wasm-aot,4,r1c0,4245296085,ok,
2026-04-24T15:09:52+0800,llvmss_stanford_floatmm,wasm-aot,4,cpu-cycles,1206958538,ok,
2026-04-24T15:09:52+0800,llvmss_stanford_floatmm,wasm-aot,4,L1-icache-load-misses,529598,ok,
2026-04-24T15:09:52+0800,llvmss_stanford_floatmm,wasm-aot,4,branch-misses,8673200,ok,
2026-04-24T15:09:52+0800,llvmss_stanford_floatmm,native,5,r81d0,640652936,ok,
2026-04-24T15:09:52+0800,llvmss_stanford_floatmm,native,5,r82d0,24413980,ok,
2026-04-24T15:09:52+0800,llvmss_stanford_floatmm,native,5,r00c4,185080798,ok,
2026-04-24T15:09:52+0800,llvmss_stanford_floatmm,native,5,r01c4,176085921,ok,
2026-04-24T15:09:52+0800,llvmss_stanford_floatmm,native,5,r1c0,1958908054,ok,
2026-04-24T15:09:52+0800,llvmss_stanford_floatmm,native,5,cpu-cycles,674177316,ok,
2026-04-24T15:09:52+0800,llvmss_stanford_floatmm,native,5,L1-icache-load-misses,87130,ok,
2026-04-24T15:09:52+0800,llvmss_stanford_floatmm,native,5,branch-misses,624267,ok,
2026-04-24T15:09:52+0800,llvmss_stanford_floatmm,wasm-jit,5,r81d0,676780797,ok,
2026-04-24T15:09:52+0800,llvmss_stanford_floatmm,wasm-jit,5,r82d0,34968587,ok,
2026-04-24T15:09:52+0800,llvmss_stanford_floatmm,wasm-jit,5,r00c4,684274686,ok,
2026-04-24T15:09:52+0800,llvmss_stanford_floatmm,wasm-jit,5,r01c4,9473850,ok,
2026-04-24T15:09:52+0800,llvmss_stanford_floatmm,wasm-jit,5,r1c0,4247310742,ok,
2026-04-24T15:09:52+0800,llvmss_stanford_floatmm,wasm-jit,5,cpu-cycles,1208656622,ok,
2026-04-24T15:09:52+0800,llvmss_stanford_floatmm,wasm-jit,5,L1-icache-load-misses,600041,ok,
2026-04-24T15:09:52+0800,llvmss_stanford_floatmm,wasm-jit,5,branch-misses,8684486,ok,
2026-04-24T15:09:52+0800,llvmss_stanford_floatmm,wasm-aot,5,r81d0,676244737,ok,
2026-04-24T15:09:52+0800,llvmss_stanford_floatmm,wasm-aot,5,r82d0,34682013,ok,
2026-04-24T15:09:52+0800,llvmss_stanford_floatmm,wasm-aot,5,r00c4,683944017,ok,
2026-04-24T15:09:52+0800,llvmss_stanford_floatmm,wasm-aot,5,r01c4,9406128,ok,
2026-04-24T15:09:52+0800,llvmss_stanford_floatmm,wasm-aot,5,r1c0,4245184179,ok,
2026-04-24T15:09:52+0800,llvmss_stanford_floatmm,wasm-aot,5,cpu-cycles,1207606194,ok,
2026-04-24T15:09:52+0800,llvmss_stanford_floatmm,wasm-aot,5,L1-icache-load-misses,534232,ok,
2026-04-24T15:09:52+0800,llvmss_stanford_floatmm,wasm-aot,5,branch-misses,8673451,ok,
2026-04-24T15:09:53+0800,llvmss_stanford_intmm,native,1,r81d0,1009912,ok,
2026-04-24T15:09:53+0800,llvmss_stanford_intmm,native,1,r82d0,175560,ok,
2026-04-24T15:09:53+0800,llvmss_stanford_intmm,native,1,r00c4,359171,ok,
2026-04-24T15:09:53+0800,llvmss_stanford_intmm,native,1,r01c4,214465,ok,
2026-04-24T15:09:53+0800,llvmss_stanford_intmm,native,1,r1c0,4702896,ok,
2026-04-24T15:09:53+0800,llvmss_stanford_intmm,native,1,cpu-cycles,1901845,ok,
2026-04-24T15:09:53+0800,llvmss_stanford_intmm,native,1,L1-icache-load-misses,45997,ok,
2026-04-24T15:09:53+0800,llvmss_stanford_intmm,native,1,branch-misses,6018,ok,
2026-04-24T15:09:53+0800,llvmss_stanford_intmm,wasm-jit,1,r81d0,5352088,ok,
2026-04-24T15:09:53+0800,llvmss_stanford_intmm,wasm-jit,1,r82d0,2537100,ok,
2026-04-24T15:09:53+0800,llvmss_stanford_intmm,wasm-jit,1,r00c4,4541231,ok,
2026-04-24T15:09:53+0800,llvmss_stanford_intmm,wasm-jit,1,r01c4,791823,ok,
2026-04-24T15:09:53+0800,llvmss_stanford_intmm,wasm-jit,1,r1c0,25260386,ok,
2026-04-24T15:09:53+0800,llvmss_stanford_intmm,wasm-jit,1,cpu-cycles,19270958,ok,
2026-04-24T15:09:53+0800,llvmss_stanford_intmm,wasm-jit,1,L1-icache-load-misses,496007,ok,
2026-04-24T15:09:53+0800,llvmss_stanford_intmm,wasm-jit,1,branch-misses,73168,ok,
2026-04-24T15:09:53+0800,llvmss_stanford_intmm,wasm-aot,1,r81d0,4870357,ok,
2026-04-24T15:09:53+0800,llvmss_stanford_intmm,wasm-aot,1,r82d0,2297238,ok,
2026-04-24T15:09:53+0800,llvmss_stanford_intmm,wasm-aot,1,r00c4,4248123,ok,
2026-04-24T15:09:53+0800,llvmss_stanford_intmm,wasm-aot,1,r01c4,731067,ok,
2026-04-24T15:09:53+0800,llvmss_stanford_intmm,wasm-aot,1,r1c0,23354946,ok,
2026-04-24T15:09:53+0800,llvmss_stanford_intmm,wasm-aot,1,cpu-cycles,18093461,ok,
2026-04-24T15:09:53+0800,llvmss_stanford_intmm,wasm-aot,1,L1-icache-load-misses,480356,ok,
2026-04-24T15:09:53+0800,llvmss_stanford_intmm,wasm-aot,1,branch-misses,69601,ok,
2026-04-24T15:09:53+0800,llvmss_stanford_intmm,native,2,r81d0,1010669,ok,
2026-04-24T15:09:53+0800,llvmss_stanford_intmm,native,2,r82d0,175769,ok,
2026-04-24T15:09:53+0800,llvmss_stanford_intmm,native,2,r00c4,359423,ok,
2026-04-24T15:09:53+0800,llvmss_stanford_intmm,native,2,r01c4,214560,ok,
2026-04-24T15:09:53+0800,llvmss_stanford_intmm,native,2,r1c0,4704447,ok,
2026-04-24T15:09:53+0800,llvmss_stanford_intmm,native,2,cpu-cycles,1954969,ok,
2026-04-24T15:09:53+0800,llvmss_stanford_intmm,native,2,L1-icache-load-misses,45855,ok,
2026-04-24T15:09:53+0800,llvmss_stanford_intmm,native,2,branch-misses,6897,ok,
2026-04-24T15:09:53+0800,llvmss_stanford_intmm,wasm-jit,2,r81d0,5350471,ok,
2026-04-24T15:09:53+0800,llvmss_stanford_intmm,wasm-jit,2,r82d0,2539206,ok,
2026-04-24T15:09:53+0800,llvmss_stanford_intmm,wasm-jit,2,r00c4,4543294,ok,
2026-04-24T15:09:53+0800,llvmss_stanford_intmm,wasm-jit,2,r01c4,792897,ok,
2026-04-24T15:09:53+0800,llvmss_stanford_intmm,wasm-jit,2,r1c0,25255942,ok,
2026-04-24T15:09:53+0800,llvmss_stanford_intmm,wasm-jit,2,cpu-cycles,19820730,ok,
2026-04-24T15:09:53+0800,llvmss_stanford_intmm,wasm-jit,2,L1-icache-load-misses,529747,ok,
2026-04-24T15:09:53+0800,llvmss_stanford_intmm,wasm-jit,2,branch-misses,77948,ok,
2026-04-24T15:09:53+0800,llvmss_stanford_intmm,wasm-aot,2,r81d0,4840083,ok,
2026-04-24T15:09:53+0800,llvmss_stanford_intmm,wasm-aot,2,r82d0,2278748,ok,
2026-04-24T15:09:53+0800,llvmss_stanford_intmm,wasm-aot,2,r00c4,4221539,ok,
2026-04-24T15:09:53+0800,llvmss_stanford_intmm,wasm-aot,2,r01c4,723192,ok,
2026-04-24T15:09:53+0800,llvmss_stanford_intmm,wasm-aot,2,r1c0,23218496,ok,
2026-04-24T15:09:53+0800,llvmss_stanford_intmm,wasm-aot,2,cpu-cycles,17418633,ok,
2026-04-24T15:09:53+0800,llvmss_stanford_intmm,wasm-aot,2,L1-icache-load-misses,455848,ok,
2026-04-24T15:09:53+0800,llvmss_stanford_intmm,wasm-aot,2,branch-misses,67451,ok,
2026-04-24T15:09:53+0800,llvmss_stanford_intmm,native,3,r81d0,1006817,ok,
2026-04-24T15:09:53+0800,llvmss_stanford_intmm,native,3,r82d0,173557,ok,
2026-04-24T15:09:53+0800,llvmss_stanford_intmm,native,3,r00c4,356783,ok,
2026-04-24T15:09:53+0800,llvmss_stanford_intmm,native,3,r01c4,213883,ok,
2026-04-24T15:09:53+0800,llvmss_stanford_intmm,native,3,r1c0,4688634,ok,
2026-04-24T15:09:53+0800,llvmss_stanford_intmm,native,3,cpu-cycles,1797389,ok,
2026-04-24T15:09:53+0800,llvmss_stanford_intmm,native,3,L1-icache-load-misses,48734,ok,
2026-04-24T15:09:53+0800,llvmss_stanford_intmm,native,3,branch-misses,7132,ok,
2026-04-24T15:09:53+0800,llvmss_stanford_intmm,wasm-jit,3,r81d0,5352255,ok,
2026-04-24T15:09:53+0800,llvmss_stanford_intmm,wasm-jit,3,r82d0,2534936,ok,
2026-04-24T15:09:53+0800,llvmss_stanford_intmm,wasm-jit,3,r00c4,4552772,ok,
2026-04-24T15:09:53+0800,llvmss_stanford_intmm,wasm-jit,3,r01c4,798456,ok,
2026-04-24T15:09:53+0800,llvmss_stanford_intmm,wasm-jit,3,r1c0,25292728,ok,
2026-04-24T15:09:53+0800,llvmss_stanford_intmm,wasm-jit,3,cpu-cycles,20520160,ok,
2026-04-24T15:09:53+0800,llvmss_stanford_intmm,wasm-jit,3,L1-icache-load-misses,526610,ok,
2026-04-24T15:09:53+0800,llvmss_stanford_intmm,wasm-jit,3,branch-misses,76953,ok,
2026-04-24T15:09:53+0800,llvmss_stanford_intmm,wasm-aot,3,r81d0,4913617,ok,
2026-04-24T15:09:53+0800,llvmss_stanford_intmm,wasm-aot,3,r82d0,2327765,ok,
2026-04-24T15:09:53+0800,llvmss_stanford_intmm,wasm-aot,3,r00c4,4273460,ok,
2026-04-24T15:09:53+0800,llvmss_stanford_intmm,wasm-aot,3,r01c4,732773,ok,
2026-04-24T15:09:53+0800,llvmss_stanford_intmm,wasm-aot,3,r1c0,23514255,ok,
2026-04-24T15:09:53+0800,llvmss_stanford_intmm,wasm-aot,3,cpu-cycles,16422077,ok,
2026-04-24T15:09:53+0800,llvmss_stanford_intmm,wasm-aot,3,L1-icache-load-misses,506438,ok,
2026-04-24T15:09:53+0800,llvmss_stanford_intmm,wasm-aot,3,branch-misses,74047,ok,
2026-04-24T15:09:53+0800,llvmss_stanford_intmm,native,4,r81d0,1010840,ok,
2026-04-24T15:09:53+0800,llvmss_stanford_intmm,native,4,r82d0,175905,ok,
2026-04-24T15:09:53+0800,llvmss_stanford_intmm,native,4,r00c4,359551,ok,
2026-04-24T15:09:53+0800,llvmss_stanford_intmm,native,4,r01c4,214628,ok,
2026-04-24T15:09:53+0800,llvmss_stanford_intmm,native,4,r1c0,4705462,ok,
2026-04-24T15:09:53+0800,llvmss_stanford_intmm,native,4,cpu-cycles,1867994,ok,
2026-04-24T15:09:53+0800,llvmss_stanford_intmm,native,4,L1-icache-load-misses,45848,ok,
2026-04-24T15:09:53+0800,llvmss_stanford_intmm,native,4,branch-misses,6555,ok,
2026-04-24T15:09:53+0800,llvmss_stanford_intmm,wasm-jit,4,r81d0,5317613,ok,
2026-04-24T15:09:53+0800,llvmss_stanford_intmm,wasm-jit,4,r82d0,2518442,ok,
2026-04-24T15:09:53+0800,llvmss_stanford_intmm,wasm-jit,4,r00c4,4517870,ok,
2026-04-24T15:09:53+0800,llvmss_stanford_intmm,wasm-jit,4,r01c4,786713,ok,
2026-04-24T15:09:53+0800,llvmss_stanford_intmm,wasm-jit,4,r1c0,25123580,ok,
2026-04-24T15:09:53+0800,llvmss_stanford_intmm,wasm-jit,4,cpu-cycles,17866351,ok,
2026-04-24T15:09:53+0800,llvmss_stanford_intmm,wasm-jit,4,L1-icache-load-misses,546933,ok,
2026-04-24T15:09:53+0800,llvmss_stanford_intmm,wasm-jit,4,branch-misses,80343,ok,
2026-04-24T15:09:53+0800,llvmss_stanford_intmm,wasm-aot,4,r81d0,4858659,ok,
2026-04-24T15:09:53+0800,llvmss_stanford_intmm,wasm-aot,4,r82d0,2287684,ok,
2026-04-24T15:09:53+0800,llvmss_stanford_intmm,wasm-aot,4,r00c4,4234463,ok,
2026-04-24T15:09:53+0800,llvmss_stanford_intmm,wasm-aot,4,r01c4,724890,ok,
2026-04-24T15:09:53+0800,llvmss_stanford_intmm,wasm-aot,4,r1c0,23285438,ok,
2026-04-24T15:09:53+0800,llvmss_stanford_intmm,wasm-aot,4,cpu-cycles,16267286,ok,
2026-04-24T15:09:53+0800,llvmss_stanford_intmm,wasm-aot,4,L1-icache-load-misses,497717,ok,
2026-04-24T15:09:53+0800,llvmss_stanford_intmm,wasm-aot,4,branch-misses,72514,ok,
2026-04-24T15:09:53+0800,llvmss_stanford_intmm,native,5,r81d0,1010907,ok,
2026-04-24T15:09:53+0800,llvmss_stanford_intmm,native,5,r82d0,176074,ok,
2026-04-24T15:09:53+0800,llvmss_stanford_intmm,native,5,r00c4,359312,ok,
2026-04-24T15:09:53+0800,llvmss_stanford_intmm,native,5,r01c4,214595,ok,
2026-04-24T15:09:53+0800,llvmss_stanford_intmm,native,5,r1c0,4706593,ok,
2026-04-24T15:09:53+0800,llvmss_stanford_intmm,native,5,cpu-cycles,2051101,ok,
2026-04-24T15:09:53+0800,llvmss_stanford_intmm,native,5,L1-icache-load-misses,48265,ok,
2026-04-24T15:09:53+0800,llvmss_stanford_intmm,native,5,branch-misses,6741,ok,
2026-04-24T15:09:53+0800,llvmss_stanford_intmm,wasm-jit,5,r81d0,5376680,ok,
2026-04-24T15:09:53+0800,llvmss_stanford_intmm,wasm-jit,5,r82d0,2555101,ok,
2026-04-24T15:09:53+0800,llvmss_stanford_intmm,wasm-jit,5,r00c4,4572639,ok,
2026-04-24T15:09:53+0800,llvmss_stanford_intmm,wasm-jit,5,r01c4,801575,ok,
2026-04-24T15:09:53+0800,llvmss_stanford_intmm,wasm-jit,5,r1c0,25404233,ok,
2026-04-24T15:09:53+0800,llvmss_stanford_intmm,wasm-jit,5,cpu-cycles,20704195,ok,
2026-04-24T15:09:53+0800,llvmss_stanford_intmm,wasm-jit,5,L1-icache-load-misses,542982,ok,
2026-04-24T15:09:53+0800,llvmss_stanford_intmm,wasm-jit,5,branch-misses,79530,ok,
2026-04-24T15:09:53+0800,llvmss_stanford_intmm,wasm-aot,5,r81d0,4904712,ok,
2026-04-24T15:09:53+0800,llvmss_stanford_intmm,wasm-aot,5,r82d0,2317789,ok,
2026-04-24T15:09:53+0800,llvmss_stanford_intmm,wasm-aot,5,r00c4,4282855,ok,
2026-04-24T15:09:53+0800,llvmss_stanford_intmm,wasm-aot,5,r01c4,739426,ok,
2026-04-24T15:09:53+0800,llvmss_stanford_intmm,wasm-aot,5,r1c0,23524740,ok,
2026-04-24T15:09:53+0800,llvmss_stanford_intmm,wasm-aot,5,cpu-cycles,18600519,ok,
2026-04-24T15:09:53+0800,llvmss_stanford_intmm,wasm-aot,5,L1-icache-load-misses,465722,ok,
2026-04-24T15:09:53+0800,llvmss_stanford_intmm,wasm-aot,5,branch-misses,68198,ok,
2026-04-24T15:09:53+0800,llvmss_stanford_oscar,native,1,r81d0,2393759,ok,
2026-04-24T15:09:53+0800,llvmss_stanford_oscar,native,1,r82d0,1038616,ok,
2026-04-24T15:09:53+0800,llvmss_stanford_oscar,native,1,r00c4,659757,ok,
2026-04-24T15:09:53+0800,llvmss_stanford_oscar,native,1,r01c4,392291,ok,
2026-04-24T15:09:53+0800,llvmss_stanford_oscar,native,1,r1c0,7715805,ok,
2026-04-24T15:09:53+0800,llvmss_stanford_oscar,native,1,cpu-cycles,2648341,ok,
2026-04-24T15:09:53+0800,llvmss_stanford_oscar,native,1,L1-icache-load-misses,44450,ok,
2026-04-24T15:09:53+0800,llvmss_stanford_oscar,native,1,branch-misses,7094,ok,
2026-04-24T15:09:53+0800,llvmss_stanford_oscar,wasm-jit,1,r81d0,8601032,ok,
2026-04-24T15:09:53+0800,llvmss_stanford_oscar,wasm-jit,1,r82d0,4106456,ok,
2026-04-24T15:09:53+0800,llvmss_stanford_oscar,wasm-jit,1,r00c4,4073259,ok,
2026-04-24T15:09:53+0800,llvmss_stanford_oscar,wasm-jit,1,r01c4,1439236,ok,
2026-04-24T15:09:53+0800,llvmss_stanford_oscar,wasm-jit,1,r1c0,32624455,ok,
2026-04-24T15:09:53+0800,llvmss_stanford_oscar,wasm-jit,1,cpu-cycles,20935614,ok,
2026-04-24T15:09:53+0800,llvmss_stanford_oscar,wasm-jit,1,L1-icache-load-misses,520943,ok,
2026-04-24T15:09:53+0800,llvmss_stanford_oscar,wasm-jit,1,branch-misses,64843,ok,
2026-04-24T15:09:53+0800,llvmss_stanford_oscar,wasm-aot,1,r81d0,8063857,ok,
2026-04-24T15:09:53+0800,llvmss_stanford_oscar,wasm-aot,1,r82d0,3834254,ok,
2026-04-24T15:09:53+0800,llvmss_stanford_oscar,wasm-aot,1,r00c4,3736418,ok,
2026-04-24T15:09:53+0800,llvmss_stanford_oscar,wasm-aot,1,r01c4,1365347,ok,
2026-04-24T15:09:53+0800,llvmss_stanford_oscar,wasm-aot,1,r1c0,30476939,ok,
2026-04-24T15:09:53+0800,llvmss_stanford_oscar,wasm-aot,1,cpu-cycles,19482061,ok,
2026-04-24T15:09:53+0800,llvmss_stanford_oscar,wasm-aot,1,L1-icache-load-misses,458004,ok,
2026-04-24T15:09:53+0800,llvmss_stanford_oscar,wasm-aot,1,branch-misses,56775,ok,
2026-04-24T15:09:53+0800,llvmss_stanford_oscar,native,2,r81d0,2389469,ok,
2026-04-24T15:09:53+0800,llvmss_stanford_oscar,native,2,r82d0,1036242,ok,
2026-04-24T15:09:53+0800,llvmss_stanford_oscar,native,2,r00c4,656679,ok,
2026-04-24T15:09:53+0800,llvmss_stanford_oscar,native,2,r01c4,391475,ok,
2026-04-24T15:09:53+0800,llvmss_stanford_oscar,native,2,r1c0,7697797,ok,
2026-04-24T15:09:53+0800,llvmss_stanford_oscar,native,2,cpu-cycles,2530675,ok,
2026-04-24T15:09:53+0800,llvmss_stanford_oscar,native,2,L1-icache-load-misses,43781,ok,
2026-04-24T15:09:53+0800,llvmss_stanford_oscar,native,2,branch-misses,7621,ok,
2026-04-24T15:09:53+0800,llvmss_stanford_oscar,wasm-jit,2,r81d0,8575347,ok,
2026-04-24T15:09:53+0800,llvmss_stanford_oscar,wasm-jit,2,r82d0,4093445,ok,
2026-04-24T15:09:53+0800,llvmss_stanford_oscar,wasm-jit,2,r00c4,4056364,ok,
2026-04-24T15:09:53+0800,llvmss_stanford_oscar,wasm-jit,2,r01c4,1436939,ok,
2026-04-24T15:09:53+0800,llvmss_stanford_oscar,wasm-jit,2,r1c0,32530935,ok,
2026-04-24T15:09:53+0800,llvmss_stanford_oscar,wasm-jit,2,cpu-cycles,20734900,ok,
2026-04-24T15:09:53+0800,llvmss_stanford_oscar,wasm-jit,2,L1-icache-load-misses,507177,ok,
2026-04-24T15:09:53+0800,llvmss_stanford_oscar,wasm-jit,2,branch-misses,63115,ok,
2026-04-24T15:09:53+0800,llvmss_stanford_oscar,wasm-aot,2,r81d0,8116011,ok,
2026-04-24T15:09:53+0800,llvmss_stanford_oscar,wasm-aot,2,r82d0,3862129,ok,
2026-04-24T15:09:53+0800,llvmss_stanford_oscar,wasm-aot,2,r00c4,3777499,ok,
2026-04-24T15:09:53+0800,llvmss_stanford_oscar,wasm-aot,2,r01c4,1373993,ok,
2026-04-24T15:09:53+0800,llvmss_stanford_oscar,wasm-aot,2,r1c0,30681439,ok,
2026-04-24T15:09:53+0800,llvmss_stanford_oscar,wasm-aot,2,cpu-cycles,19050731,ok,
2026-04-24T15:09:53+0800,llvmss_stanford_oscar,wasm-aot,2,L1-icache-load-misses,496555,ok,
2026-04-24T15:09:53+0800,llvmss_stanford_oscar,wasm-aot,2,branch-misses,60843,ok,
2026-04-24T15:09:53+0800,llvmss_stanford_oscar,native,3,r81d0,2395524,ok,
2026-04-24T15:09:53+0800,llvmss_stanford_oscar,native,3,r82d0,1040239,ok,
2026-04-24T15:09:53+0800,llvmss_stanford_oscar,native,3,r00c4,660939,ok,
2026-04-24T15:09:53+0800,llvmss_stanford_oscar,native,3,r01c4,392430,ok,
2026-04-24T15:09:53+0800,llvmss_stanford_oscar,native,3,r1c0,7723110,ok,
2026-04-24T15:09:53+0800,llvmss_stanford_oscar,native,3,cpu-cycles,2653369,ok,
2026-04-24T15:09:53+0800,llvmss_stanford_oscar,native,3,L1-icache-load-misses,49435,ok,
2026-04-24T15:09:53+0800,llvmss_stanford_oscar,native,3,branch-misses,8562,ok,
2026-04-24T15:09:53+0800,llvmss_stanford_oscar,wasm-jit,3,r81d0,8627519,ok,
2026-04-24T15:09:53+0800,llvmss_stanford_oscar,wasm-jit,3,r82d0,4129542,ok,
2026-04-24T15:09:53+0800,llvmss_stanford_oscar,wasm-jit,3,r00c4,4086822,ok,
2026-04-24T15:09:53+0800,llvmss_stanford_oscar,wasm-jit,3,r01c4,1438177,ok,
2026-04-24T15:09:53+0800,llvmss_stanford_oscar,wasm-jit,3,r1c0,32721606,ok,
2026-04-24T15:09:53+0800,llvmss_stanford_oscar,wasm-jit,3,cpu-cycles,20469565,ok,
2026-04-24T15:09:53+0800,llvmss_stanford_oscar,wasm-jit,3,L1-icache-load-misses,534345,ok,
2026-04-24T15:09:53+0800,llvmss_stanford_oscar,wasm-jit,3,branch-misses,67379,ok,
2026-04-24T15:09:53+0800,llvmss_stanford_oscar,wasm-aot,3,r81d0,8076680,ok,
2026-04-24T15:09:53+0800,llvmss_stanford_oscar,wasm-aot,3,r82d0,3843018,ok,
2026-04-24T15:09:53+0800,llvmss_stanford_oscar,wasm-aot,3,r00c4,3749096,ok,
2026-04-24T15:09:53+0800,llvmss_stanford_oscar,wasm-aot,3,r01c4,1369402,ok,
2026-04-24T15:09:53+0800,llvmss_stanford_oscar,wasm-aot,3,r1c0,30535032,ok,
2026-04-24T15:09:53+0800,llvmss_stanford_oscar,wasm-aot,3,cpu-cycles,19577587,ok,
2026-04-24T15:09:53+0800,llvmss_stanford_oscar,wasm-aot,3,L1-icache-load-misses,479881,ok,
2026-04-24T15:09:53+0800,llvmss_stanford_oscar,wasm-aot,3,branch-misses,59563,ok,
2026-04-24T15:09:53+0800,llvmss_stanford_oscar,native,4,r81d0,2388801,ok,
2026-04-24T15:09:53+0800,llvmss_stanford_oscar,native,4,r82d0,1035788,ok,
2026-04-24T15:09:53+0800,llvmss_stanford_oscar,native,4,r00c4,656288,ok,
2026-04-24T15:09:53+0800,llvmss_stanford_oscar,native,4,r01c4,391374,ok,
2026-04-24T15:09:53+0800,llvmss_stanford_oscar,native,4,r1c0,7694913,ok,
2026-04-24T15:09:53+0800,llvmss_stanford_oscar,native,4,cpu-cycles,2507690,ok,
2026-04-24T15:09:53+0800,llvmss_stanford_oscar,native,4,L1-icache-load-misses,44490,ok,
2026-04-24T15:09:53+0800,llvmss_stanford_oscar,native,4,branch-misses,7034,ok,
2026-04-24T15:09:53+0800,llvmss_stanford_oscar,wasm-jit,4,r81d0,8597693,ok,
2026-04-24T15:09:53+0800,llvmss_stanford_oscar,wasm-jit,4,r82d0,4105024,ok,
2026-04-24T15:09:53+0800,llvmss_stanford_oscar,wasm-jit,4,r00c4,4070160,ok,
2026-04-24T15:09:53+0800,llvmss_stanford_oscar,wasm-jit,4,r01c4,1437605,ok,
2026-04-24T15:09:53+0800,llvmss_stanford_oscar,wasm-jit,4,r1c0,32611520,ok,
2026-04-24T15:09:53+0800,llvmss_stanford_oscar,wasm-jit,4,cpu-cycles,21284025,ok,
2026-04-24T15:09:53+0800,llvmss_stanford_oscar,wasm-jit,4,L1-icache-load-misses,526357,ok,
2026-04-24T15:09:53+0800,llvmss_stanford_oscar,wasm-jit,4,branch-misses,65760,ok,
2026-04-24T15:09:53+0800,llvmss_stanford_oscar,wasm-aot,4,r81d0,8130302,ok,
2026-04-24T15:09:53+0800,llvmss_stanford_oscar,wasm-aot,4,r82d0,3874092,ok,
2026-04-24T15:09:53+0800,llvmss_stanford_oscar,wasm-aot,4,r00c4,3778097,ok,
2026-04-24T15:09:53+0800,llvmss_stanford_oscar,wasm-aot,4,r01c4,1370229,ok,
2026-04-24T15:09:53+0800,llvmss_stanford_oscar,wasm-aot,4,r1c0,30726549,ok,
2026-04-24T15:09:53+0800,llvmss_stanford_oscar,wasm-aot,4,cpu-cycles,17374677,ok,
2026-04-24T15:09:53+0800,llvmss_stanford_oscar,wasm-aot,4,L1-icache-load-misses,488943,ok,
2026-04-24T15:09:53+0800,llvmss_stanford_oscar,wasm-aot,4,branch-misses,61696,ok,
2026-04-24T15:09:53+0800,llvmss_stanford_oscar,native,5,r81d0,2392433,ok,
2026-04-24T15:09:53+0800,llvmss_stanford_oscar,native,5,r82d0,1038250,ok,
2026-04-24T15:09:53+0800,llvmss_stanford_oscar,native,5,r00c4,658731,ok,
2026-04-24T15:09:53+0800,llvmss_stanford_oscar,native,5,r01c4,391878,ok,
2026-04-24T15:09:53+0800,llvmss_stanford_oscar,native,5,r1c0,7711194,ok,
2026-04-24T15:09:53+0800,llvmss_stanford_oscar,native,5,cpu-cycles,2557350,ok,
2026-04-24T15:09:53+0800,llvmss_stanford_oscar,native,5,L1-icache-load-misses,50394,ok,
2026-04-24T15:09:53+0800,llvmss_stanford_oscar,native,5,branch-misses,7819,ok,
2026-04-24T15:09:53+0800,llvmss_stanford_oscar,wasm-jit,5,r81d0,8590855,ok,
2026-04-24T15:09:53+0800,llvmss_stanford_oscar,wasm-jit,5,r82d0,4108918,ok,
2026-04-24T15:09:53+0800,llvmss_stanford_oscar,wasm-jit,5,r00c4,4059070,ok,
2026-04-24T15:09:53+0800,llvmss_stanford_oscar,wasm-jit,5,r01c4,1433172,ok,
2026-04-24T15:09:53+0800,llvmss_stanford_oscar,wasm-jit,5,r1c0,32574686,ok,
2026-04-24T15:09:53+0800,llvmss_stanford_oscar,wasm-jit,5,cpu-cycles,18529875,ok,
2026-04-24T15:09:53+0800,llvmss_stanford_oscar,wasm-jit,5,L1-icache-load-misses,528389,ok,
2026-04-24T15:09:53+0800,llvmss_stanford_oscar,wasm-jit,5,branch-misses,66390,ok,
2026-04-24T15:09:53+0800,llvmss_stanford_oscar,wasm-aot,5,r81d0,8081551,ok,
2026-04-24T15:09:53+0800,llvmss_stanford_oscar,wasm-aot,5,r82d0,3846039,ok,
2026-04-24T15:09:53+0800,llvmss_stanford_oscar,wasm-aot,5,r00c4,3746982,ok,
2026-04-24T15:09:53+0800,llvmss_stanford_oscar,wasm-aot,5,r01c4,1366688,ok,
2026-04-24T15:09:53+0800,llvmss_stanford_oscar,wasm-aot,5,r1c0,30540213,ok,
2026-04-24T15:09:53+0800,llvmss_stanford_oscar,wasm-aot,5,cpu-cycles,17863753,ok,
2026-04-24T15:09:53+0800,llvmss_stanford_oscar,wasm-aot,5,L1-icache-load-misses,475114,ok,
2026-04-24T15:09:53+0800,llvmss_stanford_oscar,wasm-aot,5,branch-misses,60155,ok,
2026-04-24T15:09:53+0800,llvmss_stanford_perm,native,1,r81d0,28022981,ok,
2026-04-24T15:09:53+0800,llvmss_stanford_perm,native,1,r82d0,27934772,ok,
2026-04-24T15:09:53+0800,llvmss_stanford_perm,native,1,r00c4,17504212,ok,
2026-04-24T15:09:53+0800,llvmss_stanford_perm,native,1,r01c4,3271741,ok,
2026-04-24T15:09:53+0800,llvmss_stanford_perm,native,1,r1c0,93391675,ok,
2026-04-24T15:09:53+0800,llvmss_stanford_perm,native,1,cpu-cycles,30317389,ok,
2026-04-24T15:09:53+0800,llvmss_stanford_perm,native,1,L1-icache-load-misses,51209,ok,
2026-04-24T15:09:53+0800,llvmss_stanford_perm,native,1,branch-misses,33757,ok,
2026-04-24T15:09:53+0800,llvmss_stanford_perm,wasm-jit,1,r81d0,78406864,ok,
2026-04-24T15:09:53+0800,llvmss_stanford_perm,wasm-jit,1,r82d0,57699681,ok,
2026-04-24T15:09:53+0800,llvmss_stanford_perm,wasm-jit,1,r00c4,24866015,ok,
2026-04-24T15:09:53+0800,llvmss_stanford_perm,wasm-jit,1,r01c4,4013607,ok,
2026-04-24T15:09:53+0800,llvmss_stanford_perm,wasm-jit,1,r1c0,209056314,ok,
2026-04-24T15:09:53+0800,llvmss_stanford_perm,wasm-jit,1,cpu-cycles,86104281,ok,
2026-04-24T15:09:53+0800,llvmss_stanford_perm,wasm-jit,1,L1-icache-load-misses,550870,ok,
2026-04-24T15:09:53+0800,llvmss_stanford_perm,wasm-jit,1,branch-misses,89563,ok,
2026-04-24T15:09:54+0800,llvmss_stanford_perm,wasm-aot,1,r81d0,77927707,ok,
2026-04-24T15:09:54+0800,llvmss_stanford_perm,wasm-aot,1,r82d0,57449807,ok,
2026-04-24T15:09:54+0800,llvmss_stanford_perm,wasm-aot,1,r00c4,24574242,ok,
2026-04-24T15:09:54+0800,llvmss_stanford_perm,wasm-aot,1,r01c4,3955939,ok,
2026-04-24T15:09:54+0800,llvmss_stanford_perm,wasm-aot,1,r1c0,207141192,ok,
2026-04-24T15:09:54+0800,llvmss_stanford_perm,wasm-aot,1,cpu-cycles,85627647,ok,
2026-04-24T15:09:54+0800,llvmss_stanford_perm,wasm-aot,1,L1-icache-load-misses,500361,ok,
2026-04-24T15:09:54+0800,llvmss_stanford_perm,wasm-aot,1,branch-misses,80061,ok,
2026-04-24T15:09:54+0800,llvmss_stanford_perm,native,2,r81d0,28033517,ok,
2026-04-24T15:09:54+0800,llvmss_stanford_perm,native,2,r82d0,27940592,ok,
2026-04-24T15:09:54+0800,llvmss_stanford_perm,native,2,r00c4,17512163,ok,
2026-04-24T15:09:54+0800,llvmss_stanford_perm,native,2,r01c4,3273659,ok,
2026-04-24T15:09:54+0800,llvmss_stanford_perm,native,2,r1c0,93434488,ok,
2026-04-24T15:09:54+0800,llvmss_stanford_perm,native,2,cpu-cycles,30310011,ok,
2026-04-24T15:09:54+0800,llvmss_stanford_perm,native,2,L1-icache-load-misses,52099,ok,
2026-04-24T15:09:54+0800,llvmss_stanford_perm,native,2,branch-misses,35282,ok,
2026-04-24T15:09:54+0800,llvmss_stanford_perm,wasm-jit,2,r81d0,78389464,ok,
2026-04-24T15:09:54+0800,llvmss_stanford_perm,wasm-jit,2,r82d0,57685862,ok,
2026-04-24T15:09:54+0800,llvmss_stanford_perm,wasm-jit,2,r00c4,24850863,ok,
2026-04-24T15:09:54+0800,llvmss_stanford_perm,wasm-jit,2,r01c4,4011276,ok,
2026-04-24T15:09:54+0800,llvmss_stanford_perm,wasm-jit,2,r1c0,208970503,ok,
2026-04-24T15:09:54+0800,llvmss_stanford_perm,wasm-jit,2,cpu-cycles,86284070,ok,
2026-04-24T15:09:54+0800,llvmss_stanford_perm,wasm-jit,2,L1-icache-load-misses,542186,ok,
2026-04-24T15:09:54+0800,llvmss_stanford_perm,wasm-jit,2,branch-misses,86603,ok,
2026-04-24T15:09:54+0800,llvmss_stanford_perm,wasm-aot,2,r81d0,77929899,ok,
2026-04-24T15:09:54+0800,llvmss_stanford_perm,wasm-aot,2,r82d0,57453638,ok,
2026-04-24T15:09:54+0800,llvmss_stanford_perm,wasm-aot,2,r00c4,24571877,ok,
2026-04-24T15:09:54+0800,llvmss_stanford_perm,wasm-aot,2,r01c4,3952441,ok,
2026-04-24T15:09:54+0800,llvmss_stanford_perm,wasm-aot,2,r1c0,207135699,ok,
2026-04-24T15:09:54+0800,llvmss_stanford_perm,wasm-aot,2,cpu-cycles,84834969,ok,
2026-04-24T15:09:54+0800,llvmss_stanford_perm,wasm-aot,2,L1-icache-load-misses,489752,ok,
2026-04-24T15:09:54+0800,llvmss_stanford_perm,wasm-aot,2,branch-misses,79098,ok,
2026-04-24T15:09:54+0800,llvmss_stanford_perm,native,3,r81d0,28040705,ok,
2026-04-24T15:09:54+0800,llvmss_stanford_perm,native,3,r82d0,27946084,ok,
2026-04-24T15:09:54+0800,llvmss_stanford_perm,native,3,r00c4,17516360,ok,
2026-04-24T15:09:54+0800,llvmss_stanford_perm,native,3,r01c4,3274612,ok,
2026-04-24T15:09:54+0800,llvmss_stanford_perm,native,3,r1c0,93465794,ok,
2026-04-24T15:09:54+0800,llvmss_stanford_perm,native,3,cpu-cycles,30264465,ok,
2026-04-24T15:09:54+0800,llvmss_stanford_perm,native,3,L1-icache-load-misses,51541,ok,
2026-04-24T15:09:54+0800,llvmss_stanford_perm,native,3,branch-misses,35307,ok,
2026-04-24T15:09:54+0800,llvmss_stanford_perm,wasm-jit,3,r81d0,78393961,ok,
2026-04-24T15:09:54+0800,llvmss_stanford_perm,wasm-jit,3,r82d0,57690223,ok,
2026-04-24T15:09:54+0800,llvmss_stanford_perm,wasm-jit,3,r00c4,24857519,ok,
2026-04-24T15:09:54+0800,llvmss_stanford_perm,wasm-jit,3,r01c4,4013328,ok,
2026-04-24T15:09:54+0800,llvmss_stanford_perm,wasm-jit,3,r1c0,209002313,ok,
2026-04-24T15:09:54+0800,llvmss_stanford_perm,wasm-jit,3,cpu-cycles,84059912,ok,
2026-04-24T15:09:54+0800,llvmss_stanford_perm,wasm-jit,3,L1-icache-load-misses,535163,ok,
2026-04-24T15:09:54+0800,llvmss_stanford_perm,wasm-jit,3,branch-misses,86456,ok,
2026-04-24T15:09:54+0800,llvmss_stanford_perm,wasm-aot,3,r81d0,77893753,ok,
2026-04-24T15:09:54+0800,llvmss_stanford_perm,wasm-aot,3,r82d0,57431585,ok,
2026-04-24T15:09:54+0800,llvmss_stanford_perm,wasm-aot,3,r00c4,24543931,ok,
2026-04-24T15:09:54+0800,llvmss_stanford_perm,wasm-aot,3,r01c4,3946656,ok,
2026-04-24T15:09:54+0800,llvmss_stanford_perm,wasm-aot,3,r1c0,206989440,ok,
2026-04-24T15:09:54+0800,llvmss_stanford_perm,wasm-aot,3,cpu-cycles,84945749,ok,
2026-04-24T15:09:54+0800,llvmss_stanford_perm,wasm-aot,3,L1-icache-load-misses,489180,ok,
2026-04-24T15:09:54+0800,llvmss_stanford_perm,wasm-aot,3,branch-misses,78658,ok,
2026-04-24T15:09:54+0800,llvmss_stanford_perm,native,4,r81d0,28023839,ok,
2026-04-24T15:09:54+0800,llvmss_stanford_perm,native,4,r82d0,27935282,ok,
2026-04-24T15:09:54+0800,llvmss_stanford_perm,native,4,r00c4,17504568,ok,
2026-04-24T15:09:54+0800,llvmss_stanford_perm,native,4,r01c4,3272248,ok,
2026-04-24T15:09:54+0800,llvmss_stanford_perm,native,4,r1c0,93395851,ok,
2026-04-24T15:09:54+0800,llvmss_stanford_perm,native,4,cpu-cycles,30314833,ok,
2026-04-24T15:09:54+0800,llvmss_stanford_perm,native,4,L1-icache-load-misses,53167,ok,
2026-04-24T15:09:54+0800,llvmss_stanford_perm,native,4,branch-misses,35397,ok,
2026-04-24T15:09:54+0800,llvmss_stanford_perm,wasm-jit,4,r81d0,78427313,ok,
2026-04-24T15:09:54+0800,llvmss_stanford_perm,wasm-jit,4,r82d0,57707225,ok,
2026-04-24T15:09:54+0800,llvmss_stanford_perm,wasm-jit,4,r00c4,24880318,ok,
2026-04-24T15:09:54+0800,llvmss_stanford_perm,wasm-jit,4,r01c4,4017324,ok,
2026-04-24T15:09:54+0800,llvmss_stanford_perm,wasm-jit,4,r1c0,209128942,ok,
2026-04-24T15:09:54+0800,llvmss_stanford_perm,wasm-jit,4,cpu-cycles,84528569,ok,
2026-04-24T15:09:54+0800,llvmss_stanford_perm,wasm-jit,4,L1-icache-load-misses,543171,ok,
2026-04-24T15:09:54+0800,llvmss_stanford_perm,wasm-jit,4,branch-misses,88096,ok,
2026-04-24T15:09:54+0800,llvmss_stanford_perm,wasm-aot,4,r81d0,77918736,ok,
2026-04-24T15:09:54+0800,llvmss_stanford_perm,wasm-aot,4,r82d0,57447531,ok,
2026-04-24T15:09:54+0800,llvmss_stanford_perm,wasm-aot,4,r00c4,24565266,ok,
2026-04-24T15:09:54+0800,llvmss_stanford_perm,wasm-aot,4,r01c4,3953535,ok,
2026-04-24T15:09:54+0800,llvmss_stanford_perm,wasm-aot,4,r1c0,207095799,ok,
2026-04-24T15:09:54+0800,llvmss_stanford_perm,wasm-aot,4,cpu-cycles,84225649,ok,
2026-04-24T15:09:54+0800,llvmss_stanford_perm,wasm-aot,4,L1-icache-load-misses,501899,ok,
2026-04-24T15:09:54+0800,llvmss_stanford_perm,wasm-aot,4,branch-misses,80592,ok,
2026-04-24T15:09:54+0800,llvmss_stanford_perm,native,5,r81d0,28037330,ok,
2026-04-24T15:09:54+0800,llvmss_stanford_perm,native,5,r82d0,27943605,ok,
2026-04-24T15:09:54+0800,llvmss_stanford_perm,native,5,r00c4,17514608,ok,
2026-04-24T15:09:54+0800,llvmss_stanford_perm,native,5,r01c4,3273574,ok,
2026-04-24T15:09:54+0800,llvmss_stanford_perm,native,5,r1c0,93449152,ok,
2026-04-24T15:09:54+0800,llvmss_stanford_perm,native,5,cpu-cycles,30342339,ok,
2026-04-24T15:09:54+0800,llvmss_stanford_perm,native,5,L1-icache-load-misses,52750,ok,
2026-04-24T15:09:54+0800,llvmss_stanford_perm,native,5,branch-misses,35048,ok,
2026-04-24T15:09:54+0800,llvmss_stanford_perm,wasm-jit,5,r81d0,78421034,ok,
2026-04-24T15:09:54+0800,llvmss_stanford_perm,wasm-jit,5,r82d0,57700357,ok,
2026-04-24T15:09:54+0800,llvmss_stanford_perm,wasm-jit,5,r00c4,24878449,ok,
2026-04-24T15:09:54+0800,llvmss_stanford_perm,wasm-jit,5,r01c4,4018467,ok,
2026-04-24T15:09:54+0800,llvmss_stanford_perm,wasm-jit,5,r1c0,209106838,ok,
2026-04-24T15:09:54+0800,llvmss_stanford_perm,wasm-jit,5,cpu-cycles,86164188,ok,
2026-04-24T15:09:54+0800,llvmss_stanford_perm,wasm-jit,5,L1-icache-load-misses,550371,ok,
2026-04-24T15:09:54+0800,llvmss_stanford_perm,wasm-jit,5,branch-misses,89334,ok,
2026-04-24T15:09:54+0800,llvmss_stanford_perm,wasm-aot,5,r81d0,77921332,ok,
2026-04-24T15:09:54+0800,llvmss_stanford_perm,wasm-aot,5,r82d0,57451941,ok,
2026-04-24T15:09:54+0800,llvmss_stanford_perm,wasm-aot,5,r00c4,24565830,ok,
2026-04-24T15:09:54+0800,llvmss_stanford_perm,wasm-aot,5,r01c4,3950955,ok,
2026-04-24T15:09:54+0800,llvmss_stanford_perm,wasm-aot,5,r1c0,207112488,ok,
2026-04-24T15:09:54+0800,llvmss_stanford_perm,wasm-aot,5,cpu-cycles,85839484,ok,
2026-04-24T15:09:54+0800,llvmss_stanford_perm,wasm-aot,5,L1-icache-load-misses,500268,ok,
2026-04-24T15:09:54+0800,llvmss_stanford_perm,wasm-aot,5,branch-misses,80473,ok,
2026-04-24T15:09:55+0800,llvmss_stanford_puzzle,native,1,r81d0,78048279,ok,
2026-04-24T15:09:55+0800,llvmss_stanford_puzzle,native,1,r82d0,5622615,ok,
2026-04-24T15:09:55+0800,llvmss_stanford_puzzle,native,1,r00c4,155317756,ok,
2026-04-24T15:09:55+0800,llvmss_stanford_puzzle,native,1,r01c4,77473709,ok,
2026-04-24T15:09:55+0800,llvmss_stanford_puzzle,native,1,r1c0,455145241,ok,
2026-04-24T15:09:55+0800,llvmss_stanford_puzzle,native,1,cpu-cycles,186626811,ok,
2026-04-24T15:09:55+0800,llvmss_stanford_puzzle,native,1,L1-icache-load-misses,71030,ok,
2026-04-24T15:09:55+0800,llvmss_stanford_puzzle,native,1,branch-misses,2110561,ok,
2026-04-24T15:09:55+0800,llvmss_stanford_puzzle,wasm-jit,1,r81d0,102324280,ok,
2026-04-24T15:09:55+0800,llvmss_stanford_puzzle,wasm-jit,1,r82d0,14745017,ok,
2026-04-24T15:09:55+0800,llvmss_stanford_puzzle,wasm-jit,1,r00c4,178831480,ok,
2026-04-24T15:09:55+0800,llvmss_stanford_puzzle,wasm-jit,1,r01c4,151605633,ok,
2026-04-24T15:09:55+0800,llvmss_stanford_puzzle,wasm-jit,1,r1c0,798681362,ok,
2026-04-24T15:09:55+0800,llvmss_stanford_puzzle,wasm-jit,1,cpu-cycles,298331640,ok,
2026-04-24T15:09:55+0800,llvmss_stanford_puzzle,wasm-jit,1,L1-icache-load-misses,570490,ok,
2026-04-24T15:09:55+0800,llvmss_stanford_puzzle,wasm-jit,1,branch-misses,2197801,ok,
2026-04-24T15:09:55+0800,llvmss_stanford_puzzle,wasm-aot,1,r81d0,101727404,ok,
2026-04-24T15:09:55+0800,llvmss_stanford_puzzle,wasm-aot,1,r82d0,14438489,ok,
2026-04-24T15:09:55+0800,llvmss_stanford_puzzle,wasm-aot,1,r00c4,178451731,ok,
2026-04-24T15:09:55+0800,llvmss_stanford_puzzle,wasm-aot,1,r01c4,151525029,ok,
2026-04-24T15:09:55+0800,llvmss_stanford_puzzle,wasm-aot,1,r1c0,796295583,ok,
2026-04-24T15:09:55+0800,llvmss_stanford_puzzle,wasm-aot,1,cpu-cycles,294280593,ok,
2026-04-24T15:09:55+0800,llvmss_stanford_puzzle,wasm-aot,1,L1-icache-load-misses,517622,ok,
2026-04-24T15:09:55+0800,llvmss_stanford_puzzle,wasm-aot,1,branch-misses,2198708,ok,
2026-04-24T15:09:55+0800,llvmss_stanford_puzzle,native,2,r81d0,78039316,ok,
2026-04-24T15:09:55+0800,llvmss_stanford_puzzle,native,2,r82d0,5617697,ok,
2026-04-24T15:09:55+0800,llvmss_stanford_puzzle,native,2,r00c4,155311872,ok,
2026-04-24T15:09:55+0800,llvmss_stanford_puzzle,native,2,r01c4,77472616,ok,
2026-04-24T15:09:55+0800,llvmss_stanford_puzzle,native,2,r1c0,455109040,ok,
2026-04-24T15:09:55+0800,llvmss_stanford_puzzle,native,2,cpu-cycles,186387721,ok,
2026-04-24T15:09:55+0800,llvmss_stanford_puzzle,native,2,L1-icache-load-misses,66390,ok,
2026-04-24T15:09:55+0800,llvmss_stanford_puzzle,native,2,branch-misses,2103781,ok,
2026-04-24T15:09:55+0800,llvmss_stanford_puzzle,wasm-jit,2,r81d0,102284875,ok,
2026-04-24T15:09:55+0800,llvmss_stanford_puzzle,wasm-jit,2,r82d0,14720180,ok,
2026-04-24T15:09:55+0800,llvmss_stanford_puzzle,wasm-jit,2,r00c4,178799428,ok,
2026-04-24T15:09:55+0800,llvmss_stanford_puzzle,wasm-jit,2,r01c4,151598650,ok,
2026-04-24T15:09:55+0800,llvmss_stanford_puzzle,wasm-jit,2,r1c0,798514352,ok,
2026-04-24T15:09:55+0800,llvmss_stanford_puzzle,wasm-jit,2,cpu-cycles,295955173,ok,
2026-04-24T15:09:55+0800,llvmss_stanford_puzzle,wasm-jit,2,L1-icache-load-misses,577793,ok,
2026-04-24T15:09:55+0800,llvmss_stanford_puzzle,wasm-jit,2,branch-misses,2214913,ok,
2026-04-24T15:09:55+0800,llvmss_stanford_puzzle,wasm-aot,2,r81d0,101707107,ok,
2026-04-24T15:09:55+0800,llvmss_stanford_puzzle,wasm-aot,2,r82d0,14420475,ok,
2026-04-24T15:09:55+0800,llvmss_stanford_puzzle,wasm-aot,2,r00c4,178435760,ok,
2026-04-24T15:09:55+0800,llvmss_stanford_puzzle,wasm-aot,2,r01c4,151521408,ok,
2026-04-24T15:09:55+0800,llvmss_stanford_puzzle,wasm-aot,2,r1c0,796200619,ok,
2026-04-24T15:09:55+0800,llvmss_stanford_puzzle,wasm-aot,2,cpu-cycles,293657042,ok,
2026-04-24T15:09:55+0800,llvmss_stanford_puzzle,wasm-aot,2,L1-icache-load-misses,498530,ok,
2026-04-24T15:09:55+0800,llvmss_stanford_puzzle,wasm-aot,2,branch-misses,2205953,ok,
2026-04-24T15:09:55+0800,llvmss_stanford_puzzle,native,3,r81d0,78066871,ok,
2026-04-24T15:09:55+0800,llvmss_stanford_puzzle,native,3,r82d0,5634272,ok,
2026-04-24T15:09:55+0800,llvmss_stanford_puzzle,native,3,r00c4,155331780,ok,
2026-04-24T15:09:55+0800,llvmss_stanford_puzzle,native,3,r01c4,77477493,ok,
2026-04-24T15:09:55+0800,llvmss_stanford_puzzle,native,3,r1c0,455225101,ok,
2026-04-24T15:09:55+0800,llvmss_stanford_puzzle,native,3,cpu-cycles,187253149,ok,
2026-04-24T15:09:55+0800,llvmss_stanford_puzzle,native,3,L1-icache-load-misses,71809,ok,
2026-04-24T15:09:55+0800,llvmss_stanford_puzzle,native,3,branch-misses,2111089,ok,
2026-04-24T15:09:55+0800,llvmss_stanford_puzzle,wasm-jit,3,r81d0,102242002,ok,
2026-04-24T15:09:55+0800,llvmss_stanford_puzzle,wasm-jit,3,r82d0,14696834,ok,
2026-04-24T15:09:55+0800,llvmss_stanford_puzzle,wasm-jit,3,r00c4,178761862,ok,
2026-04-24T15:09:55+0800,llvmss_stanford_puzzle,wasm-jit,3,r01c4,151589505,ok,
2026-04-24T15:09:55+0800,llvmss_stanford_puzzle,wasm-jit,3,r1c0,798334712,ok,
2026-04-24T15:09:55+0800,llvmss_stanford_puzzle,wasm-jit,3,cpu-cycles,295834144,ok,
2026-04-24T15:09:55+0800,llvmss_stanford_puzzle,wasm-jit,3,L1-icache-load-misses,568064,ok,
2026-04-24T15:09:55+0800,llvmss_stanford_puzzle,wasm-jit,3,branch-misses,2201725,ok,
2026-04-24T15:09:55+0800,llvmss_stanford_puzzle,wasm-aot,3,r81d0,101718317,ok,
2026-04-24T15:09:55+0800,llvmss_stanford_puzzle,wasm-aot,3,r82d0,14422729,ok,
2026-04-24T15:09:55+0800,llvmss_stanford_puzzle,wasm-aot,3,r00c4,178451754,ok,
2026-04-24T15:09:55+0800,llvmss_stanford_puzzle,wasm-aot,3,r01c4,151526887,ok,
2026-04-24T15:09:55+0800,llvmss_stanford_puzzle,wasm-aot,3,r1c0,796258365,ok,
2026-04-24T15:09:55+0800,llvmss_stanford_puzzle,wasm-aot,3,cpu-cycles,294811705,ok,
2026-04-24T15:09:55+0800,llvmss_stanford_puzzle,wasm-aot,3,L1-icache-load-misses,512409,ok,
2026-04-24T15:09:55+0800,llvmss_stanford_puzzle,wasm-aot,3,branch-misses,2201790,ok,
2026-04-24T15:09:55+0800,llvmss_stanford_puzzle,native,4,r81d0,78006484,ok,
2026-04-24T15:09:55+0800,llvmss_stanford_puzzle,native,4,r82d0,5597168,ok,
2026-04-24T15:09:55+0800,llvmss_stanford_puzzle,native,4,r00c4,155288118,ok,
2026-04-24T15:09:55+0800,llvmss_stanford_puzzle,native,4,r01c4,77468041,ok,
2026-04-24T15:09:55+0800,llvmss_stanford_puzzle,native,4,r1c0,454973284,ok,
2026-04-24T15:09:55+0800,llvmss_stanford_puzzle,native,4,cpu-cycles,186422314,ok,
2026-04-24T15:09:55+0800,llvmss_stanford_puzzle,native,4,L1-icache-load-misses,68820,ok,
2026-04-24T15:09:55+0800,llvmss_stanford_puzzle,native,4,branch-misses,2120645,ok,
2026-04-24T15:09:55+0800,llvmss_stanford_puzzle,wasm-jit,4,r81d0,102297385,ok,
2026-04-24T15:09:55+0800,llvmss_stanford_puzzle,wasm-jit,4,r82d0,14725829,ok,
2026-04-24T15:09:55+0800,llvmss_stanford_puzzle,wasm-jit,4,r00c4,178807371,ok,
2026-04-24T15:09:55+0800,llvmss_stanford_puzzle,wasm-jit,4,r01c4,151600394,ok,
2026-04-24T15:09:55+0800,llvmss_stanford_puzzle,wasm-jit,4,r1c0,798552567,ok,
2026-04-24T15:09:55+0800,llvmss_stanford_puzzle,wasm-jit,4,cpu-cycles,297966086,ok,
2026-04-24T15:09:55+0800,llvmss_stanford_puzzle,wasm-jit,4,L1-icache-load-misses,578925,ok,
2026-04-24T15:09:55+0800,llvmss_stanford_puzzle,wasm-jit,4,branch-misses,2203924,ok,
2026-04-24T15:09:56+0800,llvmss_stanford_puzzle,wasm-aot,4,r81d0,101725509,ok,
2026-04-24T15:09:56+0800,llvmss_stanford_puzzle,wasm-aot,4,r82d0,14428516,ok,
2026-04-24T15:09:56+0800,llvmss_stanford_puzzle,wasm-aot,4,r00c4,178453554,ok,
2026-04-24T15:09:56+0800,llvmss_stanford_puzzle,wasm-aot,4,r01c4,151525555,ok,
2026-04-24T15:09:56+0800,llvmss_stanford_puzzle,wasm-aot,4,r1c0,796284262,ok,
2026-04-24T15:09:56+0800,llvmss_stanford_puzzle,wasm-aot,4,cpu-cycles,293892748,ok,
2026-04-24T15:09:56+0800,llvmss_stanford_puzzle,wasm-aot,4,L1-icache-load-misses,507119,ok,
2026-04-24T15:09:56+0800,llvmss_stanford_puzzle,wasm-aot,4,branch-misses,2198425,ok,
2026-04-24T15:09:56+0800,llvmss_stanford_puzzle,native,5,r81d0,78034643,ok,
2026-04-24T15:09:56+0800,llvmss_stanford_puzzle,native,5,r82d0,5614098,ok,
2026-04-24T15:09:56+0800,llvmss_stanford_puzzle,native,5,r00c4,155309808,ok,
2026-04-24T15:09:56+0800,llvmss_stanford_puzzle,native,5,r01c4,77472062,ok,
2026-04-24T15:09:56+0800,llvmss_stanford_puzzle,native,5,r1c0,455093021,ok,
2026-04-24T15:09:56+0800,llvmss_stanford_puzzle,native,5,cpu-cycles,186649447,ok,
2026-04-24T15:09:56+0800,llvmss_stanford_puzzle,native,5,L1-icache-load-misses,70569,ok,
2026-04-24T15:09:56+0800,llvmss_stanford_puzzle,native,5,branch-misses,2114101,ok,
2026-04-24T15:09:56+0800,llvmss_stanford_puzzle,wasm-jit,5,r81d0,102245393,ok,
2026-04-24T15:09:56+0800,llvmss_stanford_puzzle,wasm-jit,5,r82d0,14692601,ok,
2026-04-24T15:09:56+0800,llvmss_stanford_puzzle,wasm-jit,5,r00c4,178772952,ok,
2026-04-24T15:09:56+0800,llvmss_stanford_puzzle,wasm-jit,5,r01c4,151594996,ok,
2026-04-24T15:09:56+0800,llvmss_stanford_puzzle,wasm-jit,5,r1c0,798360183,ok,
2026-04-24T15:09:56+0800,llvmss_stanford_puzzle,wasm-jit,5,cpu-cycles,295986145,ok,
2026-04-24T15:09:56+0800,llvmss_stanford_puzzle,wasm-jit,5,L1-icache-load-misses,574927,ok,
2026-04-24T15:09:56+0800,llvmss_stanford_puzzle,wasm-jit,5,branch-misses,2207535,ok,
2026-04-24T15:09:56+0800,llvmss_stanford_puzzle,wasm-aot,5,r81d0,101757726,ok,
2026-04-24T15:09:56+0800,llvmss_stanford_puzzle,wasm-aot,5,r82d0,14443381,ok,
2026-04-24T15:09:56+0800,llvmss_stanford_puzzle,wasm-aot,5,r00c4,178482587,ok,
2026-04-24T15:09:56+0800,llvmss_stanford_puzzle,wasm-aot,5,r01c4,151535283,ok,
2026-04-24T15:09:56+0800,llvmss_stanford_puzzle,wasm-aot,5,r1c0,796426028,ok,
2026-04-24T15:09:56+0800,llvmss_stanford_puzzle,wasm-aot,5,cpu-cycles,294270614,ok,
2026-04-24T15:09:56+0800,llvmss_stanford_puzzle,wasm-aot,5,L1-icache-load-misses,531646,ok,
2026-04-24T15:09:56+0800,llvmss_stanford_puzzle,wasm-aot,5,branch-misses,2200310,ok,
2026-04-24T15:09:56+0800,llvmss_stanford_queens,native,1,r81d0,15337057,ok,
2026-04-24T15:09:56+0800,llvmss_stanford_queens,native,1,r82d0,15330657,ok,
2026-04-24T15:09:56+0800,llvmss_stanford_queens,native,1,r00c4,18344182,ok,
2026-04-24T15:09:56+0800,llvmss_stanford_queens,native,1,r01c4,8396211,ok,
2026-04-24T15:09:56+0800,llvmss_stanford_queens,native,1,r1c0,77066484,ok,
2026-04-24T15:09:56+0800,llvmss_stanford_queens,native,1,cpu-cycles,19576624,ok,
2026-04-24T15:09:56+0800,llvmss_stanford_queens,native,1,L1-icache-load-misses,47917,ok,
2026-04-24T15:09:56+0800,llvmss_stanford_queens,native,1,branch-misses,7698,ok,
2026-04-24T15:09:56+0800,llvmss_stanford_queens,wasm-jit,1,r81d0,53446042,ok,
2026-04-24T15:09:56+0800,llvmss_stanford_queens,wasm-jit,1,r82d0,39746886,ok,
2026-04-24T15:09:56+0800,llvmss_stanford_queens,wasm-jit,1,r00c4,30188661,ok,
2026-04-24T15:09:56+0800,llvmss_stanford_queens,wasm-jit,1,r01c4,4981312,ok,
2026-04-24T15:09:56+0800,llvmss_stanford_queens,wasm-jit,1,r1c0,190073263,ok,
2026-04-24T15:09:56+0800,llvmss_stanford_queens,wasm-jit,1,cpu-cycles,72116245,ok,
2026-04-24T15:09:56+0800,llvmss_stanford_queens,wasm-jit,1,L1-icache-load-misses,539920,ok,
2026-04-24T15:09:56+0800,llvmss_stanford_queens,wasm-jit,1,branch-misses,64543,ok,
2026-04-24T15:09:56+0800,llvmss_stanford_queens,wasm-aot,1,r81d0,52941133,ok,
2026-04-24T15:09:56+0800,llvmss_stanford_queens,wasm-aot,1,r82d0,39489954,ok,
2026-04-24T15:09:56+0800,llvmss_stanford_queens,wasm-aot,1,r00c4,29871448,ok,
2026-04-24T15:09:56+0800,llvmss_stanford_queens,wasm-aot,1,r01c4,4911473,ok,
2026-04-24T15:09:56+0800,llvmss_stanford_queens,wasm-aot,1,r1c0,188055811,ok,
2026-04-24T15:09:56+0800,llvmss_stanford_queens,wasm-aot,1,cpu-cycles,70845255,ok,
2026-04-24T15:09:56+0800,llvmss_stanford_queens,wasm-aot,1,L1-icache-load-misses,494862,ok,
2026-04-24T15:09:56+0800,llvmss_stanford_queens,wasm-aot,1,branch-misses,58068,ok,
2026-04-24T15:09:56+0800,llvmss_stanford_queens,native,2,r81d0,15331963,ok,
2026-04-24T15:09:56+0800,llvmss_stanford_queens,native,2,r82d0,15327341,ok,
2026-04-24T15:09:56+0800,llvmss_stanford_queens,native,2,r00c4,18341010,ok,
2026-04-24T15:09:56+0800,llvmss_stanford_queens,native,2,r01c4,8395450,ok,
2026-04-24T15:09:56+0800,llvmss_stanford_queens,native,2,r1c0,77045891,ok,
2026-04-24T15:09:56+0800,llvmss_stanford_queens,native,2,cpu-cycles,20135625,ok,
2026-04-24T15:09:56+0800,llvmss_stanford_queens,native,2,L1-icache-load-misses,53435,ok,
2026-04-24T15:09:56+0800,llvmss_stanford_queens,native,2,branch-misses,9819,ok,
2026-04-24T15:09:56+0800,llvmss_stanford_queens,wasm-jit,2,r81d0,53430320,ok,
2026-04-24T15:09:56+0800,llvmss_stanford_queens,wasm-jit,2,r82d0,39732198,ok,
2026-04-24T15:09:56+0800,llvmss_stanford_queens,wasm-jit,2,r00c4,30174089,ok,
2026-04-24T15:09:56+0800,llvmss_stanford_queens,wasm-jit,2,r01c4,4978358,ok,
2026-04-24T15:09:56+0800,llvmss_stanford_queens,wasm-jit,2,r1c0,189984833,ok,
2026-04-24T15:09:56+0800,llvmss_stanford_queens,wasm-jit,2,cpu-cycles,71968253,ok,
2026-04-24T15:09:56+0800,llvmss_stanford_queens,wasm-jit,2,L1-icache-load-misses,541336,ok,
2026-04-24T15:09:56+0800,llvmss_stanford_queens,wasm-jit,2,branch-misses,69156,ok,
2026-04-24T15:09:56+0800,llvmss_stanford_queens,wasm-aot,2,r81d0,52905536,ok,
2026-04-24T15:09:56+0800,llvmss_stanford_queens,wasm-aot,2,r82d0,39453976,ok,
2026-04-24T15:09:56+0800,llvmss_stanford_queens,wasm-aot,2,r00c4,29849479,ok,
2026-04-24T15:09:56+0800,llvmss_stanford_queens,wasm-aot,2,r01c4,4908766,ok,
2026-04-24T15:09:56+0800,llvmss_stanford_queens,wasm-aot,2,r1c0,187895098,ok,
2026-04-24T15:09:56+0800,llvmss_stanford_queens,wasm-aot,2,cpu-cycles,70320296,ok,
2026-04-24T15:09:56+0800,llvmss_stanford_queens,wasm-aot,2,L1-icache-load-misses,486538,ok,
2026-04-24T15:09:56+0800,llvmss_stanford_queens,wasm-aot,2,branch-misses,55947,ok,
2026-04-24T15:09:56+0800,llvmss_stanford_queens,native,3,r81d0,15339571,ok,
2026-04-24T15:09:56+0800,llvmss_stanford_queens,native,3,r82d0,15332234,ok,
2026-04-24T15:09:56+0800,llvmss_stanford_queens,native,3,r00c4,18345965,ok,
2026-04-24T15:09:56+0800,llvmss_stanford_queens,native,3,r01c4,8396537,ok,
2026-04-24T15:09:56+0800,llvmss_stanford_queens,native,3,r1c0,77078733,ok,
2026-04-24T15:09:56+0800,llvmss_stanford_queens,native,3,cpu-cycles,19739410,ok,
2026-04-24T15:09:56+0800,llvmss_stanford_queens,native,3,L1-icache-load-misses,48535,ok,
2026-04-24T15:09:56+0800,llvmss_stanford_queens,native,3,branch-misses,9098,ok,
2026-04-24T15:09:56+0800,llvmss_stanford_queens,wasm-jit,3,r81d0,53431721,ok,
2026-04-24T15:09:56+0800,llvmss_stanford_queens,wasm-jit,3,r82d0,39729255,ok,
2026-04-24T15:09:56+0800,llvmss_stanford_queens,wasm-jit,3,r00c4,30182469,ok,
2026-04-24T15:09:56+0800,llvmss_stanford_queens,wasm-jit,3,r01c4,4983655,ok,
2026-04-24T15:09:56+0800,llvmss_stanford_queens,wasm-jit,3,r1c0,190005679,ok,
2026-04-24T15:09:56+0800,llvmss_stanford_queens,wasm-jit,3,cpu-cycles,71860030,ok,
2026-04-24T15:09:56+0800,llvmss_stanford_queens,wasm-jit,3,L1-icache-load-misses,531055,ok,
2026-04-24T15:09:56+0800,llvmss_stanford_queens,wasm-jit,3,branch-misses,64819,ok,
2026-04-24T15:09:56+0800,llvmss_stanford_queens,wasm-aot,3,r81d0,52963827,ok,
2026-04-24T15:09:56+0800,llvmss_stanford_queens,wasm-aot,3,r82d0,39497628,ok,
2026-04-24T15:09:56+0800,llvmss_stanford_queens,wasm-aot,3,r00c4,29886760,ok,
2026-04-24T15:09:56+0800,llvmss_stanford_queens,wasm-aot,3,r01c4,4914256,ok,
2026-04-24T15:09:56+0800,llvmss_stanford_queens,wasm-aot,3,r1c0,188133724,ok,
2026-04-24T15:09:56+0800,llvmss_stanford_queens,wasm-aot,3,cpu-cycles,69013868,ok,
2026-04-24T15:09:56+0800,llvmss_stanford_queens,wasm-aot,3,L1-icache-load-misses,495119,ok,
2026-04-24T15:09:56+0800,llvmss_stanford_queens,wasm-aot,3,branch-misses,58855,ok,
2026-04-24T15:09:56+0800,llvmss_stanford_queens,native,4,r81d0,15335235,ok,
2026-04-24T15:09:56+0800,llvmss_stanford_queens,native,4,r82d0,15329789,ok,
2026-04-24T15:09:56+0800,llvmss_stanford_queens,native,4,r00c4,18342655,ok,
2026-04-24T15:09:56+0800,llvmss_stanford_queens,native,4,r01c4,8395975,ok,
2026-04-24T15:09:56+0800,llvmss_stanford_queens,native,4,r1c0,77061024,ok,
2026-04-24T15:09:56+0800,llvmss_stanford_queens,native,4,cpu-cycles,19710283,ok,
2026-04-24T15:09:56+0800,llvmss_stanford_queens,native,4,L1-icache-load-misses,51085,ok,
2026-04-24T15:09:56+0800,llvmss_stanford_queens,native,4,branch-misses,9278,ok,
2026-04-24T15:09:56+0800,llvmss_stanford_queens,wasm-jit,4,r81d0,53501045,ok,
2026-04-24T15:09:56+0800,llvmss_stanford_queens,wasm-jit,4,r82d0,39782064,ok,
2026-04-24T15:09:56+0800,llvmss_stanford_queens,wasm-jit,4,r00c4,30227774,ok,
2026-04-24T15:09:56+0800,llvmss_stanford_queens,wasm-jit,4,r01c4,4988452,ok,
2026-04-24T15:09:56+0800,llvmss_stanford_queens,wasm-jit,4,r1c0,190293940,ok,
2026-04-24T15:09:56+0800,llvmss_stanford_queens,wasm-jit,4,cpu-cycles,72666413,ok,
2026-04-24T15:09:56+0800,llvmss_stanford_queens,wasm-jit,4,L1-icache-load-misses,547925,ok,
2026-04-24T15:09:56+0800,llvmss_stanford_queens,wasm-jit,4,branch-misses,64963,ok,
2026-04-24T15:09:56+0800,llvmss_stanford_queens,wasm-aot,4,r81d0,52913524,ok,
2026-04-24T15:09:56+0800,llvmss_stanford_queens,wasm-aot,4,r82d0,39462422,ok,
2026-04-24T15:09:56+0800,llvmss_stanford_queens,wasm-aot,4,r00c4,29848532,ok,
2026-04-24T15:09:56+0800,llvmss_stanford_queens,wasm-aot,4,r01c4,4906037,ok,
2026-04-24T15:09:56+0800,llvmss_stanford_queens,wasm-aot,4,r1c0,187913727,ok,
2026-04-24T15:09:56+0800,llvmss_stanford_queens,wasm-aot,4,cpu-cycles,69287574,ok,
2026-04-24T15:09:56+0800,llvmss_stanford_queens,wasm-aot,4,L1-icache-load-misses,475704,ok,
2026-04-24T15:09:56+0800,llvmss_stanford_queens,wasm-aot,4,branch-misses,53926,ok,
2026-04-24T15:09:56+0800,llvmss_stanford_queens,native,5,r81d0,15358506,ok,
2026-04-24T15:09:56+0800,llvmss_stanford_queens,native,5,r82d0,15343759,ok,
2026-04-24T15:09:56+0800,llvmss_stanford_queens,native,5,r00c4,18359839,ok,
2026-04-24T15:09:56+0800,llvmss_stanford_queens,native,5,r01c4,8399182,ok,
2026-04-24T15:09:56+0800,llvmss_stanford_queens,native,5,r1c0,77155172,ok,
2026-04-24T15:09:56+0800,llvmss_stanford_queens,native,5,cpu-cycles,20252094,ok,
2026-04-24T15:09:56+0800,llvmss_stanford_queens,native,5,L1-icache-load-misses,53793,ok,
2026-04-24T15:09:56+0800,llvmss_stanford_queens,native,5,branch-misses,8199,ok,
2026-04-24T15:09:56+0800,llvmss_stanford_queens,wasm-jit,5,r81d0,53470557,ok,
2026-04-24T15:09:56+0800,llvmss_stanford_queens,wasm-jit,5,r82d0,39765047,ok,
2026-04-24T15:09:56+0800,llvmss_stanford_queens,wasm-jit,5,r00c4,30199457,ok,
2026-04-24T15:09:56+0800,llvmss_stanford_queens,wasm-jit,5,r01c4,4980513,ok,
2026-04-24T15:09:56+0800,llvmss_stanford_queens,wasm-jit,5,r1c0,190163776,ok,
2026-04-24T15:09:56+0800,llvmss_stanford_queens,wasm-jit,5,cpu-cycles,73310062,ok,
2026-04-24T15:09:56+0800,llvmss_stanford_queens,wasm-jit,5,L1-icache-load-misses,520320,ok,
2026-04-24T15:09:56+0800,llvmss_stanford_queens,wasm-jit,5,branch-misses,62339,ok,
2026-04-24T15:09:56+0800,llvmss_stanford_queens,wasm-aot,5,r81d0,52958118,ok,
2026-04-24T15:09:56+0800,llvmss_stanford_queens,wasm-aot,5,r82d0,39494949,ok,
2026-04-24T15:09:56+0800,llvmss_stanford_queens,wasm-aot,5,r00c4,29885253,ok,
2026-04-24T15:09:56+0800,llvmss_stanford_queens,wasm-aot,5,r01c4,4914556,ok,
2026-04-24T15:09:56+0800,llvmss_stanford_queens,wasm-aot,5,r1c0,188118275,ok,
2026-04-24T15:09:56+0800,llvmss_stanford_queens,wasm-aot,5,cpu-cycles,70319358,ok,
2026-04-24T15:09:56+0800,llvmss_stanford_queens,wasm-aot,5,L1-icache-load-misses,485596,ok,
2026-04-24T15:09:56+0800,llvmss_stanford_queens,wasm-aot,5,branch-misses,55832,ok,
2026-04-24T15:09:57+0800,llvmss_stanford_quicksort,native,1,r81d0,10160649,ok,
2026-04-24T15:09:57+0800,llvmss_stanford_quicksort,native,1,r82d0,5088842,ok,
2026-04-24T15:09:57+0800,llvmss_stanford_quicksort,native,1,r00c4,17746832,ok,
2026-04-24T15:09:57+0800,llvmss_stanford_quicksort,native,1,r01c4,6028720,ok,
2026-04-24T15:09:57+0800,llvmss_stanford_quicksort,native,1,r1c0,92498746,ok,
2026-04-24T15:09:57+0800,llvmss_stanford_quicksort,native,1,cpu-cycles,93913816,ok,
2026-04-24T15:09:57+0800,llvmss_stanford_quicksort,native,1,L1-icache-load-misses,58575,ok,
2026-04-24T15:09:57+0800,llvmss_stanford_quicksort,native,1,branch-misses,3005993,ok,
2026-04-24T15:09:57+0800,llvmss_stanford_quicksort,wasm-jit,1,r81d0,15514356,ok,
2026-04-24T15:09:57+0800,llvmss_stanford_quicksort,wasm-jit,1,r82d0,7876297,ok,
2026-04-24T15:09:57+0800,llvmss_stanford_quicksort,wasm-jit,1,r00c4,23730113,ok,
2026-04-24T15:09:57+0800,llvmss_stanford_quicksort,wasm-jit,1,r01c4,7059119,ok,
2026-04-24T15:09:57+0800,llvmss_stanford_quicksort,wasm-jit,1,r1c0,110664487,ok,
2026-04-24T15:09:57+0800,llvmss_stanford_quicksort,wasm-jit,1,cpu-cycles,118051122,ok,
2026-04-24T15:09:57+0800,llvmss_stanford_quicksort,wasm-jit,1,L1-icache-load-misses,548146,ok,
2026-04-24T15:09:57+0800,llvmss_stanford_quicksort,wasm-jit,1,branch-misses,3014803,ok,
2026-04-24T15:09:57+0800,llvmss_stanford_quicksort,wasm-aot,1,r81d0,14961930,ok,
2026-04-24T15:09:57+0800,llvmss_stanford_quicksort,wasm-aot,1,r82d0,7584281,ok,
2026-04-24T15:09:57+0800,llvmss_stanford_quicksort,wasm-aot,1,r00c4,23387945,ok,
2026-04-24T15:09:57+0800,llvmss_stanford_quicksort,wasm-aot,1,r01c4,6986934,ok,
2026-04-24T15:09:57+0800,llvmss_stanford_quicksort,wasm-aot,1,r1c0,108464776,ok,
2026-04-24T15:09:57+0800,llvmss_stanford_quicksort,wasm-aot,1,cpu-cycles,115296992,ok,
2026-04-24T15:09:57+0800,llvmss_stanford_quicksort,wasm-aot,1,L1-icache-load-misses,473782,ok,
2026-04-24T15:09:57+0800,llvmss_stanford_quicksort,wasm-aot,1,branch-misses,2978973,ok,
2026-04-24T15:09:57+0800,llvmss_stanford_quicksort,native,2,r81d0,10165692,ok,
2026-04-24T15:09:57+0800,llvmss_stanford_quicksort,native,2,r82d0,5092124,ok,
2026-04-24T15:09:57+0800,llvmss_stanford_quicksort,native,2,r00c4,17749872,ok,
2026-04-24T15:09:57+0800,llvmss_stanford_quicksort,native,2,r01c4,6029154,ok,
2026-04-24T15:09:57+0800,llvmss_stanford_quicksort,native,2,r1c0,92518605,ok,
2026-04-24T15:09:57+0800,llvmss_stanford_quicksort,native,2,cpu-cycles,95043458,ok,
2026-04-24T15:09:57+0800,llvmss_stanford_quicksort,native,2,L1-icache-load-misses,56755,ok,
2026-04-24T15:09:57+0800,llvmss_stanford_quicksort,native,2,branch-misses,3086181,ok,
2026-04-24T15:09:57+0800,llvmss_stanford_quicksort,wasm-jit,2,r81d0,15489903,ok,
2026-04-24T15:09:57+0800,llvmss_stanford_quicksort,wasm-jit,2,r82d0,7861006,ok,
2026-04-24T15:09:57+0800,llvmss_stanford_quicksort,wasm-jit,2,r00c4,23715108,ok,
2026-04-24T15:09:57+0800,llvmss_stanford_quicksort,wasm-jit,2,r01c4,7057004,ok,
2026-04-24T15:09:57+0800,llvmss_stanford_quicksort,wasm-jit,2,r1c0,110570943,ok,
2026-04-24T15:09:57+0800,llvmss_stanford_quicksort,wasm-jit,2,cpu-cycles,118146397,ok,
2026-04-24T15:09:57+0800,llvmss_stanford_quicksort,wasm-jit,2,L1-icache-load-misses,558446,ok,
2026-04-24T15:09:57+0800,llvmss_stanford_quicksort,wasm-jit,2,branch-misses,3022754,ok,
2026-04-24T15:09:57+0800,llvmss_stanford_quicksort,wasm-aot,2,r81d0,14978692,ok,
2026-04-24T15:09:57+0800,llvmss_stanford_quicksort,wasm-aot,2,r82d0,7600348,ok,
2026-04-24T15:09:57+0800,llvmss_stanford_quicksort,wasm-aot,2,r00c4,23403546,ok,
2026-04-24T15:09:57+0800,llvmss_stanford_quicksort,wasm-aot,2,r01c4,6991252,ok,
2026-04-24T15:09:57+0800,llvmss_stanford_quicksort,wasm-aot,2,r1c0,108543045,ok,
2026-04-24T15:09:57+0800,llvmss_stanford_quicksort,wasm-aot,2,cpu-cycles,115487617,ok,
2026-04-24T15:09:57+0800,llvmss_stanford_quicksort,wasm-aot,2,L1-icache-load-misses,490769,ok,
2026-04-24T15:09:57+0800,llvmss_stanford_quicksort,wasm-aot,2,branch-misses,2997827,ok,
2026-04-24T15:09:57+0800,llvmss_stanford_quicksort,native,3,r81d0,10175609,ok,
2026-04-24T15:09:57+0800,llvmss_stanford_quicksort,native,3,r82d0,5097588,ok,
2026-04-24T15:09:57+0800,llvmss_stanford_quicksort,native,3,r00c4,17757382,ok,
2026-04-24T15:09:57+0800,llvmss_stanford_quicksort,native,3,r01c4,6030670,ok,
2026-04-24T15:09:57+0800,llvmss_stanford_quicksort,native,3,r1c0,92561091,ok,
2026-04-24T15:09:57+0800,llvmss_stanford_quicksort,native,3,cpu-cycles,94297443,ok,
2026-04-24T15:09:57+0800,llvmss_stanford_quicksort,native,3,L1-icache-load-misses,56306,ok,
2026-04-24T15:09:57+0800,llvmss_stanford_quicksort,native,3,branch-misses,3021731,ok,
2026-04-24T15:09:57+0800,llvmss_stanford_quicksort,wasm-jit,3,r81d0,15506687,ok,
2026-04-24T15:09:57+0800,llvmss_stanford_quicksort,wasm-jit,3,r82d0,7871324,ok,
2026-04-24T15:09:57+0800,llvmss_stanford_quicksort,wasm-jit,3,r00c4,23729810,ok,
2026-04-24T15:09:57+0800,llvmss_stanford_quicksort,wasm-jit,3,r01c4,7060569,ok,
2026-04-24T15:09:57+0800,llvmss_stanford_quicksort,wasm-jit,3,r1c0,110646519,ok,
2026-04-24T15:09:57+0800,llvmss_stanford_quicksort,wasm-jit,3,cpu-cycles,118084662,ok,
2026-04-24T15:09:57+0800,llvmss_stanford_quicksort,wasm-jit,3,L1-icache-load-misses,537534,ok,
2026-04-24T15:09:57+0800,llvmss_stanford_quicksort,wasm-jit,3,branch-misses,3009145,ok,
2026-04-24T15:09:57+0800,llvmss_stanford_quicksort,wasm-aot,3,r81d0,15006398,ok,
2026-04-24T15:09:57+0800,llvmss_stanford_quicksort,wasm-aot,3,r82d0,7611810,ok,
2026-04-24T15:09:57+0800,llvmss_stanford_quicksort,wasm-aot,3,r00c4,23423257,ok,
2026-04-24T15:09:57+0800,llvmss_stanford_quicksort,wasm-aot,3,r01c4,6996670,ok,
2026-04-24T15:09:57+0800,llvmss_stanford_quicksort,wasm-aot,3,r1c0,108646235,ok,
2026-04-24T15:09:57+0800,llvmss_stanford_quicksort,wasm-aot,3,cpu-cycles,116071594,ok,
2026-04-24T15:09:57+0800,llvmss_stanford_quicksort,wasm-aot,3,L1-icache-load-misses,486739,ok,
2026-04-24T15:09:57+0800,llvmss_stanford_quicksort,wasm-aot,3,branch-misses,2977944,ok,
2026-04-24T15:09:57+0800,llvmss_stanford_quicksort,native,4,r81d0,10153047,ok,
2026-04-24T15:09:57+0800,llvmss_stanford_quicksort,native,4,r82d0,5083719,ok,
2026-04-24T15:09:57+0800,llvmss_stanford_quicksort,native,4,r00c4,17741614,ok,
2026-04-24T15:09:57+0800,llvmss_stanford_quicksort,native,4,r01c4,6027831,ok,
2026-04-24T15:09:57+0800,llvmss_stanford_quicksort,native,4,r1c0,92466758,ok,
2026-04-24T15:09:57+0800,llvmss_stanford_quicksort,native,4,cpu-cycles,93844271,ok,
2026-04-24T15:09:57+0800,llvmss_stanford_quicksort,native,4,L1-icache-load-misses,60450,ok,
2026-04-24T15:09:57+0800,llvmss_stanford_quicksort,native,4,branch-misses,3019340,ok,
2026-04-24T15:09:57+0800,llvmss_stanford_quicksort,wasm-jit,4,r81d0,15494598,ok,
2026-04-24T15:09:57+0800,llvmss_stanford_quicksort,wasm-jit,4,r82d0,7867029,ok,
2026-04-24T15:09:57+0800,llvmss_stanford_quicksort,wasm-jit,4,r00c4,23719862,ok,
2026-04-24T15:09:57+0800,llvmss_stanford_quicksort,wasm-jit,4,r01c4,7057547,ok,
2026-04-24T15:09:57+0800,llvmss_stanford_quicksort,wasm-jit,4,r1c0,110598827,ok,
2026-04-24T15:09:57+0800,llvmss_stanford_quicksort,wasm-jit,4,cpu-cycles,119341686,ok,
2026-04-24T15:09:57+0800,llvmss_stanford_quicksort,wasm-jit,4,L1-icache-load-misses,539374,ok,
2026-04-24T15:09:57+0800,llvmss_stanford_quicksort,wasm-jit,4,branch-misses,3020858,ok,
2026-04-24T15:09:57+0800,llvmss_stanford_quicksort,wasm-aot,4,r81d0,14990366,ok,
2026-04-24T15:09:57+0800,llvmss_stanford_quicksort,wasm-aot,4,r82d0,7609171,ok,
2026-04-24T15:09:57+0800,llvmss_stanford_quicksort,wasm-aot,4,r00c4,23407443,ok,
2026-04-24T15:09:57+0800,llvmss_stanford_quicksort,wasm-aot,4,r01c4,6991751,ok,
2026-04-24T15:09:57+0800,llvmss_stanford_quicksort,wasm-aot,4,r1c0,108578725,ok,
2026-04-24T15:09:57+0800,llvmss_stanford_quicksort,wasm-aot,4,cpu-cycles,116552510,ok,
2026-04-24T15:09:57+0800,llvmss_stanford_quicksort,wasm-aot,4,L1-icache-load-misses,457076,ok,
2026-04-24T15:09:57+0800,llvmss_stanford_quicksort,wasm-aot,4,branch-misses,3003871,ok,
2026-04-24T15:09:57+0800,llvmss_stanford_quicksort,native,5,r81d0,10174782,ok,
2026-04-24T15:09:57+0800,llvmss_stanford_quicksort,native,5,r82d0,5097526,ok,
2026-04-24T15:09:57+0800,llvmss_stanford_quicksort,native,5,r00c4,17757334,ok,
2026-04-24T15:09:57+0800,llvmss_stanford_quicksort,native,5,r01c4,6030091,ok,
2026-04-24T15:09:57+0800,llvmss_stanford_quicksort,native,5,r1c0,92553056,ok,
2026-04-24T15:09:57+0800,llvmss_stanford_quicksort,native,5,cpu-cycles,93481336,ok,
2026-04-24T15:09:57+0800,llvmss_stanford_quicksort,native,5,L1-icache-load-misses,62569,ok,
2026-04-24T15:09:57+0800,llvmss_stanford_quicksort,native,5,branch-misses,2996932,ok,
2026-04-24T15:09:57+0800,llvmss_stanford_quicksort,wasm-jit,5,r81d0,15459850,ok,
2026-04-24T15:09:57+0800,llvmss_stanford_quicksort,wasm-jit,5,r82d0,7842300,ok,
2026-04-24T15:09:57+0800,llvmss_stanford_quicksort,wasm-jit,5,r00c4,23695368,ok,
2026-04-24T15:09:57+0800,llvmss_stanford_quicksort,wasm-jit,5,r01c4,7052253,ok,
2026-04-24T15:09:57+0800,llvmss_stanford_quicksort,wasm-jit,5,r1c0,110452292,ok,
2026-04-24T15:09:57+0800,llvmss_stanford_quicksort,wasm-jit,5,cpu-cycles,117595402,ok,
2026-04-24T15:09:57+0800,llvmss_stanford_quicksort,wasm-jit,5,L1-icache-load-misses,539444,ok,
2026-04-24T15:09:57+0800,llvmss_stanford_quicksort,wasm-jit,5,branch-misses,3015438,ok,
2026-04-24T15:09:57+0800,llvmss_stanford_quicksort,wasm-aot,5,r81d0,14977813,ok,
2026-04-24T15:09:57+0800,llvmss_stanford_quicksort,wasm-aot,5,r82d0,7597826,ok,
2026-04-24T15:09:57+0800,llvmss_stanford_quicksort,wasm-aot,5,r00c4,23403579,ok,
2026-04-24T15:09:57+0800,llvmss_stanford_quicksort,wasm-aot,5,r01c4,6991009,ok,
2026-04-24T15:09:57+0800,llvmss_stanford_quicksort,wasm-aot,5,r1c0,108541661,ok,
2026-04-24T15:09:57+0800,llvmss_stanford_quicksort,wasm-aot,5,cpu-cycles,115685656,ok,
2026-04-24T15:09:57+0800,llvmss_stanford_quicksort,wasm-aot,5,L1-icache-load-misses,478426,ok,
2026-04-24T15:09:57+0800,llvmss_stanford_quicksort,wasm-aot,5,branch-misses,2983725,ok,
2026-04-24T15:09:57+0800,llvmss_stanford_realmm,native,1,r81d0,1498430,ok,
2026-04-24T15:09:57+0800,llvmss_stanford_realmm,native,1,r82d0,180971,ok,
2026-04-24T15:09:57+0800,llvmss_stanford_realmm,native,1,r00c4,541554,ok,
2026-04-24T15:09:57+0800,llvmss_stanford_realmm,native,1,r01c4,391835,ok,
2026-04-24T15:09:57+0800,llvmss_stanford_realmm,native,1,r1c0,4816474,ok,
2026-04-24T15:09:57+0800,llvmss_stanford_realmm,native,1,cpu-cycles,2252615,ok,
2026-04-24T15:09:57+0800,llvmss_stanford_realmm,native,1,L1-icache-load-misses,45715,ok,
2026-04-24T15:09:57+0800,llvmss_stanford_realmm,native,1,branch-misses,7317,ok,
2026-04-24T15:09:57+0800,llvmss_stanford_realmm,wasm-jit,1,r81d0,5459030,ok,
2026-04-24T15:09:57+0800,llvmss_stanford_realmm,wasm-jit,1,r82d0,2583529,ok,
2026-04-24T15:09:57+0800,llvmss_stanford_realmm,wasm-jit,1,r00c4,4605739,ok,
2026-04-24T15:09:57+0800,llvmss_stanford_realmm,wasm-jit,1,r01c4,808883,ok,
2026-04-24T15:09:57+0800,llvmss_stanford_realmm,wasm-jit,1,r1c0,25694322,ok,
2026-04-24T15:09:57+0800,llvmss_stanford_realmm,wasm-jit,1,cpu-cycles,20840990,ok,
2026-04-24T15:09:57+0800,llvmss_stanford_realmm,wasm-jit,1,L1-icache-load-misses,566996,ok,
2026-04-24T15:09:57+0800,llvmss_stanford_realmm,wasm-jit,1,branch-misses,83055,ok,
2026-04-24T15:09:57+0800,llvmss_stanford_realmm,wasm-aot,1,r81d0,4873619,ok,
2026-04-24T15:09:57+0800,llvmss_stanford_realmm,wasm-aot,1,r82d0,2271086,ok,
2026-04-24T15:09:57+0800,llvmss_stanford_realmm,wasm-aot,1,r00c4,4230810,ok,
2026-04-24T15:09:57+0800,llvmss_stanford_realmm,wasm-aot,1,r01c4,728593,ok,
2026-04-24T15:09:57+0800,llvmss_stanford_realmm,wasm-aot,1,r1c0,23334143,ok,
2026-04-24T15:09:57+0800,llvmss_stanford_realmm,wasm-aot,1,cpu-cycles,17124116,ok,
2026-04-24T15:09:57+0800,llvmss_stanford_realmm,wasm-aot,1,L1-icache-load-misses,480529,ok,
2026-04-24T15:09:57+0800,llvmss_stanford_realmm,wasm-aot,1,branch-misses,70921,ok,
2026-04-24T15:09:57+0800,llvmss_stanford_realmm,native,2,r81d0,1502983,ok,
2026-04-24T15:09:57+0800,llvmss_stanford_realmm,native,2,r82d0,183684,ok,
2026-04-24T15:09:57+0800,llvmss_stanford_realmm,native,2,r00c4,545006,ok,
2026-04-24T15:09:57+0800,llvmss_stanford_realmm,native,2,r01c4,392701,ok,
2026-04-24T15:09:57+0800,llvmss_stanford_realmm,native,2,r1c0,4834669,ok,
2026-04-24T15:09:57+0800,llvmss_stanford_realmm,native,2,cpu-cycles,2292390,ok,
2026-04-24T15:09:57+0800,llvmss_stanford_realmm,native,2,L1-icache-load-misses,47273,ok,
2026-04-24T15:09:57+0800,llvmss_stanford_realmm,native,2,branch-misses,7810,ok,
2026-04-24T15:09:57+0800,llvmss_stanford_realmm,wasm-jit,2,r81d0,5406529,ok,
2026-04-24T15:09:57+0800,llvmss_stanford_realmm,wasm-jit,2,r82d0,2553410,ok,
2026-04-24T15:09:57+0800,llvmss_stanford_realmm,wasm-jit,2,r00c4,4569313,ok,
2026-04-24T15:09:57+0800,llvmss_stanford_realmm,wasm-jit,2,r01c4,802980,ok,
2026-04-24T15:09:57+0800,llvmss_stanford_realmm,wasm-jit,2,r1c0,25494358,ok,
2026-04-24T15:09:57+0800,llvmss_stanford_realmm,wasm-jit,2,cpu-cycles,19178549,ok,
2026-04-24T15:09:57+0800,llvmss_stanford_realmm,wasm-jit,2,L1-icache-load-misses,541356,ok,
2026-04-24T15:09:57+0800,llvmss_stanford_realmm,wasm-jit,2,branch-misses,79484,ok,
2026-04-24T15:09:57+0800,llvmss_stanford_realmm,wasm-aot,2,r81d0,4873115,ok,
2026-04-24T15:09:57+0800,llvmss_stanford_realmm,wasm-aot,2,r82d0,2271911,ok,
2026-04-24T15:09:57+0800,llvmss_stanford_realmm,wasm-aot,2,r00c4,4234745,ok,
2026-04-24T15:09:57+0800,llvmss_stanford_realmm,wasm-aot,2,r01c4,732269,ok,
2026-04-24T15:09:57+0800,llvmss_stanford_realmm,wasm-aot,2,r1c0,23348054,ok,
2026-04-24T15:09:57+0800,llvmss_stanford_realmm,wasm-aot,2,cpu-cycles,18267091,ok,
2026-04-24T15:09:57+0800,llvmss_stanford_realmm,wasm-aot,2,L1-icache-load-misses,475858,ok,
2026-04-24T15:09:57+0800,llvmss_stanford_realmm,wasm-aot,2,branch-misses,69684,ok,
2026-04-24T15:09:57+0800,llvmss_stanford_realmm,native,3,r81d0,1501377,ok,
2026-04-24T15:09:57+0800,llvmss_stanford_realmm,native,3,r82d0,182550,ok,
2026-04-24T15:09:57+0800,llvmss_stanford_realmm,native,3,r00c4,543793,ok,
2026-04-24T15:09:57+0800,llvmss_stanford_realmm,native,3,r01c4,392656,ok,
2026-04-24T15:09:57+0800,llvmss_stanford_realmm,native,3,r1c0,4828247,ok,
2026-04-24T15:09:57+0800,llvmss_stanford_realmm,native,3,cpu-cycles,2340840,ok,
2026-04-24T15:09:57+0800,llvmss_stanford_realmm,native,3,L1-icache-load-misses,48176,ok,
2026-04-24T15:09:57+0800,llvmss_stanford_realmm,native,3,branch-misses,7380,ok,
2026-04-24T15:09:57+0800,llvmss_stanford_realmm,wasm-jit,3,r81d0,5416609,ok,
2026-04-24T15:09:57+0800,llvmss_stanford_realmm,wasm-jit,3,r82d0,2570485,ok,
2026-04-24T15:09:57+0800,llvmss_stanford_realmm,wasm-jit,3,r00c4,4565767,ok,
2026-04-24T15:09:57+0800,llvmss_stanford_realmm,wasm-jit,3,r01c4,795229,ok,
2026-04-24T15:09:57+0800,llvmss_stanford_realmm,wasm-jit,3,r1c0,25508927,ok,
2026-04-24T15:09:57+0800,llvmss_stanford_realmm,wasm-jit,3,cpu-cycles,17862838,ok,
2026-04-24T15:09:57+0800,llvmss_stanford_realmm,wasm-jit,3,L1-icache-load-misses,554146,ok,
2026-04-24T15:09:57+0800,llvmss_stanford_realmm,wasm-jit,3,branch-misses,80799,ok,
2026-04-24T15:09:58+0800,llvmss_stanford_realmm,wasm-aot,3,r81d0,4868182,ok,
2026-04-24T15:09:58+0800,llvmss_stanford_realmm,wasm-aot,3,r82d0,2271443,ok,
2026-04-24T15:09:58+0800,llvmss_stanford_realmm,wasm-aot,3,r00c4,4223520,ok,
2026-04-24T15:09:58+0800,llvmss_stanford_realmm,wasm-aot,3,r01c4,725733,ok,
2026-04-24T15:09:58+0800,llvmss_stanford_realmm,wasm-aot,3,r1c0,23307195,ok,
2026-04-24T15:09:58+0800,llvmss_stanford_realmm,wasm-aot,3,cpu-cycles,17750432,ok,
2026-04-24T15:09:58+0800,llvmss_stanford_realmm,wasm-aot,3,L1-icache-load-misses,449676,ok,
2026-04-24T15:09:58+0800,llvmss_stanford_realmm,wasm-aot,3,branch-misses,67523,ok,
2026-04-24T15:09:58+0800,llvmss_stanford_realmm,native,4,r81d0,1504907,ok,
2026-04-24T15:09:58+0800,llvmss_stanford_realmm,native,4,r82d0,184909,ok,
2026-04-24T15:09:58+0800,llvmss_stanford_realmm,native,4,r00c4,546127,ok,
2026-04-24T15:09:58+0800,llvmss_stanford_realmm,native,4,r01c4,392958,ok,
2026-04-24T15:09:58+0800,llvmss_stanford_realmm,native,4,r1c0,4843709,ok,
2026-04-24T15:09:58+0800,llvmss_stanford_realmm,native,4,cpu-cycles,2312306,ok,
2026-04-24T15:09:58+0800,llvmss_stanford_realmm,native,4,L1-icache-load-misses,46863,ok,
2026-04-24T15:09:58+0800,llvmss_stanford_realmm,native,4,branch-misses,7873,ok,
2026-04-24T15:09:58+0800,llvmss_stanford_realmm,wasm-jit,4,r81d0,5362429,ok,
2026-04-24T15:09:58+0800,llvmss_stanford_realmm,wasm-jit,4,r82d0,2528467,ok,
2026-04-24T15:09:58+0800,llvmss_stanford_realmm,wasm-jit,4,r00c4,4526273,ok,
2026-04-24T15:09:58+0800,llvmss_stanford_realmm,wasm-jit,4,r01c4,788425,ok,
2026-04-24T15:09:58+0800,llvmss_stanford_realmm,wasm-jit,4,r1c0,25279998,ok,
2026-04-24T15:09:58+0800,llvmss_stanford_realmm,wasm-jit,4,cpu-cycles,18658746,ok,
2026-04-24T15:09:58+0800,llvmss_stanford_realmm,wasm-jit,4,L1-icache-load-misses,540054,ok,
2026-04-24T15:09:58+0800,llvmss_stanford_realmm,wasm-jit,4,branch-misses,80370,ok,
2026-04-24T15:09:58+0800,llvmss_stanford_realmm,wasm-aot,4,r81d0,4860524,ok,
2026-04-24T15:09:58+0800,llvmss_stanford_realmm,wasm-aot,4,r82d0,2267605,ok,
2026-04-24T15:09:58+0800,llvmss_stanford_realmm,wasm-aot,4,r00c4,4220650,ok,
2026-04-24T15:09:58+0800,llvmss_stanford_realmm,wasm-aot,4,r01c4,724597,ok,
2026-04-24T15:09:58+0800,llvmss_stanford_realmm,wasm-aot,4,r1c0,23289875,ok,
2026-04-24T15:09:58+0800,llvmss_stanford_realmm,wasm-aot,4,cpu-cycles,18302351,ok,
2026-04-24T15:09:58+0800,llvmss_stanford_realmm,wasm-aot,4,L1-icache-load-misses,470877,ok,
2026-04-24T15:09:58+0800,llvmss_stanford_realmm,wasm-aot,4,branch-misses,68876,ok,
2026-04-24T15:09:58+0800,llvmss_stanford_realmm,native,5,r81d0,1512481,ok,
2026-04-24T15:09:58+0800,llvmss_stanford_realmm,native,5,r82d0,190063,ok,
2026-04-24T15:09:58+0800,llvmss_stanford_realmm,native,5,r00c4,552627,ok,
2026-04-24T15:09:58+0800,llvmss_stanford_realmm,native,5,r01c4,393607,ok,
2026-04-24T15:09:58+0800,llvmss_stanford_realmm,native,5,r1c0,4874296,ok,
2026-04-24T15:09:58+0800,llvmss_stanford_realmm,native,5,cpu-cycles,2399863,ok,
2026-04-24T15:09:58+0800,llvmss_stanford_realmm,native,5,L1-icache-load-misses,55947,ok,
2026-04-24T15:09:58+0800,llvmss_stanford_realmm,native,5,branch-misses,8342,ok,
2026-04-24T15:09:58+0800,llvmss_stanford_realmm,wasm-jit,5,r81d0,5344117,ok,
2026-04-24T15:09:58+0800,llvmss_stanford_realmm,wasm-jit,5,r82d0,2516514,ok,
2026-04-24T15:09:58+0800,llvmss_stanford_realmm,wasm-jit,5,r00c4,4515058,ok,
2026-04-24T15:09:58+0800,llvmss_stanford_realmm,wasm-jit,5,r01c4,786993,ok,
2026-04-24T15:09:58+0800,llvmss_stanford_realmm,wasm-jit,5,r1c0,25203026,ok,
2026-04-24T15:09:58+0800,llvmss_stanford_realmm,wasm-jit,5,cpu-cycles,19507643,ok,
2026-04-24T15:09:58+0800,llvmss_stanford_realmm,wasm-jit,5,L1-icache-load-misses,526173,ok,
2026-04-24T15:09:58+0800,llvmss_stanford_realmm,wasm-jit,5,branch-misses,77760,ok,
2026-04-24T15:09:58+0800,llvmss_stanford_realmm,wasm-aot,5,r81d0,4888033,ok,
2026-04-24T15:09:58+0800,llvmss_stanford_realmm,wasm-aot,5,r82d0,2288674,ok,
2026-04-24T15:09:58+0800,llvmss_stanford_realmm,wasm-aot,5,r00c4,4236705,ok,
2026-04-24T15:09:58+0800,llvmss_stanford_realmm,wasm-aot,5,r01c4,726242,ok,
2026-04-24T15:09:58+0800,llvmss_stanford_realmm,wasm-aot,5,r1c0,23404591,ok,
2026-04-24T15:09:58+0800,llvmss_stanford_realmm,wasm-aot,5,cpu-cycles,17807305,ok,
2026-04-24T15:09:58+0800,llvmss_stanford_realmm,wasm-aot,5,L1-icache-load-misses,480516,ok,
2026-04-24T15:09:58+0800,llvmss_stanford_realmm,wasm-aot,5,branch-misses,71023,ok,
2026-04-24T15:09:58+0800,llvmss_stanford_towers,native,1,r81d0,28084675,ok,
2026-04-24T15:09:58+0800,llvmss_stanford_towers,native,1,r82d0,27197394,ok,
2026-04-24T15:09:58+0800,llvmss_stanford_towers,native,1,r00c4,16152814,ok,
2026-04-24T15:09:58+0800,llvmss_stanford_towers,native,1,r01c4,891085,ok,
2026-04-24T15:09:58+0800,llvmss_stanford_towers,native,1,r1c0,96463289,ok,
2026-04-24T15:09:58+0800,llvmss_stanford_towers,native,1,cpu-cycles,23778337,ok,
2026-04-24T15:09:58+0800,llvmss_stanford_towers,native,1,L1-icache-load-misses,56052,ok,
2026-04-24T15:09:58+0800,llvmss_stanford_towers,native,1,branch-misses,37483,ok,
2026-04-24T15:09:58+0800,llvmss_stanford_towers,wasm-jit,1,r81d0,44206235,ok,
2026-04-24T15:09:58+0800,llvmss_stanford_towers,wasm-jit,1,r82d0,36100641,ok,
2026-04-24T15:09:58+0800,llvmss_stanford_towers,wasm-jit,1,r00c4,22858346,ok,
2026-04-24T15:09:58+0800,llvmss_stanford_towers,wasm-jit,1,r01c4,3246439,ok,
2026-04-24T15:09:58+0800,llvmss_stanford_towers,wasm-jit,1,r1c0,180005577,ok,
2026-04-24T15:09:58+0800,llvmss_stanford_towers,wasm-jit,1,cpu-cycles,54362929,ok,
2026-04-24T15:09:58+0800,llvmss_stanford_towers,wasm-jit,1,L1-icache-load-misses,561281,ok,
2026-04-24T15:09:58+0800,llvmss_stanford_towers,wasm-jit,1,branch-misses,126919,ok,
2026-04-24T15:09:58+0800,llvmss_stanford_towers,wasm-aot,1,r81d0,43729953,ok,
2026-04-24T15:09:58+0800,llvmss_stanford_towers,wasm-aot,1,r82d0,35855116,ok,
2026-04-24T15:09:58+0800,llvmss_stanford_towers,wasm-aot,1,r00c4,22568704,ok,
2026-04-24T15:09:58+0800,llvmss_stanford_towers,wasm-aot,1,r01c4,3183664,ok,
2026-04-24T15:09:58+0800,llvmss_stanford_towers,wasm-aot,1,r1c0,178108021,ok,
2026-04-24T15:09:58+0800,llvmss_stanford_towers,wasm-aot,1,cpu-cycles,52340925,ok,
2026-04-24T15:09:58+0800,llvmss_stanford_towers,wasm-aot,1,L1-icache-load-misses,489547,ok,
2026-04-24T15:09:58+0800,llvmss_stanford_towers,wasm-aot,1,branch-misses,115822,ok,
2026-04-24T15:09:58+0800,llvmss_stanford_towers,native,2,r81d0,28064233,ok,
2026-04-24T15:09:58+0800,llvmss_stanford_towers,native,2,r82d0,27184278,ok,
2026-04-24T15:09:58+0800,llvmss_stanford_towers,native,2,r00c4,16138198,ok,
2026-04-24T15:09:58+0800,llvmss_stanford_towers,native,2,r01c4,888439,ok,
2026-04-24T15:09:58+0800,llvmss_stanford_towers,native,2,r1c0,96376902,ok,
2026-04-24T15:09:58+0800,llvmss_stanford_towers,native,2,cpu-cycles,23682334,ok,
2026-04-24T15:09:58+0800,llvmss_stanford_towers,native,2,L1-icache-load-misses,54663,ok,
2026-04-24T15:09:58+0800,llvmss_stanford_towers,native,2,branch-misses,38896,ok,
2026-04-24T15:09:58+0800,llvmss_stanford_towers,wasm-jit,2,r81d0,44239514,ok,
2026-04-24T15:09:58+0800,llvmss_stanford_towers,wasm-jit,2,r82d0,36117674,ok,
2026-04-24T15:09:58+0800,llvmss_stanford_towers,wasm-jit,2,r00c4,22879929,ok,
2026-04-24T15:09:58+0800,llvmss_stanford_towers,wasm-jit,2,r01c4,3250193,ok,
2026-04-24T15:09:58+0800,llvmss_stanford_towers,wasm-jit,2,r1c0,180138930,ok,
2026-04-24T15:09:58+0800,llvmss_stanford_towers,wasm-jit,2,cpu-cycles,52266772,ok,
2026-04-24T15:09:58+0800,llvmss_stanford_towers,wasm-jit,2,L1-icache-load-misses,550075,ok,
2026-04-24T15:09:58+0800,llvmss_stanford_towers,wasm-jit,2,branch-misses,126314,ok,
2026-04-24T15:09:58+0800,llvmss_stanford_towers,wasm-aot,2,r81d0,43724544,ok,
2026-04-24T15:09:58+0800,llvmss_stanford_towers,wasm-aot,2,r82d0,35851774,ok,
2026-04-24T15:09:58+0800,llvmss_stanford_towers,wasm-aot,2,r00c4,22561209,ok,
2026-04-24T15:09:58+0800,llvmss_stanford_towers,wasm-aot,2,r01c4,3180513,ok,
2026-04-24T15:09:58+0800,llvmss_stanford_towers,wasm-aot,2,r1c0,178084169,ok,
2026-04-24T15:09:58+0800,llvmss_stanford_towers,wasm-aot,2,cpu-cycles,51010382,ok,
2026-04-24T15:09:58+0800,llvmss_stanford_towers,wasm-aot,2,L1-icache-load-misses,502470,ok,
2026-04-24T15:09:58+0800,llvmss_stanford_towers,wasm-aot,2,branch-misses,115558,ok,
2026-04-24T15:09:58+0800,llvmss_stanford_towers,native,3,r81d0,28076202,ok,
2026-04-24T15:09:58+0800,llvmss_stanford_towers,native,3,r82d0,27191558,ok,
2026-04-24T15:09:58+0800,llvmss_stanford_towers,native,3,r00c4,16147265,ok,
2026-04-24T15:09:58+0800,llvmss_stanford_towers,native,3,r01c4,889994,ok,
2026-04-24T15:09:58+0800,llvmss_stanford_towers,native,3,r1c0,96427376,ok,
2026-04-24T15:09:58+0800,llvmss_stanford_towers,native,3,cpu-cycles,23654384,ok,
2026-04-24T15:09:58+0800,llvmss_stanford_towers,native,3,L1-icache-load-misses,48218,ok,
2026-04-24T15:09:58+0800,llvmss_stanford_towers,native,3,branch-misses,36419,ok,
2026-04-24T15:09:58+0800,llvmss_stanford_towers,wasm-jit,3,r81d0,44218046,ok,
2026-04-24T15:09:58+0800,llvmss_stanford_towers,wasm-jit,3,r82d0,36098914,ok,
2026-04-24T15:09:58+0800,llvmss_stanford_towers,wasm-jit,3,r00c4,22866344,ok,
2026-04-24T15:09:58+0800,llvmss_stanford_towers,wasm-jit,3,r01c4,3249296,ok,
2026-04-24T15:09:58+0800,llvmss_stanford_towers,wasm-jit,3,r1c0,180051193,ok,
2026-04-24T15:09:58+0800,llvmss_stanford_towers,wasm-jit,3,cpu-cycles,53892804,ok,
2026-04-24T15:09:58+0800,llvmss_stanford_towers,wasm-jit,3,L1-icache-load-misses,534910,ok,
2026-04-24T15:09:58+0800,llvmss_stanford_towers,wasm-jit,3,branch-misses,122733,ok,
2026-04-24T15:09:58+0800,llvmss_stanford_towers,wasm-aot,3,r81d0,43711013,ok,
2026-04-24T15:09:58+0800,llvmss_stanford_towers,wasm-aot,3,r82d0,35843668,ok,
2026-04-24T15:09:58+0800,llvmss_stanford_towers,wasm-aot,3,r00c4,22545657,ok,
2026-04-24T15:09:58+0800,llvmss_stanford_towers,wasm-aot,3,r01c4,3176211,ok,
2026-04-24T15:09:58+0800,llvmss_stanford_towers,wasm-aot,3,r1c0,178016046,ok,
2026-04-24T15:09:58+0800,llvmss_stanford_towers,wasm-aot,3,cpu-cycles,51743033,ok,
2026-04-24T15:09:58+0800,llvmss_stanford_towers,wasm-aot,3,L1-icache-load-misses,480613,ok,
2026-04-24T15:09:58+0800,llvmss_stanford_towers,wasm-aot,3,branch-misses,115148,ok,
2026-04-24T15:09:58+0800,llvmss_stanford_towers,native,4,r81d0,28077108,ok,
2026-04-24T15:09:58+0800,llvmss_stanford_towers,native,4,r82d0,27192537,ok,
2026-04-24T15:09:58+0800,llvmss_stanford_towers,native,4,r00c4,16147044,ok,
2026-04-24T15:09:58+0800,llvmss_stanford_towers,native,4,r01c4,890153,ok,
2026-04-24T15:09:58+0800,llvmss_stanford_towers,native,4,r1c0,96430918,ok,
2026-04-24T15:09:58+0800,llvmss_stanford_towers,native,4,cpu-cycles,23681526,ok,
2026-04-24T15:09:58+0800,llvmss_stanford_towers,native,4,L1-icache-load-misses,49673,ok,
2026-04-24T15:09:58+0800,llvmss_stanford_towers,native,4,branch-misses,36883,ok,
2026-04-24T15:09:58+0800,llvmss_stanford_towers,wasm-jit,4,r81d0,44227774,ok,
2026-04-24T15:09:58+0800,llvmss_stanford_towers,wasm-jit,4,r82d0,36115002,ok,
2026-04-24T15:09:58+0800,llvmss_stanford_towers,wasm-jit,4,r00c4,22876303,ok,
2026-04-24T15:09:58+0800,llvmss_stanford_towers,wasm-jit,4,r01c4,3249938,ok,
2026-04-24T15:09:58+0800,llvmss_stanford_towers,wasm-jit,4,r1c0,180103148,ok,
2026-04-24T15:09:58+0800,llvmss_stanford_towers,wasm-jit,4,cpu-cycles,54119659,ok,
2026-04-24T15:09:58+0800,llvmss_stanford_towers,wasm-jit,4,L1-icache-load-misses,532373,ok,
2026-04-24T15:09:58+0800,llvmss_stanford_towers,wasm-jit,4,branch-misses,123594,ok,
2026-04-24T15:09:58+0800,llvmss_stanford_towers,wasm-aot,4,r81d0,43717773,ok,
2026-04-24T15:09:58+0800,llvmss_stanford_towers,wasm-aot,4,r82d0,35854348,ok,
2026-04-24T15:09:58+0800,llvmss_stanford_towers,wasm-aot,4,r00c4,22554467,ok,
2026-04-24T15:09:58+0800,llvmss_stanford_towers,wasm-aot,4,r01c4,3177771,ok,
2026-04-24T15:09:58+0800,llvmss_stanford_towers,wasm-aot,4,r1c0,178064059,ok,
2026-04-24T15:09:58+0800,llvmss_stanford_towers,wasm-aot,4,cpu-cycles,52287120,ok,
2026-04-24T15:09:58+0800,llvmss_stanford_towers,wasm-aot,4,L1-icache-load-misses,477595,ok,
2026-04-24T15:09:58+0800,llvmss_stanford_towers,wasm-aot,4,branch-misses,115950,ok,
2026-04-24T15:09:58+0800,llvmss_stanford_towers,native,5,r81d0,28068534,ok,
2026-04-24T15:09:58+0800,llvmss_stanford_towers,native,5,r82d0,27186593,ok,
2026-04-24T15:09:58+0800,llvmss_stanford_towers,native,5,r00c4,16141517,ok,
2026-04-24T15:09:58+0800,llvmss_stanford_towers,native,5,r01c4,889029,ok,
2026-04-24T15:09:58+0800,llvmss_stanford_towers,native,5,r1c0,96396019,ok,
2026-04-24T15:09:58+0800,llvmss_stanford_towers,native,5,cpu-cycles,23666055,ok,
2026-04-24T15:09:58+0800,llvmss_stanford_towers,native,5,L1-icache-load-misses,52667,ok,
2026-04-24T15:09:58+0800,llvmss_stanford_towers,native,5,branch-misses,37650,ok,
2026-04-24T15:09:58+0800,llvmss_stanford_towers,wasm-jit,5,r81d0,44189602,ok,
2026-04-24T15:09:58+0800,llvmss_stanford_towers,wasm-jit,5,r82d0,36085864,ok,
2026-04-24T15:09:58+0800,llvmss_stanford_towers,wasm-jit,5,r00c4,22843943,ok,
2026-04-24T15:09:58+0800,llvmss_stanford_towers,wasm-jit,5,r01c4,3242735,ok,
2026-04-24T15:09:58+0800,llvmss_stanford_towers,wasm-jit,5,r1c0,179938576,ok,
2026-04-24T15:09:58+0800,llvmss_stanford_towers,wasm-jit,5,cpu-cycles,52328829,ok,
2026-04-24T15:09:58+0800,llvmss_stanford_towers,wasm-jit,5,L1-icache-load-misses,541752,ok,
2026-04-24T15:09:58+0800,llvmss_stanford_towers,wasm-jit,5,branch-misses,125966,ok,
2026-04-24T15:09:58+0800,llvmss_stanford_towers,wasm-aot,5,r81d0,43736144,ok,
2026-04-24T15:09:58+0800,llvmss_stanford_towers,wasm-aot,5,r82d0,35859356,ok,
2026-04-24T15:09:58+0800,llvmss_stanford_towers,wasm-aot,5,r00c4,22570936,ok,
2026-04-24T15:09:58+0800,llvmss_stanford_towers,wasm-aot,5,r01c4,3184289,ok,
2026-04-24T15:09:58+0800,llvmss_stanford_towers,wasm-aot,5,r1c0,178126177,ok,
2026-04-24T15:09:58+0800,llvmss_stanford_towers,wasm-aot,5,cpu-cycles,52319670,ok,
2026-04-24T15:09:58+0800,llvmss_stanford_towers,wasm-aot,5,L1-icache-load-misses,502146,ok,
2026-04-24T15:09:58+0800,llvmss_stanford_towers,wasm-aot,5,branch-misses,117371,ok,
2026-04-24T15:09:59+0800,llvmss_stanford_treesort,native,1,r81d0,41947835,ok,
2026-04-24T15:09:59+0800,llvmss_stanford_treesort,native,1,r82d0,15443694,ok,
2026-04-24T15:09:59+0800,llvmss_stanford_treesort,native,1,r00c4,47993660,ok,
2026-04-24T15:09:59+0800,llvmss_stanford_treesort,native,1,r01c4,13275699,ok,
2026-04-24T15:09:59+0800,llvmss_stanford_treesort,native,1,r1c0,184983372,ok,
2026-04-24T15:09:59+0800,llvmss_stanford_treesort,native,1,cpu-cycles,169601492,ok,
2026-04-24T15:09:59+0800,llvmss_stanford_treesort,native,1,L1-icache-load-misses,244180,ok,
2026-04-24T15:09:59+0800,llvmss_stanford_treesort,native,1,branch-misses,3063324,ok,
2026-04-24T15:09:59+0800,llvmss_stanford_treesort,wasm-jit,1,r81d0,42821291,ok,
2026-04-24T15:09:59+0800,llvmss_stanford_treesort,wasm-jit,1,r82d0,18451836,ok,
2026-04-24T15:09:59+0800,llvmss_stanford_treesort,wasm-jit,1,r00c4,37708305,ok,
2026-04-24T15:09:59+0800,llvmss_stanford_treesort,wasm-jit,1,r01c4,15112421,ok,
2026-04-24T15:09:59+0800,llvmss_stanford_treesort,wasm-jit,1,r1c0,172853666,ok,
2026-04-24T15:09:59+0800,llvmss_stanford_treesort,wasm-jit,1,cpu-cycles,162597605,ok,
2026-04-24T15:09:59+0800,llvmss_stanford_treesort,wasm-jit,1,L1-icache-load-misses,724728,ok,
2026-04-24T15:09:59+0800,llvmss_stanford_treesort,wasm-jit,1,branch-misses,2918095,ok,
2026-04-24T15:09:59+0800,llvmss_stanford_treesort,wasm-aot,1,r81d0,42195717,ok,
2026-04-24T15:09:59+0800,llvmss_stanford_treesort,wasm-aot,1,r82d0,18142202,ok,
2026-04-24T15:09:59+0800,llvmss_stanford_treesort,wasm-aot,1,r00c4,37322447,ok,
2026-04-24T15:09:59+0800,llvmss_stanford_treesort,wasm-aot,1,r01c4,15028432,ok,
2026-04-24T15:09:59+0800,llvmss_stanford_treesort,wasm-aot,1,r1c0,170364392,ok,
2026-04-24T15:09:59+0800,llvmss_stanford_treesort,wasm-aot,1,cpu-cycles,157549626,ok,
2026-04-24T15:09:59+0800,llvmss_stanford_treesort,wasm-aot,1,L1-icache-load-misses,681144,ok,
2026-04-24T15:09:59+0800,llvmss_stanford_treesort,wasm-aot,1,branch-misses,2884604,ok,
2026-04-24T15:09:59+0800,llvmss_stanford_treesort,native,2,r81d0,41952812,ok,
2026-04-24T15:09:59+0800,llvmss_stanford_treesort,native,2,r82d0,15447585,ok,
2026-04-24T15:09:59+0800,llvmss_stanford_treesort,native,2,r00c4,47997083,ok,
2026-04-24T15:09:59+0800,llvmss_stanford_treesort,native,2,r01c4,13275988,ok,
2026-04-24T15:09:59+0800,llvmss_stanford_treesort,native,2,r1c0,185002219,ok,
2026-04-24T15:09:59+0800,llvmss_stanford_treesort,native,2,cpu-cycles,170096779,ok,
2026-04-24T15:09:59+0800,llvmss_stanford_treesort,native,2,L1-icache-load-misses,240962,ok,
2026-04-24T15:09:59+0800,llvmss_stanford_treesort,native,2,branch-misses,3087132,ok,
2026-04-24T15:09:59+0800,llvmss_stanford_treesort,wasm-jit,2,r81d0,42850819,ok,
2026-04-24T15:09:59+0800,llvmss_stanford_treesort,wasm-jit,2,r82d0,18473578,ok,
2026-04-24T15:09:59+0800,llvmss_stanford_treesort,wasm-jit,2,r00c4,37732354,ok,
2026-04-24T15:09:59+0800,llvmss_stanford_treesort,wasm-jit,2,r01c4,15118384,ok,
2026-04-24T15:09:59+0800,llvmss_stanford_treesort,wasm-jit,2,r1c0,172983539,ok,
2026-04-24T15:09:59+0800,llvmss_stanford_treesort,wasm-jit,2,cpu-cycles,162182121,ok,
2026-04-24T15:09:59+0800,llvmss_stanford_treesort,wasm-jit,2,L1-icache-load-misses,734357,ok,
2026-04-24T15:09:59+0800,llvmss_stanford_treesort,wasm-jit,2,branch-misses,2935342,ok,
2026-04-24T15:09:59+0800,llvmss_stanford_treesort,wasm-aot,2,r81d0,42277782,ok,
2026-04-24T15:09:59+0800,llvmss_stanford_treesort,wasm-aot,2,r82d0,18181402,ok,
2026-04-24T15:09:59+0800,llvmss_stanford_treesort,wasm-aot,2,r00c4,37407068,ok,
2026-04-24T15:09:59+0800,llvmss_stanford_treesort,wasm-aot,2,r01c4,15051483,ok,
2026-04-24T15:09:59+0800,llvmss_stanford_treesort,wasm-aot,2,r1c0,170753443,ok,
2026-04-24T15:09:59+0800,llvmss_stanford_treesort,wasm-aot,2,cpu-cycles,159485032,ok,
2026-04-24T15:09:59+0800,llvmss_stanford_treesort,wasm-aot,2,L1-icache-load-misses,692086,ok,
2026-04-24T15:09:59+0800,llvmss_stanford_treesort,wasm-aot,2,branch-misses,2899944,ok,
2026-04-24T15:09:59+0800,llvmss_stanford_treesort,native,3,r81d0,41960446,ok,
2026-04-24T15:09:59+0800,llvmss_stanford_treesort,native,3,r82d0,15451375,ok,
2026-04-24T15:09:59+0800,llvmss_stanford_treesort,native,3,r00c4,48003090,ok,
2026-04-24T15:09:59+0800,llvmss_stanford_treesort,native,3,r01c4,13277142,ok,
2026-04-24T15:09:59+0800,llvmss_stanford_treesort,native,3,r1c0,185036749,ok,
2026-04-24T15:09:59+0800,llvmss_stanford_treesort,native,3,cpu-cycles,170517119,ok,
2026-04-24T15:09:59+0800,llvmss_stanford_treesort,native,3,L1-icache-load-misses,243311,ok,
2026-04-24T15:09:59+0800,llvmss_stanford_treesort,native,3,branch-misses,3087313,ok,
2026-04-24T15:09:59+0800,llvmss_stanford_treesort,wasm-jit,3,r81d0,42781228,ok,
2026-04-24T15:09:59+0800,llvmss_stanford_treesort,wasm-jit,3,r82d0,18435719,ok,
2026-04-24T15:09:59+0800,llvmss_stanford_treesort,wasm-jit,3,r00c4,37675766,ok,
2026-04-24T15:09:59+0800,llvmss_stanford_treesort,wasm-jit,3,r01c4,15105756,ok,
2026-04-24T15:09:59+0800,llvmss_stanford_treesort,wasm-jit,3,r1c0,172690983,ok,
2026-04-24T15:09:59+0800,llvmss_stanford_treesort,wasm-jit,3,cpu-cycles,159988908,ok,
2026-04-24T15:09:59+0800,llvmss_stanford_treesort,wasm-jit,3,L1-icache-load-misses,721352,ok,
2026-04-24T15:09:59+0800,llvmss_stanford_treesort,wasm-jit,3,branch-misses,2905594,ok,
2026-04-24T15:09:59+0800,llvmss_stanford_treesort,wasm-aot,3,r81d0,42207694,ok,
2026-04-24T15:09:59+0800,llvmss_stanford_treesort,wasm-aot,3,r82d0,18141390,ok,
2026-04-24T15:09:59+0800,llvmss_stanford_treesort,wasm-aot,3,r00c4,37342869,ok,
2026-04-24T15:09:59+0800,llvmss_stanford_treesort,wasm-aot,3,r01c4,15039693,ok,
2026-04-24T15:09:59+0800,llvmss_stanford_treesort,wasm-aot,3,r1c0,170424884,ok,
2026-04-24T15:09:59+0800,llvmss_stanford_treesort,wasm-aot,3,cpu-cycles,158434538,ok,
2026-04-24T15:09:59+0800,llvmss_stanford_treesort,wasm-aot,3,L1-icache-load-misses,673259,ok,
2026-04-24T15:09:59+0800,llvmss_stanford_treesort,wasm-aot,3,branch-misses,2890373,ok,
2026-04-24T15:09:59+0800,llvmss_stanford_treesort,native,4,r81d0,41945405,ok,
2026-04-24T15:09:59+0800,llvmss_stanford_treesort,native,4,r82d0,15442965,ok,
2026-04-24T15:09:59+0800,llvmss_stanford_treesort,native,4,r00c4,47990868,ok,
2026-04-24T15:09:59+0800,llvmss_stanford_treesort,native,4,r01c4,13275229,ok,
2026-04-24T15:09:59+0800,llvmss_stanford_treesort,native,4,r1c0,184972913,ok,
2026-04-24T15:09:59+0800,llvmss_stanford_treesort,native,4,cpu-cycles,170230012,ok,
2026-04-24T15:09:59+0800,llvmss_stanford_treesort,native,4,L1-icache-load-misses,242591,ok,
2026-04-24T15:09:59+0800,llvmss_stanford_treesort,native,4,branch-misses,3078548,ok,
2026-04-24T15:09:59+0800,llvmss_stanford_treesort,wasm-jit,4,r81d0,42822157,ok,
2026-04-24T15:09:59+0800,llvmss_stanford_treesort,wasm-jit,4,r82d0,18451472,ok,
2026-04-24T15:09:59+0800,llvmss_stanford_treesort,wasm-jit,4,r00c4,37738228,ok,
2026-04-24T15:09:59+0800,llvmss_stanford_treesort,wasm-jit,4,r01c4,15127756,ok,
2026-04-24T15:09:59+0800,llvmss_stanford_treesort,wasm-jit,4,r1c0,172938700,ok,
2026-04-24T15:09:59+0800,llvmss_stanford_treesort,wasm-jit,4,cpu-cycles,161430749,ok,
2026-04-24T15:09:59+0800,llvmss_stanford_treesort,wasm-jit,4,L1-icache-load-misses,722592,ok,
2026-04-24T15:09:59+0800,llvmss_stanford_treesort,wasm-jit,4,branch-misses,2870958,ok,
2026-04-24T15:09:59+0800,llvmss_stanford_treesort,wasm-aot,4,r81d0,42257010,ok,
2026-04-24T15:09:59+0800,llvmss_stanford_treesort,wasm-aot,4,r82d0,18178475,ok,
2026-04-24T15:09:59+0800,llvmss_stanford_treesort,wasm-aot,4,r00c4,37389155,ok,
2026-04-24T15:09:59+0800,llvmss_stanford_treesort,wasm-aot,4,r01c4,15053242,ok,
2026-04-24T15:09:59+0800,llvmss_stanford_treesort,wasm-aot,4,r1c0,170674805,ok,
2026-04-24T15:09:59+0800,llvmss_stanford_treesort,wasm-aot,4,cpu-cycles,160537272,ok,
2026-04-24T15:09:59+0800,llvmss_stanford_treesort,wasm-aot,4,L1-icache-load-misses,682370,ok,
2026-04-24T15:09:59+0800,llvmss_stanford_treesort,wasm-aot,4,branch-misses,2939495,ok,
2026-04-24T15:09:59+0800,llvmss_stanford_treesort,native,5,r81d0,41979961,ok,
2026-04-24T15:09:59+0800,llvmss_stanford_treesort,native,5,r82d0,15464268,ok,
2026-04-24T15:09:59+0800,llvmss_stanford_treesort,native,5,r00c4,48016059,ok,
2026-04-24T15:09:59+0800,llvmss_stanford_treesort,native,5,r01c4,13279504,ok,
2026-04-24T15:09:59+0800,llvmss_stanford_treesort,native,5,r1c0,185115744,ok,
2026-04-24T15:09:59+0800,llvmss_stanford_treesort,native,5,cpu-cycles,169730467,ok,
2026-04-24T15:09:59+0800,llvmss_stanford_treesort,native,5,L1-icache-load-misses,250166,ok,
2026-04-24T15:09:59+0800,llvmss_stanford_treesort,native,5,branch-misses,3069780,ok,
2026-04-24T15:09:59+0800,llvmss_stanford_treesort,wasm-jit,5,r81d0,42813980,ok,
2026-04-24T15:09:59+0800,llvmss_stanford_treesort,wasm-jit,5,r82d0,18447017,ok,
2026-04-24T15:09:59+0800,llvmss_stanford_treesort,wasm-jit,5,r00c4,37712908,ok,
2026-04-24T15:09:59+0800,llvmss_stanford_treesort,wasm-jit,5,r01c4,15118713,ok,
2026-04-24T15:09:59+0800,llvmss_stanford_treesort,wasm-jit,5,r1c0,172846800,ok,
2026-04-24T15:09:59+0800,llvmss_stanford_treesort,wasm-jit,5,cpu-cycles,161531569,ok,
2026-04-24T15:09:59+0800,llvmss_stanford_treesort,wasm-jit,5,L1-icache-load-misses,721297,ok,
2026-04-24T15:09:59+0800,llvmss_stanford_treesort,wasm-jit,5,branch-misses,2921684,ok,
2026-04-24T15:09:59+0800,llvmss_stanford_treesort,wasm-aot,5,r81d0,42212090,ok,
2026-04-24T15:09:59+0800,llvmss_stanford_treesort,wasm-aot,5,r82d0,18136199,ok,
2026-04-24T15:09:59+0800,llvmss_stanford_treesort,wasm-aot,5,r00c4,37354725,ok,
2026-04-24T15:09:59+0800,llvmss_stanford_treesort,wasm-aot,5,r01c4,15044627,ok,
2026-04-24T15:09:59+0800,llvmss_stanford_treesort,wasm-aot,5,r1c0,170462042,ok,
2026-04-24T15:09:59+0800,llvmss_stanford_treesort,wasm-aot,5,cpu-cycles,157895208,ok,
2026-04-24T15:09:59+0800,llvmss_stanford_treesort,wasm-aot,5,L1-icache-load-misses,701720,ok,
2026-04-24T15:09:59+0800,llvmss_stanford_treesort,wasm-aot,5,branch-misses,2865303,ok,
